case,impact_x,impact_y,impact_z,velocity_x,velocity_y,velocity_z,impact_speed,mass_ratio,impactor_mass,impactor_density,theta_deg,phi_deg,material_young_mpa,material_poisson,material_index,material_name
case001,-2368.99072265625,-272.7088623046875,310.52435302734375,575.3700561523438,-423.61737060546875,3589.378173828125,3659.80029296875,1.205642819404602,0.01205642893910408,6.275370833463967e-05,11.258027076721191,323.6375732421875,110000.0,0.3400000035762787,1,titanium_rigid
case002,-1666.3690185546875,-207.39212036132812,302.4253845214844,522.1110229492188,679.6663818359375,4654.81298828125,4733.05712890625,1.1972644329071045,0.011972644366323948,6.231760926311836e-05,10.432608604431152,52.468990325927734,70000.0,0.33000001311302185,0,aluminum_rigid
case003,-1882.20654296875,-306.08709716796875,308.19598388671875,-58.733665466308594,78.35714721679688,3232.320068359375,3233.80322265625,0.8504791259765625,0.008504791185259819,4.426743907970376e-05,1.7352941036224365,126.85388946533203,110000.0,0.3400000035762787,1,titanium_rigid
case004,-2326.1103515625,-283.70306396484375,309.10986328125,224.59527587890625,-646.0540161132812,4673.1572265625,4722.94677734375,1.0785918235778809,0.01078591775149107,5.614070323645137e-05,8.326892852783203,289.1695861816406,110000.0,0.3400000035762787,1,titanium_rigid
case005,-2458.57958984375,-524.4027709960938,294.63751220703125,-40.07035827636719,-44.162200927734375,2933.603515625,2934.20947265625,1.22037935256958,0.012203793972730637,6.35207470622845e-05,1.164496660232544,227.7811279296875,210000.0,0.30000001192092896,2,steel_rigid
case006,-2468.366455078125,-465.3789367675781,294.4422607421875,329.0881652832031,-164.90370178222656,1696.9781494140625,1736.44091796875,0.9210637211799622,0.009210637770593166,4.7941368393367156e-05,12.238476753234863,333.3848876953125,210000.0,0.30000001192092896,2,steel_rigid
case007,-2149.60986328125,-267.3259582519531,314.91668701171875,-209.2847442626953,243.96531677246094,1754.332275390625,1783.5361328125,1.2164984941482544,0.01216498576104641,6.331875192699954e-05,10.382709503173828,130.62452697753906,210000.0,0.30000001192092896,2,steel_rigid
case008,-2472.02294921875,-306.3660888671875,306.74468994140625,413.19476318359375,415.3916931152344,2332.148681640625,2404.6201171875,0.9907074570655823,0.009907074272632599,5.156632323632948e-05,14.102447509765625,45.151912689208984,210000.0,0.30000001192092896,2,steel_rigid
case009,-2069.993896484375,-389.164794921875,291.99407958984375,-567.5526733398438,329.01519775390625,3442.56982421875,3504.51904296875,1.2258973121643066,0.012258972972631454,6.380795821314678e-05,10.789052963256836,149.8987579345703,210000.0,0.30000001192092896,2,steel_rigid
case010,-2474.552490234375,-213.0257568359375,313.7153625488281,-867.1356811523438,103.50748443603516,3833.7265625,3931.93310546875,1.1353305578231812,0.011353305540978909,5.909395622438751e-05,12.83254337310791,173.19297790527344,70000.0,0.33000001311302185,0,aluminum_rigid
case011,-1937.825439453125,-573.72314453125,294.2792053222656,-171.45050048828125,-59.79798126220703,4155.27685546875,4159.2421875,1.1719673871994019,0.011719673871994019,6.1000901041552424e-05,2.502148151397705,199.22760009765625,70000.0,0.33000001311302185,0,aluminum_rigid
case012,-2106.7216796875,-327.9781188964844,295.4368896484375,19.89307975769043,-33.659061431884766,4244.8896484375,4245.06982421875,1.0428051948547363,0.010428051464259624,5.427801079349592e-05,0.5277161598205566,300.58380126953125,70000.0,0.33000001311302185,0,aluminum_rigid
case013,-1683.63330078125,-330.97259521484375,294.4013366699219,-620.3348388671875,363.1665954589844,4988.390625,5039.9150390625,0.7571993470191956,0.00757199339568615,3.941222530556843e-05,8.199821472167969,149.65374755859375,210000.0,0.30000001192092896,2,steel_rigid
case014,-2045.531982421875,-523.611083984375,290.2593994140625,-92.21778869628906,-122.80010986328125,3588.85205078125,3592.13623046875,1.122192621231079,0.011221926659345627,5.841012534801848e-05,2.4502525329589844,233.094970703125,70000.0,0.33000001311302185,0,aluminum_rigid
case015,-2287.114990234375,-508.0882568359375,296.31201171875,198.7618865966797,652.5116577148438,3098.331298828125,3172.528076171875,0.8052754998207092,0.008052755147218704,4.1914590838132426e-05,12.415882110595703,73.0587158203125,110000.0,0.3400000035762787,1,titanium_rigid
case016,-2108.711181640625,-304.8092346191406,305.2711486816406,165.0876007080078,90.53777313232422,3236.889404296875,3242.361083984375,1.1692944765090942,0.01169294398277998,6.0861773818032816e-05,3.3290469646453857,28.74135971069336,110000.0,0.3400000035762787,1,titanium_rigid
case017,-2063.134033203125,-575.7418212890625,287.2486877441406,148.3634796142578,-24.228561401367188,1788.305908203125,1794.61328125,0.830513596534729,0.008305136114358902,4.322823224356398e-05,4.805107593536377,350.72515869140625,110000.0,0.3400000035762787,1,titanium_rigid
case018,-2148.95263671875,-283.11663818359375,314.6619873046875,-514.8861694335938,188.1724853515625,4433.2021484375,4466.96728515625,1.2000668048858643,0.012000667862594128,6.24634776613675e-05,7.049208641052246,159.92445373535156,70000.0,0.33000001311302185,0,aluminum_rigid
case019,-1824.4129638671875,-524.7825317382812,297.055419921875,102.820556640625,169.93089294433594,4108.49169921875,4113.28955078125,1.0408074855804443,0.010408075526356697,5.417403008323163e-05,2.767693042755127,58.8230094909668,210000.0,0.30000001192092896,2,steel_rigid
case020,-2231.148681640625,-266.701416015625,313.3533630371094,370.1954040527344,162.28564453125,3174.142578125,3199.775390625,1.1343739032745361,0.011343738995492458,5.904415957047604e-05,7.257150650024414,23.67160415649414,70000.0,0.33000001311302185,0,aluminum_rigid
case021,-2017.1802978515625,-235.29327392578125,310.3641357421875,96.40386199951172,7.816741943359375,4569.13037109375,4570.15380859375,0.881389856338501,0.008813899010419846,4.587634248309769e-05,1.2126671075820923,4.635589122772217,210000.0,0.30000001192092896,2,steel_rigid
case022,-1872.021484375,-527.6571655273438,296.49676513671875,-77.06288146972656,-532.968994140625,2896.657470703125,2946.2890625,1.1062754392623901,0.011062754318118095,5.758163388236426e-05,10.53150749206543,261.77252197265625,210000.0,0.30000001192092896,2,steel_rigid
case023,-1950.218505859375,-314.72930908203125,298.1606140136719,-379.16473388671875,7.809432029724121,3276.890869140625,3298.763427734375,0.9925053119659424,0.00992505345493555,5.1659899327205494e-05,6.601655006408691,178.82008361816406,110000.0,0.3400000035762787,1,titanium_rigid
case024,-2046.990966796875,-455.2810363769531,290.16534423828125,-21.115278244018555,91.82360076904297,2175.293212890625,2177.332763671875,0.767272412776947,0.007672724314033985,3.9936530811246485e-05,2.480144739151001,102.95030212402344,110000.0,0.3400000035762787,1,titanium_rigid
case025,-2674.337158203125,-300.54345703125,314.4792785644531,-481.43310546875,136.20352172851562,2156.948486328125,2214.216796875,0.9810281991958618,0.009810281917452812,5.1062517741229385e-05,13.059460639953613,164.203125,210000.0,0.30000001192092896,2,steel_rigid
case026,-1658.1514892578125,-213.65769958496094,302.1173400878906,-211.6282196044922,-800.323486328125,3467.277099609375,3564.73193359375,0.8688976764678955,0.008688976988196373,4.522612289292738e-05,13.428285598754883,255.18838500976562,110000.0,0.3400000035762787,1,titanium_rigid
case027,-2371.993408203125,-374.86297607421875,291.9837341308594,202.052734375,-151.3875274658203,2887.34326171875,2898.36083984375,1.1147534847259521,0.011147534474730492,5.8022917073685676e-05,4.997339725494385,323.15771484375,110000.0,0.3400000035762787,1,titanium_rigid
case028,-1692.239013671875,-307.48223876953125,295.2521057128906,62.63371658325195,0.8457058668136597,2111.031494140625,2111.96044921875,1.1614069938659668,0.011614070273935795,6.045123518561013e-05,1.69960618019104,0.7735838890075684,70000.0,0.33000001311302185,0,aluminum_rigid
case029,-2018.39404296875,-274.29083251953125,306.51361083984375,-228.18963623046875,-348.11419677734375,2385.75927734375,2421.797119140625,0.9343571066856384,0.009343571029603481,4.863328649662435e-05,9.896650314331055,236.75506591796875,210000.0,0.30000001192092896,2,steel_rigid
case030,-2475.82666015625,-614.0592041015625,295.46343994140625,967.9328002929688,546.204833984375,4905.607421875,5029.93212890625,1.105829119682312,0.011058291420340538,5.7558409025659785e-05,12.765387535095215,29.436054229736328,210000.0,0.30000001192092896,2,steel_rigid
case031,-2648.51220703125,-568.3789672851562,300.09228515625,160.47274780273438,-0.8549814224243164,2078.752197265625,2084.93701171875,0.7717291712760925,0.007717291358858347,4.016850289190188e-05,4.414351463317871,359.6947326660156,110000.0,0.3400000035762787,1,titanium_rigid
case032,-1879.4639892578125,-441.17034912109375,290.7857360839844,7.735291004180908,-120.63699340820312,3082.080078125,3084.449951171875,1.1501471996307373,0.011501472443342209,5.986516407574527e-05,2.2460923194885254,273.6687927246094,210000.0,0.30000001192092896,2,steel_rigid
case033,-1984.9451904296875,-239.0123748779297,310.8070068359375,1071.24560546875,162.62109375,4805.5517578125,4926.18896484375,1.0607374906539917,0.010607374832034111,5.521138882613741e-05,12.706136703491211,8.631916046142578,210000.0,0.30000001192092896,2,steel_rigid
case034,-1950.581787109375,-506.280029296875,293.0900573730469,-3.024803400039673,-33.35146713256836,2146.532958984375,2146.794189453125,1.0590626001358032,0.010590625926852226,5.512420830200426e-05,0.8938066959381104,264.8177490234375,110000.0,0.3400000035762787,1,titanium_rigid
case035,-2123.48095703125,-403.17401123046875,299.0517883300781,1.8045930862426758,-0.5038329362869263,2593.0849609375,2593.085693359375,0.8496190309524536,0.008496190421283245,4.422267011250369e-05,0.04139848053455353,344.4005432128906,210000.0,0.30000001192092896,2,steel_rigid
case036,-1867.7509765625,-312.8288879394531,306.2903137207031,123.57810974121094,-190.32568359375,3039.932373046875,3048.390380859375,1.2300487756729126,0.012300487607717514,6.40240396023728e-05,4.269118785858154,302.9955749511719,210000.0,0.30000001192092896,2,steel_rigid
case037,-2450.7900390625,-607.007080078125,294.27142333984375,54.20759201049805,-275.74224853515625,3069.806640625,3082.642578125,0.8471311926841736,0.008471312001347542,4.409317989484407e-05,5.230462551116943,281.121826171875,210000.0,0.30000001192092896,2,steel_rigid
case038,-2160.9404296875,-558.64111328125,288.3167419433594,600.5751342773438,66.69999694824219,4180.041015625,4223.49169921875,0.8162601590156555,0.008162601850926876,4.2486342863412574e-05,8.225707054138184,6.337310791015625,70000.0,0.33000001311302185,0,aluminum_rigid
case039,-2598.237548828125,-257.05340576171875,317.6214904785156,-223.73243713378906,450.9710998535156,1988.1357421875,2050.88134765625,1.1635404825210571,0.011635405011475086,6.0562284488696605e-05,14.209310531616211,116.38658905029297,210000.0,0.30000001192092896,2,steel_rigid
case040,-2568.812255859375,-220.57643127441406,316.50592041015625,181.18690490722656,-83.3212661743164,1821.0068359375,1831.8944091796875,0.901170015335083,0.009011700749397278,4.6905901399441063e-05,6.249823093414307,335.30401611328125,70000.0,0.33000001311302185,0,aluminum_rigid
case041,-1821.7322998046875,-462.97052001953125,290.3529357910156,195.2033233642578,-72.95893859863281,2742.1103515625,2750.017578125,1.1596535444259644,0.011596535332500935,6.0359965573297814e-05,4.345955848693848,339.50634765625,210000.0,0.30000001192092896,2,steel_rigid
case042,-1797.885986328125,-455.8338623046875,290.4063720703125,-152.30992126464844,-354.42474365234375,4290.310546875,4307.619140625,0.938898503780365,0.009388985112309456,4.8869664169615135e-05,5.137966156005859,246.7449493408203,110000.0,0.3400000035762787,1,titanium_rigid
case043,-2451.3046875,-232.02764892578125,313.5453186035156,-106.08540344238281,-423.05340576171875,2726.664306640625,2761.326904296875,1.193573236465454,0.011935732327401638,6.212548760231584e-05,9.087928771972656,255.92271423339844,70000.0,0.33000001311302185,0,aluminum_rigid
case044,-2090.13671875,-217.28294372558594,313.79888916015625,365.48931884765625,-144.9129638671875,1783.2861328125,1826.1138916015625,0.8559207320213318,0.008559207431972027,4.455067391972989e-05,12.433357238769531,338.3721618652344,210000.0,0.30000001192092896,2,steel_rigid
case045,-1710.6395263671875,-258.2397766113281,301.8255615234375,-111.17292785644531,-382.65570068359375,5178.09375,5193.4033203125,0.8362294435501099,0.008362294174730778,4.352574251242913e-05,4.400500297546387,253.79983520507812,70000.0,0.33000001311302185,0,aluminum_rigid
case046,-2242.914306640625,-365.53692626953125,290.1233215332031,437.47479248046875,-501.8057556152344,3744.9833984375,3803.69482421875,0.8286911249160767,0.008286911062896252,4.3133371946169063e-05,10.079896926879883,311.0819396972656,210000.0,0.30000001192092896,2,steel_rigid
case047,-1953.841796875,-599.3570556640625,290.88983154296875,414.7437744140625,206.9001007080078,1899.522216796875,1955.2506103515625,0.8635852336883545,0.008635852485895157,4.494961103773676e-05,13.712333679199219,26.51288604736328,210000.0,0.30000001192092896,2,steel_rigid
case048,-2459.13671875,-614.1250610351562,294.60064697265625,-580.7324829101562,478.7698974609375,3790.953857421875,3864.945068359375,1.0334112644195557,0.010334111750125885,5.378905188990757e-05,11.229280471801758,140.49700927734375,210000.0,0.30000001192092896,2,steel_rigid
case049,-2138.975830078125,-209.6792755126953,314.72064208984375,-741.8079833984375,-182.50839233398438,2894.256103515625,2993.377197265625,0.9312589168548584,0.009312589652836323,4.8472025810042396e-05,14.785826683044434,193.8220672607422,70000.0,0.33000001311302185,0,aluminum_rigid
case050,-2288.322265625,-447.46868896484375,289.9074401855469,-9.952364921569824,-26.011594772338867,2695.85791015625,2696.001953125,0.8887948989868164,0.008887948468327522,4.6261771785793826e-05,0.5918937921524048,249.06251525878906,110000.0,0.3400000035762787,1,titanium_rigid
case051,-1909.843505859375,-318.0846252441406,301.37530517578125,78.97091674804688,95.89290618896484,2115.091796875,2118.73681640625,0.9258337020874023,0.009258337318897247,4.818964589503594e-05,3.3612732887268066,50.52743911743164,70000.0,0.33000001311302185,0,aluminum_rigid
case052,-2394.69677734375,-222.76007080078125,311.6106872558594,364.986572265625,-472.0127868652344,3562.808349609375,3612.425048828125,1.0225642919540405,0.010225643403828144,5.32244703208562e-05,9.50715160369873,307.71319580078125,110000.0,0.3400000035762787,1,titanium_rigid
case053,-1680.5472412109375,-231.82269287109375,300.95654296875,-857.279541015625,-223.01547241210938,4370.44287109375,4459.30859375,0.7822874784469604,0.007822874933481216,4.071806324645877e-05,11.457646369934082,194.5819091796875,70000.0,0.33000001311302185,0,aluminum_rigid
case054,-2386.507568359375,-304.7567138671875,304.30206298828125,477.9035339355469,134.80052185058594,4797.7060546875,4823.33349609375,0.8744274377822876,0.008744274266064167,4.5513948862208053e-05,5.908937454223633,15.751975059509277,210000.0,0.30000001192092896,2,steel_rigid
case055,-2300.138427734375,-396.3817443847656,295.9028625488281,-374.39508056640625,28.06742286682129,2683.964111328125,2710.096435546875,0.7927071452140808,0.007927071303129196,4.126040585106239e-05,7.963134765625,175.71270751953125,210000.0,0.30000001192092896,2,steel_rigid
case056,-2645.812255859375,-560.3886108398438,299.93365478515625,378.3062438964844,975.132080078125,4232.498046875,4359.82080078125,0.8942884802818298,0.00894288532435894,4.6547716920031235e-05,13.880945205688477,68.7960433959961,70000.0,0.33000001311302185,0,aluminum_rigid
case057,-2542.980712890625,-301.36676025390625,315.4358825683594,-266.38079833984375,-247.62876892089844,2867.03515625,2890.011962890625,0.7934683561325073,0.007934683933854103,4.130002707825042e-05,7.2297139167785645,222.91067504882812,210000.0,0.30000001192092896,2,steel_rigid
case058,-2327.25,-584.9789428710938,290.3060302734375,-164.1944122314453,221.6415557861328,4359.939453125,4368.65625,0.8805608153343201,0.008805608376860619,4.583319241646677e-05,3.6200342178344727,126.53144073486328,210000.0,0.30000001192092896,2,steel_rigid
case059,-2551.472900390625,-337.4258117675781,298.9737854003906,-49.8071174621582,200.7100830078125,2264.3515625,2273.775146484375,0.7891321778297424,0.007891321554780006,4.107433051103726e-05,5.218207836151123,103.93668365478516,210000.0,0.30000001192092896,2,steel_rigid
case060,-2449.919921875,-540.5380859375,294.4753112792969,-612.54296875,-547.9903564453125,5054.42236328125,5120.80908203125,1.2115452289581299,0.01211545243859291,6.306092836894095e-05,9.23591423034668,221.81629943847656,210000.0,0.30000001192092896,2,steel_rigid
case061,-1824.5865478515625,-347.96844482421875,291.1610107421875,697.5405883789062,-182.30503845214844,3844.800537109375,3911.81396484375,0.9518323540687561,0.009518323466181755,4.9542872147867456e-05,10.620664596557617,345.3531494140625,110000.0,0.3400000035762787,1,titanium_rigid
case062,-2639.9970703125,-476.7710876464844,300.16546630859375,801.7470703125,-421.15020751953125,3552.6923828125,3666.304443359375,1.226441740989685,0.012264417484402657,6.38362907920964e-05,14.300911903381348,332.2874755859375,70000.0,0.33000001311302185,0,aluminum_rigid
case063,-2467.705078125,-498.76519775390625,295.15447998046875,232.05068969726562,39.435367584228516,4084.616943359375,4091.39306640625,1.0467385053634644,0.010467384941875935,5.448273805086501e-05,3.2980453968048096,9.644865989685059,70000.0,0.33000001311302185,0,aluminum_rigid
case064,-1974.95849609375,-455.54681396484375,290.59893798828125,-224.12010192871094,-547.6771850585938,3577.2587890625,3625.873779296875,1.0582494735717773,0.010582494549453259,5.508188405656256e-05,9.392967224121094,247.7446746826172,210000.0,0.30000001192092896,2,steel_rigid
case065,-1911.134033203125,-507.3983154296875,295.9180603027344,424.78729248046875,-949.144775390625,4299.66552734375,4423.62353515625,1.2286958694458008,0.012286958284676075,6.395362288458273e-05,13.595805168151855,294.11077880859375,110000.0,0.3400000035762787,1,titanium_rigid
case066,-2133.60693359375,-380.630615234375,290.44488525390625,587.6680297851562,347.58660888671875,2751.317626953125,2834.769775390625,1.1306642293930054,0.0113066416233778,5.885107020731084e-05,13.936968803405762,30.602941513061523,110000.0,0.3400000035762787,1,titanium_rigid
case067,-1856.6142578125,-361.7275390625,290.5643310546875,-909.2577514648438,-436.75555419921875,4498.64111328125,4610.3447265625,1.0699113607406616,0.010699113830924034,5.568888445850462e-05,12.63819408416748,205.65696716308594,210000.0,0.30000001192092896,2,steel_rigid
case068,-2366.757568359375,-551.885498046875,291.7547912597656,18.36931037902832,-19.14282989501953,3175.643310546875,3175.754150390625,1.237612247467041,0.012376122176647186,6.441771984100342e-05,0.4786631166934967,313.8186950683594,70000.0,0.33000001311302185,0,aluminum_rigid
case069,-2433.81787109375,-577.6600952148438,293.84521484375,307.70428466796875,-249.9566650390625,2698.76513671875,2727.726806640625,1.1533143520355225,0.011533143930137157,6.0030015447409824e-05,8.356684684753418,320.912109375,110000.0,0.3400000035762787,1,titanium_rigid
case070,-2263.6630859375,-528.3865966796875,298.6517028808594,-8.997293472290039,612.1119384765625,3236.00537109375,3293.4013671875,0.7600587010383606,0.007600586861371994,3.956105501856655e-05,10.712453842163086,90.84211730957031,70000.0,0.33000001311302185,0,aluminum_rigid
case071,-2255.072265625,-462.0433349609375,290.11981201171875,376.148193359375,-356.637451171875,3890.9755859375,3925.349609375,1.240530014038086,0.01240530051290989,6.456959090428427e-05,7.588054180145264,316.5251770019531,110000.0,0.3400000035762787,1,titanium_rigid
case072,-2350.035400390625,-213.0770263671875,310.61865234375,-527.1470947265625,-735.6255493164062,4973.64990234375,5055.31640625,1.2414997816085815,0.01241499837487936,6.462006422225386e-05,10.312676429748535,234.37472534179688,210000.0,0.30000001192092896,2,steel_rigid
case073,-1905.1722412109375,-260.80938720703125,308.32696533203125,720.7284545898438,-60.232601165771484,3408.096435546875,3483.991943359375,0.8846845030784607,0.008846844546496868,4.6047829528106377e-05,11.981142044067383,355.2227783203125,110000.0,0.3400000035762787,1,titanium_rigid
case074,-2640.24755859375,-403.9765625,301.5835876464844,-135.12672424316406,-392.95068359375,3915.616943359375,3937.60400390625,1.0280338525772095,0.010280339047312737,5.350916399038397e-05,6.057700157165527,251.02308654785156,210000.0,0.30000001192092896,2,steel_rigid
case075,-2426.624755859375,-482.39373779296875,293.3390197753906,-7.3992695808410645,17.26207733154297,2812.34423828125,2812.406982421875,1.139803409576416,0.011398034170269966,5.9326768678147346e-05,0.38262027502059937,113.20205688476562,110000.0,0.3400000035762787,1,titanium_rigid
case076,-2436.45947265625,-397.0838623046875,299.846435546875,478.5496520996094,-64.75189208984375,5037.8740234375,5060.96630859375,1.2121608257293701,0.012121608480811119,6.309297168627381e-05,5.47541618347168,352.294189453125,70000.0,0.33000001311302185,0,aluminum_rigid
case077,-1848.7464599609375,-368.4151611328125,290.6314697265625,353.83990478515625,270.8602600097656,3414.947265625,3443.89794921875,0.7654023766517639,0.007654023356735706,3.983919305028394e-05,7.434406280517578,37.43362808227539,70000.0,0.33000001311302185,0,aluminum_rigid
case078,-2213.073486328125,-252.4971923828125,318.0209045410156,-20.62450408935547,-743.9481811523438,3937.90185546875,4007.612060546875,0.914492666721344,0.009144926443696022,4.759934381581843e-05,10.702244758605957,268.4119873046875,70000.0,0.33000001311302185,0,aluminum_rigid
case079,-2637.084716796875,-511.81982421875,299.9092712402344,448.5140686035156,814.4623413085938,4112.39013671875,4216.19091796875,0.9846760630607605,0.009846759960055351,5.125238749315031e-05,12.740104675292969,61.15898132324219,70000.0,0.33000001311302185,0,aluminum_rigid
case080,-2356.2099609375,-551.9879150390625,291.32220458984375,-407.10675048828125,-427.9179992675781,3772.316162109375,3818.274169921875,1.023452639579773,0.010234527289867401,5.327071266947314e-05,8.89860725402832,226.4276885986328,210000.0,0.30000001192092896,2,steel_rigid
case081,-2386.410888671875,-241.06089782714844,311.2116394042969,-15.765896797180176,-29.073593139648438,2566.634033203125,2566.84716796875,0.9335032105445862,0.009335032664239407,4.858884130953811e-05,0.7382628321647644,241.5301055908203,70000.0,0.33000001311302185,0,aluminum_rigid
case082,-2149.97119140625,-363.77496337890625,290.1169128417969,-702.7861328125,-872.1754150390625,4670.0966796875,4802.541015625,0.8379113674163818,0.008379113860428333,4.361328683444299e-05,13.487210273742676,231.13864135742188,110000.0,0.3400000035762787,1,titanium_rigid
case083,-2247.09619140625,-462.0321044921875,290.07794189453125,-844.0552368164062,344.9728088378906,4396.24169921875,4489.80810546875,0.9408084154129028,0.009408083744347095,4.896907557849772e-05,11.717656135559082,157.7697296142578,70000.0,0.33000001311302185,0,aluminum_rigid
case084,-1946.1427001953125,-590.0243530273438,292.20660400390625,-308.8865966796875,-37.12596893310547,4366.6513671875,4377.72021484375,1.213103175163269,0.012131032533943653,6.314201891655102e-05,4.075252056121826,186.85366821289062,210000.0,0.30000001192092896,2,steel_rigid
case085,-2537.898193359375,-335.345703125,301.7246398925781,15.502880096435547,62.14167785644531,4622.37255859375,4622.81640625,1.0803050994873047,0.01080305129289627,5.622988101094961e-05,0.7938233613967896,75.99199676513672,210000.0,0.30000001192092896,2,steel_rigid
case086,-1981.9794921875,-274.545654296875,310.2843322753906,-29.818376541137695,102.54779815673828,3454.410888671875,3456.061279296875,0.8917320966720581,0.008917320519685745,4.641465420718305e-05,1.7707674503326416,106.21312713623047,70000.0,0.33000001311302185,0,aluminum_rigid
case087,-2295.51123046875,-501.83319091796875,295.3106689453125,-318.40789794921875,681.3107299804688,3056.7919921875,3147.94287109375,1.0879591703414917,0.010879592038691044,5.662827243213542e-05,13.821606636047363,115.0488510131836,110000.0,0.3400000035762787,1,titanium_rigid
case088,-1692.518798828125,-253.62010192871094,295.8023376464844,-73.8719253540039,9.398780822753906,2094.990478515625,2096.3134765625,0.787156343460083,0.007871563546359539,4.0971488488139585e-05,2.0357487201690674,172.74917602539062,210000.0,0.30000001192092896,2,steel_rigid
case089,-2505.742431640625,-222.04656982421875,314.4862365722656,418.5964050292969,-777.552490234375,4473.404296875,4559.732421875,1.0676478147506714,0.01067647896707058,5.557107215281576e-05,11.166854858398438,298.2958679199219,70000.0,0.33000001311302185,0,aluminum_rigid
case090,-1953.273193359375,-606.7760009765625,290.1721496582031,289.2165222167969,-321.8129577636719,4391.42529296875,4412.689453125,0.9776655435562134,0.009776655584573746,5.0887490942841396e-05,5.6270647048950195,311.94635009765625,110000.0,0.3400000035762787,1,titanium_rigid
case091,-2184.23486328125,-535.1484985351562,299.0903625488281,-391.7478942871094,617.368408203125,2895.93017578125,2986.807861328125,0.8973184823989868,0.00897318497300148,4.670542693929747e-05,14.170011520385742,122.39695739746094,210000.0,0.30000001192092896,2,steel_rigid
case092,-2697.5595703125,-300.60467529296875,315.1458435058594,-582.52587890625,-26.876605987548828,2276.12109375,2349.635498046875,1.007538080215454,0.010075381025671959,5.244235580903478e-05,14.370168685913086,182.6416473388672,110000.0,0.3400000035762787,1,titanium_rigid
case093,-2159.44970703125,-491.81072998046875,294.9382629394531,-168.60421752929688,880.4479370117188,3490.302490234375,3603.58544921875,0.8568946123123169,0.008568946272134781,4.4601365516427904e-05,14.404449462890625,100.8407974243164,210000.0,0.30000001192092896,2,steel_rigid
case094,-1832.894287109375,-516.3594360351562,298.3302917480469,-371.8764953613281,415.07427978515625,4660.95751953125,4694.15673828125,1.102035403251648,0.011020354926586151,5.736094681196846e-05,6.818305969238281,131.8580322265625,210000.0,0.30000001192092896,2,steel_rigid
case095,-1807.2373046875,-434.31915283203125,290.6553039550781,-29.469755172729492,436.1297302246094,3175.607177734375,3205.55126953125,1.00322425365448,0.010032243095338345,5.2217823395039886e-05,7.837545394897461,93.86566162109375,70000.0,0.33000001311302185,0,aluminum_rigid
case096,-1824.9864501953125,-515.8961181640625,298.4157409667969,371.98699951171875,157.80511474609375,2768.695556640625,2798.0263671875,0.9946749210357666,0.009946749545633793,5.1772829465335235e-05,8.303367614746094,22.98773193359375,210000.0,0.30000001192092896,2,steel_rigid
case097,-1767.4052734375,-339.6650390625,292.46466064453125,51.945865631103516,-165.89544677734375,3427.303955078125,3431.709716796875,0.7917008399963379,0.007917008362710476,4.120802987017669e-05,2.9036407470703125,287.3865966796875,210000.0,0.30000001192092896,2,steel_rigid
case098,-2644.389892578125,-363.13690185546875,300.0228271484375,276.4273986816406,-977.7207641601562,3908.97998046875,4038.87060546875,1.0619462728500366,0.010619462467730045,5.527430403162725e-05,14.5702543258667,285.7869873046875,70000.0,0.33000001311302185,0,aluminum_rigid
case099,-2477.142822265625,-338.7678527832031,297.62615966796875,58.364322662353516,17.88115692138672,3110.461669921875,3111.060546875,0.9023319482803345,0.00902331992983818,4.6966379159130156e-05,1.124271035194397,17.0335636138916,110000.0,0.3400000035762787,1,titanium_rigid
case100,-2191.31201171875,-492.282958984375,295.83880615234375,191.53712463378906,-267.0699768066406,4818.28564453125,4829.4814453125,0.9590432047843933,0.009590432047843933,4.99181987834163e-05,3.9020750522613525,305.6473083496094,110000.0,0.3400000035762787,1,titanium_rigid
case101,-2681.90576171875,-241.96029663085938,320.04156494140625,571.9431762695312,-102.87862396240234,5137.9931640625,5170.751953125,1.0399807691574097,0.01039980724453926,5.413099643192254e-05,6.45289945602417,349.80291748046875,110000.0,0.3400000035762787,1,titanium_rigid
case102,-2170.547119140625,-417.9249572753906,297.14544677734375,27.307449340820312,3.7585036754608154,4639.2333984375,4639.3154296875,1.018333077430725,0.010183330625295639,5.300423435983248e-05,0.34042978286743164,7.836755752563477,70000.0,0.33000001311302185,0,aluminum_rigid
case103,-2639.307861328125,-337.6315612792969,308.0921630859375,282.4752502441406,258.96270751953125,2133.58642578125,2167.72802734375,1.0945091247558594,0.010945091024041176,5.6969198340084404e-05,10.182374954223633,42.513427734375,70000.0,0.33000001311302185,0,aluminum_rigid
case104,-2723.712646484375,-466.0227355957031,305.7612609863281,-972.75390625,409.1315002441406,4227.09521484375,4356.83056640625,1.152999997138977,0.011529999785125256,6.001364818075672e-05,14.01732349395752,157.18881225585938,70000.0,0.33000001311302185,0,aluminum_rigid
case105,-1940.90478515625,-315.6297607421875,297.7125549316406,-237.96206665039062,-227.90150451660156,2113.933349609375,2139.45751953125,1.0623188018798828,0.010623187758028507,5.529369445866905e-05,8.859227180480957,223.7628631591797,210000.0,0.30000001192092896,2,steel_rigid
case106,-1975.4927978515625,-448.0106506347656,290.7275390625,15.530557632446289,439.8985290527344,2737.387939453125,2772.552001953125,0.939988374710083,0.009399883449077606,4.892639481113292e-05,9.134976387023926,87.97801971435547,110000.0,0.3400000035762787,1,titanium_rigid
case107,-2619.85009765625,-412.1654052734375,305.4813232421875,-146.1713409423828,-117.66215515136719,1858.5498046875,1867.998291015625,1.224970817565918,0.01224970817565918,6.375973316607997e-05,5.7652082443237305,218.8326873779297,70000.0,0.33000001311302185,0,aluminum_rigid
case108,-1799.8092041015625,-427.6280517578125,291.60943603515625,-102.67718505859375,192.8358154296875,2176.46044921875,2187.397705078125,0.8523916006088257,0.008523915894329548,4.4366981455823407e-05,5.732015609741211,118.03347778320312,210000.0,0.30000001192092896,2,steel_rigid
case109,-2144.5068359375,-522.4508666992188,296.8550109863281,389.2937316894531,575.524169921875,4000.03857421875,4059.936767578125,1.120835781097412,0.011208358220756054,5.833950490341522e-05,9.854171752929688,55.92495346069336,210000.0,0.30000001192092896,2,steel_rigid
case110,-1774.0894775390625,-448.7773132324219,290.4974365234375,332.8611755371094,-447.8418884277344,5134.57861328125,5164.8095703125,0.8654688596725464,0.008654688484966755,4.504765456658788e-05,6.202224254608154,306.6217956542969,110000.0,0.3400000035762787,1,titanium_rigid
case111,-2191.8076171875,-513.6350708007812,297.9307861328125,-223.25921630859375,95.93482971191406,3321.36572265625,3330.242919921875,0.9295344352722168,0.009295344352722168,4.838226595893502e-05,4.184427738189697,156.74673461914062,70000.0,0.33000001311302185,0,aluminum_rigid
case112,-1762.073974609375,-410.6799621582031,299.4803771972656,86.43465423583984,-504.79705810546875,3867.111083984375,3900.876708984375,1.1182200908660889,0.011182201094925404,5.820335354655981e-05,7.544105052947998,279.7163391113281,110000.0,0.3400000035762787,1,titanium_rigid
case113,-1801.31396484375,-514.5390625,298.6091613769531,-694.2537841796875,-428.3249206542969,4717.87060546875,4787.87548828125,1.032175064086914,0.010321750305593014,5.3724710596725345e-05,9.809832572937012,211.6728057861328,110000.0,0.3400000035762787,1,titanium_rigid
case114,-2138.970947265625,-565.3494262695312,285.9294738769531,-233.32562255859375,60.611881256103516,4017.113525390625,4024.340576171875,0.8030526638031006,0.008030526340007782,4.179889219813049e-05,3.43424129486084,165.43792724609375,70000.0,0.33000001311302185,0,aluminum_rigid
case115,-2670.9931640625,-362.22808837890625,300.588623046875,-252.62045288085938,36.64789581298828,3146.72265625,3157.059326171875,1.1178290843963623,0.011178291402757168,5.818300633109175e-05,4.637728214263916,171.74563598632812,70000.0,0.33000001311302185,0,aluminum_rigid
case116,-2580.8603515625,-403.2643127441406,306.7925109863281,-134.9989471435547,-22.23341941833496,4953.43408203125,4955.3232421875,1.2221672534942627,0.01222167257219553,6.36138065601699e-05,1.582149863243103,189.35227966308594,70000.0,0.33000001311302185,0,aluminum_rigid
case117,-2213.488525390625,-245.78594970703125,315.6253356933594,-175.01385498046875,-223.5615234375,2205.1376953125,2223.34033203125,0.8060319423675537,0.008060319349169731,4.195396468276158e-05,7.33664608001709,231.944580078125,110000.0,0.3400000035762787,1,titanium_rigid
case118,-2347.506103515625,-417.93865966796875,297.87176513671875,246.86923217773438,-389.96142578125,4048.229736328125,4074.454345703125,1.14024019241333,0.011402402073144913,5.934950240771286e-05,6.504153251647949,302.3363037109375,110000.0,0.3400000035762787,1,titanium_rigid
case119,-2204.287353515625,-389.6091613769531,292.09210205078125,-704.4195556640625,-271.5939636230469,3738.750732421875,3814.2138671875,1.085831642150879,0.010858315974473953,5.6517535995226353e-05,11.41618824005127,201.08450317382812,70000.0,0.33000001311302185,0,aluminum_rigid
case120,-2159.816650390625,-506.47882080078125,296.52923583984375,-33.007843017578125,-162.19529724121094,4577.49072265625,4580.482421875,0.8000096082687378,0.008000096306204796,4.164050187682733e-05,2.0708858966827393,258.49700927734375,210000.0,0.30000001192092896,2,steel_rigid
case121,-2030.781005859375,-583.2185668945312,289.2918395996094,229.2691192626953,131.2864990234375,2789.718994140625,2802.201171875,0.9794949293136597,0.009794949553906918,5.0982711400138214e-05,5.410009384155273,29.796768188476562,70000.0,0.33000001311302185,0,aluminum_rigid
case122,-2181.56005859375,-607.8470458984375,291.28631591796875,203.28475952148438,233.05709838867188,3012.947509765625,3028.777587890625,0.9972164630889893,0.009972164407372475,5.190511728869751e-05,5.860481262207031,48.90333557128906,70000.0,0.33000001311302185,0,aluminum_rigid
case123,-2678.999755859375,-588.144287109375,301.833251953125,-477.0391540527344,-60.977359771728516,2504.724853515625,2550.476806640625,1.1789652109146118,0.011789652518928051,6.136514275567606e-05,10.868821144104004,187.28431701660156,210000.0,0.30000001192092896,2,steel_rigid
case124,-2094.197265625,-488.21759033203125,290.2347717285156,437.1092834472656,298.4352722167969,4037.924072265625,4072.46337890625,0.7561463713645935,0.007561463862657547,3.935741915483959e-05,7.467479228973389,34.323211669921875,110000.0,0.3400000035762787,1,titanium_rigid
case125,-1810.894287109375,-323.19366455078125,301.4491882324219,-826.7457885742188,410.8005065917969,4030.58642578125,4134.9599609375,0.8344341516494751,0.00834434200078249,4.3432297388790175e-05,12.900740623474121,153.57774353027344,210000.0,0.30000001192092896,2,steel_rigid
case126,-2662.960205078125,-231.81837463378906,319.41632080078125,-258.54339599609375,374.2619934082031,3215.617431640625,3247.6318359375,1.0536905527114868,0.010536905378103256,5.4844593250891194e-05,8.051633834838867,124.63704681396484,70000.0,0.33000001311302185,0,aluminum_rigid
case127,-1698.0889892578125,-403.37255859375,299.09124755859375,-394.5627746582031,282.0973815917969,2310.12451171875,2360.49462890625,1.0384902954101562,0.01038490328937769,5.4053420171840116e-05,11.857606887817383,144.43667602539062,210000.0,0.30000001192092896,2,steel_rigid
case128,-2343.597900390625,-288.28924560546875,308.37939453125,344.103759765625,413.2245788574219,2913.7236328125,2962.928955078125,1.1567802429199219,0.011567803099751472,6.021041190251708e-05,10.4564790725708,50.21489715576172,70000.0,0.33000001311302185,0,aluminum_rigid
case129,-1705.5400390625,-389.41436767578125,292.19195556640625,-269.43731689453125,-526.5018310546875,2797.170654296875,2859.0146484375,1.1660853624343872,0.011660854332149029,6.069474693504162e-05,11.938888549804688,242.89891052246094,70000.0,0.33000001311302185,0,aluminum_rigid
case130,-2236.857421875,-243.65882873535156,312.8559875488281,-334.77203369140625,-810.4536743164062,4447.02734375,4532.65478515625,0.9442616105079651,0.009442616254091263,4.91488171974197e-05,11.154598236083984,247.5560760498047,70000.0,0.33000001311302185,0,aluminum_rigid
case131,-1993.95751953125,-344.4979248046875,290.81103515625,-106.28500366210938,31.257320404052734,4774.91015625,4776.1953125,0.9054826498031616,0.009054826572537422,4.7130371967796236e-05,1.3291196823120117,163.6119384765625,70000.0,0.33000001311302185,0,aluminum_rigid
case132,-2684.68359375,-443.47418212890625,300.327880859375,167.56695556640625,-117.73609161376953,2184.167236328125,2193.747314453125,0.841658890247345,0.008416588418185711,4.3808344344142824e-05,5.3565545082092285,324.9073181152344,110000.0,0.3400000035762787,1,titanium_rigid
case133,-2313.27197265625,-440.47021484375,290.4955139160156,180.43157958984375,-109.47760772705078,4651.68994140625,4656.47509765625,0.8215368390083313,0.00821536872535944,4.276099207345396e-05,2.5977277755737305,328.7525329589844,210000.0,0.30000001192092896,2,steel_rigid
case134,-1847.479248046875,-243.3917694091797,306.6639709472656,-486.2872009277344,442.648681640625,3216.48486328125,3283.01513671875,0.9930747151374817,0.009930746629834175,5.168953794054687e-05,11.554383277893066,137.68960571289062,210000.0,0.30000001192092896,2,steel_rigid
case135,-2653.736328125,-558.90576171875,299.8740234375,184.64691162109375,157.33010864257812,2515.561767578125,2527.231201171875,1.1107012033462524,0.011107011698186398,5.781199797638692e-05,5.50820255279541,40.43296432495117,210000.0,0.30000001192092896,2,steel_rigid
case136,-2358.83447265625,-547.1920776367188,291.4557189941406,43.56397247314453,-42.7202262878418,2334.5947265625,2335.391845703125,1.0754234790802002,0.010754235088825226,5.5975793657125905e-05,1.4970948696136475,315.5602722167969,70000.0,0.33000001311302185,0,aluminum_rigid
case137,-2419.957763671875,-222.6637725830078,312.45928955078125,137.12774658203125,187.95272827148438,4847.99853515625,4853.578125,1.0064046382904053,0.010064046829938889,5.238336234469898e-05,2.747559070587158,53.88602066040039,210000.0,0.30000001192092896,2,steel_rigid
case138,-2318.410888671875,-261.2347106933594,305.7265625,555.6903686523438,-79.0596923828125,2157.232177734375,2229.056396484375,1.1804407835006714,0.011804408393800259,6.144194776425138e-05,14.584312438964844,351.9027099609375,210000.0,0.30000001192092896,2,steel_rigid
case139,-1714.675537109375,-309.18341064453125,299.4602355957031,-99.58194732666016,483.70086669921875,2937.258544921875,2978.484619140625,0.8958470821380615,0.00895847100764513,4.662884020945057e-05,9.543954849243164,101.63323211669922,210000.0,0.30000001192092896,2,steel_rigid
case140,-1932.830810546875,-331.7576599121094,294.0452880859375,-93.19336700439453,-38.43641662597656,2169.872802734375,2172.21337890625,1.1776607036590576,0.011776607483625412,6.12972435192205e-05,2.6599502563476562,202.41307067871094,110000.0,0.3400000035762787,1,titanium_rigid
case141,-2458.676025390625,-578.8236694335938,294.8719482421875,-524.3004760742188,794.0726318359375,5092.69970703125,5180.83349609375,0.9869104027748108,0.009869104251265526,5.1368686399655417e-05,10.583416938781738,123.43549346923828,110000.0,0.3400000035762787,1,titanium_rigid
case142,-2450.240234375,-571.1234130859375,294.5633239746094,68.3057861328125,722.6288452148438,3918.150146484375,3984.816162109375,0.8991457223892212,0.008991456590592861,4.6800534619251266e-05,10.495245933532715,84.6002197265625,110000.0,0.3400000035762787,1,titanium_rigid
case143,-2450.509033203125,-515.7542724609375,294.33502197265625,-103.06929779052734,-87.43153381347656,4278.80419921875,4280.9384765625,1.2013872861862183,0.012013872154057026,6.253220635699108e-05,1.809239387512207,220.3072509765625,70000.0,0.33000001311302185,0,aluminum_rigid
case144,-1791.6337890625,-318.6243896484375,302.0498352050781,181.654052734375,-378.0859375,4498.22314453125,4517.73828125,1.1233775615692139,0.01123377587646246,5.8471803640713915e-05,5.327441692352295,295.66229248046875,210000.0,0.30000001192092896,2,steel_rigid
case145,-2314.50439453125,-278.6054382324219,306.7229309082031,-193.9200897216797,145.28456115722656,2479.828369140625,2491.63818359375,1.173714280128479,0.011737143620848656,6.109182868385687e-05,5.5807204246521,143.15951538085938,70000.0,0.33000001311302185,0,aluminum_rigid
case146,-2311.355224609375,-561.7134399414062,287.3186950683594,316.4132385253906,14.36304759979248,2850.5087890625,2868.05224609375,1.0484586954116821,0.010484587401151657,5.457227598526515e-05,6.3405070304870605,2.5990614891052246,70000.0,0.33000001311302185,0,aluminum_rigid
case147,-2129.82177734375,-333.9801025390625,297.46923828125,70.94817352294922,1170.837890625,4879.98779296875,5018.9814453125,0.9270403981208801,0.009270403534173965,4.825245196116157e-05,13.515585899353027,86.53234100341797,70000.0,0.33000001311302185,0,aluminum_rigid
case148,-1801.0782470703125,-521.9359741210938,297.8253479003906,-92.9171142578125,157.76651000976562,3577.822021484375,3582.50390625,0.9650325775146484,0.00965032633394003,5.022994810133241e-05,2.9295589923858643,120.49610137939453,70000.0,0.33000001311302185,0,aluminum_rigid
case149,-2030.1605224609375,-215.1256561279297,312.06768798828125,12.208452224731445,120.97276306152344,2310.916259765625,2314.11279296875,1.1336785554885864,0.01133678574115038,5.900796895730309e-05,3.0118000507354736,84.23727416992188,70000.0,0.33000001311302185,0,aluminum_rigid
case150,-1704.176025390625,-425.74798583984375,292.5543212890625,89.67269897460938,-175.20751953125,5141.22509765625,5144.9912109375,0.9629544019699097,0.009629543870687485,5.0121776439482346e-05,2.1923880577087402,297.103759765625,70000.0,0.33000001311302185,0,aluminum_rigid
case151,-2158.65576171875,-607.78515625,290.98468017578125,160.6304931640625,-705.7529907226562,3480.8212890625,3555.278564453125,0.8273048996925354,0.008273049257695675,4.3061219912488014e-05,11.746688842773438,282.8221740722656,210000.0,0.30000001192092896,2,steel_rigid
case152,-2256.81689453125,-318.9842834472656,298.39044189453125,316.846923828125,-476.0867919921875,3851.18359375,3893.4130859375,1.1096549034118652,0.011096549220383167,5.775753743364476e-05,8.446441650390625,303.6446838378906,110000.0,0.3400000035762787,1,titanium_rigid
case153,-1789.103515625,-470.2044677734375,290.5802917480469,-161.4438934326172,-38.585853576660156,4195.7333984375,4199.015625,1.1434457302093506,0.011434457264840603,5.951635102974251e-05,2.265545129776001,193.44180297851562,210000.0,0.30000001192092896,2,steel_rigid
case154,-2713.950927734375,-489.625732421875,305.5846862792969,275.09320068359375,-14.998823165893555,2349.544677734375,2365.641845703125,1.116788625717163,0.011167886666953564,5.812885137856938e-05,6.687821865081787,356.8791809082031,110000.0,0.3400000035762787,1,titanium_rigid
case155,-1776.551513671875,-368.3868103027344,290.6546630859375,-37.375972747802734,-46.27165985107422,3379.64501953125,3380.16845703125,0.950943112373352,0.009509431198239326,4.9496589781483635e-05,1.0082945823669434,231.07041931152344,110000.0,0.3400000035762787,1,titanium_rigid
case156,-1882.6903076171875,-402.6950378417969,299.0483703613281,-221.48728942871094,85.854736328125,4838.78515625,4844.6123046875,1.182870864868164,0.0118287093937397,6.156843301141635e-05,2.8105013370513916,158.812255859375,110000.0,0.3400000035762787,1,titanium_rigid
case157,-2570.226806640625,-242.17501831054688,319.8389892578125,277.5186767578125,68.80963897705078,5128.408203125,5136.37255859375,1.095202088356018,0.01095202099531889,5.7005272537935525e-05,3.1910836696624756,13.92542552947998,210000.0,0.30000001192092896,2,steel_rigid
case158,-2529.8955078125,-240.973876953125,315.2796325683594,8.220804214477539,-614.707763671875,3057.8525390625,3119.03759765625,0.9481955766677856,0.00948195531964302,4.935357719659805e-05,11.367433547973633,270.7662048339844,210000.0,0.30000001192092896,2,steel_rigid
case159,-2165.033935546875,-380.2753601074219,290.39703369140625,-229.19544982910156,-2.705728054046631,1838.548095703125,1852.7808837890625,0.9566786885261536,0.00956678669899702,4.979512596037239e-05,7.106387615203857,180.67636108398438,70000.0,0.33000001311302185,0,aluminum_rigid
case160,-1898.354736328125,-395.9921875,296.01690673828125,128.68687438964844,50.50524139404297,3717.87890625,3720.4482421875,1.1897047758102417,0.01189704705029726,6.192413275130093e-05,2.129462957382202,21.428325653076172,70000.0,0.33000001311302185,0,aluminum_rigid
case161,-2624.365234375,-447.5594177246094,299.1288146972656,552.0557250976562,193.00514221191406,3000.627197265625,3057.0869140625,0.8675039410591125,0.008675039745867252,4.515358159551397e-05,11.028680801391602,19.27022361755371,210000.0,0.30000001192092896,2,steel_rigid
case162,-1816.4442138671875,-524.3981323242188,297.1011657714844,-42.80942153930664,-89.63202667236328,2129.642822265625,2131.9580078125,1.05293869972229,0.01052938774228096,5.480545951286331e-05,2.6704461574554443,244.47024536132812,210000.0,0.30000001192092896,2,steel_rigid
case163,-2095.9677734375,-591.2517700195312,289.72540283203125,-5.6357526779174805,-40.87884521484375,3841.32373046875,3841.54541015625,1.1413298845291138,0.011413298547267914,5.940622213529423e-05,0.615477442741394,262.1504211425781,70000.0,0.33000001311302185,0,aluminum_rigid
case164,-2521.289306640625,-299.674072265625,315.20172119140625,103.08743286132812,-941.0089721679688,3898.955078125,4012.228271484375,0.9095174670219421,0.009095174260437489,4.734038157039322e-05,13.646944999694824,276.2518310546875,110000.0,0.3400000035762787,1,titanium_rigid
case165,-1745.2237548828125,-375.2022399902344,290.62451171875,52.306907653808594,-90.54524230957031,3916.32470703125,3917.720458984375,0.769841730594635,0.007698417641222477,4.0070262912195176e-05,1.5294641256332397,300.0145263671875,110000.0,0.3400000035762787,1,titanium_rigid
case166,-2481.17529296875,-335.7694396972656,300.21063232421875,377.1734619140625,-453.2804260253906,2702.680419921875,2766.26171875,0.9983110427856445,0.00998311024159193,5.1962091674795374e-05,12.308111190795898,309.7637634277344,70000.0,0.33000001311302185,0,aluminum_rigid
case167,-2449.991943359375,-556.1660766601562,294.53192138671875,-134.13796997070312,344.4349365234375,2888.6103515625,2912.163818359375,0.8205827474594116,0.008205827325582504,4.271133366273716e-05,7.292063236236572,111.27810668945312,110000.0,0.3400000035762787,1,titanium_rigid
case168,-2143.19873046875,-462.57232666015625,290.14678955078125,521.8843383789062,573.4732666015625,4541.24462890625,4606.96630859375,0.8694695830345154,0.008694696240127087,4.525589247350581e-05,9.689508438110352,47.696510314941406,210000.0,0.30000001192092896,2,steel_rigid
case169,-1832.3592529296875,-525.187255859375,296.9951477050781,-14.577998161315918,26.426807403564453,1895.569580078125,1895.809814453125,1.2108243703842163,0.012108244001865387,6.30234062555246e-05,0.912179172039032,118.88274383544922,210000.0,0.30000001192092896,2,steel_rigid
case170,-1929.34423828125,-223.8885955810547,308.9696350097656,-42.04344940185547,-3.35550594329834,3597.759765625,3598.007080078125,1.0107604265213013,0.01010760385543108,5.2610081183956936e-05,0.6716572046279907,184.56312561035156,110000.0,0.3400000035762787,1,titanium_rigid
case171,-2237.7998046875,-266.62884521484375,312.75909423828125,940.7473754882812,86.64618682861328,4877.96630859375,4968.6083984375,0.8431624174118042,0.008431623689830303,4.388660454424098e-05,10.960930824279785,5.262299060821533,110000.0,0.3400000035762787,1,titanium_rigid
case172,-2021.90869140625,-478.92938232421875,290.4350891113281,-4.813323974609375,-20.607093811035156,2848.324951171875,2848.403564453125,0.7819258570671082,0.007819258607923985,4.0699243982089683e-05,0.4256739318370819,256.852783203125,110000.0,0.3400000035762787,1,titanium_rigid
case173,-1936.583984375,-548.4727783203125,292.1617736816406,-617.3427734375,415.2376403808594,2847.467041015625,2943.060302734375,1.1017652750015259,0.011017653159797192,5.734688602387905e-05,14.643129348754883,146.07440185546875,110000.0,0.3400000035762787,1,titanium_rigid
case174,-2257.01025390625,-304.0127868652344,304.131103515625,719.2329711914062,-484.18988037109375,4668.93310546875,4748.7548828125,1.233256220817566,0.012332562357187271,6.419098644983023e-05,10.520066261291504,326.0514221191406,70000.0,0.33000001311302185,0,aluminum_rigid
case175,-2600.389892578125,-289.19317626953125,315.7834777832031,607.1038818359375,284.36639404296875,4458.6318359375,4508.75146484375,1.0144188404083252,0.010144188068807125,5.280050027067773e-05,8.550968170166016,25.098310470581055,210000.0,0.30000001192092896,2,steel_rigid
case176,-1919.7967529296875,-441.0907287597656,290.85003662109375,-200.62054443359375,194.70492553710938,1981.2755126953125,2000.9027099609375,0.9827565550804138,0.009827565401792526,5.1152481319149956e-05,8.031716346740723,135.8572998046875,110000.0,0.3400000035762787,1,titanium_rigid
case177,-1832.654541015625,-347.2218322753906,291.1829528808594,-469.0611267089844,251.54747009277344,2527.167724609375,2582.609375,0.7807571291923523,0.007807570975273848,4.0638409700477496e-05,11.89340877532959,151.79629516601562,70000.0,0.33000001311302185,0,aluminum_rigid
case178,-2275.06396484375,-417.8541259765625,297.08331298828125,347.9369812011719,-22.58277130126953,4954.7080078125,4966.9609375,0.9103659987449646,0.00910365954041481,4.738455027109012e-05,4.025341033935547,356.28643798828125,110000.0,0.3400000035762787,1,titanium_rigid
case179,-2433.556640625,-562.8214111328125,293.9515075683594,271.0102233886719,360.4897766113281,4738.42333984375,4759.837890625,0.8795682787895203,0.008795682340860367,4.578152947942726e-05,5.43697452545166,53.064762115478516,210000.0,0.30000001192092896,2,steel_rigid
case180,-1945.9027099609375,-554.2966918945312,293.03851318359375,2.9256539344787598,16.678598403930664,3391.822021484375,3391.8642578125,0.7610228657722473,0.007610228378325701,3.961123729823157e-05,0.2860397398471832,80.0507583618164,110000.0,0.3400000035762787,1,titanium_rigid
case181,-2372.07763671875,-390.0785827636719,293.777587890625,-800.1333618164062,255.6729736328125,3655.720947265625,3750.9833984375,0.9999027848243713,0.009999027475714684,5.2044939366169274e-05,12.940461158752441,162.2793426513672,110000.0,0.3400000035762787,1,titanium_rigid
case182,-2458.83447265625,-515.9043579101562,294.5981750488281,-212.24375915527344,679.9530639648438,3629.330810546875,3698.570556640625,0.9467290639877319,0.009467290714383125,4.927724876324646e-05,11.103986740112305,107.33547973632812,70000.0,0.33000001311302185,0,aluminum_rigid
case183,-2180.548828125,-273.3869323730469,319.2160949707031,-500.63580322265625,-103.48313903808594,2859.158935546875,2904.50244140625,0.9756227135658264,0.009756227023899555,5.0781163736246526e-05,10.137391090393066,191.6787567138672,110000.0,0.3400000035762787,1,titanium_rigid
case184,-2615.137451171875,-479.26031494140625,300.1455383300781,-88.70458984375,-24.42755699157715,3014.49560546875,3015.899169921875,1.2318917512893677,0.01231891755014658,6.411996582755819e-05,1.7482037544250488,195.39654541015625,210000.0,0.30000001192092896,2,steel_rigid
case185,-1782.3685302734375,-484.4194641113281,295.33880615234375,-193.804443359375,183.267333984375,1968.606689453125,1986.594970703125,1.054658055305481,0.010546579957008362,5.489495015353896e-05,7.716235160827637,136.60069274902344,70000.0,0.33000001311302185,0,aluminum_rigid
case186,-2484.374267578125,-410.91497802734375,304.2097473144531,856.0345458984375,808.6035766601562,4482.65625,4634.74267578125,1.0053561925888062,0.010053562000393867,5.2328792662592605e-05,14.718555450439453,43.367897033691406,210000.0,0.30000001192092896,2,steel_rigid
case187,-2449.916748046875,-548.449951171875,294.50872802734375,-189.57752990722656,-92.30187225341797,1808.4031982421875,1820.6541748046875,1.1429202556610107,0.011429202742874622,5.9489000705070794e-05,6.65046501159668,205.9606170654297,210000.0,0.30000001192092896,2,steel_rigid
case188,-1935.02978515625,-456.03375244140625,290.537841796875,243.25543212890625,-241.95632934570312,3468.581298828125,3485.509033203125,1.0457955598831177,0.010457955300807953,5.4433658078778535e-05,5.649085998535156,315.1534118652344,110000.0,0.3400000035762787,1,titanium_rigid
case189,-2040.2215576171875,-432.289306640625,290.86083984375,328.9072570800781,-807.21875,4184.7412109375,4274.5576171875,1.0724059343338013,0.01072405930608511,5.581872756010853e-05,11.766106605529785,292.1687927246094,210000.0,0.30000001192092896,2,steel_rigid
case190,-1783.3280029296875,-491.68841552734375,296.9154357910156,-130.77020263671875,-365.3697509765625,4805.70947265625,4821.35205078125,1.1790157556533813,0.011790157295763493,6.136776937637478e-05,4.616686820983887,250.30709838867188,110000.0,0.3400000035762787,1,titanium_rigid
case191,-2078.246826171875,-373.7660827636719,290.4642333984375,26.194398880004883,-4.478529453277588,3711.388671875,3711.48388671875,0.8073811531066895,0.008073811419308186,4.202418858767487e-05,0.41024547815322876,350.29779052734375,210000.0,0.30000001192092896,2,steel_rigid
case192,-1657.7757568359375,-366.7922668457031,290.5185852050781,155.0862274169922,214.3412322998047,1883.8427734375,1902.3294677734375,0.8458462953567505,0.008458462543785572,4.4026299292454496e-05,7.994237422943115,54.11244583129883,210000.0,0.30000001192092896,2,steel_rigid
case193,-1712.5498046875,-212.3394775390625,303.46759033203125,15.527995109558105,-64.32251739501953,2736.996826171875,2737.796630859375,1.0568197965621948,0.010568197816610336,5.50074692000635e-05,1.3849263191223145,283.572021484375,210000.0,0.30000001192092896,2,steel_rigid
case194,-1998.135986328125,-533.736328125,290.05419921875,-245.79566955566406,-199.03543090820312,4070.515380859375,4082.783935546875,1.1582690477371216,0.011582691222429276,6.028790812706575e-05,4.442915439605713,218.99916076660156,110000.0,0.3400000035762787,1,titanium_rigid
case195,-2403.12548828125,-241.05360412597656,311.67364501953125,46.15379333496094,36.092308044433594,4701.5810546875,4701.9462890625,1.1653681993484497,0.01165368128567934,6.0657413996523246e-05,0.7139736413955688,38.02544021606445,210000.0,0.30000001192092896,2,steel_rigid
case196,-2207.467529296875,-245.50059509277344,315.6964111328125,283.1716613769531,437.2684631347656,1960.569091796875,2028.600830078125,0.9678875803947449,0.009678876027464867,5.0378548621665686e-05,14.880453109741211,57.073219299316406,210000.0,0.30000001192092896,2,steel_rigid
case197,-2126.365478515625,-372.1809387207031,290.3976135253906,879.3966064453125,-251.2511444091797,4323.98779296875,4419.6533203125,1.0131851434707642,0.010131851769983768,5.2736286306753755e-05,11.942848205566406,344.0549011230469,210000.0,0.30000001192092896,2,steel_rigid
case198,-2578.812255859375,-220.171142578125,316.7998352050781,-110.31272888183594,272.46441650390625,2409.885498046875,2427.74658203125,1.074283480644226,0.010742834769189358,5.591645458480343e-05,6.954364776611328,112.04155731201172,210000.0,0.30000001192092896,2,steel_rigid
case199,-1735.377197265625,-235.11541748046875,304.1370849609375,-441.13726806640625,-99.62383270263672,1918.4189453125,1971.00439453125,0.9283297657966614,0.009283297695219517,4.83195653941948e-05,13.26468276977539,192.72586059570312,210000.0,0.30000001192092896,2,steel_rigid
case200,-1840.6905517578125,-347.1664123535156,291.1515197753906,48.83159637451172,-131.41122436523438,2397.1044921875,2401.2001953125,1.1864899396896362,0.011864898726344109,6.175680027808994e-05,3.347036838531494,290.384765625,210000.0,0.30000001192092896,2,steel_rigid
case201,-2053.7861328125,-505.8341369628906,290.3182373046875,-451.6807861328125,-465.9919128417969,4103.35009765625,4154.3525390625,0.8573270440101624,0.00857327040284872,4.462387369130738e-05,8.987258911132812,225.89346313476562,110000.0,0.3400000035762787,1,titanium_rigid
case202,-2705.34326171875,-285.86383056640625,319.8030090332031,-216.8834228515625,-133.9490966796875,2105.55224609375,2120.927001953125,0.8125396370887756,0.008125396445393562,4.229268597555347e-05,6.903042793273926,211.69984436035156,70000.0,0.33000001311302185,0,aluminum_rigid
case203,-2209.41845703125,-424.9987487792969,292.84808349609375,250.1872100830078,1109.022705078125,4935.7998046875,5065.04150390625,0.7867269515991211,0.007867269217967987,4.094913674634881e-05,12.971051216125488,77.28730773925781,110000.0,0.3400000035762787,1,titanium_rigid
case204,-1792.7662353515625,-506.67822265625,298.2333984375,219.25161743164062,-26.27351951599121,4241.8408203125,4247.5849609375,0.7731919288635254,0.007731919176876545,4.0244638512376696e-05,2.9799931049346924,353.16668701171875,70000.0,0.33000001311302185,0,aluminum_rigid
case205,-2181.167236328125,-348.3996887207031,290.1166076660156,-3.508234739303589,-513.5963134765625,2505.671142578125,2557.768798828125,0.7909262180328369,0.007909261621534824,4.116771015105769e-05,11.583935737609863,269.608642578125,70000.0,0.33000001311302185,0,aluminum_rigid
case206,-1974.5269775390625,-506.70721435546875,290.5071716308594,1121.33935546875,-386.7125244140625,4907.119140625,5048.44189453125,1.0885266065597534,0.010885266587138176,5.6657809182070196e-05,13.588875770568848,340.9723815917969,110000.0,0.3400000035762787,1,titanium_rigid
case207,-2649.652099609375,-439.5533142089844,299.5881042480469,-472.0764465332031,-358.5429382324219,2727.19091796875,2790.874267578125,1.0904266834259033,0.010904267430305481,5.675671127391979e-05,12.263373374938965,217.21673583984375,210000.0,0.30000001192092896,2,steel_rigid
case208,-1862.9005126953125,-448.56365966796875,290.68511962890625,-152.63568115234375,-458.4184265136719,2145.81005859375,2199.532958984375,1.1032682657241821,0.011032681912183762,5.742510984418914e-05,12.689388275146484,251.584228515625,70000.0,0.33000001311302185,0,aluminum_rigid
case209,-2136.35302734375,-331.04266357421875,298.97412109375,13.146663665771484,331.47747802734375,4514.01904296875,4526.1923828125,0.7954814434051514,0.007954814471304417,4.140480814385228e-05,4.203146457672119,87.72879028320312,110000.0,0.3400000035762787,1,titanium_rigid
case210,-1838.686279296875,-448.50970458984375,290.7581787109375,75.71248626708984,604.3572998046875,4686.9716796875,4726.3818359375,0.911270797252655,0.009112708270549774,4.743164390674792e-05,7.404208183288574,82.85932159423828,70000.0,0.33000001311302185,0,aluminum_rigid
case211,-2641.57421875,-593.8052978515625,300.23419189453125,-350.239013671875,-560.4676513671875,4844.55615234375,4889.4287109375,0.8193346261978149,0.008193346671760082,4.264636663720012e-05,7.7684245109558105,237.99853515625,110000.0,0.3400000035762787,1,titanium_rigid
case212,-1796.664794921875,-294.4442138671875,307.3024597167969,-121.28599548339844,74.50098419189453,3969.2685546875,3971.820068359375,1.1475321054458618,0.011475320905447006,5.9729045460699126e-05,2.053776502609253,148.43931579589844,70000.0,0.33000001311302185,0,aluminum_rigid
case213,-2491.912841796875,-317.7684326171875,306.0766906738281,886.2508544921875,-764.3856201171875,4772.41650390625,4913.826171875,1.2077267169952393,0.012077267281711102,6.286217831075191e-05,13.778881072998047,319.2224426269531,210000.0,0.30000001192092896,2,steel_rigid
case214,-1945.814453125,-582.4246826171875,292.7958068847656,0.2979472279548645,-517.756591796875,3793.397216796875,3828.568359375,0.9456620216369629,0.009456620551645756,4.922170774079859e-05,7.772212505340576,270.032958984375,110000.0,0.3400000035762787,1,titanium_rigid
case215,-2411.331787109375,-257.1253662109375,311.8725891113281,279.5606689453125,-411.3037414550781,3329.44189453125,3366.379150390625,0.9372761249542236,0.00937276054173708,4.878521940554492e-05,8.495443344116211,304.2037048339844,70000.0,0.33000001311302185,0,aluminum_rigid
case216,-2676.632568359375,-507.23101806640625,300.23516845703125,47.08115005493164,127.66551971435547,2045.30419921875,2049.825439453125,1.1901735067367554,0.011901735328137875,6.19485363131389e-05,3.8061728477478027,69.75677490234375,210000.0,0.30000001192092896,2,steel_rigid
case217,-2303.339599609375,-585.0799560546875,291.76763916015625,-45.25043487548828,-210.99618530273438,2875.28564453125,2883.3720703125,1.1708869934082031,0.011708870530128479,6.094466880313121e-05,4.292075157165527,257.8956604003906,70000.0,0.33000001311302185,0,aluminum_rigid
case218,-2690.705810546875,-250.79714965820312,320.30462646484375,-499.7216796875,114.43592834472656,1923.729736328125,1990.867431640625,0.9833970069885254,0.009833970107138157,5.118581611895934e-05,14.922033309936523,167.10169982910156,110000.0,0.3400000035762787,1,titanium_rigid
case219,-2003.9757080078125,-284.4656982421875,310.1236572265625,-89.23878479003906,-57.75025177001953,4687.0009765625,4688.2060546875,1.238309383392334,0.012383094057440758,6.445400504162535e-05,1.2991714477539062,212.9086456298828,110000.0,0.3400000035762787,1,titanium_rigid
case220,-2670.586181640625,-474.8280334472656,301.00750732421875,243.5355682373047,-523.67724609375,4617.14111328125,4653.12158203125,1.0113083124160767,0.010113082826137543,5.263859566184692e-05,7.129818439483643,294.94073486328125,210000.0,0.30000001192092896,2,steel_rigid
case221,-2039.282470703125,-567.6803588867188,285.6304931640625,352.1529846191406,255.5911407470703,1791.2276611328125,1843.32177734375,0.8859180808067322,0.008859180845320225,4.611203621607274e-05,13.653985977172852,35.97198486328125,70000.0,0.33000001311302185,0,aluminum_rigid
case222,-1723.35595703125,-277.93194580078125,300.0442199707031,304.36468505859375,836.852294921875,4862.689453125,4943.55224609375,1.1494847536087036,0.011494847945868969,5.9830683312611654e-05,10.377341270446777,70.01358032226562,110000.0,0.3400000035762787,1,titanium_rigid
case223,-2188.72314453125,-348.9194641113281,290.0406494140625,206.1764678955078,185.75872802734375,4314.2685546875,4323.1845703125,1.0865873098373413,0.010865873657166958,5.655686982208863e-05,3.6804873943328857,42.01789093017578,70000.0,0.33000001311302185,0,aluminum_rigid
case224,-2079.3291015625,-583.1048583984375,289.4034423828125,329.755859375,-170.5723114013672,3525.976318359375,3545.4677734375,1.0795536041259766,0.010795535519719124,5.6190761824836954e-05,6.010684013366699,332.6488952636719,210000.0,0.30000001192092896,2,steel_rigid
case225,-2038.322509765625,-292.93463134765625,308.338134765625,-357.0849609375,-353.328369140625,4095.59619140625,4126.28857421875,1.1003565788269043,0.011003565974533558,5.727356256102212e-05,6.992683410644531,224.697021484375,110000.0,0.3400000035762787,1,titanium_rigid
case226,-2102.0498046875,-381.11614990234375,290.45562744140625,-141.62106323242188,-93.7081298828125,3435.08642578125,3439.281494140625,0.8016573190689087,0.008016573265194893,4.172626358922571e-05,2.830167531967163,213.4918975830078,70000.0,0.33000001311302185,0,aluminum_rigid
case227,-1659.8177490234375,-463.0716857910156,290.3409118652344,4.763988494873047,-5.115582466125488,4282.03857421875,4282.04443359375,0.9327484369277954,0.009327484294772148,4.854955477640033e-05,0.09353402256965637,312.9618225097656,70000.0,0.33000001311302185,0,aluminum_rigid
case228,-1681.5487060546875,-381.7791748046875,290.5046691894531,-74.9623794555664,55.904415130615234,4311.08349609375,4312.09765625,0.8891859650611877,0.008891860023140907,4.628212991519831e-05,1.2426235675811768,143.28565979003906,70000.0,0.33000001311302185,0,aluminum_rigid
case229,-1800.5155029296875,-361.84051513671875,290.68780517578125,-695.1451416015625,135.7536163330078,2990.84033203125,3073.561767578125,1.2092697620391846,0.01209269743412733,6.294249033089727e-05,13.323075294494629,168.94989013671875,210000.0,0.30000001192092896,2,steel_rigid
case230,-2380.071533203125,-410.8154296875,301.25787353515625,-180.0592803955078,-384.325439453125,1906.086181640625,1952.76513671875,1.128352165222168,0.01128352154046297,5.8730729506351054e-05,12.552852630615234,244.8965606689453,110000.0,0.3400000035762787,1,titanium_rigid
case231,-2078.3369140625,-470.65435791015625,290.3211975097656,45.070621490478516,23.37188720703125,2951.75732421875,2952.19384765625,1.0043951272964478,0.010043950751423836,5.227876317803748e-05,0.9853883981704712,27.409513473510742,210000.0,0.30000001192092896,2,steel_rigid
case232,-1750.241455078125,-266.1355895996094,303.67462158203125,-554.697265625,-825.784912109375,4756.03515625,4858.95849609375,1.129459023475647,0.011294590309262276,5.8788344176718965e-05,11.813895225524902,236.1099090576172,70000.0,0.33000001311302185,0,aluminum_rigid
case233,-1715.99072265625,-258.5099182128906,302.356201171875,-453.545166015625,-33.767295837402344,3760.8193359375,3788.21923828125,0.9571594595909119,0.00957159511744976,4.982015161658637e-05,6.895364761352539,184.25791931152344,70000.0,0.33000001311302185,0,aluminum_rigid
case234,-2016.3499755859375,-432.5341796875,290.8671875,-32.5645637512207,-61.120967864990234,4138.87646484375,4139.4560546875,0.8024473190307617,0.008024473674595356,4.176738366368227e-05,0.9586262702941895,241.95181274414062,70000.0,0.33000001311302185,0,aluminum_rigid
case235,-1920.2452392578125,-285.3704833984375,306.4324645996094,-406.73565673828125,68.15128326416016,1917.01171875,1960.870361328125,1.0174363851547241,0.010174363851547241,5.295756636769511e-05,12.140971183776855,170.48806762695312,110000.0,0.3400000035762787,1,titanium_rigid
case236,-2252.26123046875,-235.50672912597656,312.2192687988281,-373.8645935058594,178.91091918945312,2342.511962890625,2378.89599609375,1.119525671005249,0.011195256374776363,5.8271310990676284e-05,10.033683776855469,154.4268035888672,110000.0,0.3400000035762787,1,titanium_rigid
case237,-1903.4412841796875,-542.4445190429688,292.03753662109375,125.4565200805664,-585.323974609375,3713.733154296875,3761.66943359375,0.8109217286109924,0.008109216578304768,4.220847404212691e-05,9.15676498413086,282.0975646972656,70000.0,0.33000001311302185,0,aluminum_rigid
case238,-2001.7449951171875,-328.88458251953125,294.68994140625,-772.2385864257812,-233.07858276367188,3530.4892578125,3621.46826171875,1.236074686050415,0.012360746040940285,6.43376843072474e-05,12.870022773742676,196.7949676513672,70000.0,0.33000001311302185,0,aluminum_rigid
case239,-2403.693603515625,-433.96014404296875,292.825439453125,-16.05501937866211,99.8636474609375,2478.287841796875,2480.350830078125,1.2349685430526733,0.012349684722721577,6.428010965464637e-05,2.3371071815490723,99.13325500488281,70000.0,0.33000001311302185,0,aluminum_rigid
case240,-2403.28857421875,-442.08489990234375,292.4858093261719,-94.31321716308594,-2.424018144607544,4891.931640625,4892.84130859375,0.9008191823959351,0.009008191525936127,4.688763874582946e-05,1.1048526763916016,181.47227478027344,110000.0,0.3400000035762787,1,titanium_rigid
case241,-2380.03955078125,-374.89794921875,292.2149353027344,-239.8726348876953,701.0301513671875,4374.78076171875,4437.0810546875,1.2184154987335205,0.012184154242277145,6.341852713376284e-05,9.612661361694336,108.88949584960938,110000.0,0.3400000035762787,1,titanium_rigid
case242,-2395.102294921875,-442.04779052734375,292.0966796875,36.9179801940918,-89.19853973388672,1805.93701171875,1808.515380859375,0.9649456143379211,0.009649455547332764,5.022541881771758e-05,3.0598413944244385,292.48394775390625,70000.0,0.33000001311302185,0,aluminum_rigid
case243,-2207.875244140625,-520.666748046875,298.7567138671875,-409.9665832519531,-238.7638702392578,3157.924072265625,3193.362548828125,0.7631458044052124,0.007631457876414061,3.9721737266518176e-05,8.543864250183105,210.21644592285156,70000.0,0.33000001311302185,0,aluminum_rigid
case244,-2223.923095703125,-542.2568969726562,297.4169006347656,-278.564208984375,-104.22262573242188,2426.584716796875,2444.744140625,1.1911389827728271,0.011911390349268913,6.199878407642245e-05,6.987804889678955,200.512939453125,70000.0,0.33000001311302185,0,aluminum_rigid
case245,-1816.42919921875,-507.6295166015625,298.0602722167969,538.8399658203125,1056.69970703125,4794.24755859375,4938.802734375,0.7793062329292297,0.0077930623665452,4.056288889842108e-05,13.896602630615234,62.981727600097656,110000.0,0.3400000035762787,1,titanium_rigid
case246,-2013.958251953125,-487.929931640625,290.47406005859375,-152.13636779785156,1024.36474609375,4363.666015625,4484.869140625,0.9605216979980469,0.009605216793715954,4.999515658710152e-05,13.35064697265625,98.44769287109375,70000.0,0.33000001311302185,0,aluminum_rigid
case247,-2617.6142578125,-352.23638916015625,299.59881591796875,313.0523376464844,-556.6812744140625,2592.546630859375,2670.05517578125,0.7833595871925354,0.00783359631896019,4.077386620338075e-05,13.83910846710205,299.3514404296875,70000.0,0.33000001311302185,0,aluminum_rigid
case248,-2321.485595703125,-537.2199096679688,292.0013732910156,434.12164306640625,-307.17864990234375,3165.463134765625,3209.824951171875,0.9157211184501648,0.009157211519777775,4.766328493133187e-05,9.536825180053711,324.71728515625,70000.0,0.33000001311302185,0,aluminum_rigid
case249,-2654.565673828125,-381.6491394042969,300.2181396484375,-138.60304260253906,-231.83380126953125,2354.34375,2369.787353515625,0.9547411203384399,0.00954741146415472,4.969427391188219e-05,6.544759750366211,239.12669372558594,110000.0,0.3400000035762787,1,titanium_rigid
case250,-1759.508056640625,-427.9097900390625,291.5626220703125,-93.3249740600586,-164.23919677734375,1734.8050537109375,1745.0595703125,0.9069907665252686,0.00906990747898817,4.7208868636516854e-05,6.214431285858154,240.3936309814453,210000.0,0.30000001192092896,2,steel_rigid
case251,-1896.720703125,-425.7898864746094,292.8734130859375,6.698793411254883,324.03436279296875,3498.328125,3513.3095703125,0.7583836317062378,0.00758383609354496,3.947386721847579e-05,5.293074131011963,88.81568908691406,110000.0,0.3400000035762787,1,titanium_rigid
case252,-2055.214111328125,-567.802001953125,285.7008361816406,-37.87881088256836,620.1826171875,2906.022705078125,2971.704833984375,1.1687277555465698,0.011687276884913445,6.0832277085864916e-05,12.068724632263184,93.49510192871094,210000.0,0.30000001192092896,2,steel_rigid
case253,-2162.507568359375,-417.9226379394531,297.1462097167969,159.1961669921875,-304.8175048828125,2729.193115234375,2750.77294921875,0.9421785473823547,0.009421785362064838,4.904039451503195e-05,7.181568622589111,297.57659912109375,70000.0,0.33000001311302185,0,aluminum_rigid
case254,-2662.718017578125,-544.7214965820312,300.11614990234375,65.796630859375,-167.6983642578125,3336.8623046875,3341.721435546875,0.7963456511497498,0.007963456213474274,4.144979175180197e-05,3.0901763439178467,291.422607421875,110000.0,0.3400000035762787,1,titanium_rigid
case255,-2610.407958984375,-342.6488952636719,300.7720947265625,53.0636100769043,153.77854919433594,2055.904296875,2062.330078125,1.219038963317871,0.012190389446914196,6.34509779047221e-05,4.524183750152588,70.96223449707031,110000.0,0.3400000035762787,1,titanium_rigid
case256,-1954.6689453125,-558.4276123046875,292.6693115234375,206.61865234375,-189.0231475830078,3146.910888671875,3159.34619140625,0.8543375134468079,0.008543374948203564,4.446826642379165e-05,5.0852460861206055,317.54644775390625,110000.0,0.3400000035762787,1,titanium_rigid
case257,-1666.1397705078125,-359.26507568359375,290.68817138671875,-524.427490234375,640.9971313476562,4110.01123046875,4192.6240234375,0.9702647924423218,0.009702648036181927,5.050228355685249e-05,11.392873764038086,129.2880859375,210000.0,0.30000001192092896,2,steel_rigid
case258,-2599.565185546875,-221.78797912597656,317.2494812011719,-483.1214904785156,581.452392578125,4314.82568359375,4380.5498046875,1.1548941135406494,0.01154894195497036,6.011224104440771e-05,9.937546730041504,129.72276306152344,110000.0,0.3400000035762787,1,titanium_rigid
case259,-2279.525634765625,-601.3189697265625,293.35076904296875,465.4549560546875,-365.76611328125,4975.71728515625,5010.80810546875,0.9186422228813171,0.00918642245233059,4.781532697961666e-05,6.784735202789307,321.8388671875,110000.0,0.3400000035762787,1,titanium_rigid
case260,-2214.2607421875,-266.1679382324219,318.28997802734375,-239.97393798828125,-124.4554443359375,3259.759521484375,3270.94921875,0.8988282084465027,0.008988281711935997,4.678400728153065e-05,4.740604877471924,207.4121856689453,70000.0,0.33000001311302185,0,aluminum_rigid
case261,-1895.114013671875,-499.0881042480469,295.6979064941406,537.162841796875,378.5325622558594,2457.42529296875,2543.770751953125,0.8510428071022034,0.008510427549481392,4.429677937878296e-05,14.971134185791016,35.17192077636719,210000.0,0.30000001192092896,2,steel_rigid
case262,-2476.687744140625,-457.087646484375,294.4554748535156,245.93679809570312,937.0275268554688,4336.35400390625,4443.25,1.1851178407669067,0.011851178482174873,6.168537947814912e-05,12.593393325805664,75.2935791015625,110000.0,0.3400000035762787,1,titanium_rigid
case263,-1854.5030517578125,-215.20147705078125,306.8050842285156,552.4168090820312,107.53805541992188,2646.504638671875,2705.68212890625,0.8864405155181885,0.008864405564963818,4.613923010765575e-05,12.005274772644043,11.015900611877441,110000.0,0.3400000035762787,1,titanium_rigid
case264,-1911.3267822265625,-448.62176513671875,290.85107421875,876.2133178710938,-483.5576477050781,4845.951171875,4948.2138671875,0.8313010931015015,0.008313010446727276,4.326922135078348e-05,11.668709754943848,331.10693359375,210000.0,0.30000001192092896,2,steel_rigid
case265,-1887.533447265625,-441.1882019042969,290.81158447265625,45.039833068847656,330.7923583984375,3030.126708984375,3048.4619140625,1.160367727279663,0.011603676714003086,6.039713844074868e-05,6.2872114181518555,82.2464370727539,70000.0,0.33000001311302185,0,aluminum_rigid
case266,-2238.628173828125,-477.2471923828125,291.66009521484375,154.0095977783203,1048.029052734375,4585.638671875,4706.39599609375,0.9739373326301575,0.009739373810589314,5.0693441153271124e-05,13.007194519042969,81.64012145996094,210000.0,0.30000001192092896,2,steel_rigid
case267,-1905.1212158203125,-235.7939453125,308.1065979003906,58.21708679199219,-34.33856201171875,4672.22412109375,4672.712890625,1.2390352487564087,0.012390351854264736,6.449178181355819e-05,0.8287988305091858,329.4663391113281,210000.0,0.30000001192092896,2,steel_rigid
case268,-1854.133544921875,-326.74884033203125,297.11822509765625,252.47244262695312,-258.4365234375,3726.208251953125,3743.6826171875,0.7753440141677856,0.007753440178930759,4.035665551782586e-05,5.538066387176514,314.3311767578125,210000.0,0.30000001192092896,2,steel_rigid
case269,-2404.247802734375,-374.8695373535156,292.90411376953125,605.1316528320312,224.88198852539062,3023.21142578125,3091.369140625,0.9191091060638428,0.009191091172397137,4.783962867804803e-05,12.053719520568848,20.386320114135742,70000.0,0.33000001311302185,0,aluminum_rigid
case270,-2286.28515625,-477.5842590332031,291.5706481933594,-476.2123107910156,-406.1844787597656,3578.3623046875,3632.690673828125,0.8904102444648743,0.008904102258384228,4.634585275198333e-05,9.921539306640625,220.46246337890625,70000.0,0.33000001311302185,0,aluminum_rigid
case271,-2239.742431640625,-577.649169921875,287.35736083984375,-749.0220336914062,761.4559326171875,4430.2705078125,4557.20849609375,0.8647173643112183,0.008647173643112183,4.500853901845403e-05,13.554909706115723,134.5283660888672,110000.0,0.3400000035762787,1,titanium_rigid
case272,-2498.144775390625,-311.40283203125,308.366455078125,-238.6010284423828,-345.935302734375,4557.30224609375,4576.63720703125,0.8405383825302124,0.008405383676290512,4.375002390588634e-05,5.2684855461120605,235.4049072265625,210000.0,0.30000001192092896,2,steel_rigid
case273,-2722.604248046875,-498.4399108886719,305.7060852050781,-210.95408630371094,558.0455322265625,3804.09814453125,3850.594482421875,1.2472038269042969,0.01247203815728426,6.491695967270061e-05,8.912958145141602,110.70774841308594,110000.0,0.3400000035762787,1,titanium_rigid
case274,-1989.9697265625,-470.6411437988281,290.39483642578125,124.53740692138672,685.9052124023438,3056.23779296875,3134.735107421875,0.9438575506210327,0.009438575245440006,4.9127786041935906e-05,12.849180221557617,79.70911407470703,210000.0,0.30000001192092896,2,steel_rigid
case275,-2467.10498046875,-248.8864288330078,313.67510986328125,-32.53308868408203,67.16905212402344,2331.345458984375,2332.539794921875,1.0836682319641113,0.01083668228238821,5.640493327518925e-05,1.8335745334625244,115.84306335449219,110000.0,0.3400000035762787,1,titanium_rigid
case276,-1766.68798828125,-287.9183349609375,302.69781494140625,-170.5096435546875,-73.31758880615234,4423.26513671875,4427.1572265625,0.809758186340332,0.008097581565380096,4.214791260892525e-05,2.4027762413024902,203.2672576904297,70000.0,0.33000001311302185,0,aluminum_rigid
case277,-2641.21142578125,-605.135009765625,300.2279357910156,-109.3095932006836,-486.26776123046875,3146.1513671875,3185.38427734375,1.001144528388977,0.010011444799602032,5.210956805967726e-05,9.00179386138916,257.3309020996094,70000.0,0.33000001311302185,0,aluminum_rigid
case278,-2453.547607421875,-289.79156494140625,311.23541259765625,-10.398847579956055,-612.5890502929688,4801.3203125,4840.2529296875,1.126716136932373,0.0112671609967947,5.864557169843465e-05,7.271985054016113,269.0274963378906,70000.0,0.33000001311302185,0,aluminum_rigid
case279,-2339.643310546875,-598.8823852539062,290.4721984863281,206.7814178466797,-276.5979919433594,3290.64111328125,3308.71337890625,0.8293373584747314,0.008293373510241508,4.3167008698219433e-05,5.991171360015869,306.7813720703125,70000.0,0.33000001311302185,0,aluminum_rigid
case280,-2717.900390625,-392.83624267578125,303.7469177246094,-87.95382690429688,-47.70789337158203,3978.07763671875,3979.335693359375,1.1482619047164917,0.011482618749141693,5.976703323540278e-05,1.4408425092697144,208.4762725830078,110000.0,0.3400000035762787,1,titanium_rigid
case281,-2566.65966796875,-289.0799560546875,319.72747802734375,-138.22657775878906,13.11608600616455,1997.7352294921875,2002.5545654296875,0.9071395993232727,0.009071395732462406,4.721661389339715e-05,3.9758028984069824,174.57952880859375,70000.0,0.33000001311302185,0,aluminum_rigid
case282,-2114.95849609375,-217.36669921875,314.3208923339844,-271.06829833984375,1011.3081665039062,4880.798828125,4991.8349609375,1.068813681602478,0.010688137263059616,5.563175363931805e-05,12.10733699798584,105.00470733642578,70000.0,0.33000001311302185,0,aluminum_rigid
case283,-2347.13232421875,-343.7754211425781,291.42620849609375,-250.8972625732422,288.0212097167969,3044.925537109375,3068.790771484375,0.7853153944015503,0.007853154093027115,4.0875667764339596e-05,7.150217533111572,131.05934143066406,110000.0,0.3400000035762787,1,titanium_rigid
case284,-1658.38720703125,-206.2581024169922,302.22149658203125,-166.49501037597656,94.1147689819336,4755.02490234375,4758.86962890625,0.7979263067245483,0.007979262620210648,4.153206464252435e-05,2.3032805919647217,150.52178955078125,210000.0,0.30000001192092896,2,steel_rigid
case285,-2173.916748046875,-595.8467407226562,294.8311767578125,163.85086059570312,-55.24726104736328,2817.161865234375,2822.463623046875,0.75145024061203,0.007514502387493849,3.91129833587911e-05,3.512346029281616,341.3669128417969,70000.0,0.33000001311302185,0,aluminum_rigid
case286,-2156.00244140625,-396.0466613769531,295.8380126953125,-661.45166015625,615.1561889648438,3693.374755859375,3802.22998046875,1.0305440425872803,0.010305440053343773,5.363981836126186e-05,13.743096351623535,137.07688903808594,110000.0,0.3400000035762787,1,titanium_rigid
case287,-1968.9840087890625,-352.6724853515625,290.6808166503906,28.836692810058594,-65.62809753417969,2677.39404296875,2678.353515625,0.9303752779960632,0.009303752332925797,4.8426030843984336e-05,1.5336599349975586,293.720458984375,70000.0,0.33000001311302185,0,aluminum_rigid
case288,-2379.77685546875,-418.1403503417969,298.6951599121094,-215.32504272460938,186.3128204345703,4533.8095703125,4542.7421875,1.0827502012252808,0.010827502235770226,5.635715206153691e-05,3.593677282333374,139.13157653808594,210000.0,0.30000001192092896,2,steel_rigid
case289,-2631.37744140625,-478.70123291015625,299.8739929199219,-87.03314208984375,-48.617530822753906,2409.374267578125,2411.435791015625,0.9767826199531555,0.009767826646566391,5.084153599455021e-05,2.369352340698242,209.18814086914062,110000.0,0.3400000035762787,1,titanium_rigid
case290,-1775.8057861328125,-347.11492919921875,291.2253723144531,101.00016784667969,-542.4027709960938,4447.16015625,4481.25390625,0.8483768105506897,0.008483768440783024,4.415801595314406e-05,7.072126865386963,280.54815673828125,210000.0,0.30000001192092896,2,steel_rigid
case291,-1969.1531982421875,-597.2163696289062,289.83843994140625,-500.693115234375,176.5465087890625,2335.916748046875,2395.4892578125,1.0243712663650513,0.010243712924420834,5.331852662493475e-05,12.804659843444824,160.57713317871094,210000.0,0.30000001192092896,2,steel_rigid
case292,-2084.1611328125,-256.8947448730469,313.44171142578125,194.70118713378906,483.0509338378906,2035.9898681640625,2101.54736328125,1.2044316530227661,0.012044317089021206,6.269066943787038e-05,14.348774909973145,68.04733276367188,70000.0,0.33000001311302185,0,aluminum_rigid
case293,-1966.4200439453125,-489.2262878417969,290.9366149902344,-316.46905517578125,-106.84503173828125,1849.7808837890625,1879.6961669921875,1.1878886222839355,0.011878886260092258,6.182960350997746e-05,10.235718727111816,198.65550231933594,210000.0,0.30000001192092896,2,steel_rigid
case294,-2495.83251953125,-280.966064453125,314.1148681640625,-702.5090942382812,551.7725830078125,3582.364501953125,3692.06005859375,0.8727710247039795,0.008727709762752056,4.542773240245879e-05,14.001640319824219,141.85279846191406,70000.0,0.33000001311302185,0,aluminum_rigid
case295,-2046.9862060546875,-351.61090087890625,290.4089050292969,-352.93292236328125,-275.5152587890625,2615.875,2653.91650390625,0.9044855833053589,0.009044855833053589,4.707847620011307e-05,9.71275520324707,217.97718811035156,210000.0,0.30000001192092896,2,steel_rigid
case296,-2654.771240234375,-353.9295349121094,300.177978515625,1015.93212890625,-576.0660400390625,4958.65869140625,5094.3369140625,1.070767879486084,0.010707679204642773,5.573347152676433e-05,13.25308895111084,330.44537353515625,70000.0,0.33000001311302185,0,aluminum_rigid
case297,-2622.670654296875,-487.1737060546875,299.81390380859375,-71.64152526855469,-595.5114135742188,3604.130126953125,3653.699462890625,1.0128068923950195,0.010128069669008255,5.271660120342858e-05,9.448662757873535,263.14013671875,70000.0,0.33000001311302185,0,aluminum_rigid
case298,-2054.28369140625,-208.98362731933594,312.7047119140625,65.88223266601562,-228.14414978027344,2277.119384765625,2289.4677734375,1.1742032766342163,0.011742033064365387,6.111727998359129e-05,5.953492164611816,286.10736083984375,110000.0,0.3400000035762787,1,titanium_rigid
case299,-2066.96728515625,-273.4605407714844,312.46649169921875,333.3614501953125,-310.88037109375,2496.17041015625,2537.4482421875,0.7705692052841187,0.0077056922018527985,4.0108126995619386e-05,10.348742485046387,316.99853515625,110000.0,0.3400000035762787,1,titanium_rigid
case300,-2054.3896484375,-336.47161865234375,292.2059631347656,126.1301498413086,78.6801986694336,2292.389404296875,2297.20458984375,1.0631859302520752,0.010631860233843327,5.533883086172864e-05,3.7103652954101562,31.955984115600586,210000.0,0.30000001192092896,2,steel_rigid
case301,-2485.275634765625,-480.854736328125,296.0728759765625,-99.88555145263672,104.29739379882812,2600.990966796875,2604.996826171875,1.0492565631866455,0.010492565110325813,5.46138035133481e-05,3.177927255630493,133.76219177246094,70000.0,0.33000001311302185,0,aluminum_rigid
case302,-2101.659912109375,-524.58544921875,290.3283386230469,479.2669677734375,-402.5029602050781,4359.5029296875,4404.19921875,1.2218083143234253,0.012218083254992962,6.359512190101668e-05,8.169737815856934,319.9754333496094,210000.0,0.30000001192092896,2,steel_rigid
case303,-2654.164794921875,-535.8452758789062,299.8103332519531,-98.89054870605469,87.58489990234375,2030.1767578125,2034.469970703125,1.229203462600708,0.012292034924030304,6.398004188667983e-05,3.7228915691375732,138.469482421875,110000.0,0.3400000035762787,1,titanium_rigid
case304,-1954.0892333984375,-417.8438720703125,297.2969970703125,-715.37158203125,267.048583984375,3232.48046875,3321.44580078125,0.9237866997718811,0.009237866848707199,4.8083096771733835e-05,13.291021347045898,159.5293731689453,210000.0,0.30000001192092896,2,steel_rigid
case305,-2297.301025390625,-210.7324676513672,311.00323486328125,-180.27516174316406,-577.483154296875,3913.68505859375,3960.166259765625,0.8444297909736633,0.008444298058748245,4.3952572013949975e-05,8.787093162536621,252.66299438476562,70000.0,0.33000001311302185,0,aluminum_rigid
case306,-1674.35498046875,-359.37109375,290.73779296875,98.50836944580078,-201.6492156982422,2249.26220703125,2260.4306640625,0.8822104334831238,0.008822103962302208,4.5919052354292944e-05,5.697935581207275,296.0361328125,110000.0,0.3400000035762787,1,titanium_rigid
case307,-2488.025634765625,-272.145263671875,314.105224609375,-311.1253967285156,33.138858795166016,2604.580078125,2623.305908203125,0.8424222469329834,0.008424222469329834,4.384807834867388e-05,6.850052356719971,173.92018127441406,110000.0,0.3400000035762787,1,titanium_rigid
case308,-2505.186767578125,-317.0328063964844,309.01043701171875,302.6285705566406,433.405029296875,2935.466064453125,2982.680908203125,0.8764969110488892,0.008764969184994698,4.562166577670723e-05,10.20816707611084,55.07501983642578,70000.0,0.33000001311302185,0,aluminum_rigid
case309,-2368.775390625,-280.59228515625,310.28656005859375,112.04207611083984,471.95684814453125,2485.607421875,2532.4970703125,1.1131664514541626,0.01113166380673647,5.794031312689185e-05,11.042656898498535,76.645263671875,110000.0,0.3400000035762787,1,titanium_rigid
case310,-1752.4417724609375,-422.3783874511719,294.3546142578125,145.3696746826172,29.885047912597656,2226.369140625,2231.31005859375,0.8925918936729431,0.008925918489694595,4.645940498448908e-05,3.813694477081299,11.616994857788086,210000.0,0.30000001192092896,2,steel_rigid
case311,-1809.1947021484375,-514.9871826171875,298.55657958984375,194.05714416503906,-766.80712890625,3950.348876953125,4028.760009765625,0.7883047461509705,0.007883047685027122,4.10312604799401e-05,11.322643280029297,284.2017517089844,70000.0,0.33000001311302185,0,aluminum_rigid
case312,-1658.8604736328125,-470.552490234375,290.5293273925781,688.1171875,245.27020263671875,3132.05078125,3216.116455078125,0.9161281585693359,0.009161281399428844,4.7684472519904375e-05,13.128997802734375,19.617931365966797,110000.0,0.3400000035762787,1,titanium_rigid
case313,-2212.9794921875,-602.817626953125,293.9292907714844,408.4458923339844,-198.49928283691406,3436.603759765625,3466.478759765625,1.2033194303512573,0.012033195234835148,6.263278191909194e-05,7.527662754058838,334.08087158203125,110000.0,0.3400000035762787,1,titanium_rigid
case314,-1943.4794921875,-448.346435546875,290.73870849609375,-348.27484130859375,84.62610626220703,1905.3616943359375,1938.778076171875,0.8599314093589783,0.008599313907325268,4.475943205761723e-05,10.653162956237793,166.3425750732422,110000.0,0.3400000035762787,1,titanium_rigid
case315,-2271.507080078125,-521.9322509765625,297.97125244140625,-14.237699508666992,-2.1448752880096436,3738.921142578125,3738.948974609375,0.8874185085296631,0.008874185383319855,4.6190132707124576e-05,0.22064140439033508,188.56704711914062,210000.0,0.30000001192092896,2,steel_rigid
case316,-2325.707763671875,-613.4732055664062,290.36883544921875,-79.94157409667969,422.6836242675781,4957.6240234375,4976.25244140625,0.7999310493469238,0.00799931026995182,4.163640915066935e-05,4.959177017211914,100.70977020263672,210000.0,0.30000001192092896,2,steel_rigid
case317,-1687.3577880859375,-433.38348388671875,290.5724792480469,18.94675064086914,-391.7532653808594,4892.806640625,4908.50146484375,1.1386277675628662,0.01138627715408802,5.9265574236633256e-05,4.583074569702148,272.7688903808594,210000.0,0.30000001192092896,2,steel_rigid
case318,-1735.61474609375,-210.13600158691406,304.1715393066406,-44.643184661865234,7.308164596557617,3008.490478515625,3008.83056640625,1.0997850894927979,0.010997850447893143,5.724381117033772e-05,0.8614676594734192,170.7030487060547,70000.0,0.33000001311302185,0,aluminum_rigid
case319,-1946.0264892578125,-574.1139526367188,293.3440246582031,72.67356872558594,-243.0573272705078,2485.86474609375,2498.776123046875,0.8736118078231812,0.008736117742955685,4.547149364952929e-05,5.827020168304443,286.64654541015625,210000.0,0.30000001192092896,2,steel_rigid
case320,-1895.6090087890625,-441.1673889160156,290.8355407714844,259.2001037597656,155.50123596191406,1848.7803955078125,1873.3270263671875,1.1836721897125244,0.011836721561849117,6.161013880046085e-05,9.285439491271973,30.960695266723633,110000.0,0.3400000035762787,1,titanium_rigid
case321,-2229.423583984375,-310.8800354003906,301.8730163574219,356.3101501464844,237.73411560058594,2794.153076171875,2826.794189453125,0.9124561548233032,0.009124561212956905,4.74933440273162e-05,8.715500831604004,33.71166229248047,110000.0,0.3400000035762787,1,titanium_rigid
case322,-2092.16455078125,-396.2999267578125,295.9695129394531,-35.553707122802734,-10.428240776062012,2014.989990234375,2015.33056640625,1.198889136314392,0.011988891288638115,6.240217771846801e-05,1.0534324645996094,196.34690856933594,210000.0,0.30000001192092896,2,steel_rigid
case323,-2123.256591796875,-410.6592102050781,299.4848937988281,391.4217224121094,63.822723388671875,3708.387939453125,3729.5341796875,1.1767494678497314,0.0117674944922328,6.124981155153364e-05,6.104254245758057,9.260787010192871,210000.0,0.30000001192092896,2,steel_rigid
case324,-2086.1630859375,-488.182861328125,290.2493896484375,-440.5028076171875,-392.22979736328125,3356.71826171875,3408.143798828125,1.1112170219421387,0.011112170293927193,5.7838846259983256e-05,9.965885162353516,221.68231201171875,210000.0,0.30000001192092896,2,steel_rigid
case325,-2618.772705078125,-225.3759765625,317.8753356933594,-643.5403442382812,298.31341552734375,3447.318115234375,3519.53662109375,1.1249635219573975,0.011249634437263012,5.8554349379846826e-05,11.626908302307129,155.12989807128906,70000.0,0.33000001311302185,0,aluminum_rigid
case326,-1817.0870361328125,-515.4391479492188,298.4815673828125,478.776611328125,355.565673828125,4190.00341796875,4232.2314453125,1.1884825229644775,0.011884825304150581,6.186051177792251e-05,8.100556373596191,36.5995979309082,70000.0,0.33000001311302185,0,aluminum_rigid
case327,-2282.468994140625,-212.25302124023438,311.39739990234375,0.22367386519908905,-0.07226330786943436,1923.418212890625,1923.4183349609375,1.2420848608016968,0.01242084801197052,6.465051410486922e-05,0.0070020100101828575,342.0956726074219,70000.0,0.33000001311302185,0,aluminum_rigid
case328,-2574.572265625,-355.283203125,297.885986328125,-344.67462158203125,-464.6567687988281,4306.67041015625,4345.35546875,0.9893755316734314,0.009893755428493023,5.149699791218154e-05,7.651047229766846,233.43258666992188,210000.0,0.30000001192092896,2,steel_rigid
case329,-1808.716552734375,-523.1900634765625,297.46063232421875,13.686827659606934,156.16464233398438,2512.879150390625,2517.76416015625,1.184820294380188,0.011848202906548977,6.166989624034613e-05,3.569709539413452,84.9911880493164,110000.0,0.3400000035762787,1,titanium_rigid
case330,-2654.03076171875,-543.5234375,299.8291015625,-255.6190643310547,325.881591796875,4128.28076171875,4149.0048828125,1.1329487562179565,0.011329487897455692,5.896998482057825e-05,5.729084014892578,128.11036682128906,210000.0,0.30000001192092896,2,steel_rigid
case331,-2645.32861328125,-527.9271240234375,299.8418884277344,0.9566605091094971,-9.763276100158691,2301.620849609375,2301.641845703125,1.1963367462158203,0.011963367462158203,6.226932600839064e-05,0.24420620501041412,275.5962829589844,70000.0,0.33000001311302185,0,aluminum_rigid
case332,-2672.80615234375,-517.0496215820312,300.2112731933594,452.5501403808594,-15.237255096435547,4208.8916015625,4233.1787109375,0.7773394584655762,0.007773394230753183,4.0460519812768325e-05,6.140453338623047,358.07159423828125,210000.0,0.30000001192092896,2,steel_rigid
case333,-2662.277099609375,-371.23046875,300.4319763183594,1027.7379150390625,-431.0122375488281,4751.05517578125,4880.0146484375,1.1751407384872437,0.011751407757401466,6.1166072555352e-05,13.2012357711792,337.2478332519531,70000.0,0.33000001311302185,0,aluminum_rigid
case334,-2302.510009765625,-540.8991088867188,296.4891662597656,-28.48171043395996,121.157470703125,1802.93310546875,1807.223876953125,1.208781123161316,0.012087811715900898,6.29170608590357e-05,3.9489810466766357,103.22889709472656,210000.0,0.30000001192092896,2,steel_rigid
case335,-1990.7977294921875,-576.1238403320312,287.7272033691406,-0.6593508720397949,4.8667073249816895,3387.87451171875,3387.878173828125,0.9353614449501038,0.009353614412248135,4.868556425208226e-05,0.083057701587677,97.71556091308594,110000.0,0.3400000035762787,1,titanium_rigid
case336,-1990.1805419921875,-497.2446594238281,290.3653869628906,-214.9961700439453,-149.38522338867188,2575.877685546875,2589.1474609375,0.8616500496864319,0.008616500534117222,4.484888631850481e-05,5.803346633911133,214.79263305664062,70000.0,0.33000001311302185,0,aluminum_rigid
case337,-1768.5062255859375,-368.2351379394531,290.5595397949219,596.7958984375,-322.8737487792969,4495.48974609375,4546.40966796875,1.1078077554702759,0.011078077368438244,5.7661396567709744e-05,8.583282470703125,331.5860900878906,110000.0,0.3400000035762787,1,titanium_rigid
case338,-2099.724609375,-233.0824737548828,314.1751403808594,-45.403717041015625,-32.14482498168945,2472.346923828125,2472.972900390625,1.0290334224700928,0.01029033400118351,5.3561190725304186e-05,1.2890071868896484,215.2976531982422,110000.0,0.3400000035762787,1,titanium_rigid
case339,-2450.106201171875,-563.7171630859375,294.5517272949219,-17.97983741760254,232.88719177246094,2606.5556640625,2617.00048828125,1.0363218784332275,0.010363219305872917,5.39405555173289e-05,5.120745658874512,94.41471099853516,110000.0,0.3400000035762787,1,titanium_rigid
case340,-1913.6922607421875,-260.8826904296875,308.4314270019531,827.9783935546875,260.2735290527344,3462.63427734375,3569.751708984375,1.0813568830490112,0.010813568718731403,5.628462531603873e-05,14.071504592895508,17.45044708251953,210000.0,0.30000001192092896,2,steel_rigid
case341,-2650.61669921875,-594.5877685546875,300.6255187988281,678.029296875,-605.0926513671875,4089.32373046875,4189.08447265625,1.2066054344177246,0.012066055089235306,6.280381785472855e-05,12.529211044311523,318.25335693359375,110000.0,0.3400000035762787,1,titanium_rigid
case342,-2001.66845703125,-336.648193359375,292.1693115234375,54.29673767089844,87.52315521240234,3138.497802734375,3140.1875,1.043454647064209,0.010434546507894993,5.431181489257142e-05,1.8796228170394897,58.18577575683594,210000.0,0.30000001192092896,2,steel_rigid
case343,-2251.97802734375,-258.94390869140625,312.1437072753906,-109.40512084960938,365.00445556640625,1722.851806640625,1764.487548828125,1.1464643478393555,0.01146464329212904,5.9673468058463186e-05,12.471505165100098,106.68538665771484,110000.0,0.3400000035762787,1,titanium_rigid
case344,-1861.781005859375,-327.6729736328125,299.95965576171875,-17.874677658081055,-159.66940307617188,1831.083251953125,1838.1185302734375,1.0340286493301392,0.010340286418795586,5.3821193432668224e-05,5.014525413513184,263.6124572753906,70000.0,0.33000001311302185,0,aluminum_rigid
case345,-2180.711181640625,-314.2961120605469,306.1494445800781,-698.2261962890625,747.13525390625,3965.176513671875,4094.91845703125,0.9228452444076538,0.009228453040122986,4.803409683518112e-05,14.461331367492676,133.0619354248047,210000.0,0.30000001192092896,2,steel_rigid
case346,-2120.13037109375,-593.4714965820312,291.3686828613281,245.3599395751953,777.6199951171875,3482.054443359375,3576.254638671875,1.0509010553359985,0.010509011335670948,5.4699401516700163e-05,13.179754257202148,72.48812103271484,110000.0,0.3400000035762787,1,titanium_rigid
case347,-2460.5283203125,-397.1351318359375,300.6173400878906,-662.7918701171875,661.3583984375,5003.70263671875,5090.552734375,0.8149773478507996,0.008149773813784122,4.241957140038721e-05,10.59887981414795,135.06202697753906,110000.0,0.3400000035762787,1,titanium_rigid
case348,-2337.530029296875,-448.8886413574219,290.6217956542969,228.08609008789062,224.9835968017578,3017.602294921875,3034.561767578125,0.8706016540527344,0.008706016466021538,4.5314816816244274e-05,6.060339450836182,44.60765838623047,210000.0,0.30000001192092896,2,steel_rigid
case349,-2655.982177734375,-468.29034423828125,300.6055908203125,-307.6783142089844,749.366455078125,4858.08203125,4925.15771484375,0.8934683203697205,0.008934683166444302,4.650502523873001e-05,9.466812133789062,112.32229614257812,70000.0,0.33000001311302185,0,aluminum_rigid
case350,-2532.724853515625,-382.4254150390625,296.7336730957031,-484.8321228027344,678.7151489257812,4315.98681640625,4395.84521484375,1.2438117265701294,0.012438117526471615,6.474040128523484e-05,10.937989234924316,125.53966522216797,110000.0,0.3400000035762787,1,titanium_rigid
case351,-1807.8134765625,-499.5950927734375,297.5422058105469,107.22211456298828,-401.1104736328125,2997.08837890625,3025.710693359375,0.8772419095039368,0.008772418834269047,4.566044299281202e-05,7.887128829956055,284.96600341796875,210000.0,0.30000001192092896,2,steel_rigid
case352,-2595.862548828125,-329.19140625,302.9593200683594,5.424835205078125,-166.19833374023438,2458.121826171875,2463.73974609375,1.1445889472961426,0.011445890180766582,5.957585744909011e-05,3.870044469833374,271.8695068359375,70000.0,0.33000001311302185,0,aluminum_rigid
case353,-1945.2659912109375,-542.4268798828125,292.30780029296875,138.2788543701172,284.84613037109375,4975.82177734375,4985.8857421875,1.1996105909347534,0.011996106244623661,6.243972893571481e-05,3.6411030292510986,64.10569763183594,210000.0,0.30000001192092896,2,steel_rigid
case354,-2055.05859375,-582.9940795898438,289.2694396972656,91.42369079589844,-28.314655303955078,2015.4578857421875,2017.72900390625,0.9368891716003418,0.009368891827762127,4.876507955486886e-05,2.718759298324585,342.7918395996094,70000.0,0.33000001311302185,0,aluminum_rigid
case355,-1937.6802978515625,-564.5409545898438,294.75323486328125,-215.4672088623047,-246.2432403564453,3871.72705078125,3885.528564453125,1.0200947523117065,0.010200947523117065,5.3095933253644034e-05,4.830638408660889,228.81349182128906,70000.0,0.33000001311302185,0,aluminum_rigid
case356,-2420.216064453125,-425.8514099121094,295.4272766113281,23.881921768188477,341.0032958984375,2321.905517578125,2346.933837890625,1.0082927942276,0.010082927532494068,5.2481638704193756e-05,8.37510871887207,85.9938735961914,110000.0,0.3400000035762787,1,titanium_rigid
case357,-2411.4169921875,-249.0843048095703,311.8772888183594,-7.982511043548584,-29.464494705200195,2731.259521484375,2731.429931640625,0.8834819197654724,0.008834819309413433,4.5985234464751557e-05,0.640355110168457,254.84132385253906,110000.0,0.3400000035762787,1,titanium_rigid
case358,-2425.42919921875,-569.9066772460938,293.5767517089844,-41.71111297607422,12.794389724731445,5078.53515625,5078.72265625,1.2278385162353516,0.01227838546037674,6.390899943653494e-05,0.49221116304397583,162.9472198486328,110000.0,0.3400000035762787,1,titanium_rigid
case359,-2024.6282958984375,-299.914794921875,305.55548095703125,-727.7720947265625,-122.26207733154297,4261.69970703125,4325.12255859375,0.9412385821342468,0.009412386454641819,4.899147097603418e-05,9.82411003112793,189.53636169433594,70000.0,0.33000001311302185,0,aluminum_rigid
case360,-2498.0087890625,-231.7666015625,314.3580017089844,9.938852310180664,16.869152069091797,3714.152587890625,3714.204345703125,1.0020036697387695,0.01002003625035286,5.2154289733152837e-05,0.3020341694355011,59.49454879760742,110000.0,0.3400000035762787,1,titanium_rigid
case361,-1809.658447265625,-416.87506103515625,297.96990966796875,1053.01611328125,347.7333068847656,4637.83544921875,4768.572265625,1.047487735748291,0.010474877431988716,5.452173718367703e-05,13.447427749633789,18.274566650390625,210000.0,0.30000001192092896,2,steel_rigid
case362,-2328.677734375,-496.23626708984375,290.88446044921875,-921.1232299804688,-619.2110595703125,4193.22802734375,4337.63232421875,1.1511602401733398,0.011511602438986301,5.991789294057526e-05,14.825629234313965,213.91036987304688,210000.0,0.30000001192092896,2,steel_rigid
case363,-1823.2054443359375,-327.697021484375,297.9134521484375,323.7672424316406,-212.58824157714844,1847.8609619140625,1888.0172119140625,0.9136300086975098,0.009136299602687359,4.7554440243402496e-05,11.838159561157227,326.71075439453125,110000.0,0.3400000035762787,1,titanium_rigid
case364,-2377.391357421875,-272.7922668457031,310.8113098144531,22.063579559326172,144.5917510986328,3490.842041015625,3493.90478515625,0.9883833527565002,0.00988383311778307,5.144535316503607e-05,2.399275779724121,81.32403564453125,70000.0,0.33000001311302185,0,aluminum_rigid
case365,-2541.992431640625,-269.75634765625,319.43817138671875,484.09112548828125,-109.49266052246094,3671.333740234375,3704.72998046875,0.9689258933067322,0.009689259342849255,5.043259443482384e-05,7.69901180267334,347.25518798828125,70000.0,0.33000001311302185,0,aluminum_rigid
case366,-2537.19970703125,-266.88018798828125,317.2207946777344,-192.61700439453125,-622.7669677734375,4966.0546875,5008.65625,0.9611352682113647,0.009611353278160095,5.002709076507017e-05,7.4782328605651855,252.81356811523438,70000.0,0.33000001311302185,0,aluminum_rigid
case367,-1722.2662353515625,-269.57489013671875,300.34417724609375,-533.8634033203125,371.76715087890625,2525.34814453125,2607.796875,1.0573630332946777,0.010573630221188068,5.5035743571352214e-05,14.44586181640625,145.1477508544922,210000.0,0.30000001192092896,2,steel_rigid
case368,-2642.21875,-582.1251831054688,300.2525634765625,720.1647338867188,134.07957458496094,3350.233154296875,3429.38427734375,0.9038829803466797,0.009038829244673252,4.704710954683833e-05,12.3338041305542,10.546523094177246,210000.0,0.30000001192092896,2,steel_rigid
case369,-1857.3995361328125,-389.4200134277344,292.1619873046875,417.4831848144531,350.90875244140625,2829.2548828125,2881.338623046875,1.051490306854248,0.010514902882277966,5.473006967804395e-05,10.910584449768066,40.048187255859375,110000.0,0.3400000035762787,1,titanium_rigid
case370,-2006.301513671875,-560.1832885742188,287.58624267578125,355.3393249511719,-4.956838130950928,1739.7069091796875,1775.6324462890625,1.1948661804199219,0.011948661878705025,6.219278293428943e-05,11.5451078414917,359.2008056640625,70000.0,0.33000001311302185,0,aluminum_rigid
case371,-1807.508544921875,-529.2435913085938,295.52069091796875,404.6718444824219,-156.10345458984375,1991.195556640625,2037.887939453125,0.8466743230819702,0.008466743864119053,4.406939842738211e-05,12.288625717163086,338.9057312011719,110000.0,0.3400000035762787,1,titanium_rigid
case372,-2663.2060546875,-207.0209503173828,319.2818603515625,740.5198974609375,-326.6669006347656,4223.77392578125,4300.62158203125,0.7593429684638977,0.007593429647386074,3.952380211558193e-05,10.847672462463379,336.1961975097656,110000.0,0.3400000035762787,1,titanium_rigid
case373,-2665.656982421875,-300.48370361328125,314.31103515625,464.8997497558594,189.51748657226562,2427.056396484375,2478.437255859375,0.949967622756958,0.00949967559427023,4.9445814511273056e-05,11.686988830566406,22.178382873535156,210000.0,0.30000001192092896,2,steel_rigid
case374,-2215.171630859375,-462.0150146484375,289.8033447265625,-1031.71142578125,-411.23699951171875,4187.2080078125,4332.00341796875,1.0198545455932617,0.010198544710874557,5.308342588250525e-05,14.855527877807617,201.73207092285156,210000.0,0.30000001192092896,2,steel_rigid
case375,-1887.21826171875,-535.75146484375,293.48675537109375,-154.27255249023438,-48.44762420654297,1783.5032958984375,1790.818603515625,1.2325098514556885,0.012325098738074303,6.415214011212811e-05,5.180545806884766,197.434326171875,210000.0,0.30000001192092896,2,steel_rigid
case376,-2271.594970703125,-454.6781921386719,289.8706359863281,-5.400598049163818,116.18851470947266,3336.96142578125,3338.988037109375,0.8242425322532654,0.008242425508797169,4.290182187105529e-05,1.9963077306747437,92.66127014160156,110000.0,0.3400000035762787,1,titanium_rigid
case377,-1843.6304931640625,-333.20635986328125,293.5371398925781,-518.2169189453125,-94.18000030517578,4712.0068359375,4741.35302734375,0.813342273235321,0.008133422583341599,4.233446452417411e-05,6.378014087677002,190.30043029785156,110000.0,0.3400000035762787,1,titanium_rigid
case378,-2187.69091796875,-403.0357360839844,299.0086364746094,-42.43859100341797,61.80710220336914,2635.01708984375,2636.08349609375,1.1571003198623657,0.011571003124117851,6.022707384545356e-05,1.6298013925552368,124.47464752197266,110000.0,0.3400000035762787,1,titanium_rigid
case379,-2711.302734375,-323.06011962890625,308.1919250488281,-954.8489990234375,-51.37153625488281,5009.96337890625,5100.40283203125,0.9745616316795349,0.009745616465806961,5.072593194199726e-05,10.805829048156738,183.07958984375,210000.0,0.30000001192092896,2,steel_rigid
case380,-1925.7542724609375,-285.95068359375,305.60626220703125,262.8927001953125,622.6505737304688,4753.28515625,4801.09619140625,0.755878746509552,0.007558787707239389,3.9343489333987236e-05,8.092696189880371,67.10977935791016,70000.0,0.33000001311302185,0,aluminum_rigid
case381,-1929.3675537109375,-389.9447021484375,292.2839660644531,371.11553955078125,-135.50680541992188,4983.4482421875,4999.08447265625,1.0277434587478638,0.010277435183525085,5.34940481884405e-05,4.532848358154297,339.941162109375,110000.0,0.3400000035762787,1,titanium_rigid
case382,-2038.22900390625,-559.0333862304688,287.9075622558594,-217.3762969970703,-100.00057220458984,3630.120361328125,3637.99755859375,0.7536335587501526,0.0075363353826105595,3.922662654076703e-05,3.7711284160614014,204.7040557861328,210000.0,0.30000001192092896,2,steel_rigid
case383,-2702.69189453125,-451.275146484375,301.0597229003906,264.8079528808594,170.86390686035156,2045.7540283203125,2069.8857421875,1.0003992319107056,0.010003992356359959,5.2070779929636046e-05,8.757537841796875,32.831607818603516,110000.0,0.3400000035762787,1,titanium_rigid
case384,-1962.7254638671875,-410.4137268066406,299.6368103027344,-110.73278045654297,202.5282745361328,5144.7626953125,5149.93798828125,1.0156224966049194,0.01015622541308403,5.286314990371466e-05,2.5688929557800293,118.66773223876953,110000.0,0.3400000035762787,1,titanium_rigid
case385,-2576.77294921875,-326.59161376953125,302.9903259277344,332.12725830078125,-418.695068359375,2387.024169921875,2446.119140625,0.8711876273155212,0.008711876347661018,4.5345313992584124e-05,12.619787216186523,308.4230041503906,70000.0,0.33000001311302185,0,aluminum_rigid
case386,-2055.103271484375,-575.708984375,287.22821044921875,-340.1565856933594,-601.9940795898438,4545.22998046875,4597.52294921875,0.833238959312439,0.008332389406859875,4.337008795118891e-05,8.649889945983887,240.53138732910156,70000.0,0.33000001311302185,0,aluminum_rigid
case387,-1727.8585205078125,-219.06625366210938,303.94976806640625,-55.59004592895508,-86.09223175048828,3507.721923828125,3509.218505859375,1.1816394329071045,0.011816393584012985,6.150433182483539e-05,1.6734493970870972,237.1495361328125,70000.0,0.33000001311302185,0,aluminum_rigid
case388,-2518.780517578125,-314.80108642578125,310.22357177734375,79.81074523925781,2.011288642883301,2385.184814453125,2386.5205078125,0.9539475440979004,0.009539475664496422,4.965297193848528e-05,1.9170689582824707,1.4435895681381226,110000.0,0.3400000035762787,1,titanium_rigid
case389,-1818.4827880859375,-402.765625,299.04351806640625,-193.76040649414062,430.67327880859375,1802.673583984375,1863.5059814453125,0.8263418078422546,0.008263417519629002,4.301108856452629e-05,14.680076599121094,114.22303771972656,70000.0,0.33000001311302185,0,aluminum_rigid
case390,-2435.90966796875,-249.08258056640625,312.5690612792969,-506.4587097167969,-607.7156372070312,4812.26416015625,4876.85400390625,1.0989181995391846,0.010989182628691196,5.719869295717217e-05,9.335346221923828,230.19281005859375,70000.0,0.33000001311302185,0,aluminum_rigid
case391,-2280.730224609375,-439.918701171875,290.1792297363281,-23.20771598815918,235.07945251464844,2770.41455078125,2780.467041015625,1.1272797584533691,0.011272797361016273,5.8674911997513846e-05,4.873595714569092,95.63813018798828,110000.0,0.3400000035762787,1,titanium_rigid
case392,-2516.407958984375,-382.7591552734375,296.24468994140625,291.2768859863281,230.37010192871094,3817.97900390625,3835.997314453125,0.8788004517555237,0.008788004517555237,4.5741562644252554e-05,5.555549621582031,38.34037780761719,210000.0,0.30000001192092896,2,steel_rigid
case393,-1927.02099609375,-516.708740234375,295.9039001464844,563.8948364257812,592.5362548828125,4034.20068359375,4116.291015625,0.8391291499137878,0.008391291834414005,4.3676674977177754e-05,11.461857795715332,46.418758392333984,110000.0,0.3400000035762787,1,titanium_rigid
case394,-2278.696044921875,-485.89947509765625,293.9722595214844,-800.8005981445312,-71.6931381225586,4024.8193359375,4104.33837890625,0.8221887350082397,0.008221887052059174,4.279492350178771e-05,11.296785354614258,185.11587524414062,110000.0,0.3400000035762787,1,titanium_rigid
case395,-2195.493896484375,-410.65118408203125,299.4432373046875,-40.44093322753906,-585.0663452148438,2246.319091796875,2321.613037109375,1.1213223934173584,0.01121322438120842,5.836483251187019e-05,14.632003784179688,266.0458984375,70000.0,0.33000001311302185,0,aluminum_rigid
case396,-2247.773681640625,-577.577392578125,287.3207092285156,-427.4410705566406,850.4232177734375,3670.91845703125,3792.303955078125,0.8048940896987915,0.00804894044995308,4.189473474980332e-05,14.535648345947266,116.68508911132812,70000.0,0.33000001311302185,0,aluminum_rigid
case397,-2645.11669921875,-536.0545654296875,299.85205078125,-259.1365966796875,405.92816162109375,3504.21923828125,3537.157470703125,0.9477357268333435,0.009477357380092144,4.9329646572005004e-05,7.825231075286865,122.55335998535156,210000.0,0.30000001192092896,2,steel_rigid
case398,-2360.44140625,-288.44110107421875,308.7554626464844,521.272216796875,-404.45391845703125,4735.23583984375,4780.9794921875,0.9268361330032349,0.009268361143767834,4.824182178708725e-05,7.9321722984313965,322.19219970703125,70000.0,0.33000001311302185,0,aluminum_rigid
case399,-2083.0419921875,-225.59002685546875,313.61907958984375,614.0879516601562,661.841796875,3858.838134765625,3963.05078125,1.2481781244277954,0.012481780722737312,6.496767309727147e-05,13.16858196258545,47.14339065551758,70000.0,0.33000001311302185,0,aluminum_rigid
case400,-1985.1719970703125,-374.7506103515625,290.6893615722656,121.04988861083984,227.0536651611328,2294.4453125,2308.827880859375,1.2237004041671753,0.01223700400441885,6.369360198732466e-05,6.398590564727783,61.93643569946289,70000.0,0.33000001311302185,0,aluminum_rigid
case401,-2628.558349609375,-253.4096221923828,314.4014892578125,288.2562255859375,-337.4377746582031,1862.34033203125,1914.48876953125,1.076519250869751,0.010765193030238152,5.603282988886349e-05,13.403641700744629,310.505615234375,110000.0,0.3400000035762787,1,titanium_rigid
case402,-1690.062744140625,-403.3316650390625,299.0779113769531,-528.7725830078125,334.8141784667969,4130.24169921875,4177.3916015625,0.752337634563446,0.007523376028984785,3.915917477570474e-05,8.61654281616211,147.6583709716797,70000.0,0.33000001311302185,0,aluminum_rigid
case403,-2458.808837890625,-585.953369140625,294.9211120605469,49.04630661010742,-303.82977294921875,2063.759033203125,2086.580810546875,1.0353827476501465,0.01035382691770792,5.3891668358119205e-05,8.481863021850586,279.16998291015625,210000.0,0.30000001192092896,2,steel_rigid
case404,-1842.3367919921875,-410.25335693359375,299.5420837402344,-3.763115167617798,11.226702690124512,3951.106689453125,3951.124267578125,1.1559547185897827,0.011559546925127506,6.016744373482652e-05,0.17170241475105286,108.53080749511719,70000.0,0.33000001311302185,0,aluminum_rigid
case405,-2030.239990234375,-559.1500854492188,287.8774719238281,-16.939420700073242,664.62353515625,2568.18798828125,2652.84765625,0.8359717726707458,0.008359717205166817,4.3512329284567386e-05,14.513816833496094,91.45999908447266,110000.0,0.3400000035762787,1,titanium_rigid
case406,-2702.856689453125,-426.2645568847656,301.0335388183594,407.7109375,108.38919830322266,4482.943359375,4502.75,1.1086324453353882,0.011086325161159039,5.770432107965462e-05,5.376052379608154,14.88762378692627,70000.0,0.33000001311302185,0,aluminum_rigid
case407,-2264.575927734375,-439.8765869140625,290.3199462890625,65.31196594238281,57.64240264892578,3678.822998046875,3679.854248046875,1.2140148878097534,0.012140149250626564,6.318947271211073e-05,1.3564531803131104,41.430667877197266,110000.0,0.3400000035762787,1,titanium_rigid
case408,-1871.333984375,-260.17205810546875,307.804931640625,-242.62478637695312,-487.4537658691406,2140.156982421875,2208.33642578125,0.9950711131095886,0.009950711391866207,5.179344952921383e-05,14.274324417114258,243.53868103027344,70000.0,0.33000001311302185,0,aluminum_rigid
case409,-1817.6435546875,-339.94390869140625,293.974365234375,-448.5850524902344,373.0762939453125,2864.087158203125,2922.9111328125,1.0712316036224365,0.010712316259741783,5.575760224019177e-05,11.514317512512207,140.25059509277344,110000.0,0.3400000035762787,1,titanium_rigid
case410,-1926.53369140625,-491.12567138671875,293.82208251953125,141.09466552734375,258.0889892578125,3333.93603515625,3346.88623046875,1.0444966554641724,0.01044496614485979,5.436604988062754e-05,5.041904449462891,61.33501434326172,210000.0,0.30000001192092896,2,steel_rigid
case411,-2360.327880859375,-280.48785400390625,310.0172119140625,886.2616577148438,-568.5479125976562,4122.48486328125,4254.8310546875,0.7744855880737305,0.0077448561787605286,4.0311973862117156e-05,14.327964782714844,327.3193359375,210000.0,0.30000001192092896,2,steel_rigid
case412,-2273.25634765625,-341.989501953125,290.7861022949219,179.70248413085938,146.35812377929688,3116.50537109375,3125.111328125,0.9698179960250854,0.009698179550468922,5.047902595833875e-05,4.253030776977539,39.16098403930664,70000.0,0.33000001311302185,0,aluminum_rigid
case413,-2231.746337890625,-520.7014770507812,298.9075012207031,-272.0018310546875,15.498760223388672,4446.34033203125,4454.67919921875,1.1956791877746582,0.011956791393458843,6.223509990377352e-05,3.5063319206237793,176.73880004882812,110000.0,0.3400000035762787,1,titanium_rigid
case414,-2690.116943359375,-300.59222412109375,314.9281921386719,175.90304565429688,596.1821899414062,2804.37841796875,2872.4404296875,1.0736298561096191,0.010736298747360706,5.588243584497832e-05,12.497566223144531,73.56134796142578,70000.0,0.33000001311302185,0,aluminum_rigid
case415,-2427.962158203125,-232.1884307861328,312.4010009765625,-30.433801651000977,-490.015625,3067.694580078125,3106.733154296875,0.8187782764434814,0.00818778295069933,4.261740832589567e-05,9.092619895935059,266.446044921875,210000.0,0.30000001192092896,2,steel_rigid
case416,-2022.10205078125,-470.64373779296875,290.3671875,129.58224487304688,623.584228515625,3708.7626953125,3763.05322265625,0.7646948099136353,0.0076469480991363525,3.980236579081975e-05,9.744353294372559,78.26087188720703,70000.0,0.33000001311302185,0,aluminum_rigid
case417,-1966.667724609375,-609.708740234375,289.61517333984375,521.5924682617188,529.1095581054688,3826.58349609375,3898.04541015625,1.093242883682251,0.010932429693639278,5.690329635399394e-05,10.987953186035156,45.409908294677734,70000.0,0.33000001311302185,0,aluminum_rigid
case418,-2507.84423828125,-352.2616882324219,296.0802001953125,-1103.33740234375,52.5479621887207,4379.22216796875,4516.38134765625,0.7548410892486572,0.007548410911113024,3.9289476262638345e-05,14.156641006469727,177.2732696533203,210000.0,0.30000001192092896,2,steel_rigid
case419,-2346.7958984375,-425.37677001953125,293.4685363769531,-162.82763671875,1.1790608167648315,2236.172119140625,2242.0927734375,1.0659855604171753,0.010659855790436268,5.54845501028467e-05,4.164770603179932,179.58511352539062,210000.0,0.30000001192092896,2,steel_rigid
case420,-2653.931396484375,-551.2423706054688,299.8551940917969,246.31614685058594,-23.888277053833008,2142.304931640625,2156.551025390625,1.1928291320800781,0.01192829106003046,6.208675040397793e-05,6.589407920837402,354.4606628417969,210000.0,0.30000001192092896,2,steel_rigid
case421,-2329.029296875,-312.07354736328125,300.63446044921875,58.93762969970703,-14.200165748596191,1772.171875,1773.20849609375,1.2157691717147827,0.012157691642642021,6.328078598016873e-05,1.959265112876892,346.4535827636719,210000.0,0.30000001192092896,2,steel_rigid
case422,-2131.503173828125,-480.0888671875,291.82281494140625,654.6947021484375,-29.177736282348633,3997.429443359375,4050.79248046875,1.2027125358581543,0.012027125805616379,6.260118971113116e-05,9.310334205627441,357.44818115234375,110000.0,0.3400000035762787,1,titanium_rigid
case423,-2427.96142578125,-257.19415283203125,312.3284912109375,-9.60071849822998,0.7756741046905518,2845.473388671875,2845.48974609375,0.9876985549926758,0.009876985102891922,5.140970824868418e-05,0.1939469873905182,175.38092041015625,110000.0,0.3400000035762787,1,titanium_rigid
case424,-2259.69482421875,-410.54254150390625,299.42938232421875,86.73405456542969,-8.938026428222656,1906.2197265625,1908.212890625,1.0556601285934448,0.010556600987911224,5.494710785569623e-05,2.6189701557159424,354.11639404296875,110000.0,0.3400000035762787,1,titanium_rigid
case425,-2264.601806640625,-607.5531005859375,291.3890686035156,-179.42486572265625,-404.4833068847656,3744.701416015625,3770.75439453125,1.131365180015564,0.01131365168839693,5.888755913474597e-05,6.739110946655273,246.07838439941406,110000.0,0.3400000035762787,1,titanium_rigid
case426,-2158.46240234375,-601.4895629882812,293.1510925292969,41.42336654663086,-7.9336748123168945,4295.27099609375,4295.47802734375,0.8083649277687073,0.008083648979663849,4.207539313938469e-05,0.5625826716423035,349.15765380859375,110000.0,0.3400000035762787,1,titanium_rigid
case427,-2412.44384765625,-367.337890625,293.1070251464844,-199.60316467285156,-101.64218139648438,3987.982666015625,3994.268310546875,1.0168724060058594,0.01016872376203537,5.292820787872188e-05,3.2147440910339355,206.9861602783203,70000.0,0.33000001311302185,0,aluminum_rigid
case428,-2564.8173828125,-355.50665283203125,297.70166015625,-27.81501007080078,48.323856353759766,2666.084716796875,2666.66748046875,0.9080440402030945,0.009080439805984497,4.7263692977139726e-05,1.198082447052002,119.92455291748047,210000.0,0.30000001192092896,2,steel_rigid
case429,-2613.6982421875,-252.60609436035156,314.322998046875,-1041.587646484375,-371.1044616699219,4777.7880859375,4904.06787109375,1.2446492910385132,0.012446492910385132,6.478399882325903e-05,13.03055191040039,199.61033630371094,110000.0,0.3400000035762787,1,titanium_rigid
case430,-2521.29248046875,-221.65809631347656,314.858642578125,546.964599609375,631.7986450195312,3294.095458984375,3398.441650390625,1.0970662832260132,0.010970663279294968,5.710230107069947e-05,14.234861373901367,49.11640548706055,110000.0,0.3400000035762787,1,titanium_rigid
case431,-2329.068359375,-528.6493530273438,290.73223876953125,68.3264389038086,153.86688232421875,2145.66650390625,2152.26123046875,0.7623588442802429,0.00762358820065856,3.968077726312913e-05,4.4864044189453125,66.0558090209961,210000.0,0.30000001192092896,2,steel_rigid
case432,-1872.3778076171875,-361.9276123046875,290.4751892089844,216.5757598876953,-306.36346435546875,1711.030517578125,1751.681884765625,0.7987140417098999,0.00798714067786932,4.157306466368027e-05,12.367744445800781,305.2574157714844,70000.0,0.33000001311302185,0,aluminum_rigid
case433,-1751.042236328125,-217.00497436523438,304.5915832519531,475.0231628417969,226.11741638183594,3224.10302734375,3266.743896484375,0.9717844724655151,0.009717844426631927,5.058138049207628e-05,9.267599105834961,25.455078125,210000.0,0.30000001192092896,2,steel_rigid
case434,-1756.8251953125,-470.1646423339844,290.4942626953125,-204.94021606445312,-41.691280364990234,2995.3076171875,3002.599853515625,0.9967651963233948,0.009967652149498463,5.188162685954012e-05,3.9940149784088135,191.4988555908203,70000.0,0.33000001311302185,0,aluminum_rigid
case435,-2091.039306640625,-225.2279052734375,313.9150085449219,-124.89057159423828,206.35813903808594,4659.06591796875,4665.30517578125,0.9853694438934326,0.009853694587945938,5.1288479880895466e-05,2.963657855987549,121.182861328125,110000.0,0.3400000035762787,1,titanium_rigid
case436,-2315.62890625,-373.33856201171875,290.5502014160156,198.8057098388672,433.9534606933594,4015.543212890625,4043.813232421875,0.8115078210830688,0.008115078322589397,4.223898213240318e-05,6.778905391693115,65.38621520996094,210000.0,0.30000001192092896,2,steel_rigid
case437,-2069.8583984375,-351.458740234375,290.41192626953125,228.7359619140625,16.027475357055664,2673.304443359375,2683.1201171875,0.8324450254440308,0.008324449881911278,4.3328760511940345e-05,4.902420520782471,4.008151054382324,110000.0,0.3400000035762787,1,titanium_rigid
case438,-1911.8597412109375,-548.7073974609375,291.9931640625,-439.90557861328125,143.53436279296875,4186.0986328125,4211.59619140625,0.8172755837440491,0.008172756060957909,4.2539195419522e-05,6.30784797668457,161.92930603027344,70000.0,0.33000001311302185,0,aluminum_rigid
case439,-2007.8060302734375,-605.934326171875,289.4113464355469,-125.50196075439453,-91.86650848388672,4161.34375,4164.24951171875,1.2490949630737305,0.012490949593484402,6.50153961032629e-05,2.1404576301574707,216.203857421875,70000.0,0.33000001311302185,0,aluminum_rigid
case440,-2376.86328125,-506.16168212890625,291.98858642578125,1058.1505126953125,235.45175170898438,5015.94580078125,5131.74755859375,0.978955090045929,0.009789550676941872,5.095461165183224e-05,12.195019721984863,12.544658660888672,70000.0,0.33000001311302185,0,aluminum_rigid
case441,-1952.541748046875,-208.17567443847656,309.7359619140625,-11.374407768249512,-62.66362380981445,4682.3984375,4682.83154296875,1.041639804840088,0.010416397824883461,5.4217351134866476e-05,0.7792596220970154,259.7119445800781,210000.0,0.30000001192092896,2,steel_rigid
case442,-2290.115478515625,-349.9530029296875,289.9609680175781,-171.5174102783203,-201.6453857421875,2255.16357421875,2270.64794921875,0.8158774375915527,0.008158774115145206,4.246642129146494e-05,6.695080757141113,229.61585998535156,70000.0,0.33000001311302185,0,aluminum_rigid
case443,-1764.893310546875,-470.1727600097656,290.5144348144531,108.5444564819336,219.20980834960938,3641.446044921875,3649.652587890625,1.1250911951065063,0.01125091128051281,5.856099596712738e-05,3.8430306911468506,63.6571159362793,70000.0,0.33000001311302185,0,aluminum_rigid
case444,-2223.802001953125,-550.7122192382812,292.7907409667969,-255.7545166015625,-416.26141357421875,3063.96728515625,3102.6728515625,0.9177903532981873,0.009177903644740582,4.777098729391582e-05,9.059608459472656,238.43309020996094,70000.0,0.33000001311302185,0,aluminum_rigid
case445,-2629.235595703125,-291.9393310546875,314.286865234375,-108.2056884765625,303.2638244628906,4462.98974609375,4474.58984375,1.2354152202606201,0.012354152277112007,6.43033636151813e-05,4.126548767089844,109.6365966796875,210000.0,0.30000001192092896,2,steel_rigid
case446,-1711.2037353515625,-433.5184020996094,290.60687255859375,-50.899723052978516,410.08660888671875,3834.353271484375,3856.556396484375,1.246510624885559,0.012465106323361397,6.488087819889188e-05,6.151101589202881,97.07533264160156,110000.0,0.3400000035762787,1,titanium_rigid
case447,-2386.87890625,-312.7182922363281,301.6077880859375,148.34080505371094,-447.486083984375,3250.490478515625,3284.49951171875,0.8626307845115662,0.008626308292150497,4.489993443712592e-05,8.252313613891602,288.34027099609375,210000.0,0.30000001192092896,2,steel_rigid
case448,-2340.515380859375,-203.43240356445312,310.3019714355469,-321.8003845214844,59.659759521484375,1900.7545166015625,1928.7255859375,0.9637904763221741,0.009637905284762383,5.016529394197278e-05,9.769749641418457,169.49697875976562,70000.0,0.33000001311302185,0,aluminum_rigid
case449,-2626.99658203125,-363.378662109375,299.654541015625,-508.22412109375,-541.6859130859375,3795.94970703125,3867.9384765625,0.7669820189476013,0.007669819984585047,3.992141500930302e-05,11.071505546569824,226.82545471191406,110000.0,0.3400000035762787,1,titanium_rigid
case450,-2196.467041015625,-381.8828125,290.4703369140625,291.0540771484375,-184.07005310058594,2256.1328125,2282.26416015625,1.0663057565689087,0.010663057677447796,5.550121204578318e-05,8.678616523742676,327.689697265625,110000.0,0.3400000035762787,1,titanium_rigid
case451,-2712.48583984375,-293.3060607910156,318.15240478515625,-7.214106559753418,4.682621002197266,3477.89306640625,3477.90380859375,1.0928336381912231,0.010928336530923843,5.688199235009961e-05,0.14168834686279297,147.01271057128906,70000.0,0.33000001311302185,0,aluminum_rigid
case452,-2219.781494140625,-608.1423950195312,291.3821105957031,-160.93658447265625,588.235595703125,4575.43798828125,4615.90234375,1.1125582456588745,0.01112558227032423,5.790865543531254e-05,7.592126846313477,105.30122375488281,110000.0,0.3400000035762787,1,titanium_rigid
case453,-2632.19921875,-605.1764526367188,299.9105224609375,97.67412567138672,-687.4744873046875,2629.488037109375,2719.626708984375,0.8257080316543579,0.008257079869508743,4.297810301068239e-05,14.792620658874512,278.0862731933594,110000.0,0.3400000035762787,1,titanium_rigid
case454,-2694.41650390625,-426.36187744140625,300.7088623046875,-584.7772216796875,386.86224365234375,3939.58154296875,4001.490966796875,0.9669644236564636,0.009669644758105278,5.033049819758162e-05,10.091748237609863,146.51318359375,210000.0,0.30000001192092896,2,steel_rigid
case455,-2686.853515625,-590.79052734375,302.06585693359375,4.781940460205078,427.0924377441406,5166.58984375,5184.21484375,0.8603765368461609,0.00860376562923193,4.478259870666079e-05,4.725864887237549,89.35851287841797,210000.0,0.30000001192092896,2,steel_rigid
case456,-2114.761962890625,-320.759765625,298.705810546875,34.70824432373047,43.874385833740234,2251.625,2252.31982421875,0.9802762269973755,0.009802762418985367,5.1023376727243885e-05,1.4232568740844727,51.653106689453125,70000.0,0.33000001311302185,0,aluminum_rigid
case457,-2136.9404296875,-531.9116821289062,296.58343505859375,95.11961364746094,0.28001025319099426,2816.387939453125,2817.99365234375,1.1678961515426636,0.011678961105644703,6.078899241401814e-05,1.9343589544296265,0.1686650961637497,70000.0,0.33000001311302185,0,aluminum_rigid
case458,-2121.814453125,-587.0196533203125,291.6046142578125,83.09074401855469,142.66041564941406,3307.934814453125,3312.05224609375,0.7503408193588257,0.007503408472985029,3.905524135916494e-05,2.8571765422821045,59.78188705444336,110000.0,0.3400000035762787,1,titanium_rigid
case459,-1840.2965087890625,-525.6328735351562,296.9216003417969,-135.40870666503906,-802.1215209960938,3274.0126953125,3373.55810546875,0.991268515586853,0.009912685491144657,5.1595525292214006e-05,13.953323364257812,260.4180603027344,210000.0,0.30000001192092896,2,steel_rigid
case460,-2608.344482421875,-476.5746154785156,300.00140380859375,223.79177856445312,101.38980865478516,4046.494140625,4053.94580078125,1.0913115739822388,0.010913115926086903,5.680276808561757e-05,3.4745218753814697,24.373104095458984,70000.0,0.33000001311302185,0,aluminum_rigid
case461,-1675.6326904296875,-463.04058837890625,290.3990478515625,373.61328125,106.9001235961914,2402.40576171875,2433.632568359375,1.0262949466705322,0.010262950323522091,5.341865471564233e-05,9.188404083251953,15.967153549194336,110000.0,0.3400000035762787,1,titanium_rigid
case462,-2513.36181640625,-202.4583740234375,314.4096374511719,-900.269775390625,405.6579895019531,3749.151123046875,3877.00634765625,1.0217623710632324,0.01021762378513813,5.3182731790002435e-05,14.755346298217773,155.74386596679688,110000.0,0.3400000035762787,1,titanium_rigid
case463,-2127.7880859375,-595.0870971679688,292.5113220214844,180.73953247070312,-220.8906707763672,2492.156494140625,2508.446533203125,1.1621404886245728,0.011621404439210892,6.048941213521175e-05,6.533262729644775,309.29107666015625,110000.0,0.3400000035762787,1,titanium_rigid
case464,-2604.3798828125,-380.0237121582031,298.8761291503906,270.1022033691406,-65.91529083251953,3401.373779296875,3412.7177734375,0.8233799934387207,0.00823379959911108,4.285692921257578e-05,4.672977447509766,346.28570556640625,70000.0,0.33000001311302185,0,aluminum_rigid
case465,-2175.537353515625,-454.7331848144531,290.1111755371094,59.65386962890625,-472.2269592285156,3214.8408203125,3249.885986328125,1.1150366067886353,0.011150366626679897,5.803765816381201e-05,8.421862602233887,277.1997375488281,110000.0,0.3400000035762787,1,titanium_rigid
case466,-2682.302978515625,-293.383544921875,317.09747314453125,-65.29219818115234,392.7911682128906,1713.3968505859375,1759.0555419921875,0.9588219523429871,0.009588219225406647,4.9906684580491856e-05,13.082898139953613,99.4377670288086,210000.0,0.30000001192092896,2,steel_rigid
case467,-2645.02001953125,-544.1867065429688,299.8534851074219,-1.4464786052703857,284.9624938964844,4804.8369140625,4813.2802734375,1.104880928993225,0.011048809625208378,5.750905256718397e-05,3.394132614135742,90.29083251953125,110000.0,0.3400000035762787,1,titanium_rigid
case468,-2198.767578125,-318.9565124511719,299.1330871582031,90.46216583251953,-1064.432373046875,4959.69091796875,5073.43408203125,0.8381431102752686,0.008381430990993977,4.3625350372167304e-05,12.155255317687988,274.8576965332031,70000.0,0.33000001311302185,0,aluminum_rigid
case469,-2450.718994140625,-599.90380859375,294.3583679199219,-485.01129150390625,-287.3775634765625,3411.2421875,3457.512939453125,1.084673285484314,0.01084673311561346,5.645724377245642e-05,9.38413143157959,210.64747619628906,110000.0,0.3400000035762787,1,titanium_rigid
case470,-2295.5,-508.97857666015625,295.89801025390625,30.157867431640625,-499.7232971191406,3219.528076171875,3258.219482421875,0.8582359552383423,0.008582360111176968,4.46711819677148e-05,8.838634490966797,273.45355224609375,70000.0,0.33000001311302185,0,aluminum_rigid
case471,-1689.248046875,-418.1642150878906,296.74615478515625,108.06898498535156,328.7026672363281,1909.2608642578125,1940.361083984375,1.009275197982788,0.010092752054333687,5.253277413430624e-05,10.272126197814941,71.80046844482422,210000.0,0.30000001192092896,2,steel_rigid
case472,-2444.48486328125,-397.11468505859375,300.12506103515625,-59.64317321777344,-753.8994140625,4805.232421875,4864.37890625,1.1364208459854126,0.011364208534359932,5.9150705055799335e-05,8.943937301635742,265.4765930175781,110000.0,0.3400000035762787,1,titanium_rigid
case473,-2673.0224609375,-401.4674377441406,300.2475280761719,48.56301498413086,-80.10591888427734,2451.5654296875,2453.3544921875,1.1379245519638062,0.011379245668649673,5.9228976169833913e-05,2.188262939453125,301.2257080078125,210000.0,0.30000001192092896,2,steel_rigid
case474,-2695.785888671875,-385.58551025390625,301.0386047363281,94.09375762939453,-687.949951171875,3881.89990234375,3943.510498046875,0.9248034358024597,0.009248034097254276,4.81360184494406e-05,10.141242027282715,277.78826904296875,210000.0,0.30000001192092896,2,steel_rigid
case475,-1952.293212890625,-613.8992309570312,289.629150390625,-224.1142120361328,114.90194702148438,3519.658935546875,3528.658203125,1.1451740264892578,0.011451739817857742,5.9606307331705466e-05,4.092875957489014,152.85606384277344,110000.0,0.3400000035762787,1,titanium_rigid
case476,-2084.0830078125,-248.82421875,313.5319519042969,-244.33949279785156,128.06362915039062,2056.720703125,2075.138916015625,0.7948326468467712,0.007948326878249645,4.137104042456485e-05,7.639435768127441,152.33999633789062,110000.0,0.3400000035762787,1,titanium_rigid
case477,-1895.31494140625,-535.9288940429688,293.5106506347656,293.16400146484375,-811.780029296875,3446.0322265625,3552.4736328125,1.0961214303970337,0.010961214080452919,5.7053119235206395e-05,14.061065673828125,289.8565368652344,210000.0,0.30000001192092896,2,steel_rigid
case478,-1777.115966796875,-232.88671875,304.8328552246094,269.21746826171875,-54.880393981933594,3346.96728515625,3358.2255859375,0.866715133190155,0.00866715144366026,4.511252336669713e-05,4.6929168701171875,348.47802734375,110000.0,0.3400000035762787,1,titanium_rigid
case479,-1794.1427001953125,-396.2525329589844,296.229248046875,-6.036845684051514,-144.4384002685547,5116.50244140625,5118.54443359375,0.8966915607452393,0.008966916240751743,4.667279790737666e-05,1.6184362173080444,267.606689453125,110000.0,0.3400000035762787,1,titanium_rigid
case480,-2419.58837890625,-273.30517578125,312.07391357421875,-65.82418823242188,1.8700450658798218,3675.546875,3676.13671875,1.1644772291183472,0.011644771322607994,6.061103704269044e-05,1.0263959169387817,178.3726806640625,210000.0,0.30000001192092896,2,steel_rigid
case481,-1968.9132080078125,-604.275390625,289.7021179199219,205.00929260253906,306.6588439941406,1943.7049560546875,1978.397705078125,0.7683069109916687,0.007683069445192814,3.999037653557025e-05,10.745750427246094,56.23625946044922,110000.0,0.3400000035762787,1,titanium_rigid
case482,-2706.792236328125,-514.4779663085938,305.3146667480469,-176.64007568359375,-78.16031646728516,2237.413330078125,2245.735595703125,0.7788053750991821,0.007788053713738918,4.053681914228946e-05,4.934213638305664,203.8686065673828,210000.0,0.30000001192092896,2,steel_rigid
case483,-2557.224609375,-432.5439147949219,297.3495788574219,-156.7261962890625,125.38340759277344,2623.994384765625,2631.6591796875,0.9203577637672424,0.009203577414155006,4.790462116943672e-05,4.374029636383057,141.3396453857422,70000.0,0.33000001311302185,0,aluminum_rigid
case484,-2304.299072265625,-510.4986572265625,295.2074890136719,613.501953125,-263.8356628417969,4667.95947265625,4715.4892578125,0.95216304063797,0.009521630592644215,4.9560087063582614e-05,8.141847610473633,336.7299499511719,210000.0,0.30000001192092896,2,steel_rigid
case485,-1738.657470703125,-302.7967529296875,299.011474609375,303.1864013671875,711.9686889648438,4581.6591796875,4646.5498046875,1.1720592975616455,0.011720593087375164,6.100568498368375e-05,9.586697578430176,66.93363952636719,210000.0,0.30000001192092896,2,steel_rigid
case486,-2006.0343017578125,-470.64654541015625,290.396484375,624.162109375,318.07684326171875,4125.330078125,4184.3876953125,1.037564754486084,0.01037564780563116,5.400524605647661e-05,9.637654304504395,27.003671646118164,70000.0,0.33000001311302185,0,aluminum_rigid
case487,-2356.229248046875,-403.42706298828125,300.1212463378906,30.671096801757812,153.52317810058594,2921.0009765625,2925.193359375,0.8535767197608948,0.00853576697409153,4.4428667024476454e-05,3.06794810295105,78.70210266113281,210000.0,0.30000001192092896,2,steel_rigid
case488,-1975.63623046875,-581.691650390625,289.65386962890625,-16.11553955078125,145.38815307617188,2569.914306640625,2574.073974609375,1.0772863626480103,0.010772863402962685,5.6072753068292513e-05,3.257740020751953,96.32512664794922,110000.0,0.3400000035762787,1,titanium_rigid
case489,-1785.0235595703125,-382.6546630859375,290.6942138671875,-426.6044006347656,106.96773529052734,4242.9609375,4265.69482421875,1.2455337047576904,0.01245533674955368,6.483002653112635e-05,5.917947292327881,165.92373657226562,110000.0,0.3400000035762787,1,titanium_rigid
case490,-2408.93017578125,-569.2205200195312,292.97723388671875,-346.9924011230469,-912.4484252929688,4928.326171875,5024.07861328125,1.025601863861084,0.010256018489599228,5.3382576879812405e-05,11.204081535339355,249.1788330078125,210000.0,0.30000001192092896,2,steel_rigid
case491,-2369.158447265625,-481.75103759765625,291.6229553222656,-60.6588249206543,-379.15692138671875,2477.853759765625,2507.4287109375,0.7724489569664001,0.00772448955103755,4.020596679765731e-05,8.80872631072998,260.91064453125,110000.0,0.3400000035762787,1,titanium_rigid
case492,-2443.564697265625,-465.87030029296875,293.6889343261719,360.6388244628906,84.19947052001953,2663.390380859375,2689.014404296875,0.7841152548789978,0.007841152139008045,4.0813200030243024e-05,7.916074275970459,13.141616821289062,210000.0,0.30000001192092896,2,steel_rigid
case493,-2394.559814453125,-296.8725891113281,307.1474304199219,-404.7491455078125,86.31752014160156,3201.125,3227.76611328125,0.8751963376998901,0.008751963265240192,4.555397026706487e-05,7.3665080070495605,167.9613494873047,210000.0,0.30000001192092896,2,steel_rigid
case494,-2476.307861328125,-489.95172119140625,295.4691467285156,-272.7799377441406,-268.68115234375,3398.7939453125,3420.292236328125,0.9555180668830872,0.009555180557072163,4.973471368430182e-05,6.427401065826416,224.5662841796875,110000.0,0.3400000035762787,1,titanium_rigid
case495,-2517.435302734375,-463.81634521484375,295.9296569824219,1084.7440185546875,55.066043853759766,4457.69482421875,4588.109375,1.03191077709198,0.010319107212126255,5.3710951760876924e-05,13.69359302520752,2.906073570251465,70000.0,0.33000001311302185,0,aluminum_rigid
case496,-1667.717041015625,-463.0475769042969,290.3725280761719,-555.6060791015625,690.46728515625,5030.88134765625,5108.34716796875,0.9729729890823364,0.00972972996532917,5.0643240683712065e-05,9.990856170654297,128.82298278808594,70000.0,0.33000001311302185,0,aluminum_rigid
case497,-1998.2532958984375,-515.374755859375,290.2901306152344,1124.4693603515625,132.82029724121094,4239.8994140625,4388.4873046875,1.089630126953125,0.01089630089700222,5.671524559147656e-05,14.952189445495605,6.736461162567139,210000.0,0.30000001192092896,2,steel_rigid
case498,-2444.04931640625,-257.1953125,312.7677917480469,74.73828887939453,271.75640869140625,5153.43359375,5161.134765625,0.7763252854347229,0.007763253059238195,4.0407732740277424e-05,3.130443572998047,74.62271118164062,110000.0,0.3400000035762787,1,titanium_rigid
case499,-1781.0345458984375,-470.19512939453125,290.5751037597656,-166.29222106933594,-2.5453689098358154,3775.41650390625,3779.077880859375,1.2175226211547852,0.012175226584076881,6.337205559248105e-05,2.522318124771118,180.87693786621094,210000.0,0.30000001192092896,2,steel_rigid
case500,-2066.811279296875,-281.6731872558594,311.9646911621094,-219.05734252929688,-23.26446533203125,2631.072998046875,2640.27880859375,1.064915418624878,0.010649153962731361,5.542884537135251e-05,4.785984992980957,186.06224060058594,70000.0,0.33000001311302185,0,aluminum_rigid
