case,impact_x,impact_y,impact_z,velocity_x,velocity_y,velocity_z,impact_speed,mass_ratio,impactor_mass,impactor_density,theta_deg,phi_deg,material_young_mpa,material_poisson,material_index,material_name
case001,-1706.645263671875,272.5341796875,301.7865295410156,-395.0865478515625,88.81195068359375,4097.1005859375,4117.06396484375,0.8401681184768677,0.008401681669056416,4.3730749894166365e-05,5.644617080688477,167.3310089111328,110000.0,0.3400000035762787,1,titanium_rigid
case002,-2084.27197265625,296.92022705078125,312.24822998046875,-181.5183868408203,-222.0773162841797,3266.37646484375,3278.9453125,1.2046183347702026,0.012046183459460735,6.270038284128532e-05,5.018308639526367,230.73861694335938,110000.0,0.3400000035762787,1,titanium_rigid
case003,-1937.1080322265625,574.2139282226562,293.8957824707031,-1.913328766822815,481.92529296875,1926.2130126953125,1985.5860595703125,0.8279240131378174,0.008279239758849144,4.309344512876123e-05,14.046765327453613,90.22747039794922,110000.0,0.3400000035762787,1,titanium_rigid
case004,-2662.63916015625,587.7605590820312,299.9596862792969,668.7108154296875,-617.0193481445312,4835.71142578125,4920.568359375,0.8684216141700745,0.008684216067194939,4.520134461927228e-05,10.65613079071045,317.3022766113281,110000.0,0.3400000035762787,1,titanium_rigid
case005,-1998.154541015625,473.63916015625,289.0584716796875,81.92652893066406,-476.58966064453125,4357.87646484375,4384.625,1.1773799657821655,0.011773799546062946,6.12826261203736e-05,6.332029819488525,279.75390625,210000.0,0.30000001192092896,2,steel_rigid
case006,-2176.805908203125,263.226318359375,314.3907165527344,103.78378295898438,657.157470703125,3543.6533203125,3605.56591796875,0.848694384098053,0.008486944250762463,4.4174543290864676e-05,10.633199691772461,81.02549743652344,110000.0,0.3400000035762787,1,titanium_rigid
case007,-1808.0255126953125,526.400146484375,296.50933837890625,-118.15422058105469,144.0165557861328,3305.780029296875,3311.0244140625,1.0365852117538452,0.010365852154791355,5.395425978349522e-05,3.22523832321167,129.36618041992188,210000.0,0.30000001192092896,2,steel_rigid
case008,-2394.383544921875,419.25799560546875,298.16375732421875,21.30889892578125,-430.2323913574219,1755.994873046875,1808.0574951171875,1.0247774124145508,0.010247774422168732,5.333966691978276e-05,13.782953262329102,272.8354797363281,210000.0,0.30000001192092896,2,steel_rigid
case009,-2263.487060546875,345.348388671875,290.339111328125,406.4707336425781,212.7570037841797,1735.0264892578125,1794.6590576171875,0.9276517033576965,0.009276516735553741,4.82842733617872e-05,14.811470031738281,27.628690719604492,110000.0,0.3400000035762787,1,titanium_rigid
case010,-1969.6932373046875,486.5714111328125,289.5390625,-461.36492919921875,-105.41197204589844,1957.16943359375,2013.5743408203125,1.0293989181518555,0.010293989442288876,5.358021371648647e-05,13.59349536895752,192.8699493408203,70000.0,0.33000001311302185,0,aluminum_rigid
case011,-1763.1910400390625,328.7995300292969,299.2113952636719,439.193603515625,1085.2633056640625,4613.20556640625,4759.44873046875,0.7557328939437866,0.007557329256087542,3.9335896872216836e-05,14.240182876586914,67.9673843383789,70000.0,0.33000001311302185,0,aluminum_rigid
case012,-2615.072265625,348.10101318359375,299.0704650878906,-36.50566482543945,-32.18586349487305,2345.451904296875,2345.956787109375,0.9642829895019531,0.00964283011853695,5.019093077862635e-05,1.188718557357788,221.40158081054688,110000.0,0.3400000035762787,1,titanium_rigid
case013,-2538.8037109375,282.77178955078125,311.80047607421875,82.6580810546875,-25.91874122619629,1969.5164794921875,1971.4205322265625,0.8040350675582886,0.0080403508618474,4.185002762824297e-05,2.5184519290924072,342.5903625488281,210000.0,0.30000001192092896,2,steel_rigid
case014,-2064.865966796875,244.2125244140625,312.1321716308594,-225.65367126464844,91.13002014160156,3583.39794921875,3591.65234375,1.053411602973938,0.010534116066992283,5.483007407747209e-05,3.885179042816162,158.00872802734375,210000.0,0.30000001192092896,2,steel_rigid
case015,-2215.228515625,369.6905212402344,288.71575927734375,16.31525230407715,-61.29623794555664,2569.866943359375,2570.649658203125,0.7922701239585876,0.0079227015376091,4.123766120756045e-05,1.41390860080719,284.9048767089844,210000.0,0.30000001192092896,2,steel_rigid
case016,-2572.2998046875,363.76953125,296.86663818359375,-71.07880401611328,-914.0785522460938,3824.49462890625,3932.85546875,1.1624064445495605,0.011624065227806568,6.050325828255154e-05,13.480989456176758,265.5536193847656,70000.0,0.33000001311302185,0,aluminum_rigid
case017,-1916.1314697265625,251.1581573486328,307.8785400390625,33.92152404785156,-4.638233184814453,4032.12841796875,4032.27392578125,0.852939784526825,0.008529397659003735,4.439551412360743e-05,0.4864917993545532,352.2139892578125,70000.0,0.33000001311302185,0,aluminum_rigid
case018,-2694.45361328125,607.4625244140625,300.721923828125,10.061847686767578,-9.594527244567871,3223.459228515625,3223.4892578125,0.7962365746498108,0.007962365634739399,4.1444116504862905e-05,0.24712055921554565,316.3619079589844,110000.0,0.3400000035762787,1,titanium_rigid
case019,-1717.9136962890625,311.1383056640625,301.5845947265625,-538.7413330078125,181.97787475585938,4856.037109375,4889.21826171875,0.8845179080963135,0.008845178410410881,4.603915658663027e-05,6.678964614868164,161.3358917236328,70000.0,0.33000001311302185,0,aluminum_rigid
case020,-2361.634765625,574.1826171875,289.7571716308594,-85.7754898071289,-295.0267028808594,5067.43896484375,5076.74462890625,1.245265245437622,0.012452652677893639,6.481605669250712e-05,3.4696414470672607,253.78883361816406,110000.0,0.3400000035762787,1,titanium_rigid
case021,-2019.8397216796875,348.1126708984375,290.03631591796875,-488.71282958984375,31.566253662109375,3038.340087890625,3077.555419921875,0.9658788442611694,0.009658788330852985,5.027399311074987e-05,9.156397819519043,176.3043670654297,70000.0,0.33000001311302185,0,aluminum_rigid
case022,-1744.779296875,329.4231262207031,298.83251953125,373.43536376953125,-652.7542724609375,3807.892578125,3881.44140625,0.8178479671478271,0.00817847903817892,4.2568986827973276e-05,11.171651840209961,299.7735290527344,110000.0,0.3400000035762787,1,titanium_rigid
case023,-2272.669921875,289.68939208984375,310.96209716796875,-103.3801498413086,-13.955349922180176,2694.1904296875,2696.209228515625,1.1053073406219482,0.011053073219954967,5.753124423790723e-05,2.2173585891723633,187.68792724609375,210000.0,0.30000001192092896,2,steel_rigid
case024,-2636.0791015625,606.4365844726562,298.8631591796875,-66.99494934082031,-163.13768005371094,5186.32568359375,5189.3232421875,1.166159749031067,0.011661597527563572,6.069861410651356e-05,1.9475618600845337,247.6737518310547,70000.0,0.33000001311302185,0,aluminum_rigid
case025,-2604.128173828125,348.00445556640625,298.7003479003906,-183.34716796875,-131.22576904296875,3180.837646484375,3188.818603515625,1.2068161964416504,0.012068161740899086,6.281478272285312e-05,4.0545501708984375,215.5921630859375,70000.0,0.33000001311302185,0,aluminum_rigid
case026,-2666.363525390625,268.46380615234375,320.5293273925781,97.7696304321289,-126.54165649414062,3991.4814453125,3994.683349609375,1.117019534111023,0.01117019448429346,5.8140863984590396e-05,2.2942252159118652,307.690673828125,110000.0,0.3400000035762787,1,titanium_rigid
case027,-2645.044677734375,550.7899780273438,298.2964172363281,35.217926025390625,-13.398024559020996,3368.7412109375,3368.951904296875,1.0858570337295532,0.010858570225536823,5.651885658153333e-05,0.640843391418457,339.1716003417969,110000.0,0.3400000035762787,1,titanium_rigid
case028,-2717.537109375,586.4466552734375,303.70892333984375,492.39605712890625,-106.2373275756836,3706.146484375,3740.22216796875,0.9903568029403687,0.009903567843139172,5.15480714966543e-05,7.740012168884277,347.8247375488281,210000.0,0.30000001192092896,2,steel_rigid
case029,-2380.84912109375,480.6650390625,290.4427490234375,431.0700378417969,276.6174621582031,3440.33251953125,3478.25048828125,1.0640672445297241,0.010640672408044338,5.538469849852845e-05,8.467886924743652,32.68827438354492,110000.0,0.3400000035762787,1,titanium_rigid
case030,-2018.81396484375,461.0565185546875,288.7799377441406,-274.1086120605469,424.1603088378906,2416.446044921875,2468.6552734375,0.8946753740310669,0.008946754038333893,4.656785313272849e-05,11.80455207824707,122.8720932006836,110000.0,0.3400000035762787,1,titanium_rigid
case031,-1968.18701171875,419.786865234375,295.859375,359.41998291015625,-386.4951477050781,1988.4117431640625,2057.265869140625,0.9973469972610474,0.009973470121622086,5.191191303310916e-05,14.865375518798828,312.92120361328125,110000.0,0.3400000035762787,1,titanium_rigid
case032,-2612.993408203125,482.09765625,298.8517150878906,503.3943786621094,134.1644287109375,2019.266357421875,2085.387939453125,1.1418228149414062,0.011418228037655354,5.943187716184184e-05,14.466712951660156,14.923545837402344,70000.0,0.33000001311302185,0,aluminum_rigid
case033,-2461.551513671875,381.0361328125,293.63128662109375,-746.68212890625,-415.5923767089844,4734.40380859375,4810.90771484375,1.2269121408462524,0.01226912159472704,6.386077438946813e-05,10.231573104858398,209.09967041015625,70000.0,0.33000001311302185,0,aluminum_rigid
case034,-2180.913330078125,254.43304443359375,314.43511962890625,-158.3253173828125,-641.0585327148438,3761.590576171875,3819.108154296875,1.0569839477539062,0.010569838806986809,5.501601117430255e-05,9.956421852111816,256.12701416015625,70000.0,0.33000001311302185,0,aluminum_rigid
case035,-2701.9677734375,300.7703857421875,320.880615234375,132.2510223388672,442.5812072753906,2181.948486328125,2230.306640625,1.0422139167785645,0.010422139428555965,5.424723349278793e-05,11.95302963256836,73.36293029785156,110000.0,0.3400000035762787,1,titanium_rigid
case036,-2323.3359375,380.4033203125,289.4783630371094,729.16455078125,715.502685546875,4750.66650390625,4859.26513671875,0.8204231262207031,0.008204231038689613,4.2703024519141763e-05,12.136028289794922,44.45818328857422,70000.0,0.33000001311302185,0,aluminum_rigid
case037,-1948.21826171875,392.07000732421875,290.7164306640625,-626.7977905273438,352.8987731933594,4284.97998046875,4344.93603515625,0.8646179437637329,0.008646179921925068,4.5003365812590346e-05,9.529321670532227,150.61968994140625,110000.0,0.3400000035762787,1,titanium_rigid
case038,-1828.3612060546875,527.2827758789062,296.4410400390625,-236.98641967773438,236.7294921875,4049.60791015625,4063.43798828125,1.0319311618804932,0.010319311171770096,5.37120176886674e-05,4.728518962860107,135.03106689453125,70000.0,0.33000001311302185,0,aluminum_rigid
case039,-2174.88134765625,608.159912109375,290.72479248046875,-122.7354507446289,421.9136657714844,2850.474853515625,2884.143310546875,0.9345030188560486,0.009345030412077904,4.864088259637356e-05,8.763216018676758,106.21981048583984,110000.0,0.3400000035762787,1,titanium_rigid
case040,-1734.9725341796875,261.256103515625,302.9398498535156,301.4136962890625,-573.5747680664062,4562.2724609375,4608.0546875,1.1312893629074097,0.011312893591821194,5.888360828976147e-05,8.083279609680176,297.7219543457031,210000.0,0.30000001192092896,2,steel_rigid
case041,-2033.259033203125,309.040283203125,310.2870788574219,-195.4439239501953,92.07830810546875,4209.23681640625,4214.77783203125,0.7613133192062378,0.007613132707774639,3.9626356738153845e-05,2.938249111175537,154.7737579345703,70000.0,0.33000001311302185,0,aluminum_rigid
case042,-2202.1650390625,435.8353576660156,289.4378662109375,-86.95213317871094,-42.62152862548828,4605.1025390625,4606.12060546875,1.1258554458618164,0.011258553713560104,5.8600773627404124e-05,1.204640507698059,206.11282348632812,70000.0,0.33000001311302185,0,aluminum_rigid
case043,-1947.8507080078125,589.5205078125,291.6673278808594,287.552490234375,118.20693969726562,2392.240478515625,2412.358642578125,0.7885515689849854,0.007885515689849854,4.104410982108675e-05,7.404781818389893,22.346559524536133,70000.0,0.33000001311302185,0,aluminum_rigid
case044,-2555.453369140625,269.44659423828125,316.4272155761719,-412.2410888671875,284.4085693359375,2482.809326171875,2532.819091796875,0.9538679122924805,0.009538679383695126,4.9648824642645195e-05,11.404614448547363,145.39788818359375,70000.0,0.33000001311302185,0,aluminum_rigid
case045,-2251.10693359375,435.7065124511719,289.4588317871094,-275.7390441894531,-701.3053588867188,3423.68359375,3505.63427734375,0.9247653484344482,0.009247653186321259,4.8134035750990734e-05,12.41308879852295,248.5362548828125,210000.0,0.30000001192092896,2,steel_rigid
case046,-2360.96044921875,533.1949462890625,289.895263671875,-434.84423828125,-163.03477478027344,4259.6484375,4284.88916015625,0.7777903079986572,0.007777903228998184,4.048398477607407e-05,6.222024440765381,200.5523681640625,70000.0,0.33000001311302185,0,aluminum_rigid
case047,-2499.12646484375,426.23040771484375,297.1250915527344,-505.3576354980469,541.5831909179688,4470.7490234375,4531.69873046875,0.7701685428619385,0.007701685186475515,4.008727046311833e-05,9.407662391662598,133.01828002929688,110000.0,0.3400000035762787,1,titanium_rigid
case048,-1909.9320068359375,313.5349426269531,306.7412109375,809.4588623046875,-373.6492614746094,3772.869140625,3876.7744140625,1.0070992708206177,0.01007099263370037,5.241951657808386e-05,13.295226097106934,335.2217712402344,70000.0,0.33000001311302185,0,aluminum_rigid
case049,-2232.052734375,426.4913330078125,291.6684875488281,-157.57241821289062,-327.3464660644531,4241.48779296875,4257.01806640625,1.0031077861785889,0.0100310780107975,5.221176252234727e-05,4.895618915557861,244.29556274414062,210000.0,0.30000001192092896,2,steel_rigid
case050,-2515.3203125,317.69964599609375,314.5076904296875,721.0087890625,611.361083984375,3686.627685546875,3805.8955078125,1.2388566732406616,0.012388566508889198,6.448249041568488e-05,14.38173770904541,40.295433044433594,110000.0,0.3400000035762787,1,titanium_rigid
case051,-1665.605712890625,399.067138671875,294.3077392578125,-258.9118347167969,438.5386657714844,2217.22021484375,2274.954345703125,0.8870455622673035,0.00887045543640852,4.6170720452209935e-05,12.93570613861084,120.55746459960938,210000.0,0.30000001192092896,2,steel_rigid
case052,-2122.25830078125,447.50830078125,289.30908203125,72.47859954833984,-941.4532470703125,4944.38330078125,5033.7373046875,1.1711108684539795,0.01171110849827528,6.095632124925032e-05,10.811711311340332,274.40228271484375,210000.0,0.30000001192092896,2,steel_rigid
case053,-2555.950439453125,246.10992431640625,316.6097106933594,-679.9434814453125,12.073587417602539,2737.72021484375,2820.91845703125,0.8111125826835632,0.00811112578958273,4.2218409362249076e-05,13.949949264526367,178.98272705078125,70000.0,0.33000001311302185,0,aluminum_rigid
case054,-2267.8779296875,570.8331298828125,284.037841796875,464.6923828125,373.9039001464844,2688.144287109375,2753.518310546875,1.1366503238677979,0.011366503313183784,5.916264854022302e-05,12.510051727294922,38.82108688354492,70000.0,0.33000001311302185,0,aluminum_rigid
case055,-2342.330078125,411.85565185546875,299.0427551269531,86.98040008544922,421.42108154296875,2084.541748046875,2128.491455078125,0.9024731516838074,0.009024731814861298,4.697372787632048e-05,11.6635160446167,78.3380355834961,70000.0,0.33000001311302185,0,aluminum_rigid
case056,-2059.707275390625,586.6884155273438,288.0461730957031,93.88582611083984,-251.76158142089844,2637.66357421875,2651.314208984375,0.8397008776664734,0.00839700922369957,4.370643000584096e-05,5.81663179397583,290.4512634277344,70000.0,0.33000001311302185,0,aluminum_rigid
case057,-1735.6490478515625,399.1238098144531,294.4529113769531,-763.7691040039062,-222.17234802246094,5041.16064453125,5103.52880859375,1.1528136730194092,0.011528137139976025,6.000395296723582e-05,8.966572761535645,196.21914672851562,210000.0,0.30000001192092896,2,steel_rigid
case058,-1871.0135498046875,428.1370849609375,291.1994934082031,17.19670867919922,810.7927856445312,4429.57080078125,4503.1962890625,1.187496542930603,0.011874965392053127,6.180919444886968e-05,10.374930381774902,88.78495025634766,110000.0,0.3400000035762787,1,titanium_rigid
case059,-1945.622802734375,564.2937622070312,293.2408142089844,98.0085678100586,-50.13026809692383,3084.46240234375,3086.42626953125,0.9421681761741638,0.009421681985259056,4.903985245618969e-05,2.04403018951416,332.9107666015625,210000.0,0.30000001192092896,2,steel_rigid
case060,-1858.060546875,528.816650390625,296.16632080078125,375.5575866699219,530.9017944335938,4522.37548828125,4568.89306640625,0.8972823023796082,0.008972822688519955,4.6703542466275394e-05,8.182914733886719,54.724578857421875,210000.0,0.30000001192092896,2,steel_rigid
case061,-2118.1162109375,242.4700927734375,313.7630310058594,374.4586181640625,464.6427001953125,4669.15380859375,4707.13427734375,0.9492217302322388,0.009492217563092709,4.940699363942258e-05,7.283324718475342,51.134429931640625,110000.0,0.3400000035762787,1,titanium_rigid
case062,-2299.340087890625,447.33648681640625,289.074951171875,-42.45315933227539,215.60792541503906,2424.947265625,2434.883544921875,1.0687730312347412,0.010687730275094509,5.562963633565232e-05,5.177976608276367,101.1390380859375,210000.0,0.30000001192092896,2,steel_rigid
case063,-2392.912841796875,231.00457763671875,311.92962646484375,663.1825561523438,-78.26811981201172,3068.44921875,3140.273681640625,0.97161865234375,0.009716186672449112,5.0572751206345856e-05,12.27780532836914,353.2691345214844,70000.0,0.33000001311302185,0,aluminum_rigid
case064,-2459.948974609375,516.6074829101562,292.70709228515625,75.40251922607422,199.81248474121094,2776.719482421875,2784.92041015625,1.0704251527786255,0.010704251006245613,5.571562724071555e-05,4.398141384124756,69.32518005371094,110000.0,0.3400000035762787,1,titanium_rigid
case065,-2075.342529296875,243.9166259765625,312.4397888183594,-119.5045166015625,306.9808044433594,4171.3349609375,4184.322265625,1.240494728088379,0.01240494754165411,6.456775008700788e-05,4.515429973602295,111.27046203613281,110000.0,0.3400000035762787,1,titanium_rigid
case066,-2310.87744140625,540.44140625,293.45001220703125,-272.4303283691406,641.9178466796875,3888.01513671875,3950.0556640625,0.9795612096786499,0.00979561172425747,5.098616020404734e-05,10.168181419372559,112.99639892578125,110000.0,0.3400000035762787,1,titanium_rigid
case067,-2153.686767578125,494.8930358886719,293.281494140625,313.48236083984375,-200.3020477294922,2819.157470703125,2843.596435546875,1.0983655452728271,0.010983655229210854,5.7169927458744496e-05,7.517215728759766,327.4231262207031,70000.0,0.33000001311302185,0,aluminum_rigid
case068,-1799.6915283203125,515.4793701171875,297.6440124511719,546.1477661132812,-344.1955871582031,2874.54638671875,2946.14404296875,1.219563603401184,0.01219563651829958,6.347828457364812e-05,12.657373428344727,327.7798767089844,110000.0,0.3400000035762787,1,titanium_rigid
case069,-2421.3193359375,281.64501953125,312.215576171875,214.53546142578125,9.62381649017334,1734.0213623046875,1747.268798828125,1.0150344371795654,0.010150345042347908,5.2832543588010594e-05,7.059891700744629,2.5685017108917236,110000.0,0.3400000035762787,1,titanium_rigid
case070,-1927.9501953125,526.7382202148438,295.11444091796875,396.5054626464844,-623.1992797851562,2835.733642578125,2930.354736328125,1.1020809412002563,0.011020809412002563,5.736331149819307e-05,14.599810600280762,302.4662170410156,70000.0,0.33000001311302185,0,aluminum_rigid
case071,-2480.150634765625,292.26934814453125,313.7215881347656,-123.12837982177734,231.70216369628906,2282.300537109375,2297.333740234375,1.2134175300598145,0.012134174816310406,6.315838254522532e-05,6.558253765106201,117.98653411865234,210000.0,0.30000001192092896,2,steel_rigid
case072,-2109.851318359375,511.4854431152344,289.1550598144531,133.4835662841797,-653.6871337890625,2918.068115234375,2993.3671875,0.8072197437286377,0.008072197437286377,4.2015788494609296e-05,12.878540992736816,281.54119873046875,70000.0,0.33000001311302185,0,aluminum_rigid
case073,-2644.965087890625,540.2559814453125,298.2517395019531,32.33736801147461,51.6895866394043,4148.5791015625,4149.02685546875,1.2235826253890991,0.012235826812684536,6.368747563101351e-05,0.8420125842094421,57.96961212158203,210000.0,0.30000001192092896,2,steel_rigid
case074,-1818.3995361328125,526.8096923828125,296.4966125488281,386.0848693847656,83.81731414794922,3729.320068359375,3750.188720703125,1.1954383850097656,0.011954383924603462,6.222257070476189e-05,6.047269344329834,12.248592376708984,210000.0,0.30000001192092896,2,steel_rigid
case075,-2133.5087890625,404.8467712402344,297.73138427734375,29.505102157592773,349.1101379394531,2183.189208984375,2211.122802734375,1.0122907161712646,0.010122907347977161,5.268973472993821e-05,9.1170015335083,85.16912078857422,70000.0,0.33000001311302185,0,aluminum_rigid
case076,-1887.0567626953125,391.5965576171875,290.4789123535156,650.0344848632812,-37.280052185058594,3332.328125,3395.341796875,0.7840880751609802,0.007840881124138832,4.0811784856487066e-05,11.055718421936035,356.7176208496094,210000.0,0.30000001192092896,2,steel_rigid
case077,-1841.75244140625,495.14459228515625,295.25323486328125,148.4592742919922,-373.91558837890625,2341.2900390625,2375.603515625,0.9157006740570068,0.00915700662881136,4.7662219003541395e-05,9.750057220458984,291.655029296875,110000.0,0.3400000035762787,1,titanium_rigid
case078,-2449.826416015625,302.01409912109375,312.9121398925781,252.30560302734375,139.3617401123047,4808.57568359375,4817.20654296875,1.0487788915634155,0.01048778835684061,5.458893792820163e-05,3.4303195476531982,28.914194107055664,210000.0,0.30000001192092896,2,steel_rigid
case079,-1948.34130859375,599.3837280273438,291.03302001953125,-338.7237548828125,-322.3004455566406,4967.2685546875,4989.22509765625,0.857617199420929,0.008576172403991222,4.463897494133562e-05,5.377292156219482,223.57676696777344,210000.0,0.30000001192092896,2,steel_rigid
case080,-1999.856201171875,359.89691162109375,289.2535400390625,-89.03227996826172,738.8425903320312,5093.37060546875,5147.44970703125,1.0934388637542725,0.010934388265013695,5.691348997061141e-05,8.312612533569336,96.87114715576172,110000.0,0.3400000035762787,1,titanium_rigid
case081,-2676.92431640625,520.482666015625,298.52191162109375,92.25598907470703,-75.19166564941406,2624.513671875,2627.2109375,0.7521331906318665,0.007521331775933504,3.9148533687694e-05,2.5964736938476562,320.81884765625,210000.0,0.30000001192092896,2,steel_rigid
case082,-2295.566650390625,229.40213012695312,311.3411865234375,-254.7549591064453,227.7054901123047,3548.39306640625,3564.80615234375,1.231408953666687,0.012314088642597198,6.40948346699588e-05,5.500246524810791,138.20896911621094,210000.0,0.30000001192092896,2,steel_rigid
case083,-2404.693359375,532.087646484375,291.2909240722656,-118.30935668945312,-1.4182204008102417,1851.1302490234375,1854.9075927734375,0.7655414342880249,0.0076554142870008945,3.984643262811005e-05,3.6571738719940186,180.68679809570312,70000.0,0.33000001311302185,0,aluminum_rigid
case084,-1716.89697265625,330.9239501953125,297.74517822265625,-230.0154266357422,32.22612762451172,4414.345703125,4420.4521484375,0.9572041034698486,0.009572041220963001,4.98224726470653e-05,3.011855125427246,172.0245361328125,210000.0,0.30000001192092896,2,steel_rigid
case085,-2683.246337890625,472.002685546875,299.6337890625,-507.297607421875,158.27798461914062,4425.09765625,4456.892578125,0.8339120149612427,0.00833912007510662,4.34051216871012e-05,6.847931385040283,162.67196655273438,210000.0,0.30000001192092896,2,steel_rigid
case086,-2427.497314453125,608.6288452148438,291.5538024902344,-16.108699798583984,121.31011962890625,4297.61083984375,4299.35302734375,0.9812514185905457,0.009812514297664165,5.1074137445539236e-05,1.6310633420944214,97.56401824951172,70000.0,0.33000001311302185,0,aluminum_rigid
case087,-1872.2528076171875,449.057373046875,289.1867980957031,-0.02076156996190548,-1.5108574628829956,4642.0361328125,4642.03662109375,1.157357096672058,0.011573570780456066,6.024043614161201e-05,0.018649989739060402,269.21270751953125,210000.0,0.30000001192092896,2,steel_rigid
case088,-2530.7353515625,411.52667236328125,304.9393310546875,-21.417152404785156,-24.686948776245117,1896.0260009765625,1896.3076171875,1.078392505645752,0.010783925652503967,5.6130331358872354e-05,0.9875279664993286,229.05674743652344,210000.0,0.30000001192092896,2,steel_rigid
case089,-2343.205322265625,368.5650634765625,289.9619140625,-219.58340454101562,-170.97323608398438,2707.2724609375,2721.53857421875,0.9391451478004456,0.009391451254487038,4.888250259682536e-05,5.869147300720215,217.9052276611328,210000.0,0.30000001192092896,2,steel_rigid
case090,-2230.396728515625,458.44927978515625,288.84869384765625,-53.82837677001953,-93.98519134521484,3657.49658203125,3659.099853515625,0.8785454630851746,0.00878545455634594,4.572829129756428e-05,1.696187973022461,240.19882202148438,210000.0,0.30000001192092896,2,steel_rigid
case091,-1981.0345458984375,511.3949279785156,289.24212646484375,-290.32586669921875,228.87039184570312,4958.486328125,4972.24853515625,1.084563970565796,0.010845639742910862,5.645155397360213e-05,4.263915061950684,141.75048828125,210000.0,0.30000001192092896,2,steel_rigid
case092,-2048.861328125,336.9940185546875,294.63775634765625,485.4951171875,86.94050598144531,2111.623779296875,2168.4599609375,0.9062545895576477,0.00906254630535841,4.717054980574176e-05,13.147041320800781,10.152684211730957,70000.0,0.33000001311302185,0,aluminum_rigid
case093,-1783.925537109375,259.31085205078125,304.2176818847656,320.1524658203125,599.5120849609375,3394.201904296875,3461.57763671875,0.9898165464401245,0.009898165240883827,5.151994992047548e-05,11.322931289672852,61.896812438964844,110000.0,0.3400000035762787,1,titanium_rigid
case094,-2102.14990234375,380.995849609375,289.04718017578125,159.8170166015625,174.65467834472656,1923.97998046875,1938.490234375,0.8706571459770203,0.008706571534276009,4.5317705371417105e-05,7.014808177947998,47.540061950683594,110000.0,0.3400000035762787,1,titanium_rigid
case095,-1823.0787353515625,483.3260498046875,292.227294921875,-15.693166732788086,-24.602521896362305,4713.79931640625,4713.8896484375,1.1243399381637573,0.011243399232625961,5.8521891332929954e-05,0.354693740606308,237.4674835205078,70000.0,0.33000001311302185,0,aluminum_rigid
case096,-2211.13671875,458.552734375,288.8812255859375,-467.9266052246094,-214.01553344726562,3004.65380859375,3048.3935546875,1.145401120185852,0.01145401131361723,5.961812712484971e-05,9.71762752532959,204.5779266357422,210000.0,0.30000001192092896,2,steel_rigid
case097,-2466.58642578125,504.8724365234375,292.98028564453125,-16.175214767456055,-123.1719970703125,2517.510009765625,2520.5732421875,1.1924707889556885,0.011924708262085915,6.206810212461278e-05,2.8250372409820557,262.51861572265625,110000.0,0.3400000035762787,1,titanium_rigid
case098,-2589.891845703125,320.2193908691406,314.68603515625,-549.7286376953125,-51.95966720581055,3646.43408203125,3688.00537109375,1.112070083618164,0.011120700277388096,5.7883244153345004e-05,8.61086654663086,185.3994903564453,110000.0,0.3400000035762787,1,titanium_rigid
case099,-1891.560791015625,502.4671630859375,294.9637145996094,205.02781677246094,77.36087036132812,3164.5947265625,3172.1728515625,0.9108473658561707,0.009108473546802998,4.740960503113456e-05,3.9612107276916504,20.672439575195312,70000.0,0.33000001311302185,0,aluminum_rigid
case100,-2504.66552734375,360.7173767089844,294.92047119140625,460.7803649902344,51.828834533691406,3325.604736328125,3357.77490234375,1.1830328702926636,0.011830328963696957,6.157685857033357e-05,7.937526702880859,6.417686462402344,70000.0,0.33000001311302185,0,aluminum_rigid
case101,-1717.476806640625,291.70477294921875,301.7969665527344,65.44563293457031,-220.16799926757812,1894.28759765625,1908.162109375,0.8086798787117004,0.008086798712611198,4.209178587188944e-05,6.913566589355469,286.55474853515625,70000.0,0.33000001311302185,0,aluminum_rigid
case102,-2284.342529296875,319.1346740722656,307.6966857910156,124.17387390136719,160.45643615722656,2139.51318359375,2149.112060546875,1.0023316144943237,0.010023316368460655,5.217135912971571e-05,5.417227745056152,52.264461517333984,210000.0,0.30000001192092896,2,steel_rigid
case103,-2023.2509765625,298.68048095703125,310.2392578125,-306.8688049316406,-18.528995513916016,4402.625,4413.345703125,1.189069151878357,0.011890691705048084,6.189104897202924e-05,3.9943811893463135,183.4553680419922,110000.0,0.3400000035762787,1,titanium_rigid
case104,-1992.9434814453125,256.12890625,310.1628723144531,-240.18405151367188,-710.614013671875,3573.955322265625,3651.82373046875,0.8366565704345703,0.008366566151380539,4.354797420091927e-05,11.853276252746582,251.3249969482422,210000.0,0.30000001192092896,2,steel_rigid
case105,-2480.787109375,344.9440612792969,295.5409240722656,-39.02918243408203,79.77726745605469,1760.6217041015625,1762.8602294921875,1.0963894128799438,0.010963893495500088,5.7067067245952785e-05,2.8877763748168945,116.06912231445312,110000.0,0.3400000035762787,1,titanium_rigid
case106,-2224.6630859375,357.5118103027344,288.78466796875,258.7743225097656,182.06497192382812,2781.431640625,2799.370361328125,0.9730981588363647,0.009730981662869453,5.0649759941734374e-05,6.489840030670166,35.12894058227539,110000.0,0.3400000035762787,1,titanium_rigid
case107,-2650.189453125,402.705810546875,299.4386901855469,-26.61746597290039,104.38184356689453,3924.18310546875,3925.661376953125,0.7817266583442688,0.007817266508936882,4.0688872104510665e-05,1.5724226236343384,104.30560302734375,70000.0,0.33000001311302185,0,aluminum_rigid
case108,-1790.65576171875,504.89056396484375,296.918212890625,-29.362890243530273,24.949905395507812,4131.19921875,4131.37890625,1.007672667503357,0.010076726786792278,5.244936255621724e-05,0.5343796014785767,139.64515686035156,210000.0,0.30000001192092896,2,steel_rigid
case109,-2470.514404296875,612.4707641601562,292.70660400390625,-797.7434692382812,298.1631774902344,3382.317138671875,3487.888427734375,1.0801481008529663,0.010801481083035469,5.6221706472570077e-05,14.132879257202148,159.50636291503906,70000.0,0.33000001311302185,0,aluminum_rigid
case110,-2063.626220703125,308.1158142089844,311.21258544921875,787.1304321289062,-595.4422607421875,4744.77294921875,4846.33837890625,1.0892977714538574,0.010892977938055992,5.6697950640227646e-05,11.750739097595215,322.89349365234375,70000.0,0.33000001311302185,0,aluminum_rigid
case111,-2406.04833984375,608.3125,290.9841613769531,28.43888282775879,-0.1648160219192505,4314.080078125,4314.173828125,1.200518250465393,0.012005181983113289,6.24869717285037e-05,0.3777008354663849,359.6679382324219,70000.0,0.33000001311302185,0,aluminum_rigid
case112,-1800.6724853515625,505.0716857910156,296.8908386230469,384.4644470214844,-644.2161254882812,3331.8701171875,3415.287109375,1.143493890762329,0.011434938758611679,5.951885395916179e-05,12.689343452453613,300.8284912109375,210000.0,0.30000001192092896,2,steel_rigid
case113,-2173.564453125,529.2205200195312,296.88433837890625,-177.49249267578125,516.8232421875,4155.95751953125,4191.72900390625,0.8142282366752625,0.008142282254993916,4.2380579543532804e-05,7.490647792816162,108.95399475097656,70000.0,0.33000001311302185,0,aluminum_rigid
case114,-2653.745361328125,428.4336853027344,298.89410400390625,95.97144317626953,-118.59122467041016,4774.1669921875,4776.60400390625,1.2445136308670044,0.012445135973393917,6.477693386841565e-05,1.830275535583496,308.9819641113281,110000.0,0.3400000035762787,1,titanium_rigid
case115,-2298.116455078125,556.4755859375,289.0709228515625,460.53680419921875,-41.1904296875,2441.0859375,2484.490234375,1.1729042530059814,0.01172904297709465,6.10496717854403e-05,10.725543022155762,354.8890686035156,110000.0,0.3400000035762787,1,titanium_rigid
case116,-2587.502685546875,235.5238037109375,317.6708679199219,99.8257827758789,29.96207618713379,4073.7666015625,4075.099609375,1.1643794775009155,0.011643794365227222,6.060595114831813e-05,1.465564489364624,16.706796646118164,110000.0,0.3400000035762787,1,titanium_rigid
case117,-1908.5772705078125,293.5345458984375,307.04022216796875,-68.1363525390625,-6.478384494781494,1842.80078125,1844.0712890625,1.0459269285202026,0.010459269396960735,5.444049747893587e-05,2.1270503997802734,185.43133544921875,110000.0,0.3400000035762787,1,titanium_rigid
case118,-2123.828857421875,478.8095703125,289.6752624511719,936.1412353515625,118.28266143798828,5055.37158203125,5142.677734375,0.769599199295044,0.007695992011576891,4.005763912573457e-05,10.572590827941895,7.201236248016357,110000.0,0.3400000035762787,1,titanium_rigid
case119,-2084.664794921875,286.3006591796875,312.39044189453125,-645.5201416015625,287.9100646972656,4623.62548828125,4677.33935546875,1.109798550605774,0.011097985319793224,5.776501711807214e-05,8.691542625427246,155.9625244140625,210000.0,0.30000001192092896,2,steel_rigid
case120,-2242.0966796875,519.1346435546875,297.0040283203125,73.3423843383789,266.3277282714844,4149.5546875,4158.7392578125,1.0612709522247314,0.010612710379064083,5.523915751837194e-05,3.808643102645874,74.6032943725586,210000.0,0.30000001192092896,2,steel_rigid
case121,-1716.01953125,261.91058349609375,302.3642883300781,491.33258056640625,44.15930938720703,3179.80908203125,3217.84765625,0.993627667427063,0.009936276823282242,5.171831799088977e-05,8.818521499633789,5.135751724243164,70000.0,0.33000001311302185,0,aluminum_rigid
case122,-1958.1002197265625,598.3478393554688,290.27288818359375,154.79425048828125,-467.6537170410156,4477.38037109375,4504.3974609375,1.0587021112442017,0.010587021708488464,5.510544724529609e-05,6.278496742248535,288.31463623046875,110000.0,0.3400000035762787,1,titanium_rigid
case123,-1915.6903076171875,552.0834350585938,291.6205749511719,-324.62200927734375,430.2840881347656,3223.18310546875,3267.940185546875,0.9095011949539185,0.009095012210309505,4.7339537559309974e-05,9.493545532226562,127.03223419189453,210000.0,0.30000001192092896,2,steel_rigid
case124,-2667.727783203125,554.9278564453125,298.69793701171875,804.7598266601562,-548.1565551757812,5024.35107421875,5117.83349609375,1.0382652282714844,0.010382652282714844,5.404170588008128e-05,10.96787166595459,325.7395324707031,210000.0,0.30000001192092896,2,steel_rigid
case125,-1809.6429443359375,515.8760986328125,297.6134948730469,-42.14398193359375,255.65350341796875,2483.66455078125,2497.143310546875,0.8156818151473999,0.008156818337738514,4.245623858878389e-05,5.9557366371154785,99.36090850830078,70000.0,0.33000001311302185,0,aluminum_rigid
case126,-2372.5908203125,575.3016357421875,290.33856201171875,-1207.6029052734375,53.05941390991211,4754.0029296875,4905.26904296875,0.9982931613922119,0.009982931427657604,5.196116035222076e-05,14.26590633392334,177.48416137695312,110000.0,0.3400000035762787,1,titanium_rigid
case127,-1876.8704833984375,391.6090087890625,290.46270751953125,4.204188823699951,-510.8088073730469,2122.71142578125,2183.31103515625,1.1501641273498535,0.011501641944050789,5.9866044466616586e-05,13.530829429626465,270.4715576171875,70000.0,0.33000001311302185,0,aluminum_rigid
case128,-1998.2664794921875,461.4427490234375,289.0634765625,-174.51719665527344,-282.3770446777344,3707.46142578125,3722.292724609375,1.2206995487213135,0.012206995859742165,6.353740900522098e-05,5.116424560546875,238.28273010253906,70000.0,0.33000001311302185,0,aluminum_rigid
case129,-2708.66552734375,596.6567993164062,303.5890808105469,-125.87093353271484,-108.43701934814453,3544.612060546875,3548.50341796875,0.8238730430603027,0.008238730020821095,4.2882591515081e-05,2.6835339069366455,220.74468994140625,210000.0,0.30000001192092896,2,steel_rigid
case130,-2085.940185546875,243.55055236816406,312.7501525878906,53.54069137573242,-430.48358154296875,3733.6640625,3758.7802734375,1.0923584699630737,0.010923584923148155,5.685725773219019e-05,6.627265453338623,277.08966064453125,70000.0,0.33000001311302185,0,aluminum_rigid
case131,-1656.1412353515625,445.95355224609375,288.5826721191406,52.20600128173828,60.3987922668457,1950.8394775390625,1952.4722900390625,1.0444536209106445,0.010444535873830318,5.4363808885682374e-05,2.3434040546417236,49.161338806152344,70000.0,0.33000001311302185,0,aluminum_rigid
case132,-2143.8203125,404.79095458984375,297.7380065917969,371.3048095703125,-100.9832992553711,4950.35205078125,4965.28466796875,0.9314825534820557,0.009314825758337975,4.848366734222509e-05,4.444676876068115,344.78533935546875,110000.0,0.3400000035762787,1,titanium_rigid
case133,-2353.4306640625,320.07275390625,307.4345397949219,129.34182739257812,506.8409729003906,4638.17626953125,4667.5791015625,0.9185047149658203,0.009185046888887882,4.780817107530311e-05,6.434514999389648,75.68411254882812,70000.0,0.33000001311302185,0,aluminum_rigid
case134,-2009.7889404296875,382.2657470703125,289.015380859375,-134.6193084716797,508.5054016113281,3940.759521484375,3975.7119140625,1.1794817447662354,0.011794817633926868,6.139202741906047e-05,7.6030473709106445,104.82805633544922,110000.0,0.3400000035762787,1,titanium_rigid
case135,-2350.341064453125,533.208984375,289.3900451660156,-308.8877868652344,-227.61416625976562,2564.3466796875,2592.892822265625,0.913727343082428,0.009137272834777832,4.7559507947880775e-05,8.509796142578125,216.3858642578125,70000.0,0.33000001311302185,0,aluminum_rigid
case136,-2201.189453125,470.0599060058594,289.04156494140625,-180.19322204589844,293.6217041015625,2211.9091796875,2238.57666015625,1.1189656257629395,0.0111896563321352,5.824215986649506e-05,8.852681159973145,121.53709411621094,210000.0,0.30000001192092896,2,steel_rigid
case137,-2613.104248046875,446.340576171875,297.9105529785156,40.721214294433594,-161.13809204101562,2056.978759765625,2063.6826171875,1.167868733406067,0.011678687296807766,6.078756632632576e-05,4.6194610595703125,284.1822814941406,110000.0,0.3400000035762787,1,titanium_rigid
case138,-1971.9530029296875,511.0067138671875,289.5979309082031,78.47744750976562,730.0845947265625,4213.0556640625,4276.56640625,1.2489721775054932,0.012489722110331059,6.500900781247765e-05,9.886726379394531,83.86478424072266,70000.0,0.33000001311302185,0,aluminum_rigid
case139,-2273.37548828125,380.94390869140625,289.1095886230469,-476.5601501464844,347.4309997558594,2690.100341796875,2753.9892578125,1.0194268226623535,0.010194268077611923,5.306116509018466e-05,12.365537643432617,143.906494140625,110000.0,0.3400000035762787,1,titanium_rigid
case140,-1807.0775146484375,310.52490234375,301.8511047363281,-28.32229995727539,444.7445983886719,3540.59326171875,3568.529052734375,0.7535988688468933,0.0075359889306128025,3.922482210327871e-05,7.173948764801025,93.643798828125,70000.0,0.33000001311302185,0,aluminum_rigid
case141,-2609.7041015625,476.38177490234375,298.22650146484375,-734.980712890625,124.08683776855469,2881.685302734375,2976.525390625,0.8268195390701294,0.008268195204436779,4.303595778765157e-05,14.502375602722168,170.4171142578125,210000.0,0.30000001192092896,2,steel_rigid
case142,-1938.0909423828125,419.8873291015625,295.7856140136719,275.3225402832031,409.65447998046875,3021.325439453125,3061.37646484375,0.9688240885734558,0.009688240475952625,5.042729389970191e-05,9.278151512145996,56.09555435180664,70000.0,0.33000001311302185,0,aluminum_rigid
case143,-2033.685546875,266.2169189453125,311.1799621582031,658.1903686523438,680.2777099609375,3791.962158203125,3908.320556640625,1.1282135248184204,0.011282134801149368,5.8723511756397784e-05,14.016021728515625,45.94540786743164,210000.0,0.30000001192092896,2,steel_rigid
case144,-1763.5382080078125,260.17169189453125,303.5838623046875,-642.8893432617188,180.76759338378906,2554.64111328125,2640.487548828125,0.759637176990509,0.007596371695399284,3.953911436838098e-05,14.650099754333496,164.29507446289062,70000.0,0.33000001311302185,0,aluminum_rigid
case145,-2592.735595703125,468.7584228515625,297.05255126953125,353.498046875,-367.19415283203125,2873.6572265625,2918.509765625,0.8764415383338928,0.008764415048062801,4.5618784497492015e-05,10.057905197143555,313.9112854003906,210000.0,0.30000001192092896,2,steel_rigid
case146,-1978.62353515625,605.1542358398438,288.6873474121094,-7.685991287231445,-166.9092254638672,2704.947021484375,2710.1025390625,1.020504355430603,0.010205043479800224,5.311725180945359e-05,3.5347015857696533,267.36346435546875,110000.0,0.3400000035762787,1,titanium_rigid
case147,-2687.06884765625,520.2537841796875,299.2005615234375,81.79783630371094,236.77798461914062,1862.779052734375,1879.5479736328125,0.8428868651390076,0.00842886883765459,4.3872263631783426e-05,7.659256458282471,70.94190216064453,210000.0,0.30000001192092896,2,steel_rigid
case148,-1962.43701171875,498.68719482421875,290.3284606933594,670.4065551757812,618.2646484375,4922.70263671875,5006.46533203125,0.8011434674263,0.00801143515855074,4.169951716903597e-05,10.495553016662598,42.68297576904297,210000.0,0.30000001192092896,2,steel_rigid
case149,-2451.375732421875,551.6898803710938,292.37158203125,-111.74413299560547,-630.6445922851562,5033.12890625,5073.71533203125,1.1936801671981812,0.011936801485717297,6.21310537098907e-05,7.25193977355957,259.9520263671875,210000.0,0.30000001192092896,2,steel_rigid
case150,-1838.2650146484375,527.7728881835938,296.3673400878906,371.31121826171875,-124.867919921875,5162.3564453125,5177.19921875,1.0146082639694214,0.010146082378923893,5.281035919324495e-05,4.339566707611084,341.41278076171875,110000.0,0.3400000035762787,1,titanium_rigid
case151,-2547.252685546875,308.01470947265625,315.6202087402344,-12.332691192626953,-104.7756118774414,3391.3447265625,3392.9853515625,0.8814987540245056,0.008814987726509571,4.5882010454079136e-05,1.7817989587783813,263.2868347167969,110000.0,0.3400000035762787,1,titanium_rigid
case152,-1848.1636962890625,528.2748413085938,296.279052734375,-124.09690856933594,-125.27698516845703,2093.919921875,2101.331787109375,1.2357454299926758,0.012357454746961594,6.4320549427066e-05,4.813709735870361,225.27113342285156,210000.0,0.30000001192092896,2,steel_rigid
case153,-1956.6162109375,610.3978271484375,289.53680419921875,439.8359069824219,1.5252147912979126,2411.280517578125,2451.0673828125,1.1145726442337036,0.011145726777613163,5.801350926049054e-05,10.337594032287598,0.1986832469701767,210000.0,0.30000001192092896,2,steel_rigid
case154,-1823.615966796875,449.4371337890625,289.0513916015625,-251.44833374023438,52.969871520996094,1751.256103515625,1770.0084228515625,0.8564162254333496,0.008564162068068981,4.457646355149336e-05,8.347612380981445,168.10406494140625,70000.0,0.33000001311302185,0,aluminum_rigid
case155,-2313.420654296875,368.82568359375,289.28570556640625,-591.9783935546875,-168.4222412109375,2760.625244140625,2828.401611328125,0.8324275016784668,0.00832427479326725,4.332785101723857e-05,12.568330764770508,195.88143920898438,210000.0,0.30000001192092896,2,steel_rigid
case156,-2450.773681640625,262.22332763671875,313.2359619140625,540.6921997070312,-260.0935974121094,2544.655517578125,2614.4345703125,0.9828518033027649,0.009828518144786358,5.1157436246285215e-05,13.267288208007812,334.3106689453125,110000.0,0.3400000035762787,1,titanium_rigid
case157,-2392.338134765625,281.1485290527344,311.2344055175781,29.979461669921875,50.73823928833008,3621.9013671875,3622.380859375,0.9443438053131104,0.009443437680602074,4.915309546049684e-05,0.9321990013122559,59.42263412475586,110000.0,0.3400000035762787,1,titanium_rigid
case158,-2423.153076171875,469.8265380859375,291.6408996582031,940.1265258789062,427.94476318359375,4246.958984375,4370.7705078125,0.7937553524971008,0.007937553338706493,4.131496825721115e-05,13.67004108428955,24.474985122680664,70000.0,0.33000001311302185,0,aluminum_rigid
case159,-2631.05322265625,224.04954528808594,319.3539733886719,124.87847900390625,671.69677734375,4303.24169921875,4357.13916015625,1.232505202293396,0.012325052171945572,6.415189272956923e-05,9.021300315856934,79.46810150146484,210000.0,0.30000001192092896,2,steel_rigid
case160,-2152.96484375,349.521728515625,292.8565368652344,213.5975341796875,-469.25531005859375,1964.7757568359375,2031.2972412109375,1.2295655012130737,0.012295654974877834,6.399888661690056e-05,14.703612327575684,294.4742736816406,110000.0,0.3400000035762787,1,titanium_rigid
case161,-1949.6614990234375,248.00035095214844,308.79034423828125,-271.73797607421875,-55.46253204345703,3007.850830078125,3020.60986328125,0.892068088054657,0.008920680731534958,4.643214197130874e-05,5.268087863922119,191.53579711914062,110000.0,0.3400000035762787,1,titanium_rigid
case162,-2462.01416015625,600.05859375,292.1900329589844,767.6690673828125,483.6256408691406,4450.41943359375,4541.96484375,0.7980244755744934,0.007980245165526867,4.153717600274831e-05,11.523002624511719,32.21061325073242,110000.0,0.3400000035762787,1,titanium_rigid
case163,-2253.514404296875,381.095458984375,289.158935546875,-106.5934829711914,-550.9160766601562,4702.85205078125,4736.21044921875,0.9208988547325134,0.009208988398313522,4.793278640136123e-05,6.804231643676758,259.04949951171875,210000.0,0.30000001192092896,2,steel_rigid
case164,-2426.062255859375,412.0251770019531,301.65374755859375,-269.75250244140625,177.11019897460938,4937.78955078125,4948.32275390625,1.1331645250320435,0.011331645771861076,5.898121526115574e-05,3.739126205444336,146.7124786376953,210000.0,0.30000001192092896,2,steel_rigid
case165,-2453.796630859375,488.81494140625,292.69085693359375,33.42061996459961,938.6898193359375,4342.31591796875,4442.74267578125,1.1982659101486206,0.011982658877968788,6.236974149942398e-05,12.20557975769043,87.96092987060547,70000.0,0.33000001311302185,0,aluminum_rigid
case166,-2043.894775390625,266.02081298828125,311.50042724609375,155.2376708984375,39.70853042602539,3336.851806640625,3340.69677734375,0.8459623456001282,0.008459622971713543,4.403233833727427e-05,2.7492339611053467,14.348143577575684,70000.0,0.33000001311302185,0,aluminum_rigid
case167,-1807.2664794921875,319.4851379394531,303.55987548828125,-982.9003295898438,-165.52731323242188,4952.02490234375,5051.3408203125,1.066602110862732,0.010666021145880222,5.5516637075925246e-05,11.380402565002441,189.55931091308594,110000.0,0.3400000035762787,1,titanium_rigid
case168,-2090.891357421875,459.7914123535156,288.823486328125,-604.96875,-216.614990234375,4588.0556640625,4632.83544921875,1.1576251983642578,0.01157625112682581,6.0254387790337205e-05,7.972700595855713,199.70040893554688,210000.0,0.30000001192092896,2,steel_rigid
case169,-2193.42236328125,346.48443603515625,290.1050109863281,-316.5008544921875,-618.159423828125,2592.602294921875,2684.00439453125,0.9456037878990173,0.009456037543714046,4.9218677304452285e-05,14.99563217163086,242.88731384277344,110000.0,0.3400000035762787,1,titanium_rigid
case170,-1726.5037841796875,413.5077209472656,297.6025390625,334.31231689453125,245.0013427734375,1783.1715087890625,1830.707763671875,1.0501630306243896,0.01050163060426712,5.466098809847608e-05,13.085338592529297,36.23588562011719,70000.0,0.33000001311302185,0,aluminum_rigid
case171,-2221.24853515625,447.1853942871094,289.0078125,38.493690490722656,-76.92317199707031,3689.169189453125,3690.171875,0.8667203783988953,0.008667203597724438,4.5112796215107664e-05,1.3356728553771973,296.58416748046875,70000.0,0.33000001311302185,0,aluminum_rigid
case172,-1782.3740234375,289.5846862792969,303.3602294921875,-427.8604431152344,-572.9417114257812,3719.64990234375,3787.759521484375,1.2102445363998413,0.012102445587515831,6.299323285929859e-05,10.88187026977539,233.2484130859375,110000.0,0.3400000035762787,1,titanium_rigid
case173,-2132.76611328125,435.98291015625,289.49163818359375,-609.3250122070312,386.5747985839844,3039.208984375,3123.701171875,0.9578463435173035,0.00957846362143755,4.985590203432366e-05,13.356561660766602,147.60768127441406,70000.0,0.33000001311302185,0,aluminum_rigid
case174,-1834.7127685546875,296.35345458984375,302.9988098144531,-352.2298278808594,516.16357421875,3797.63330078125,3848.7021484375,0.7739530801773071,0.007739530876278877,4.0284256101585925e-05,9.344165802001953,124.30961608886719,210000.0,0.30000001192092896,2,steel_rigid
case175,-2333.41259765625,357.01904296875,289.6970520019531,44.121280670166016,-8.178292274475098,3518.488525390625,3518.774658203125,0.8623343706130981,0.008623343892395496,4.4884505769005045e-05,0.7306787967681885,349.4988708496094,110000.0,0.3400000035762787,1,titanium_rigid
case176,-2545.521240234375,234.9544677734375,315.9977111816406,-91.89398956298828,-102.46556854248047,2357.796142578125,2361.81005859375,1.1200727224349976,0.011200726963579655,5.829978545079939e-05,3.340843677520752,228.1133575439453,70000.0,0.33000001311302185,0,aluminum_rigid
case177,-2695.870361328125,508.70928955078125,300.1566467285156,-644.4583129882812,-433.19482421875,3147.897216796875,3242.2587890625,0.7866367101669312,0.007866366766393185,4.094444011570886e-05,13.857026100158691,213.9083709716797,110000.0,0.3400000035762787,1,titanium_rigid
case178,-2188.705322265625,581.2774658203125,286.7931213378906,-510.6353454589844,-220.66578674316406,4058.4375,4096.38330078125,1.1813839673995972,0.011813838966190815,6.149103137431666e-05,7.804686546325684,203.37109375,210000.0,0.30000001192092896,2,steel_rigid
case179,-1947.251708984375,580.6286010742188,292.2518310546875,171.16815185546875,84.8051528930664,4474.33935546875,4478.4150390625,1.1484439373016357,0.011484439484775066,5.9776506532216445e-05,2.444666862487793,26.35608673095703,110000.0,0.3400000035762787,1,titanium_rigid
case180,-2287.266357421875,470.1148681640625,289.1029968261719,9.062142372131348,-61.89022445678711,3295.282958984375,3295.87646484375,0.9857363700866699,0.009857363998889923,5.13075792696327e-05,1.08744215965271,278.3302001953125,110000.0,0.3400000035762787,1,titanium_rigid
case181,-2623.8671875,434.45831298828125,298.6156005859375,212.23199462890625,429.6667785644531,2821.102294921875,2861.51611328125,1.0774108171463013,0.010774107649922371,5.607922867056914e-05,9.640878677368164,63.713134765625,210000.0,0.30000001192092896,2,steel_rigid
case182,-2371.871337890625,543.9768676757812,290.4872131347656,430.53778076171875,140.6121063232422,4213.140625,4237.41552734375,1.0728974342346191,0.010728973895311356,5.5844309827079996e-05,6.13580322265625,18.08685302734375,110000.0,0.3400000035762787,1,titanium_rigid
case183,-2404.8720703125,419.2432861328125,298.4960021972656,-128.18821716308594,147.5729522705078,2385.509033203125,2393.50439453125,0.9256276488304138,0.009256276302039623,4.817892113351263e-05,4.684473991394043,130.97898864746094,70000.0,0.33000001311302185,0,aluminum_rigid
case184,-2060.03564453125,358.6082458496094,289.1900939941406,420.3517150878906,942.9529418945312,4463.7177734375,4581.5537109375,1.2156322002410889,0.012156322598457336,6.327365554170683e-05,13.02281665802002,65.9735336303711,70000.0,0.33000001311302185,0,aluminum_rigid
case185,-2451.666015625,562.918701171875,292.3535461425781,-403.04278564453125,49.51265335083008,4017.182861328125,4037.654541015625,1.2083256244659424,0.012083256617188454,6.289334851317108e-05,5.772076606750488,172.99647521972656,210000.0,0.30000001192092896,2,steel_rigid
case186,-2330.8037109375,426.43048095703125,292.1160888671875,-12.44344711303711,27.92034912109375,2136.545166015625,2136.763671875,1.034471035003662,0.010344711132347584,5.384421820053831e-05,0.8196792006492615,114.02141571044922,210000.0,0.30000001192092896,2,steel_rigid
case187,-2512.48095703125,278.8644714355469,310.7824401855469,-5.8446149826049805,98.58646392822266,2894.35498046875,2896.039306640625,1.025458574295044,0.010254585184156895,5.337511538527906e-05,1.9542564153671265,93.39276123046875,110000.0,0.3400000035762787,1,titanium_rigid
case188,-2108.8251953125,587.691162109375,288.310791015625,423.4128112792969,-239.73529052734375,3402.013427734375,3436.633056640625,0.9356039762496948,0.009356039576232433,4.869818803854287e-05,8.139495849609375,330.4815673828125,210000.0,0.30000001192092896,2,steel_rigid
case189,-2598.592529296875,246.48277282714844,318.2498779296875,-89.1033935546875,92.426025390625,2320.90966796875,2324.457763671875,0.9610617160797119,0.009610617533326149,5.002326361136511e-05,3.1661157608032227,133.95140075683594,70000.0,0.33000001311302185,0,aluminum_rigid
case190,-1801.6114501953125,494.6797180175781,295.70489501953125,6.80399751663208,-2.76385760307312,3110.87939453125,3110.88818359375,0.9503193497657776,0.009503193199634552,4.946412445860915e-05,0.13525928556919098,337.8924865722656,70000.0,0.33000001311302185,0,aluminum_rigid
case191,-1791.5797119140625,494.5788269042969,295.7412414550781,-236.35507202148438,-123.54752349853516,4868.56689453125,4875.8662109375,0.8975048661231995,0.008975048549473286,4.671512942877598e-05,3.1355018615722656,207.5969696044922,210000.0,0.30000001192092896,2,steel_rigid
case192,-2450.7890625,390.99102783203125,295.1582946777344,427.6104736328125,-512.6212158203125,3782.00830078125,3840.470947265625,0.9042695760726929,0.009042695164680481,4.706723120762035e-05,10.010079383850098,309.83367919921875,210000.0,0.30000001192092896,2,steel_rigid
case193,-1700.095703125,363.812744140625,288.7184143066406,-191.28903198242188,-421.89007568359375,4766.2802734375,4788.73779296875,1.1043965816497803,0.011043964885175228,5.748383773607202e-05,5.5510945320129395,245.61000061035156,70000.0,0.33000001311302185,0,aluminum_rigid
case194,-2175.164794921875,337.06549072265625,301.7506103515625,-367.4966125488281,196.34762573242188,1955.100341796875,1999.005615234375,0.9760586023330688,0.009760585613548756,5.080385017208755e-05,12.030595779418945,151.88511657714844,110000.0,0.3400000035762787,1,titanium_rigid
case195,-2569.813232421875,328.7074890136719,308.4089660644531,4.65386962890625,-6.833195686340332,2560.085205078125,2560.0986328125,0.8500624895095825,0.008500625379383564,4.424575308803469e-05,0.1850288063287735,304.25750732421875,70000.0,0.33000001311302185,0,aluminum_rigid
case196,-1871.8909912109375,255.28497314453125,306.60931396484375,220.7530517578125,-186.2162322998047,3992.581298828125,4003.01318359375,0.7633976936340332,0.007633976638317108,3.9734848542138934e-05,4.1373090744018555,319.8507080078125,110000.0,0.3400000035762787,1,titanium_rigid
case197,-2724.6455078125,337.8050842285156,311.32745361328125,618.4185791015625,-154.788330078125,3100.594970703125,3165.45263671875,0.8745793700218201,0.00874579418450594,4.552185782813467e-05,11.618353843688965,345.94775390625,110000.0,0.3400000035762787,1,titanium_rigid
case198,-2684.83837890625,401.1675109863281,299.98828125,-124.1622314453125,-429.7624816894531,2261.350341796875,2305.171875,0.8887248039245605,0.008887248113751411,4.625812653102912e-05,11.189745903015137,253.88551330566406,70000.0,0.33000001311302185,0,aluminum_rigid
case199,-1936.529296875,537.97119140625,293.0198974609375,-285.2030944824219,-409.0363464355469,2199.134033203125,2254.95947265625,0.7754489779472351,0.007754489779472351,4.036211976199411e-05,12.775686264038086,235.11363220214844,210000.0,0.30000001192092896,2,steel_rigid
case200,-2263.43701171875,369.11962890625,288.95458984375,-226.95648193359375,-140.39340209960938,2996.850830078125,3008.7099609375,1.138533115386963,0.011385331861674786,5.926065205130726e-05,5.088772773742676,211.74058532714844,210000.0,0.30000001192092896,2,steel_rigid
case201,-2678.343017578125,279.26922607421875,320.5598449707031,-319.90277099609375,-55.982666015625,5088.2822265625,5098.6357421875,1.193214774131775,0.011932147666811943,6.210682477103546e-05,3.6520020961761475,189.9261932373047,210000.0,0.30000001192092896,2,steel_rigid
case202,-1961.2423095703125,268.3815612792969,309.1127624511719,427.0765075683594,-346.62451171875,3626.221435546875,3667.7001953125,1.2225468158721924,0.012225467711687088,6.363356078509241e-05,8.625093460083008,320.93646240234375,210000.0,0.30000001192092896,2,steel_rigid
case203,-2619.99755859375,224.24346923828125,318.92510986328125,-534.3836059570312,-350.0384521484375,4403.64306640625,4449.7373046875,0.8474788665771484,0.008474788628518581,4.4111275201430544e-05,8.254122734069824,213.22608947753906,70000.0,0.33000001311302185,0,aluminum_rigid
case204,-1944.9375,557.1516723632812,292.46307373046875,-839.3607177734375,-299.2841491699219,3481.067626953125,3593.3173828125,1.1580538749694824,0.01158053893595934,6.0276703152339906e-05,14.358843803405762,199.62429809570312,70000.0,0.33000001311302185,0,aluminum_rigid
case205,-2243.708984375,369.30419921875,288.892578125,-317.29150390625,261.89422607421875,2668.1689453125,2699.701416015625,0.9214861989021301,0.009214862249791622,4.796335633727722e-05,8.76562213897705,140.46353149414062,210000.0,0.30000001192092896,2,steel_rigid
case206,-2520.685546875,391.2647399902344,297.40960693359375,64.18502807617188,76.12235260009766,1813.340087890625,1816.07177734375,0.9194432497024536,0.009194432757794857,4.7857021854724735e-05,3.1429622173309326,49.86300277709961,70000.0,0.33000001311302185,0,aluminum_rigid
case207,-2611.158447265625,300.51934814453125,317.94049072265625,-46.95518493652344,519.0036010742188,3341.20703125,3381.602294921875,0.9221843481063843,0.00922184344381094,4.799969610758126e-05,8.86491870880127,95.1695785522461,70000.0,0.33000001311302185,0,aluminum_rigid
case208,-2285.960205078125,229.34454345703125,311.6007385253906,391.15350341796875,188.74240112304688,4226.3232421875,4248.580078125,0.8816044330596924,0.008816043846309185,4.588751107803546e-05,5.867288589477539,25.75859832763672,70000.0,0.33000001311302185,0,aluminum_rigid
case209,-1884.66796875,360.3461608886719,288.75836181640625,-70.59004974365234,-127.0573501586914,3928.471923828125,3931.159912109375,1.2321313619613647,0.01232131291180849,6.41324368189089e-05,2.118921995162964,240.94448852539062,70000.0,0.33000001311302185,0,aluminum_rigid
case210,-1958.7674560546875,606.251708984375,289.8477478027344,-99.1371078491211,-860.3878173828125,4091.323974609375,4181.98828125,0.9395535588264465,0.009395536035299301,4.8903762944974005e-05,11.9523286819458,263.4271545410156,110000.0,0.3400000035762787,1,titanium_rigid
case211,-2233.81640625,381.333740234375,289.0689392089844,203.18544006347656,735.1594848632812,2854.314697265625,2954.4638671875,1.2355834245681763,0.012355834245681763,6.431211659219116e-05,14.960848808288574,74.55011749267578,110000.0,0.3400000035762787,1,titanium_rigid
case212,-2249.653564453125,458.3564758300781,288.98370361328125,34.06885528564453,-140.40133666992188,2336.789306640625,2341.251220703125,0.8534112572669983,0.008534112945199013,4.442005592864007e-05,3.537898540496826,283.639404296875,210000.0,0.30000001192092896,2,steel_rigid
case213,-1874.10595703125,360.17120361328125,288.7485656738281,-0.00014631000522058457,0.0005724300281144679,4415.1171875,4415.1171875,0.7575874328613281,0.007575874216854572,3.94324233639054e-05,7.669999831705354e-06,104.3376693725586,110000.0,0.3400000035762787,1,titanium_rigid
case214,-1968.17919921875,595.9523315429688,289.50341796875,447.62896728515625,-1076.0723876953125,4406.6455078125,4558.16064453125,1.136634349822998,0.01136634312570095,5.916181544307619e-05,14.814302444458008,292.5865173339844,110000.0,0.3400000035762787,1,titanium_rigid
case215,-2482.682861328125,482.8199157714844,294.0867004394531,-279.7710876464844,-1189.7738037109375,4713.876953125,4869.75048828125,1.0490137338638306,0.01049013715237379,5.4601165174972266e-05,14.53569221496582,256.7674865722656,110000.0,0.3400000035762787,1,titanium_rigid
case216,-2040.533447265625,412.4375,298.1233215332031,43.28779220581055,-3.5006349086761475,2323.0556640625,2323.461669921875,1.0072275400161743,0.010072275064885616,5.242619226919487e-05,1.0710095167160034,355.3766174316406,210000.0,0.30000001192092896,2,steel_rigid
case217,-2008.66748046875,449.0644836425781,289.02386474609375,253.94729614257812,-482.80560302734375,2427.13037109375,2487.68017578125,0.814153254032135,0.00814153254032135,4.2376675992272794e-05,12.667220115661621,297.74359130859375,70000.0,0.33000001311302185,0,aluminum_rigid
case218,-1783.197021484375,483.1285400390625,292.247802734375,-885.1246337890625,101.3651351928711,4026.658203125,4124.0390625,0.8108850717544556,0.008108850568532944,4.220656774123199e-05,12.475873947143555,173.46690368652344,70000.0,0.33000001311302185,0,aluminum_rigid
case219,-2282.644775390625,259.60040283203125,311.5015869140625,12.773515701293945,-48.65702819824219,4923.603515625,4923.86083984375,0.9435603618621826,0.009435604326426983,4.911231735604815e-05,0.5853856801986694,284.7094421386719,110000.0,0.3400000035762787,1,titanium_rigid
case220,-1966.1187744140625,576.771484375,289.660888671875,-38.3802375793457,-18.154041290283203,3302.84423828125,3303.1171875,0.9163843989372253,0.009163843467831612,4.7697805712232366e-05,0.7364813089370728,205.3143768310547,210000.0,0.30000001192092896,2,steel_rigid
case221,-2646.419677734375,507.9356384277344,297.998291015625,138.42300415039062,433.5281982421875,3080.369384765625,3113.805419921875,1.05549156665802,0.010554916225373745,5.493833668879233e-05,8.404029846191406,72.29202270507812,210000.0,0.30000001192092896,2,steel_rigid
case222,-1935.949462890625,566.3145141601562,294.3363952636719,-258.2357177734375,-793.7865600585938,3441.2548828125,3541.047607421875,0.8177218437194824,0.008177218958735466,4.256242391420528e-05,13.634724617004395,251.97918701171875,210000.0,0.30000001192092896,2,steel_rigid
case223,-2233.511962890625,390.9619140625,290.7802429199219,220.48046875,555.73486328125,2878.7646484375,2940.193603515625,1.2406843900680542,0.012406843714416027,6.457762356149033e-05,11.732633590698242,68.35995483398438,210000.0,0.30000001192092896,2,steel_rigid
case224,-2648.915283203125,568.6566162109375,298.6302185058594,-600.0324096679688,-247.60638427734375,3231.76806640625,3296.31201171875,0.9470414519309998,0.009470414370298386,4.9293506890535355e-05,11.356965065002441,202.42373657226562,210000.0,0.30000001192092896,2,steel_rigid
case225,-2541.02392578125,404.4490661621094,304.9197082519531,-415.40679931640625,-212.7239990234375,2952.630615234375,2989.287841796875,1.0026705265045166,0.010026705451309681,5.2189003326930106e-05,8.982110977172852,207.11634826660156,70000.0,0.33000001311302185,0,aluminum_rigid
case226,-2204.620849609375,326.96734619140625,302.92681884765625,-612.1305541992188,-13.335013389587402,3732.209716796875,3782.0986328125,1.038939118385315,0.010389391332864761,5.407678327173926e-05,9.316490173339844,181.2479705810547,110000.0,0.3400000035762787,1,titanium_rigid
case227,-1833.793701171875,471.4281005859375,289.400146484375,101.77508544921875,-700.1083374023438,5078.2041015625,5127.24755859375,1.141137719154358,0.011411376297473907,5.939621405559592e-05,7.931082725524902,278.27117919921875,110000.0,0.3400000035762787,1,titanium_rigid
case228,-2183.0478515625,512.0907592773438,296.14837646484375,55.01505661010742,-195.82630920410156,4022.08203125,4027.22216796875,0.9960866570472717,0.009960866533219814,5.1846309361280873e-05,2.895134687423706,285.69207763671875,210000.0,0.30000001192092896,2,steel_rigid
case229,-1810.6802978515625,505.336181640625,296.83343505859375,-478.10089111328125,-449.2342529296875,3056.263427734375,3125.8818359375,0.7962996363639832,0.007962996140122414,4.1447394323768094e-05,12.114992141723633,223.217041015625,210000.0,0.30000001192092896,2,steel_rigid
case230,-1939.38330078125,437.412841796875,289.42608642578125,-104.02546691894531,-22.1700496673584,2741.94677734375,2744.0087890625,0.9908778667449951,0.009908778592944145,5.157519262866117e-05,2.2214224338531494,192.0309600830078,110000.0,0.3400000035762787,1,titanium_rigid
case231,-2690.013916015625,279.56280517578125,320.882080078125,-116.48944091796875,-27.401681900024414,2460.5029296875,2463.411376953125,0.9942735433578491,0.0099427355453372,5.175193655304611e-05,2.784440279006958,193.2369842529297,70000.0,0.33000001311302185,0,aluminum_rigid
case232,-1674.3623046875,405.97509765625,297.16156005859375,10.123985290527344,12.395345687866211,1954.1993408203125,1954.264892578125,1.1313961744308472,0.011313962750136852,5.888917439733632e-05,0.4692264497280121,50.75952911376953,210000.0,0.30000001192092896,2,steel_rigid
case233,-2382.77978515625,270.942138671875,311.103759765625,267.0138244628906,442.605224609375,3013.10009765625,3057.11767578125,0.9145431518554688,0.009145431220531464,4.760197043651715e-05,9.734567642211914,58.89835739135742,70000.0,0.33000001311302185,0,aluminum_rigid
case234,-2289.30712890625,492.92523193359375,293.4225769042969,66.0469970703125,-302.38330078125,2980.6171875,2996.64404296875,1.100788950920105,0.011007889173924923,5.729606345994398e-05,5.928442478179932,282.32110595703125,70000.0,0.33000001311302185,0,aluminum_rigid
case235,-2271.536865234375,519.49560546875,296.1989440917969,-745.0687866210938,362.0055847167969,4139.32666015625,4221.39794921875,0.9525529146194458,0.009525529108941555,4.9580376071389765e-05,11.31647777557373,154.08633422851562,70000.0,0.33000001311302185,0,aluminum_rigid
case236,-2360.61181640625,511.822998046875,289.8392639160156,-62.548526763916016,868.4811401367188,4309.830078125,4396.90869140625,0.8992671370506287,0.00899267103523016,4.6806853788439184e-05,11.421926498413086,94.1193618774414,110000.0,0.3400000035762787,1,titanium_rigid
case237,-2691.4033203125,364.17681884765625,300.2931823730469,151.2655792236328,-167.06886291503906,2516.605712890625,2526.677001953125,0.7860238552093506,0.007860238663852215,4.091254231752828e-05,5.117449760437012,312.157958984375,110000.0,0.3400000035762787,1,titanium_rigid
case238,-2029.987548828125,419.6189880371094,295.9226989746094,-315.6618347167969,-120.18133544921875,3974.938232421875,3989.262939453125,0.872394323348999,0.008723943494260311,4.540812369668856e-05,4.856979846954346,200.84323120117188,110000.0,0.3400000035762787,1,titanium_rigid
case239,-2509.88134765625,446.93817138671875,294.65936279296875,-382.4129943847656,57.57823944091797,3145.424560546875,3169.108642578125,0.8416247367858887,0.008416247554123402,4.3806569010484964e-05,7.009219646453857,171.4375457763672,70000.0,0.33000001311302185,0,aluminum_rigid
case240,-2450.29052734375,282.128662109375,313.1172180175781,48.06969451904297,73.29121398925781,2085.9091796875,2087.749755859375,1.098591923713684,0.010985919274389744,5.718170723412186e-05,2.406120538711548,56.740230560302734,110000.0,0.3400000035762787,1,titanium_rigid
case241,-1700.11376953125,392.0331115722656,290.312744140625,-143.93310546875,-117.11587524414062,2106.915771484375,2115.071533203125,1.183645248413086,0.011836452409625053,6.160873454064131e-05,5.033185005187988,219.13465881347656,70000.0,0.33000001311302185,0,aluminum_rigid
case242,-2613.2880859375,396.7683410644531,303.2417907714844,-2.3404605388641357,-0.7680174112319946,2258.425048828125,2258.426513671875,0.9238091707229614,0.009238091297447681,4.808426820090972e-05,0.06249215081334114,198.16714477539062,210000.0,0.30000001192092896,2,steel_rigid
case243,-2158.24169921875,580.0741577148438,288.0184326171875,-193.2906951904297,18.433509826660156,2707.523193359375,2714.4765625,0.7939226627349854,0.007939226925373077,4.1323677578475326e-05,4.101894855499268,174.5523681640625,210000.0,0.30000001192092896,2,steel_rigid
case244,-2451.641357421875,381.11566162109375,293.3178405761719,-298.2855224609375,-306.1551513671875,1896.6873779296875,1944.2552490234375,1.147396445274353,0.011473963968455791,5.972198414383456e-05,12.70009708404541,225.7459259033203,110000.0,0.3400000035762787,1,titanium_rigid
case245,-2316.15380859375,570.7401123046875,284.1372375488281,-144.74044799804688,176.71539306640625,3916.812255859375,3923.46728515625,0.8458439707756042,0.008458440192043781,4.402617923915386e-05,3.337663173675537,129.31951904296875,70000.0,0.33000001311302185,0,aluminum_rigid
case246,-1745.6182861328125,309.7341613769531,302.475830078125,84.19208526611328,-115.49907684326172,4138.71533203125,4141.1826171875,1.0645735263824463,0.010645735077559948,5.5411048379028216e-05,1.9778852462768555,306.0898742675781,210000.0,0.30000001192092896,2,steel_rigid
case247,-2054.310302734375,255.12033081054688,311.92047119140625,-495.1424865722656,463.6819152832031,3726.261962890625,3787.505126953125,1.074724793434143,0.01074724830687046,5.5939428420970216e-05,10.317556381225586,136.87928771972656,110000.0,0.3400000035762787,1,titanium_rigid
case248,-1966.8153076171875,586.3314819335938,289.59478759765625,-640.6189575195312,135.830322265625,4056.695068359375,4109.21142578125,1.207357406616211,0.012073574587702751,6.284295523073524e-05,9.169987678527832,168.0288848876953,210000.0,0.30000001192092896,2,steel_rigid
case249,-2058.7861328125,337.37078857421875,294.20068359375,-58.02703857421875,-24.823286056518555,2168.100341796875,2169.018798828125,1.2382737398147583,0.01238273736089468,6.445214967243373e-05,1.6674158573150635,203.16067504882812,110000.0,0.3400000035762787,1,titanium_rigid
case250,-2049.365478515625,512.010009765625,288.5378112792969,-148.69529724121094,101.20489501953125,2962.6025390625,2968.057861328125,1.0473182201385498,0.010473182424902916,5.4512915085069835e-05,3.4743363857269287,145.76004028320312,110000.0,0.3400000035762787,1,titanium_rigid
case251,-1797.0784912109375,405.3294372558594,297.3534851074219,14.983180046081543,11.406512260437012,2452.997314453125,2453.069580078125,1.0364348888397217,0.010364349000155926,5.394643812905997e-05,0.4398341476917267,37.281578063964844,70000.0,0.33000001311302185,0,aluminum_rigid
case252,-2090.98291015625,369.544921875,289.1146240234375,249.4364013671875,-140.34286499023438,2580.54150390625,2596.364501953125,0.9370429515838623,0.009370429441332817,4.877308674622327e-05,6.328797817230225,330.63616943359375,210000.0,0.30000001192092896,2,steel_rigid
case253,-2098.892333984375,596.9025268554688,288.3599548339844,-5.481666088104248,-141.5883026123047,2680.073486328125,2683.816650390625,0.8598536849021912,0.008598536252975464,4.475538298720494e-05,3.026386260986328,267.7828674316406,110000.0,0.3400000035762787,1,titanium_rigid
case254,-1935.8927001953125,551.722412109375,291.5694580078125,7.561127662658691,-108.11820983886719,2669.956298828125,2672.1552734375,0.8491277694702148,0.008491277694702148,4.4197098759468645e-05,2.324547052383423,274.0003967285156,210000.0,0.30000001192092896,2,steel_rigid
case255,-2395.2099609375,597.4398803710938,290.799560546875,213.97059631347656,424.8337097167969,3573.7138671875,3605.23193359375,1.2110817432403564,0.01211081724613905,6.303680129349232e-05,7.581729888916016,63.267555236816406,210000.0,0.30000001192092896,2,steel_rigid
case256,-2372.70947265625,357.340576171875,290.9023132324219,382.5122375488281,147.59445190429688,3926.939697265625,3948.284912109375,0.8554947972297668,0.00855494849383831,4.452850407687947e-05,5.960480213165283,21.099382400512695,210000.0,0.30000001192092896,2,steel_rigid
case257,-1915.9000244140625,545.280517578125,291.50604248046875,892.0838012695312,95.20520782470703,4625.98388671875,4712.17626953125,0.7846142649650574,0.007846142165362835,4.083917156094685e-05,10.97552490234375,6.091678142547607,210000.0,0.30000001192092896,2,steel_rigid
case258,-2654.4501953125,505.6664733886719,297.5421142578125,609.9972534179688,-236.5265655517578,4617.46630859375,4663.58642578125,0.984942615032196,0.009849426336586475,5.1266262744320557e-05,8.064556121826172,338.8061828613281,70000.0,0.33000001311302185,0,aluminum_rigid
case259,-2631.53271484375,399.540283203125,301.9193115234375,-63.8183479309082,515.8787841796875,4447.3740234375,4477.64892578125,0.819103479385376,0.008191035129129887,4.2634335841285065e-05,6.666511058807373,97.05211639404297,70000.0,0.33000001311302185,0,aluminum_rigid
case260,-2071.497314453125,412.42791748046875,298.1249084472656,710.5307006835938,-1049.8082275390625,5023.9296875,5181.3916015625,1.161608338356018,0.011616083793342113,6.046171620255336e-05,14.161473274230957,304.0909118652344,210000.0,0.30000001192092896,2,steel_rigid
case261,-1763.718017578125,279.97900390625,303.1787109375,452.9214172363281,479.0105895996094,2553.87939453125,2637.591552734375,1.228373646736145,0.01228373683989048,6.393685180228204e-05,14.473827362060547,46.60356140136719,70000.0,0.33000001311302185,0,aluminum_rigid
case262,-2303.865234375,335.4920654296875,294.8034362792969,-18.038311004638672,-327.8309631347656,2705.364013671875,2725.21435546875,1.1345694065093994,0.01134569477289915,5.905433863517828e-05,6.9196577072143555,266.8505859375,70000.0,0.33000001311302185,0,aluminum_rigid
case263,-2592.699462890625,457.54046630859375,296.96197509765625,-44.493186950683594,191.09213256835938,4895.34765625,4899.27783203125,1.0334864854812622,0.010334865190088749,5.3792973631061614e-05,2.295163631439209,103.10700988769531,70000.0,0.33000001311302185,0,aluminum_rigid
case264,-2247.215087890625,240.8979949951172,312.6020812988281,-48.08953094482422,1065.83984375,4659.458984375,4780.05078125,0.993181049823761,0.009931810200214386,5.1695074944291264e-05,12.897260665893555,92.5833740234375,210000.0,0.30000001192092896,2,steel_rigid
case265,-2029.5142822265625,337.6302490234375,294.1944885253906,-357.1509094238281,-22.40594482421875,2332.94482421875,2360.231201171875,0.9544494152069092,0.00954449363052845,4.96790926263202e-05,8.720691680908203,183.58975219726562,70000.0,0.33000001311302185,0,aluminum_rigid
case266,-1845.5050048828125,382.79840087890625,288.8949890136719,-125.85851287841797,47.59208297729492,2396.47998046875,2400.25439453125,1.1449006795883179,0.01144900731742382,5.959208283456974e-05,3.213637113571167,159.28640747070312,210000.0,0.30000001192092896,2,steel_rigid
case267,-1832.9014892578125,354.1893005371094,289.0757751464844,-139.42181396484375,396.8238830566406,3031.6708984375,3060.70849609375,1.2181576490402222,0.012181577272713184,6.340511026792228e-05,7.8986053466796875,109.35863494873047,110000.0,0.3400000035762787,1,titanium_rigid
case268,-2132.633544921875,459.2078857421875,289.0237121582031,184.2609100341797,301.3454284667969,3708.5244140625,3725.307373046875,0.8312451839447021,0.008312451653182507,4.326631096773781e-05,5.44067907333374,58.555850982666016,70000.0,0.33000001311302185,0,aluminum_rigid
case269,-2391.99267578125,311.15374755859375,310.5859069824219,-319.9286193847656,327.166015625,2461.42333984375,2503.5966796875,0.7659015655517578,0.007659015711396933,3.986517549492419e-05,10.531407356262207,134.3592071533203,210000.0,0.30000001192092896,2,steel_rigid
case270,-2402.139404296875,271.2918701171875,311.6392822265625,92.48519897460938,77.91565704345703,4930.0185546875,4931.50146484375,0.7634840607643127,0.007634840440005064,3.97393450839445e-05,1.4051589965820312,40.113006591796875,110000.0,0.3400000035762787,1,titanium_rigid
case271,-2279.86962890625,553.737548828125,290.2334289550781,355.6802062988281,-251.74478149414062,4801.76220703125,4821.494140625,1.0173887014389038,0.010173887945711613,5.295508526614867e-05,5.185349464416504,324.7097473144531,70000.0,0.33000001311302185,0,aluminum_rigid
case272,-2079.2041015625,538.6350708007812,288.3364562988281,216.4593048095703,239.6725616455078,3256.780517578125,3272.753662109375,0.7890658974647522,0.007890659384429455,4.107088170712814e-05,5.6630940437316895,47.91335678100586,70000.0,0.33000001311302185,0,aluminum_rigid
case273,-1978.3680419921875,419.77288818359375,295.8558349609375,-74.72027587890625,-33.50938034057617,2171.520751953125,2173.064208984375,0.8656982779502869,0.008656982332468033,4.5059594413032755e-05,2.159656286239624,204.154541015625,110000.0,0.3400000035762787,1,titanium_rigid
case274,-2138.353271484375,279.0896911621094,311.8685302734375,69.43367004394531,60.00515365600586,4083.3701171875,4084.4013671875,1.0570162534713745,0.010570162907242775,5.501769919646904e-05,1.287447214126587,40.8338508605957,210000.0,0.30000001192092896,2,steel_rigid
case275,-2339.431396484375,458.8233947753906,289.5190734863281,-222.39959716796875,1.6325181722640991,2654.515380859375,2663.816162109375,0.9119947552680969,0.00911994744092226,4.7469329729210585e-05,4.789277076721191,179.5794219970703,110000.0,0.3400000035762787,1,titanium_rigid
case276,-2690.17919921875,290.0294189453125,320.669189453125,109.72753143310547,-6.404912948608398,1768.1414794921875,1771.5545654296875,1.1639089584350586,0.011639089323580265,6.0581460274988785e-05,3.557143211364746,356.65936279296875,110000.0,0.3400000035762787,1,titanium_rigid
case277,-2308.45263671875,458.84478759765625,289.0741271972656,-103.31808471679688,-178.22451782226562,3490.5927734375,3496.66650390625,0.9334937334060669,0.009334937669336796,4.8588350182399154e-05,3.377540111541748,239.8988037109375,70000.0,0.33000001311302185,0,aluminum_rigid
case278,-2102.018798828125,426.1256103515625,291.9435119628906,-15.301979064941406,4.202797889709473,4463.0078125,4463.0361328125,0.833958089351654,0.008339581079781055,4.3407519115135074e-05,0.20371976494789124,164.6420135498047,210000.0,0.30000001192092896,2,steel_rigid
case279,-2171.482421875,246.37281799316406,314.6395568847656,-495.5843811035156,225.66574096679688,4589.26904296875,4621.462890625,1.0440694093704224,0.01044069416821003,5.43438145541586e-05,6.766853332519531,155.51771545410156,210000.0,0.30000001192092896,2,steel_rigid
case280,-2333.521240234375,345.3414611816406,290.9327392578125,-186.3170623779297,259.9028015136719,3615.132568359375,3629.248779296875,0.7971366047859192,0.007971365936100483,4.1490962757961825e-05,5.055100917816162,125.63568115234375,70000.0,0.33000001311302185,0,aluminum_rigid
case281,-1689.59326171875,454.92181396484375,288.7247314453125,4.453302383422852,52.894771575927734,1994.219970703125,1994.92626953125,1.2021461725234985,0.012021461501717567,6.257170753087848e-05,1.524731993675232,85.18751525878906,110000.0,0.3400000035762787,1,titanium_rigid
case282,-1819.5787353515625,516.4154052734375,297.5618896484375,5.344631195068359,-781.7418823242188,4450.50634765625,4518.6455078125,0.9592743515968323,0.009592743590474129,4.993022957933135e-05,9.962735176086426,270.3917236328125,110000.0,0.3400000035762787,1,titanium_rigid
case283,-1658.24951171875,473.39886474609375,288.69244384765625,468.70953369140625,-726.8434448242188,3449.67919921875,3556.441650390625,0.907709002494812,0.009077089838683605,4.7246256144717336e-05,14.074446678161621,302.8161926269531,70000.0,0.33000001311302185,0,aluminum_rigid
case284,-2454.781982421875,469.6804504394531,292.58905029296875,-502.5357971191406,-8.911136627197266,3290.86328125,3329.024169921875,1.1372740268707275,0.01137273944914341,5.91951102251187e-05,8.683700561523438,181.01588439941406,70000.0,0.33000001311302185,0,aluminum_rigid
case285,-2451.0078125,252.27029418945312,313.3429870605469,-82.50215911865234,601.1473999023438,3177.596923828125,3235.0126953125,1.0788532495498657,0.01078853290528059,5.61543129151687e-05,10.810844421386719,97.81452178955078,70000.0,0.33000001311302185,0,aluminum_rigid
case286,-2414.03564453125,500.656005859375,291.4371337890625,-441.50665283203125,227.02041625976562,3373.121826171875,3409.4599609375,1.2340028285980225,0.012340028770267963,6.422984733944759e-05,8.372644424438477,152.7880096435547,110000.0,0.3400000035762787,1,titanium_rigid
case287,-1679.3785400390625,463.6683349609375,288.56817626953125,39.72466278076172,-65.90278625488281,4574.99658203125,4575.6435546875,0.8331179022789001,0.008331178687512875,4.3363786971895024e-05,0.9635998606681824,301.0805969238281,210000.0,0.30000001192092896,2,steel_rigid
case288,-2675.753662109375,410.0874328613281,299.6103210449219,727.057373046875,256.57757568359375,3229.0126953125,3319.7841796875,1.1029131412506104,0.011029130779206753,5.7406625273870304e-05,13.429262161254883,19.437868118286133,210000.0,0.30000001192092896,2,steel_rigid
case289,-2200.138916015625,264.5263366699219,313.7177734375,-100.78579711914062,660.6826782226562,3940.561767578125,3996.834716796875,1.2441885471343994,0.012441885657608509,6.476001726696268e-05,9.625861167907715,98.6734848022461,110000.0,0.3400000035762787,1,titanium_rigid
case290,-2205.293212890625,608.5208740234375,290.90765380859375,689.855224609375,692.8128662109375,3759.26806640625,3884.32568359375,1.1776759624481201,0.011776760220527649,6.129803659860045e-05,14.578307151794434,45.12255859375,110000.0,0.3400000035762787,1,titanium_rigid
case291,-2582.441650390625,434.9361877441406,297.3355712890625,-205.6942138671875,721.6180419921875,4542.66943359375,4604.224609375,1.1088703870773315,0.011088703759014606,5.771670112153515e-05,9.37946891784668,105.90998077392578,70000.0,0.33000001311302185,0,aluminum_rigid
case292,-2672.27392578125,587.8572387695312,300.29180908203125,1218.151611328125,294.0859375,4899.6591796875,5057.375,1.1232126951217651,0.01123212743550539,5.8463221648707986e-05,14.346552848815918,13.572626113891602,70000.0,0.33000001311302185,0,aluminum_rigid
case293,-1744.299560546875,260.8035888671875,303.26129150390625,-280.85791015625,-54.476200103759766,1805.0870361328125,1827.6181640625,1.0238641500473022,0.010238641873002052,5.329212945071049e-05,9.006027221679688,190.97698974609375,70000.0,0.33000001311302185,0,aluminum_rigid
case294,-2311.810546875,411.81201171875,298.30767822265625,348.58807373046875,501.2212219238281,3099.32470703125,3158.88427734375,0.8360247611999512,0.008360248059034348,4.351509051048197e-05,11.143750190734863,55.18225860595703,210000.0,0.30000001192092896,2,steel_rigid
case295,-1977.90576171875,437.23388671875,289.5016174316406,202.70289611816406,550.8656616210938,2758.6083984375,2820.365478515625,1.0461152791976929,0.010461152531206608,5.445029819384217e-05,12.012245178222656,69.79782104492188,70000.0,0.33000001311302185,0,aluminum_rigid
case296,-2363.476806640625,260.5111389160156,310.89794921875,-11.253351211547852,-136.74826049804688,4433.78857421875,4435.9111328125,1.1672133207321167,0.011672133579850197,6.075345663703047e-05,1.7725416421890259,265.29559326171875,210000.0,0.30000001192092896,2,steel_rigid
case297,-2203.54248046875,244.51397705078125,313.7896728515625,51.708309173583984,-516.9295654296875,4173.88818359375,4206.0947265625,0.7801134586334229,0.007801134139299393,4.060490391566418e-05,7.094918251037598,275.7122802734375,210000.0,0.30000001192092896,2,steel_rigid
case298,-2423.77685546875,458.68865966796875,291.7567138671875,-41.724761962890625,-397.49591064453125,4658.0458984375,4675.16162109375,1.0777075290679932,0.01077707577496767,5.6094679166562855e-05,4.904205322265625,264.0076599121094,70000.0,0.33000001311302185,0,aluminum_rigid
case299,-2190.012939453125,285.5050354003906,313.4334716796875,-339.94854736328125,-46.91706466674805,4188.111328125,4202.1474609375,0.7876008749008179,0.007876008749008179,4.099462603335269e-05,4.684310436248779,187.85787963867188,110000.0,0.3400000035762787,1,titanium_rigid
case300,-1839.427978515625,517.5633544921875,297.38037109375,15.029488563537598,223.54615783691406,1731.8427734375,1746.2755126953125,1.1757584810256958,0.011757584288716316,6.119822501204908e-05,7.371488571166992,86.15367126464844,210000.0,0.30000001192092896,2,steel_rigid
case301,-2717.373046875,320.71038818359375,320.4703063964844,-102.44007873535156,515.013427734375,2004.225341796875,2071.87158203125,0.9648838043212891,0.009648838080465794,5.022220284445211e-05,14.681381225585938,101.24974060058594,210000.0,0.30000001192092896,2,steel_rigid
case302,-1896.3995361328125,538.5916137695312,292.759521484375,49.3312873840332,-244.15130615234375,3395.020751953125,3404.14599609375,1.1631708145141602,0.011631707660853863,6.054303958080709e-05,4.1961469650268555,281.4229431152344,70000.0,0.33000001311302185,0,aluminum_rigid
case303,-2656.307861328125,530.3367309570312,298.1922607421875,-401.8908996582031,-548.72119140625,4735.08203125,4783.68212890625,0.861136257648468,0.008611362427473068,4.482214353629388e-05,8.174150466918945,233.7804412841797,70000.0,0.33000001311302185,0,aluminum_rigid
case304,-2153.37646484375,459.005615234375,288.83843994140625,256.93212890625,-91.10057067871094,2007.986328125,2026.40625,1.0827685594558716,0.010827685706317425,5.6358105211984366e-05,7.731227874755859,340.47698974609375,70000.0,0.33000001311302185,0,aluminum_rigid
case305,-1788.322998046875,405.43408203125,297.3608703613281,-229.2589569091797,389.2976379394531,4813.28857421875,4834.44482421875,1.0209987163543701,0.010209986940026283,5.314298323355615e-05,5.362222194671631,120.49400329589844,70000.0,0.33000001311302185,0,aluminum_rigid
case306,-2267.431396484375,239.811279296875,312.03131103515625,491.4470520019531,642.822265625,3613.566650390625,3703.053466796875,1.1800225973129272,0.01180022582411766,6.142017809906974e-05,12.62163257598877,52.601558685302734,70000.0,0.33000001311302185,0,aluminum_rigid
case307,-2552.4501953125,300.10687255859375,315.8396911621094,45.51347732543945,-51.50448226928711,2284.32177734375,2285.35546875,0.9718534350395203,0.009718534536659718,5.058497117715888e-05,1.7234470844268799,311.4664001464844,110000.0,0.3400000035762787,1,titanium_rigid
case308,-2636.7314453125,347.5769348144531,299.75750732421875,96.96672821044922,-510.0492248535156,2546.90478515625,2599.28369140625,1.1153106689453125,0.011153106577694416,5.805191904073581e-05,11.52184009552002,280.7641906738281,70000.0,0.33000001311302185,0,aluminum_rigid
case309,-2009.925537109375,348.35467529296875,290.000244140625,462.0208740234375,-293.60552978515625,2878.30517578125,2929.899169921875,1.1723169088363647,0.01172316912561655,6.101909457356669e-05,10.768359184265137,327.5648193359375,70000.0,0.33000001311302185,0,aluminum_rigid
case310,-2655.998291015625,541.3425903320312,298.23797607421875,-445.09149169921875,-837.6113891601562,3630.75390625,3752.60888671875,1.0229599475860596,0.010229598730802536,5.324506128090434e-05,14.641138076782227,242.01463317871094,70000.0,0.33000001311302185,0,aluminum_rigid
case311,-1956.50830078125,578.54541015625,291.0555114746094,-861.1068725585938,560.5068359375,4895.90673828125,5002.556640625,1.0932852029800415,0.010932852514088154,5.690549733117223e-05,11.852147102355957,146.93931579589844,110000.0,0.3400000035762787,1,titanium_rigid
case312,-2010.981201171875,329.279541015625,301.1268005371094,25.13667869567871,725.9649658203125,4831.83984375,4886.13671875,1.0307079553604126,0.010307079181075096,5.364834578358568e-05,8.549598693847656,88.01691436767578,210000.0,0.30000001192092896,2,steel_rigid
case313,-2023.4862060546875,266.4146728515625,310.8681945800781,445.4521179199219,-18.427085876464844,4147.119140625,4171.0146484375,1.1131482124328613,0.01113148219883442,5.79393636144232e-05,6.135976314544678,357.6311950683594,210000.0,0.30000001192092896,2,steel_rigid
case314,-1863.679443359375,360.14703369140625,288.7435607910156,-1.8425118923187256,-113.35507202148438,2109.932373046875,2112.97607421875,1.1299169063568115,0.011299168691039085,5.8812172937905416e-05,3.075636148452759,269.06878662109375,110000.0,0.3400000035762787,1,titanium_rigid
case315,-1936.2425537109375,545.30029296875,291.53497314453125,443.9947509765625,143.9744873046875,2265.338623046875,2312.92431640625,1.0426244735717773,0.01042624469846487,5.426860661827959e-05,11.64240550994873,17.966360092163086,70000.0,0.33000001311302185,0,aluminum_rigid
case316,-1957.258544921875,588.0292358398438,290.69580078125,-188.51077270507812,203.3260040283203,2417.18017578125,2433.030517578125,1.1594804525375366,0.011594804935157299,6.035096157575026e-05,6.543649196624756,132.83470153808594,110000.0,0.3400000035762787,1,titanium_rigid
case317,-2511.70556640625,306.9862060546875,312.64691162109375,-251.5092010498047,971.6460571289062,3780.80078125,3911.75244140625,1.0759313106536865,0.010759313590824604,5.6002227211138234e-05,14.867111206054688,104.51240539550781,70000.0,0.33000001311302185,0,aluminum_rigid
case318,-2450.24951171875,529.3814086914062,292.37640380859375,-543.4805908203125,1122.664306640625,4686.173828125,4849.3271484375,0.8036788105964661,0.008036788552999496,4.1831481212284416e-05,14.904580116271973,115.83157348632812,210000.0,0.30000001192092896,2,steel_rigid
case319,-1921.605224609375,460.636474609375,289.32086181640625,179.86572265625,61.57453155517578,4222.80029296875,4227.07763671875,1.2432684898376465,0.012432685121893883,6.471212691394612e-05,2.5777549743652344,18.89792823791504,210000.0,0.30000001192092896,2,steel_rigid
case320,-2107.39697265625,242.8404541015625,313.4056091308594,-559.401611328125,-622.9129028320312,4624.6064453125,4699.7802734375,0.7682192921638489,0.007682192604988813,3.9985814510146156e-05,10.261550903320312,228.07484436035156,210000.0,0.30000001192092896,2,steel_rigid
case321,-2381.21337890625,490.9102783203125,290.4700012207031,-331.6150817871094,650.0764770507812,2958.144287109375,3046.83203125,0.8786274194717407,0.008786274120211601,4.5732558646705e-05,13.858120918273926,117.02690124511719,70000.0,0.33000001311302185,0,aluminum_rigid
case322,-1664.7679443359375,428.27801513671875,290.63446044921875,367.5130615234375,-523.1887817382812,4235.037109375,4283.0283203125,0.9757964611053467,0.009757964871823788,5.0790207751560956e-05,8.585180282592773,305.0860595703125,70000.0,0.33000001311302185,0,aluminum_rigid
case323,-2602.76806640625,446.33990478515625,297.5686950683594,99.61358642578125,215.63665771484375,2543.43505859375,2554.502685546875,0.8267923593521118,0.008267923258244991,4.30345389759168e-05,5.335418224334717,65.20537567138672,210000.0,0.30000001192092896,2,steel_rigid
case324,-1837.3260498046875,321.1322021484375,304.1568603515625,438.5316162109375,227.3331756591797,3788.03076171875,3820.100341796875,1.1896111965179443,0.011896112002432346,6.191926513565704e-05,7.429368019104004,27.402057647705078,210000.0,0.30000001192092896,2,steel_rigid
case325,-2270.689208984375,435.8043518066406,289.3472900390625,-205.80184936523438,601.9580688476562,4501.9013671875,4546.6279296875,1.2250502109527588,0.012250501662492752,6.376385863404721e-05,8.043248176574707,108.87490844726562,110000.0,0.3400000035762787,1,titanium_rigid
case326,-1830.665771484375,506.01165771484375,296.65447998046875,10.166915893554688,22.96053695678711,1872.3316650390625,1872.5,0.8864808082580566,0.008864807896316051,4.6141325583448634e-05,0.7683770656585693,66.11625671386719,210000.0,0.30000001192092896,2,steel_rigid
case327,-2307.80224609375,599.8974609375,291.0835876464844,-389.477294921875,164.15159606933594,3993.24365234375,4015.548828125,1.1492918729782104,0.01149291917681694,5.982064612908289e-05,6.041853904724121,157.14620971679688,210000.0,0.30000001192092896,2,steel_rigid
case328,-2540.962158203125,397.8663635253906,302.0675354003906,508.0479431152344,40.426795959472656,2571.900634765625,2621.911376953125,0.7706137299537659,0.007706137374043465,4.0110444388119504e-05,11.208656311035156,4.5495991706848145,210000.0,0.30000001192092896,2,steel_rigid
case329,-1811.6488037109375,494.8140869140625,295.6302795410156,-446.5143127441406,177.93731689453125,2750.401611328125,2792.086181640625,1.0894908905029297,0.01089490856975317,5.670799873769283e-05,9.912955284118652,158.27256774902344,110000.0,0.3400000035762787,1,titanium_rigid
case330,-2411.504150390625,291.4754638671875,311.74737548828125,12.520038604736328,5.890489101409912,2129.474365234375,2129.519287109375,0.8620541095733643,0.008620540611445904,4.48699138360098e-05,0.3722810447216034,25.196277618408203,70000.0,0.33000001311302185,0,aluminum_rigid
case331,-2433.748046875,480.24993896484375,291.9776611328125,-692.0558471679688,421.20831298828125,3982.173583984375,4063.75,1.0678483247756958,0.010678483173251152,5.55815058760345e-05,11.499678611755371,148.6739044189453,70000.0,0.33000001311302185,0,aluminum_rigid
case332,-2711.10546875,373.20916748046875,301.07861328125,-100.85456085205078,-194.28921508789062,3123.1220703125,3130.78466796875,1.0690289735794067,0.010690289549529552,5.5642954976065084e-05,4.009425163269043,242.56640625,210000.0,0.30000001192092896,2,steel_rigid
case333,-2646.28857421875,606.8683471679688,299.37908935546875,569.1329345703125,165.9025421142578,5161.3193359375,5195.2529296875,0.9613984823226929,0.009613984264433384,5.004079139325768e-05,6.552183151245117,16.25143051147461,70000.0,0.33000001311302185,0,aluminum_rigid
case334,-2118.17333984375,579.9949951171875,286.6813659667969,387.2671203613281,523.106689453125,3787.453857421875,3842.970703125,1.058451771736145,0.010584517382085323,5.509241236723028e-05,9.750802040100098,53.48666000366211,110000.0,0.3400000035762787,1,titanium_rigid
case335,-2099.769775390625,511.556640625,288.71258544921875,-415.27862548828125,-323.8320617675781,4128.859375,4162.30712890625,0.8089727163314819,0.008089727722108364,4.2107032641069964e-05,7.268543243408203,217.94691467285156,210000.0,0.30000001192092896,2,steel_rigid
case336,-2230.28759765625,483.29595947265625,292.24908447265625,-146.1919403076172,79.13428497314453,3796.21044921875,3799.848388671875,1.0527801513671875,0.01052780169993639,5.4797208576928824e-05,2.507375478744507,151.57313537597656,110000.0,0.3400000035762787,1,titanium_rigid
case337,-2640.110107421875,402.2408447265625,300.7686767578125,136.17877197265625,999.8344116210938,4372.41943359375,4487.3447265625,0.800209105014801,0.008002091199159622,4.165088466834277e-05,12.995186805725098,82.24396514892578,110000.0,0.3400000035762787,1,titanium_rigid
case338,-1778.3819580078125,383.2897644042969,288.87921142578125,1.468903660774231,32.49294662475586,2094.615966796875,2094.868408203125,0.7773318290710449,0.007773318327963352,4.046012327307835e-05,0.8896429538726807,87.4115982055664,210000.0,0.30000001192092896,2,steel_rigid
case339,-1820.0592041015625,340.77386474609375,298.917236328125,-196.2548065185547,-1016.0555419921875,4168.2744140625,4294.810546875,0.9564900398254395,0.009564900770783424,4.978530705557205e-05,13.942630767822266,259.0677490234375,210000.0,0.30000001192092896,2,steel_rigid
case340,-1855.668212890625,382.64501953125,288.8725280761719,216.5155792236328,-266.0781555175781,3128.2431640625,3146.99560546875,1.1252774000167847,0.01125277392566204,5.8570687542669475e-05,6.257996559143066,309.1362609863281,70000.0,0.33000001311302185,0,aluminum_rigid
case341,-2254.370361328125,327.44769287109375,302.2456359863281,218.73045349121094,454.33489990234375,2215.975341796875,2272.621826171875,1.201594352722168,0.01201594341546297,6.254298205021769e-05,12.819371223449707,64.29244232177734,110000.0,0.3400000035762787,1,titanium_rigid
case342,-2019.9095458984375,337.83563232421875,294.0856628417969,-592.2342529296875,-938.0921020507812,4435.962890625,4572.58447265625,1.1206344366073608,0.011206344701349735,5.832902388647199e-05,14.041162490844727,237.73504638671875,210000.0,0.30000001192092896,2,steel_rigid
case343,-2717.129150390625,496.28118896484375,303.57244873046875,-425.8923645019531,363.29052734375,3606.13427734375,3649.324462890625,1.1528815031051636,0.011528815142810345,6.00074818066787e-05,8.823745727539062,139.5354766845703,210000.0,0.30000001192092896,2,steel_rigid
case344,-2636.999755859375,595.2799072265625,298.8698425292969,80.76314544677734,54.220237731933594,1888.1368408203125,1890.640869140625,1.1551544666290283,0.01155154500156641,6.012579251546413e-05,2.949230909347534,33.87538528442383,70000.0,0.33000001311302185,0,aluminum_rigid
case345,-1935.22900390625,558.6876220703125,293.05108642578125,-180.44699096679688,-49.00856018066406,1854.179443359375,1863.583740234375,1.1183414459228516,0.011183414608240128,5.820967271574773e-05,5.75849723815918,195.19473266601562,70000.0,0.33000001311302185,0,aluminum_rigid
case346,-2602.43017578125,468.943115234375,297.402587890625,11.403903007507324,-500.4681701660156,2323.3134765625,2376.633056640625,0.7583730816841125,0.0075837308540940285,3.947331788367592e-05,12.159468650817871,271.3053283691406,210000.0,0.30000001192092896,2,steel_rigid
case347,-1925.5372314453125,551.8954467773438,291.5961608886719,487.1431579589844,95.75811767578125,3472.801513671875,3508.10888671875,0.8122866749763489,0.008122866973280907,4.227952376822941e-05,8.13577938079834,11.120885848999023,70000.0,0.33000001311302185,0,aluminum_rigid
case348,-1807.9742431640625,292.5926513671875,299.9258117675781,133.28732299804688,526.7396850585938,2446.12939453125,2505.747314453125,0.9250218272209167,0.00925021804869175,4.814738713321276e-05,12.523392677307129,75.7998275756836,210000.0,0.30000001192092896,2,steel_rigid
case349,-2061.41357421875,398.25848388671875,294.6250305175781,-248.6411590576172,-219.0512237548828,4954.42626953125,4965.49560546875,1.072650671005249,0.0107265068218112,5.583146776189096e-05,3.826446771621704,221.3798370361328,110000.0,0.3400000035762787,1,titanium_rigid
case350,-1753.9912109375,329.0535583496094,299.0512390136719,-68.87189483642578,-215.0569610595703,2342.986328125,2353.84326171875,0.9318980574607849,0.009318980388343334,4.850529148825444e-05,5.505136489868164,252.2423553466797,110000.0,0.3400000035762787,1,titanium_rigid
case351,-2009.6925048828125,525.5248413085938,288.7352294921875,77.45295715332031,-209.4038543701172,2568.65283203125,2578.337890625,0.8649457693099976,0.00864945724606514,4.5020427933195606e-05,4.967695713043213,290.298095703125,70000.0,0.33000001311302185,0,aluminum_rigid
case352,-2122.942138671875,419.4493408203125,295.99993896484375,116.13836669921875,81.29450988769531,3280.18359375,3283.24560546875,0.7611625790596008,0.007611625827848911,3.9618513255845755e-05,2.474679708480835,34.99124526977539,70000.0,0.33000001311302185,0,aluminum_rigid
case353,-2383.9013671875,419.25372314453125,297.84588623046875,-266.5616149902344,57.33898162841797,4947.50146484375,4955.0087890625,0.9427135586738586,0.009427135810256004,4.9068243242800236e-05,3.1544032096862793,167.86032104492188,110000.0,0.3400000035762787,1,titanium_rigid
case354,-2096.636474609375,243.18145751953125,313.0682373046875,-199.65513610839844,327.97479248046875,2206.66064453125,2239.817138671875,1.2130749225616455,0.012130748480558395,6.314054917311296e-05,9.870811462402344,121.33102416992188,110000.0,0.3400000035762787,1,titanium_rigid
case355,-2338.676513671875,480.9440002441406,289.55517578125,387.5451354980469,-167.37322998046875,1922.397216796875,1968.2012939453125,1.0162042379379272,0.010162042453885078,5.289343243930489e-05,12.385128021240234,336.64141845703125,110000.0,0.3400000035762787,1,titanium_rigid
case356,-2000.0145263671875,348.5965881347656,289.9793395996094,-162.60025024414062,-363.3298645019531,5103.8818359375,5119.38037109375,0.926778256893158,0.009267782792448997,4.8238809540634975e-05,4.459502696990967,245.89015197753906,110000.0,0.3400000035762787,1,titanium_rigid
case357,-2655.35302734375,457.79644775390625,298.7636413574219,889.9398193359375,-560.6723022460938,4511.10498046875,4632.10693359375,1.0053189992904663,0.010053189471364021,5.2326853619888425e-05,13.124853134155273,327.7886047363281,110000.0,0.3400000035762787,1,titanium_rigid
case358,-2198.656005859375,274.10821533203125,313.45672607421875,195.00979614257812,-25.7647762298584,2638.3525390625,2645.675048828125,1.2494629621505737,0.012494630180299282,6.503454642370343e-05,4.263843536376953,352.4736633300781,70000.0,0.33000001311302185,0,aluminum_rigid
case359,-2642.563232421875,234.98281860351562,319.82257080078125,316.5262145996094,-930.531982421875,4512.15625,4617.96826171875,0.9037490487098694,0.00903749093413353,4.704013917944394e-05,12.288893699645996,288.7860412597656,110000.0,0.3400000035762787,1,titanium_rigid
case360,-1829.5050048828125,516.99072265625,297.4874267578125,114.7706069946289,406.9034729003906,2881.743896484375,2912.591796875,0.8568807244300842,0.008568807505071163,4.460064155864529e-05,8.346304893493652,74.24844360351562,210000.0,0.30000001192092896,2,steel_rigid
case361,-2043.5147705078125,298.1171875,310.9106140136719,30.704551696777344,-29.030113220214844,2566.81396484375,2567.161865234375,0.9006074666976929,0.009006074629724026,4.6876615670043975e-05,0.943128764629364,316.60565185546875,70000.0,0.33000001311302185,0,aluminum_rigid
case362,-2501.773681640625,296.2056579589844,312.5138854980469,-1.3601638078689575,65.40772247314453,3187.82958984375,3188.500732421875,1.0501123666763306,0.01050112396478653,5.4658346925862134e-05,1.1756808757781982,91.19129943847656,110000.0,0.3400000035762787,1,titanium_rigid
case363,-1988.10205078125,449.41876220703125,289.27459716796875,-274.0401306152344,431.7079162597656,3430.767822265625,3468.6650390625,0.8690464496612549,0.008690464310348034,4.523386451182887e-05,8.477282524108887,122.4066162109375,70000.0,0.33000001311302185,0,aluminum_rigid
case364,-2664.07861328125,457.28546142578125,299.0179443359375,-10.864479064941406,6.074228763580322,2188.22265625,2188.258056640625,1.0848233699798584,0.010848233476281166,5.646505451295525e-05,0.3259107172489166,150.7908477783203,210000.0,0.30000001192092896,2,steel_rigid
case365,-2635.33349609375,328.2244873046875,310.7333984375,-6.446167945861816,-13.006200790405273,4535.63525390625,4535.65869140625,0.7549406290054321,0.007549406494945288,3.929466038243845e-05,0.18337073922157288,243.6359405517578,210000.0,0.30000001192092896,2,steel_rigid
case366,-2000.1092529296875,525.3480834960938,288.8660888671875,289.8787841796875,160.5404815673828,3444.60791015625,3460.509521484375,1.2214078903198242,0.012214078567922115,6.357427628245205e-05,5.494846343994141,28.978530883789062,210000.0,0.30000001192092896,2,steel_rigid
case367,-1902.22021484375,493.1039733886719,293.5628356933594,-20.30846405029297,25.62830924987793,2782.433837890625,2782.6259765625,1.1107455492019653,0.01110745593905449,5.781430809292942e-05,0.6733117699623108,128.3941192626953,70000.0,0.33000001311302185,0,aluminum_rigid
case368,-2678.1005859375,268.583984375,320.8567810058594,814.1369018554688,11.586273193359375,4578.3720703125,4650.208984375,0.7760212421417236,0.007760212756693363,4.0391907532466576e-05,10.084074020385742,0.8153417110443115,110000.0,0.3400000035762787,1,titanium_rigid
case369,-2272.010009765625,527.9862670898438,296.4937438964844,204.92266845703125,-101.0701675415039,3516.89794921875,3524.3125,1.1279549598693848,0.01127955038100481,5.871005851076916e-05,3.717264413833618,333.7469787597656,110000.0,0.3400000035762787,1,titanium_rigid
case370,-2344.09912109375,250.0530242919922,310.4279479980469,-257.80426025390625,377.1781311035156,1923.5809326171875,1977.09130859375,0.8758304715156555,0.00875830464065075,4.558697764878161e-05,13.360651969909668,124.35291290283203,70000.0,0.33000001311302185,0,aluminum_rigid
case371,-2405.97900390625,586.3690795898438,291.1601257324219,759.7992553710938,-123.12702178955078,3252.648193359375,3342.48046875,1.1867542266845703,0.011867542751133442,6.177055911393836e-05,13.313639640808105,350.7951354980469,210000.0,0.30000001192092896,2,steel_rigid
case372,-2424.939208984375,500.29290771484375,291.72930908203125,154.04458618164062,-84.09452819824219,1905.828125,1913.8919677734375,1.1948692798614502,0.011948693543672562,6.219295028131455e-05,5.261415004730225,331.3694152832031,70000.0,0.33000001311302185,0,aluminum_rigid
case373,-2503.404541015625,263.4947814941406,314.9154968261719,410.16998291015625,-187.82489013671875,4924.6689453125,4945.2890625,0.824519693851471,0.008245197124779224,4.2916250095004216e-05,5.234029293060303,335.3960266113281,210000.0,0.30000001192092896,2,steel_rigid
case374,-1968.6287841796875,605.748779296875,289.215576171875,10.517049789428711,-11.148921966552734,3229.904296875,3229.940673828125,0.8019681572914124,0.00801968201994896,4.1742441680980846e-05,0.2718801498413086,313.3294982910156,70000.0,0.33000001311302185,0,aluminum_rigid
case375,-1814.1209716796875,471.5101623535156,289.3278503417969,-622.7786254882812,222.6448211669922,3583.156982421875,3643.684814453125,0.7512320280075073,0.007512320298701525,3.910162558895536e-05,10.457966804504395,160.32791137695312,210000.0,0.30000001192092896,2,steel_rigid
case376,-2545.62841796875,224.46075439453125,315.8033142089844,78.1619873046875,14.818629264831543,3256.298828125,3257.270263671875,1.0870670080184937,0.010870669968426228,5.658183363266289e-05,1.399509072303772,10.735220909118652,110000.0,0.3400000035762787,1,titanium_rigid
case377,-1865.85595703125,382.48388671875,288.8402404785156,-229.86781311035156,-357.65081787109375,4326.625,4347.46337890625,0.9968940019607544,0.009968940168619156,5.188833165448159e-05,5.612088203430176,237.2705078125,110000.0,0.3400000035762787,1,titanium_rigid
case378,-2470.599853515625,390.8607482910156,295.7520751953125,-37.18461990356445,-126.14571380615234,5155.44091796875,5157.1181640625,0.90547114610672,0.00905471108853817,4.7129771701293066e-05,1.4612630605697632,253.57579040527344,110000.0,0.3400000035762787,1,titanium_rigid
case379,-2214.697021484375,253.43157958984375,313.5248718261719,27.434837341308594,-64.74131774902344,3574.134521484375,3574.826171875,0.9029639363288879,0.009029639884829521,4.699927376350388e-05,1.127040982246399,292.96533203125,70000.0,0.33000001311302185,0,aluminum_rigid
case380,-2649.669921875,584.4855346679688,299.347412109375,485.5176086425781,443.7898254394531,3368.30712890625,3431.933837890625,0.971316933631897,0.009713169187307358,5.055704605183564e-05,11.049969673156738,42.42903137207031,210000.0,0.30000001192092896,2,steel_rigid
case381,-2173.1728515625,504.0182800292969,295.0110778808594,274.5779724121094,-94.62332916259766,4311.93310546875,4321.70263671875,1.1142010688781738,0.011142010800540447,5.799416612717323e-05,3.853266716003418,340.9853515625,110000.0,0.3400000035762787,1,titanium_rigid
case382,-2412.0341796875,369.32427978515625,292.0240478515625,169.56297302246094,1136.3560791015625,4670.70556640625,4809.94287109375,1.1173039674758911,0.011173039674758911,5.815567055833526e-05,13.819686889648438,81.51314544677734,110000.0,0.3400000035762787,1,titanium_rigid
case383,-2211.540771484375,447.20098876953125,289.0662536621094,135.5876922607422,768.7107543945312,3689.341796875,3771.013671875,1.142775058746338,0.011427749879658222,5.948143734713085e-05,11.946246147155762,79.99687194824219,70000.0,0.33000001311302185,0,aluminum_rigid
case384,-2293.750732421875,299.8555603027344,310.19073486328125,-667.50537109375,-82.81246948242188,3492.569091796875,3556.74853515625,1.0291048288345337,0.010291047394275665,5.356490146368742e-05,10.900948524475098,187.07212829589844,210000.0,0.30000001192092896,2,steel_rigid
case385,-1836.424560546875,412.5423278808594,297.88311767578125,517.5098876953125,134.8556365966797,2824.45361328125,2874.637451171875,1.2385271787643433,0.012385272420942783,6.446534098358825e-05,10.721660614013672,14.605640411376953,210000.0,0.30000001192092896,2,steel_rigid
case386,-2083.916259765625,307.46636962890625,311.85693359375,-789.459228515625,115.49309539794922,4329.50244140625,4402.40576171875,1.247056007385254,0.012470560148358345,6.490926898550242e-05,10.441604614257812,171.67701721191406,210000.0,0.30000001192092896,2,steel_rigid
case387,-2451.139404296875,587.2554931640625,292.1358947753906,-73.9757080078125,233.1648406982422,2402.900146484375,2415.3193359375,1.1954971551895142,0.011954971589148045,6.222562660695985e-05,5.812765121459961,107.6025619506836,70000.0,0.33000001311302185,0,aluminum_rigid
case388,-1993.033203125,245.29310607910156,310.0990295410156,-205.90423583984375,119.9396743774414,1767.134765625,1783.1285400390625,0.9514601230621338,0.009514601901173592,4.952349991071969e-05,7.679745197296143,149.77911376953125,110000.0,0.3400000035762787,1,titanium_rigid
case389,-1664.9830322265625,420.906494140625,294.78485107421875,-814.6289672851562,-54.170047760009766,4909.5615234375,4976.98193359375,1.132002353668213,0.01132002379745245,5.892072294955142e-05,9.441515922546387,183.8043670654297,210000.0,0.30000001192092896,2,steel_rigid
case390,-1958.4747314453125,437.3287353515625,289.5201110839844,661.8690185546875,-495.046142578125,4605.5029296875,4679.0810546875,0.8214098215103149,0.008214098401367664,4.275438186596148e-05,10.174242973327637,323.2052917480469,70000.0,0.33000001311302185,0,aluminum_rigid
case391,-2150.31689453125,249.26593017578125,314.65423583984375,-590.9591064453125,-532.430419921875,3426.367919921875,3517.486572265625,1.1708928346633911,0.011708928272128105,6.0944974393351004e-05,13.069745063781738,222.017578125,210000.0,0.30000001192092896,2,steel_rigid
case392,-2143.595458984375,551.6803588867188,292.1152648925781,-130.9478759765625,-596.4229125976562,4220.5048828125,4264.44921875,1.1397570371627808,0.011397570371627808,5.932435306021944e-05,8.232513427734375,257.61688232421875,70000.0,0.33000001311302185,0,aluminum_rigid
case393,-2172.717041015625,447.3815612792969,289.1358642578125,339.1166687011719,-29.368247985839844,4498.01220703125,4510.873046875,1.0961822271347046,0.010961822234094143,5.705628791474737e-05,4.3275957107543945,355.0504150390625,70000.0,0.33000001311302185,0,aluminum_rigid
case394,-2646.6689453125,518.3927612304688,298.1649169921875,-21.05539321899414,-53.49285125732422,1997.749267578125,1998.5762939453125,1.070367455482483,0.0107036754488945,5.5712629546178505e-05,1.648296594619751,248.51483154296875,210000.0,0.30000001192092896,2,steel_rigid
case395,-2566.42919921875,280.35516357421875,316.596435546875,343.6773681640625,-404.2409973144531,2482.50244140625,2538.571044921875,0.8743947148323059,0.008743947371840477,4.5512246288126335e-05,12.064398765563965,310.3705139160156,110000.0,0.3400000035762787,1,titanium_rigid
case396,-1718.2542724609375,320.7745666503906,301.21221923828125,130.31118774414062,97.94892120361328,5030.447265625,5033.087890625,1.198803186416626,0.011988031677901745,6.239770300453529e-05,1.8560971021652222,36.93049621582031,70000.0,0.33000001311302185,0,aluminum_rigid
case397,-2291.02490234375,547.61962890625,293.60235595703125,-494.5776672363281,-265.9840393066406,2844.719970703125,2899.6181640625,1.054215669631958,0.010542156174778938,5.4871925385668874e-05,11.166945457458496,208.27137756347656,70000.0,0.33000001311302185,0,aluminum_rigid
case398,-1673.499755859375,428.25958251953125,290.67095947265625,-116.29283142089844,-436.3349914550781,3594.6474609375,3622.89990234375,0.9852118492126465,0.009852118790149689,5.1280276238685474e-05,7.160097599029541,255.07632446289062,110000.0,0.3400000035762787,1,titanium_rigid
case399,-1927.2674560546875,250.12147521972656,308.1642150878906,-307.7027893066406,-259.6418151855469,1750.9459228515625,1796.6375732421875,0.807248592376709,0.008072486147284508,4.201728734187782e-05,12.949422836303711,220.1579132080078,110000.0,0.3400000035762787,1,titanium_rigid
case400,-2644.78466796875,309.8636474609375,318.7994689941406,693.4649047851562,-119.46923828125,3004.3935546875,3085.700439453125,1.2035181522369385,0.012035181745886803,6.26431210548617e-05,13.182040214538574,350.22509765625,210000.0,0.30000001192092896,2,steel_rigid
case401,-2153.648681640625,320.354248046875,312.68798828125,-422.4776306152344,569.9021606445312,3275.74462890625,3351.682861328125,0.8531873226165771,0.008531873114407063,4.4408399844542146e-05,12.219687461853027,126.55013275146484,210000.0,0.30000001192092896,2,steel_rigid
case402,-2582.71142578125,397.1761169433594,302.89422607421875,323.4392395019531,-852.4202270507812,3865.624267578125,3971.685302734375,0.9988775253295898,0.009988775476813316,5.199157749302685e-05,13.270869255065918,290.778564453125,110000.0,0.3400000035762787,1,titanium_rigid
case403,-1761.5352783203125,350.91650390625,289.0993347167969,272.92144775390625,478.21063232421875,2140.26416015625,2209.955322265625,1.0968742370605469,0.010968741960823536,5.709230026695877e-05,14.427213668823242,60.28599548339844,70000.0,0.33000001311302185,0,aluminum_rigid
case404,-1925.8175048828125,545.286865234375,291.52105712890625,236.95516967773438,-520.3908081054688,4339.36572265625,4376.87646484375,1.0661786794662476,0.01066178735345602,5.549460183829069e-05,7.5066304206848145,294.4817199707031,110000.0,0.3400000035762787,1,titanium_rigid
case405,-2344.115478515625,239.96270751953125,310.46319580078125,310.81268310546875,-272.89495849609375,2577.90283203125,2610.873291015625,1.1465117931365967,0.011465118266642094,5.96759382460732e-05,9.115178108215332,318.7167053222656,70000.0,0.33000001311302185,0,aluminum_rigid
case406,-2646.460205078125,561.1659545898438,298.4315185546875,-309.430908203125,-388.1666564941406,4223.7421875,4252.81298828125,0.7983985543251038,0.007983985356986523,4.1556646465323865e-05,6.703107833862305,231.43954467773438,70000.0,0.33000001311302185,0,aluminum_rigid
case407,-2371.4853515625,522.2420654296875,290.2784118652344,20.718460083007812,-366.10186767578125,4413.44970703125,4428.65673828125,0.8283694386482239,0.00828369427472353,4.311662996769883e-05,4.749461650848389,273.2390441894531,110000.0,0.3400000035762787,1,titanium_rigid
case408,-2551.4423828125,425.83380126953125,298.7923889160156,-296.5790710449219,286.6708068847656,1851.2752685546875,1896.6705322265625,0.9681443572044373,0.009681443683803082,5.039191455580294e-05,12.56080150604248,135.97325134277344,210000.0,0.30000001192092896,2,steel_rigid
case409,-1916.9090576171875,261.6817321777344,307.8630676269531,-216.55072021484375,10.286612510681152,2807.186279296875,2815.54541015625,1.190384030342102,0.011903840117156506,6.195948662934825e-05,4.416103363037109,177.28038024902344,110000.0,0.3400000035762787,1,titanium_rigid
case410,-2329.11572265625,512.1188354492188,289.39599609375,-176.92306518554688,-399.963623046875,3650.02490234375,3676.133056640625,1.2272467613220215,0.012272467836737633,6.387819303199649e-05,6.832626819610596,246.1378936767578,110000.0,0.3400000035762787,1,titanium_rigid
case411,-1972.10302734375,245.90109252929688,309.4666442871094,-344.33270263671875,339.24664306640625,2197.641845703125,2250.174072265625,0.7524017095565796,0.0075240167789161205,3.916250716429204e-05,12.404826164245605,135.42630004882812,110000.0,0.3400000035762787,1,titanium_rigid
case412,-1706.5758056640625,363.37628173828125,288.7211608886719,38.41300964355469,24.026086807250977,1927.661376953125,1928.1937255859375,1.0278185606002808,0.010278184898197651,5.349795537767932e-05,1.3464386463165283,32.02463912963867,210000.0,0.30000001192092896,2,steel_rigid
case413,-2239.37451171875,469.7292175292969,289.0671691894531,83.38893127441406,-270.45867919921875,3569.198974609375,3580.402587890625,0.8226715922355652,0.008226715959608555,4.2820058297365904e-05,4.533824920654297,287.13580322265625,110000.0,0.3400000035762787,1,titanium_rigid
case414,-2050.419677734375,370.2412109375,289.04742431640625,410.6009521484375,-2.491680383682251,2439.56298828125,2473.876953125,1.2093429565429688,0.012093429453670979,6.29463029326871e-05,9.554038047790527,359.6523132324219,210000.0,0.30000001192092896,2,steel_rigid
case415,-2259.400634765625,561.3055419921875,286.3035888671875,-593.3565673828125,428.5676574707031,4051.9755859375,4117.5537109375,0.7820230722427368,0.007820230908691883,4.070430077263154e-05,10.239423751831055,144.16029357910156,210000.0,0.30000001192092896,2,steel_rigid
case416,-1820.6798095703125,505.66998291015625,296.7488098144531,-100.52084350585938,112.58418273925781,2287.02587890625,2292.000732421875,1.012264370918274,0.01012264285236597,5.268835957394913e-05,3.775684356689453,131.7600860595703,210000.0,0.30000001192092896,2,steel_rigid
case417,-1773.2110595703125,483.0654602050781,292.1830139160156,-79.5123062133789,-46.62852478027344,2012.6494140625,2014.759033203125,0.8399320244789124,0.00839931983500719,4.371846080175601e-05,2.622220993041992,210.38870239257812,110000.0,0.3400000035762787,1,titanium_rigid
case418,-1736.342041015625,310.28961181640625,302.1816101074219,148.8116455078125,-900.2266235351562,4982.560546875,5065.41796875,0.9358487725257874,0.009358487091958523,4.87109282403253e-05,10.377442359924316,279.3863830566406,210000.0,0.30000001192092896,2,steel_rigid
case419,-1849.3504638671875,518.1353149414062,297.24578857421875,151.7158660888672,-152.55516052246094,2147.8779296875,2158.626953125,1.1082570552825928,0.011082570068538189,5.768477785750292e-05,5.720236778259277,314.8419494628906,110000.0,0.3400000035762787,1,titanium_rigid
case420,-1886.666259765625,538.0764770507812,292.9443359375,-51.39079666137695,127.6758804321289,2796.11376953125,2799.4990234375,0.9633214473724365,0.009633214212954044,5.014088310417719e-05,2.817941665649414,111.9252700805664,210000.0,0.30000001192092896,2,steel_rigid
case421,-2258.462646484375,469.75860595703125,289.0712890625,-125.70478057861328,223.2825927734375,3206.666748046875,3216.88818359375,1.0263766050338745,0.010263766162097454,5.3422903874889016e-05,4.568639278411865,119.37886810302734,70000.0,0.33000001311302185,0,aluminum_rigid
case422,-1823.9544677734375,471.47515869140625,289.3807373046875,-402.6822509765625,-442.7203369140625,2899.804931640625,2960.915771484375,1.2162806987762451,0.01216280646622181,6.330740870907903e-05,11.660951614379883,227.71148681640625,70000.0,0.33000001311302185,0,aluminum_rigid
case423,-2658.495361328125,345.9023132324219,300.4300842285156,339.90142822265625,53.03574752807617,4482.244140625,4495.42626953125,0.978348970413208,0.009783489629626274,5.092306309961714e-05,4.388871669769287,8.868507385253906,110000.0,0.3400000035762787,1,titanium_rigid
case424,-2712.077392578125,301.13995361328125,321.5826110839844,133.5343475341797,243.3126220703125,4870.56982421875,4878.4716796875,0.8885495066642761,0.008885495364665985,4.6249002480180934e-05,3.261446714401245,61.24122619628906,210000.0,0.30000001192092896,2,steel_rigid
case425,-2555.117919921875,290.7406005859375,315.9941101074219,-494.47332763671875,-357.7054138183594,2635.90087890625,2705.62939453125,0.8903236389160156,0.008903236128389835,4.634134529624134e-05,13.03604507446289,215.88223266601562,210000.0,0.30000001192092896,2,steel_rigid
case426,-2081.8193359375,412.41485595703125,298.1299743652344,-330.6770324707031,-245.95492553710938,5093.6064453125,5110.2509765625,0.9581736922264099,0.009581736288964748,4.987293868907727e-05,4.625659942626953,216.64157104492188,210000.0,0.30000001192092896,2,steel_rigid
case427,-2450.5859375,335.7109680175781,298.65216064453125,1127.6990966796875,99.34522247314453,4724.265625,4858.009765625,1.2138936519622803,0.012138936668634415,6.318316445685923e-05,13.475582122802734,5.03450345993042,210000.0,0.30000001192092896,2,steel_rigid
case428,-1990.7362060546875,524.4649658203125,288.9930114746094,-155.8909149169922,-439.88214111328125,4010.52880859375,4037.5908203125,1.1698389053344727,0.011698389425873756,6.089011731091887e-05,6.637420654296875,250.48605346679688,110000.0,0.3400000035762787,1,titanium_rigid
case429,-1942.603515625,489.9510803222656,291.60247802734375,97.66746520996094,482.0544738769531,2836.792724609375,2879.115966796875,0.8667258620262146,0.00866725854575634,4.5113083615433425e-05,9.836275100708008,78.5465316772461,70000.0,0.33000001311302185,0,aluminum_rigid
case430,-1980.2049560546875,349.0268859863281,289.8144836425781,-205.16566467285156,-207.3083953857422,2182.417724609375,2201.8212890625,1.1968456506729126,0.011968456208705902,6.229581049410626e-05,7.612133979797363,225.29763793945312,110000.0,0.3400000035762787,1,titanium_rigid
case431,-2343.27294921875,356.84759521484375,290.0294494628906,-309.650634765625,-434.54791259765625,4279.6025390625,4312.73828125,1.009622573852539,0.010096224956214428,5.2550851250998676e-05,7.107048511505127,234.52703857421875,70000.0,0.33000001311302185,0,aluminum_rigid
case432,-2110.77001953125,484.1085510253906,289.124267578125,-643.2825317382812,-369.1100769042969,3792.5166015625,3864.354736328125,1.2233636379241943,0.01223363634198904,6.367607420543209e-05,11.065001487731934,209.84683227539062,110000.0,0.3400000035762787,1,titanium_rigid
case433,-2212.641845703125,519.3565063476562,297.4444580078125,355.0995788574219,-79.96572875976562,2830.819580078125,2854.125,0.8369183540344238,0.008369183167815208,4.356159843155183e-05,7.326995372772217,347.3091125488281,70000.0,0.33000001311302185,0,aluminum_rigid
case434,-2108.436279296875,570.9367065429688,284.211181640625,221.24420166015625,146.83328247070312,3892.17822265625,3901.2255859375,0.8515698909759521,0.008515698835253716,4.4324213376967236e-05,3.9028313159942627,33.57106018066406,210000.0,0.30000001192092896,2,steel_rigid
case435,-2070.54296875,448.0893859863281,289.00457763671875,-369.9172058105469,-536.3153076171875,2769.86376953125,2845.45556640625,0.7738933563232422,0.007738933898508549,4.028114926768467e-05,13.2362699508667,235.40447998046875,110000.0,0.3400000035762787,1,titanium_rigid
case436,-1813.1177978515625,483.3107604980469,292.27191162109375,1036.876220703125,-435.4585876464844,4628.201171875,4762.87548828125,0.79057776927948,0.007905777543783188,4.114957118872553e-05,13.657588958740234,337.2189636230469,110000.0,0.3400000035762787,1,titanium_rigid
case437,-2666.020263671875,257.41204833984375,320.73858642578125,-6.151422023773193,-7.336180210113525,5142.6396484375,5142.64892578125,0.9744495153427124,0.009744495153427124,5.072010026196949e-05,0.1066657230257988,230.02000427246094,110000.0,0.3400000035762787,1,titanium_rigid
case438,-2362.21435546875,584.5565795898438,289.8236083984375,128.96749877929688,-37.841796875,3980.45703125,3982.7255859375,0.7793704867362976,0.007793704979121685,4.05662358389236e-05,1.9339226484298706,343.6471862792969,110000.0,0.3400000035762787,1,titanium_rigid
case439,-2498.610595703125,469.650146484375,294.1880798339844,-302.9521484375,774.7744750976562,4659.45849609375,4733.1396484375,1.2189052104949951,0.012189052067697048,6.344401481328532e-05,10.12291431427002,111.35648345947266,110000.0,0.3400000035762787,1,titanium_rigid
case440,-1950.3179931640625,269.29156494140625,308.7135009765625,297.7690734863281,126.27349853515625,2870.4775390625,2888.64208984375,1.1042481660842896,0.01104248221963644,5.747611794504337e-05,6.428802967071533,22.98011016845703,110000.0,0.3400000035762787,1,titanium_rigid
case441,-2450.977294921875,540.4763793945312,292.3621520996094,102.85540771484375,60.40044403076172,3760.16943359375,3762.060791015625,1.2308752536773682,0.012308752164244652,6.406705506378785e-05,1.816908836364746,30.42300796508789,70000.0,0.33000001311302185,0,aluminum_rigid
case442,-2319.411865234375,522.7964477539062,290.9243469238281,154.2345428466797,122.72042083740234,3097.593017578125,3103.857421875,1.0627334117889404,0.010627334006130695,5.531527494895272e-05,3.640833616256714,38.50835418701172,110000.0,0.3400000035762787,1,titanium_rigid
case443,-2665.680419921875,246.39447021484375,320.6876220703125,330.2574768066406,-252.7476806640625,1989.4613037109375,2032.4635009765625,0.9803597927093506,0.009803597815334797,5.102772774989717e-05,11.807012557983398,322.572998046875,110000.0,0.3400000035762787,1,titanium_rigid
case444,-2139.68603515625,251.82025146484375,314.44464111328125,-196.9181365966797,58.803958892822266,1841.2431640625,1852.6767578125,0.843589723110199,0.008435896597802639,4.390884350868873e-05,6.368720054626465,163.3732452392578,210000.0,0.30000001192092896,2,steel_rigid
case445,-2637.52783203125,507.9681396484375,298.4173889160156,-608.9249877929688,24.84836196899414,3822.824462890625,3871.097412109375,1.1822736263275146,0.011822735890746117,6.153734284453094e-05,9.057828903198242,177.66323852539062,110000.0,0.3400000035762787,1,titanium_rigid
case446,-2323.387939453125,368.77886962890625,289.413330078125,-607.0852661132812,525.8685302734375,4263.83447265625,4338.82177734375,0.8958788514137268,0.008958788588643074,4.66304954898078e-05,10.667757987976074,139.10028076171875,70000.0,0.33000001311302185,0,aluminum_rigid
case447,-2439.73095703125,586.8077392578125,291.9079284667969,-137.79444885253906,-842.855224609375,5093.02197265625,5164.1328125,0.9899159669876099,0.009899159893393517,5.1525126764317974e-05,9.519314765930176,260.7151184082031,70000.0,0.33000001311302185,0,aluminum_rigid
case448,-2430.976318359375,281.8115234375,312.5577392578125,840.0175170898438,-231.62742614746094,4674.68212890625,4755.20068359375,0.871396005153656,0.008713959716260433,4.535616244538687e-05,10.558833122253418,344.58428955078125,210000.0,0.30000001192092896,2,steel_rigid
case449,-2401.864013671875,291.3236389160156,311.4156799316406,419.5850830078125,-862.6296997070312,3932.1484375,4047.46484375,1.1658769845962524,0.01165877003222704,6.0683898482238874e-05,13.709716796875,295.9383850097656,70000.0,0.33000001311302185,0,aluminum_rigid
case450,-2566.27099609375,235.45468139648438,316.80859375,57.53609085083008,-28.814491271972656,3024.323974609375,3025.00830078125,1.1735296249389648,0.011735295876860619,6.108221714384854e-05,1.218889832496643,333.39794921875,70000.0,0.33000001311302185,0,aluminum_rigid
case451,-1928.956787109375,427.62677001953125,291.5033874511719,-101.39632415771484,-242.69500732421875,3680.92919921875,3690.314453125,0.9687637686729431,0.009687637910246849,5.042415432399139e-05,4.087186336517334,247.32516479492188,110000.0,0.3400000035762787,1,titanium_rigid
case452,-1978.8258056640625,595.6172485351562,288.8102722167969,873.5599975585938,44.2767448425293,3636.83349609375,3740.5380859375,1.0858709812164307,0.010858709923923016,5.651958781527355e-05,13.52315902709961,2.9015769958496094,110000.0,0.3400000035762787,1,titanium_rigid
case453,-2121.7509765625,560.872802734375,287.32501220703125,-432.53082275390625,105.67225646972656,3397.634033203125,3426.6845703125,0.8054872155189514,0.008054872043430805,4.192561027593911e-05,7.46593713760376,166.2709197998047,110000.0,0.3400000035762787,1,titanium_rigid
case454,-2471.512939453125,380.9291687011719,293.9375915527344,-31.20572280883789,71.51266479492188,2218.822998046875,2220.194580078125,1.1066341400146484,0.01106634084135294,5.760030762758106e-05,2.0139713287353516,113.57483673095703,110000.0,0.3400000035762787,1,titanium_rigid
case455,-2064.450927734375,265.5765075683594,312.1545104980469,8.741005897521973,23.440162658691406,2763.2890625,2763.40234375,1.1856671571731567,0.01185667235404253,6.171397399157286e-05,0.518702507019043,69.54914855957031,110000.0,0.3400000035762787,1,titanium_rigid
case456,-2363.0400390625,320.168212890625,307.6831359863281,-562.1773071289062,668.8997192382812,3858.55810546875,3956.25341796875,1.0406466722488403,0.010406467132270336,5.416566273197532e-05,12.75939655303955,130.04539489746094,210000.0,0.30000001192092896,2,steel_rigid
case457,-2182.06884765625,245.23268127441406,314.380126953125,40.701866149902344,-66.7196273803711,2140.146240234375,2141.57275390625,0.8934895992279053,0.008934895507991314,4.6506134822266176e-05,2.091419219970703,301.385009765625,110000.0,0.3400000035762787,1,titanium_rigid
case458,-1761.18896484375,392.1845703125,290.5256042480469,133.35166931152344,-33.419437408447266,5043.89111328125,5045.76416015625,0.9773245453834534,0.009773245081305504,5.0869741244241595e-05,1.5612586736679077,345.9307861328125,110000.0,0.3400000035762787,1,titanium_rigid
case459,-1944.5572509765625,501.4858093261719,292.3470153808594,1239.7603759765625,163.61634826660156,4927.80517578125,5083.99853515625,1.0369594097137451,0.01036959420889616,5.3973737522028387e-05,14.239155769348145,7.518115997314453,110000.0,0.3400000035762787,1,titanium_rigid
case460,-2211.951416015625,435.7857666015625,289.3929138183594,-1150.864990234375,-119.91130828857422,4593.78369140625,4737.26904296875,1.010242223739624,0.010102422907948494,5.258310920908116e-05,14.137727737426758,185.9483184814453,210000.0,0.30000001192092896,2,steel_rigid
case461,-1859.268310546875,518.7385864257812,297.08746337890625,229.0399169921875,258.708740234375,2727.66357421875,2749.46142578125,1.1544588804244995,0.011544588953256607,6.008958371239714e-05,7.219512939453125,48.48090362548828,110000.0,0.3400000035762787,1,titanium_rigid
case462,-1877.833251953125,530.1415405273438,295.8368225097656,38.87364196777344,57.8531379699707,3829.77783203125,3830.411865234375,1.060051679611206,0.010600516572594643,5.517568934010342e-05,1.0426448583602905,56.101402282714844,110000.0,0.3400000035762787,1,titanium_rigid
case463,-1953.302490234375,541.0948486328125,291.73358154296875,283.9490661621094,7.126572132110596,3842.438232421875,3852.92236328125,0.9294699430465698,0.009294699877500534,4.8378911742474884e-05,4.227695941925049,1.4377113580703735,210000.0,0.30000001192092896,2,steel_rigid
case464,-2449.00537109375,518.6635131835938,292.406982421875,-543.8790283203125,-160.88177490234375,3019.48974609375,3072.296630859375,0.8833269476890564,0.008833269588649273,4.597716542775743e-05,10.638360977172852,196.4784393310547,70000.0,0.33000001311302185,0,aluminum_rigid
case465,-1866.5140380859375,307.152587890625,305.51953125,125.97840881347656,550.141357421875,4985.24755859375,5017.0927734375,1.0136370658874512,0.010136370547115803,5.27598058397416e-05,6.458969593048096,77.10205841064453,70000.0,0.33000001311302185,0,aluminum_rigid
case466,-2470.84326171875,345.3345947265625,295.08843994140625,622.7332763671875,142.97801208496094,3113.765869140625,3178.64404296875,0.8979381918907166,0.008979381993412971,4.673768125940114e-05,11.59597110748291,12.930859565734863,70000.0,0.33000001311302185,0,aluminum_rigid
case467,-2069.855712890625,484.9726257324219,288.6096496582031,97.70275115966797,299.6679992675781,3229.640869140625,3244.98486328125,1.0041189193725586,0.010041188448667526,5.226438952377066e-05,5.574065208435059,71.94213104248047,70000.0,0.33000001311302185,0,aluminum_rigid
case468,-2481.493896484375,381.1828918457031,294.2080383300781,437.243408203125,-777.1924438476562,4273.42724609375,4365.47705078125,0.9103562831878662,0.00910356268286705,4.7384044592035934e-05,11.786894798278809,299.36181640625,110000.0,0.3400000035762787,1,titanium_rigid
case469,-2623.82568359375,390.2589416503906,300.0400390625,88.13773345947266,-770.561767578125,4737.93798828125,4800.9990234375,0.8780176639556885,0.008780176751315594,4.5700817281613126e-05,9.2966890335083,276.52520751953125,70000.0,0.33000001311302185,0,aluminum_rigid
case470,-2314.006103515625,270.08953857421875,310.3717346191406,-687.642822265625,-221.9234161376953,2744.8671875,2838.37939453125,0.7720528244972229,0.007720528170466423,4.018535037175752e-05,14.748115539550781,197.886474609375,210000.0,0.30000001192092896,2,steel_rigid
case471,-2353.617919921875,300.658203125,309.9449462890625,-492.4712829589844,-310.8431091308594,2374.331787109375,2444.709228515625,0.892005980014801,0.00892005953937769,4.642891144612804e-05,13.781228065490723,212.2597198486328,70000.0,0.33000001311302185,0,aluminum_rigid
case472,-1930.7362060546875,312.52850341796875,307.3701477050781,509.49798583984375,-475.865478515625,4092.76416015625,4151.71728515625,1.080057144165039,0.01080057118088007,5.621697346214205e-05,9.666997909545898,316.9548645019531,70000.0,0.33000001311302185,0,aluminum_rigid
case473,-1843.4248046875,428.25244140625,291.1421813964844,-42.40583419799805,-299.406005859375,1813.8541259765625,1838.8880615234375,1.0331625938415527,0.010331626050174236,5.377611523726955e-05,9.464937210083008,261.9386291503906,210000.0,0.30000001192092896,2,steel_rigid
case474,-1948.3055419921875,360.81378173828125,289.0147399902344,151.38380432128906,-91.67803955078125,3390.08203125,3394.69873046875,1.0945360660552979,0.01094536017626524,5.6970598961925134e-05,2.9884262084960938,328.8009033203125,70000.0,0.33000001311302185,0,aluminum_rigid
case475,-2087.34765625,330.40777587890625,299.9189147949219,291.190185546875,-382.28997802734375,1993.4888916015625,2050.593994140625,0.7550479769706726,0.007550479844212532,3.9300248317886144e-05,13.553388595581055,307.2965087890625,70000.0,0.33000001311302185,0,aluminum_rigid
case476,-1867.9510498046875,529.4463500976562,296.01953125,-265.9301452636719,-341.2167663574219,3172.70068359375,3202.058349609375,1.2057849168777466,0.012057849206030369,6.276110070757568e-05,7.764541149139404,232.06863403320312,70000.0,0.33000001311302185,0,aluminum_rigid
case477,-2383.471923828125,564.7144775390625,290.9607849121094,-224.05242919921875,477.09490966796875,1997.99365234375,2066.348876953125,1.123539686203003,0.01123539637774229,5.848024011356756e-05,14.778359413146973,115.15560150146484,70000.0,0.33000001311302185,0,aluminum_rigid
case478,-1794.4764404296875,259.55682373046875,304.3819274902344,144.98822021484375,139.3702850341797,2381.74951171875,2390.22509765625,0.9315193891525269,0.009315193630754948,4.848558455705643e-05,4.826513767242432,43.86818313598633,70000.0,0.33000001311302185,0,aluminum_rigid
case479,-2687.008544921875,542.7279663085938,299.2323303222656,381.98590087890625,157.61622619628906,2998.846923828125,3027.183349609375,0.7922878265380859,0.007922878488898277,4.1238581616198644e-05,7.845670700073242,22.422178268432617,210000.0,0.30000001192092896,2,steel_rigid
case480,-1706.125732421875,262.2496643066406,302.0427551269531,154.27102661132812,-18.17583656311035,3713.898681640625,3717.14599609375,0.9095175266265869,0.009095175191760063,4.7340388846350834e-05,2.3950653076171875,353.280517578125,210000.0,0.30000001192092896,2,steel_rigid
case481,-2220.691650390625,483.38311767578125,292.2557678222656,715.1797485351562,-141.7969207763672,4639.2109375,4696.154296875,0.9825079441070557,0.009825079701840878,5.113954102853313e-05,8.931581497192383,348.7855529785156,110000.0,0.3400000035762787,1,titanium_rigid
case482,-2440.006591796875,311.7529296875,312.1001892089844,-244.93978881835938,461.02197265625,4272.5908203125,4304.3662109375,0.9403725862503052,0.00940372608602047,4.8946392780635506e-05,6.966208457946777,117.9815902709961,70000.0,0.33000001311302185,0,aluminum_rigid
case483,-2668.318359375,328.2792663574219,311.7579650878906,-438.42144775390625,32.82371139526367,4071.3505859375,4095.019775390625,0.9880447387695312,0.009880447760224342,5.1427730795694515e-05,6.1632537841796875,175.71836853027344,110000.0,0.3400000035762787,1,titanium_rigid
case484,-2035.146728515625,319.4789123535156,307.77386474609375,267.0409240722656,144.27801513671875,2524.4111328125,2542.5927734375,1.2458497285842896,0.01245849672704935,6.484647747129202e-05,6.856085300445557,28.381654739379883,110000.0,0.3400000035762787,1,titanium_rigid
case485,-1925.3385009765625,559.4972534179688,293.4566955566406,3.941410541534424,927.1107177734375,4819.89208984375,4908.24951171875,0.9451969265937805,0.009451968595385551,4.91974969918374e-05,10.88801097869873,89.75642395019531,210000.0,0.30000001192092896,2,steel_rigid
case486,-2421.897705078125,369.294677734375,292.32183837890625,-3.3022921085357666,-19.12110137939453,1810.53857421875,1810.6424560546875,0.843011736869812,0.008430116809904575,4.387876106193289e-05,0.6140351295471191,260.2014465332031,210000.0,0.30000001192092896,2,steel_rigid
case487,-2438.37939453125,609.031005859375,291.8396301269531,-364.34295654296875,-248.64447021484375,4050.361328125,4074.309326171875,0.8834566473960876,0.008834566920995712,4.598391751642339e-05,6.2152485847473145,214.31143188476562,210000.0,0.30000001192092896,2,steel_rigid
case488,-2478.412353515625,411.80267333984375,303.0950012207031,-136.29006958007812,43.183311462402344,2400.439697265625,2404.693359375,1.00093412399292,0.010009340941905975,5.209862138144672e-05,3.408452272415161,162.4192657470703,210000.0,0.30000001192092896,2,steel_rigid
case489,-2189.4873046875,363.1086120605469,288.7813415527344,-222.40029907226562,168.94342041015625,1718.663818359375,1741.2091064453125,1.150147795677185,0.011501478962600231,5.9865196817554533e-05,9.230168342590332,142.7783660888672,210000.0,0.30000001192092896,2,steel_rigid
case490,-2449.474609375,609.6691284179688,291.9056091308594,-15.868932723999023,450.4201354980469,2255.55615234375,2300.144287109375,0.8881561160087585,0.00888156145811081,4.6228524297475815e-05,11.299878120422363,92.01777648925781,110000.0,0.3400000035762787,1,titanium_rigid
case491,-1988.416259765625,427.16949462890625,291.6559753417969,-1189.540771484375,-192.0070343017578,4846.21630859375,4993.76513671875,0.7631937265396118,0.0076319375075399876,3.972423291997984e-05,13.962592124938965,189.169189453125,210000.0,0.30000001192092896,2,steel_rigid
case492,-1946.459716796875,572.2058715820312,292.8598327636719,186.01658630371094,-374.70001220703125,2979.211669921875,3008.43896484375,0.8256093263626099,0.008256092667579651,4.297296254662797e-05,7.993056297302246,296.4017028808594,70000.0,0.33000001311302185,0,aluminum_rigid
case493,-2154.08056640625,530.864013671875,296.0575866699219,-27.42737579345703,4.652363300323486,1928.5770263671875,1928.7777099609375,1.0195295810699463,0.010195296257734299,5.306651655700989e-05,0.8264174461364746,170.3728485107422,110000.0,0.3400000035762787,1,titanium_rigid
case494,-2532.107177734375,371.18603515625,295.66680908203125,-125.57447814941406,94.99420166015625,3364.21533203125,3367.898193359375,0.965894341468811,0.009658943861722946,5.0274800742045045e-05,2.679694175720215,142.89334106445312,70000.0,0.33000001311302185,0,aluminum_rigid
case495,-1906.0347900390625,545.2877807617188,291.48638916015625,650.1837768554688,-560.8153076171875,3373.673828125,3481.224853515625,0.9181775450706482,0.009181776084005833,4.779114169650711e-05,14.279196739196777,319.2206115722656,210000.0,0.30000001192092896,2,steel_rigid
case496,-2702.28857421875,311.0154113769531,320.53350830078125,-299.74493408203125,103.74446105957031,4575.60791015625,4586.5888671875,0.8162528872489929,0.008162528276443481,4.248596087563783e-05,3.9655191898345947,160.90879821777344,210000.0,0.30000001192092896,2,steel_rigid
case497,-1860.6839599609375,256.42645263671875,306.33758544921875,136.76466369628906,-91.64420318603516,3441.2802734375,3445.216064453125,1.0907459259033203,0.010907459072768688,5.677332228515297e-05,2.7389376163482666,326.1744689941406,110000.0,0.3400000035762787,1,titanium_rigid
case498,-2185.498046875,600.21435546875,293.4132080078125,-159.69979858398438,868.932373046875,5002.5859375,5080.00146484375,0.7697544693946838,0.007697544526308775,4.006571907666512e-05,10.015496253967285,100.4140853881836,110000.0,0.3400000035762787,1,titanium_rigid
case499,-2461.111328125,610.5755615234375,292.1949157714844,22.347583770751953,185.38600158691406,1750.39697265625,1760.32861328125,1.17879056930542,0.011787905357778072,6.135604780865833e-05,6.089146137237549,83.12637329101562,110000.0,0.3400000035762787,1,titanium_rigid
case500,-2520.27392578125,418.692138671875,302.2415466308594,887.6646118164062,-284.04168701171875,4259.18017578125,4359.958984375,0.9485171437263489,0.009485171176493168,4.937031553708948e-05,12.343023300170898,342.2559814453125,210000.0,0.30000001192092896,2,steel_rigid
