case,impact_x,impact_y,impact_z,velocity_x,velocity_y,velocity_z,impact_speed,mass_ratio,impactor_mass,impactor_density,theta_deg,phi_deg,material_young_mpa,material_poisson,material_index,material_name
case001,-3896.531982421875,-104.26434326171875,495.4062805175781,-73.58867645263672,379.9566650390625,2482.023681640625,2512.015869140625,0.9300138354301453,0.009300137870013714,4.8407218855572864e-05,8.862654685974121,100.96113586425781,110000.0,0.3400000035762787,1,titanium_rigid
case002,-4065.555419921875,235.65065002441406,511.8289794921875,308.14642333984375,338.2621765136719,3600.698974609375,3629.65673828125,0.9665197730064392,0.009665197692811489,5.03073533764109e-05,7.242310047149658,47.667442321777344,70000.0,0.33000001311302185,0,aluminum_rigid
case003,-4002.35498046875,-397.8386535644531,629.9507446289062,-14.364598274230957,-7.419305801391602,3990.5087890625,3990.54150390625,0.8023204207420349,0.008023204281926155,4.176077709416859e-05,0.23213179409503937,207.3163299560547,210000.0,0.30000001192092896,2,steel_rigid
case004,-4077.923828125,-18.673095703125,492.4254150390625,-332.20587158203125,-37.1001091003418,3513.43115234375,3529.296630859375,1.058741807937622,0.01058741845190525,5.510751361725852e-05,5.434814453125,186.37228393554688,70000.0,0.33000001311302185,0,aluminum_rigid
case005,-4265.61962890625,144.7551727294922,516.9384155273438,-414.4775390625,-391.66571044921875,3075.234375,3127.660400390625,0.7833625674247742,0.007833625189960003,4.0774022636469454e-05,10.505341529846191,223.3791046142578,210000.0,0.30000001192092896,2,steel_rigid
case006,-4290.55029296875,264.62646484375,557.9864501953125,1072.7586669921875,-277.9145812988281,4895.0048828125,5018.87646484375,1.1738834381103516,0.011738833971321583,6.110063259257004e-05,12.756086349487305,345.4759521484375,110000.0,0.3400000035762787,1,titanium_rigid
case007,-3941.47802734375,-349.6348571777344,525.658935546875,308.89617919921875,45.290618896484375,2576.125,2594.9736328125,1.0171700716018677,0.010171701200306416,5.294370566844009e-05,6.909939289093018,8.341320991516113,210000.0,0.30000001192092896,2,steel_rigid
case008,-3739.91748046875,-343.5769958496094,630.1382446289062,-18.226991653442383,-1062.6790771484375,4435.5263671875,4561.0869140625,1.171004056930542,0.011710040271282196,6.095075877965428e-05,13.475078582763672,269.0173645019531,210000.0,0.30000001192092896,2,steel_rigid
case009,-3849.177734375,-263.4740905761719,508.395751953125,654.1281127929688,33.55195999145508,2584.97412109375,2666.66455078125,1.1766512393951416,0.01176651194691658,6.124469655333087e-05,14.218518257141113,2.9362785816192627,70000.0,0.33000001311302185,0,aluminum_rigid
case010,-3870.5986328125,283.07965087890625,509.5071716308594,104.0766372680664,-19.924381256103516,3249.7763671875,3251.503662109375,0.981879711151123,0.009818796999752522,5.1106839237036183e-05,1.8676025867462158,349.1624450683594,110000.0,0.3400000035762787,1,titanium_rigid
case011,-3805.171630859375,-254.55075073242188,508.0244140625,-16.19854164123535,-627.972900390625,2916.39501953125,2983.2822265625,1.243683934211731,0.012436839751899242,6.473375105997548e-05,12.15560245513916,268.52239990234375,210000.0,0.30000001192092896,2,steel_rigid
case012,-3886.6806640625,94.79559326171875,492.6376647949219,-217.12278747558594,418.2640686035156,2636.32666015625,2678.115966796875,0.868078887462616,0.008680788800120354,4.5183507609181106e-05,10.13496208190918,117.43402862548828,210000.0,0.30000001192092896,2,steel_rigid
case013,-4012.187255859375,240.077392578125,497.902587890625,92.03665161132812,256.9541015625,2536.9501953125,2551.590087890625,1.1690181493759155,0.011690180748701096,6.084739288780838e-05,6.140593528747559,70.29332733154297,70000.0,0.33000001311302185,0,aluminum_rigid
case014,-3762.9814453125,9.193787574768066,496.533935546875,-356.1598205566406,-325.7220458984375,2178.824951171875,2231.641357421875,1.1790659427642822,0.01179065927863121,6.137038144515827e-05,12.490213394165039,222.4441375732422,210000.0,0.30000001192092896,2,steel_rigid
case015,-4217.24169921875,-339.4040832519531,620.833984375,-185.15866088867188,526.2593383789062,2290.7685546875,2357.72216796875,0.7658461928367615,0.007658462040126324,3.986229421570897e-05,13.687087059020996,109.38387298583984,110000.0,0.3400000035762787,1,titanium_rigid
case016,-4116.2236328125,-84.35504150390625,501.2618103027344,-73.72631072998047,-162.91046142578125,2949.88623046875,2955.301025390625,0.8177282214164734,0.00817728228867054,4.256275133229792e-05,3.468919277191162,245.65052795410156,110000.0,0.3400000035762787,1,titanium_rigid
case017,-3731.6923828125,35.47283935546875,496.92462158203125,261.1552734375,207.36929321289062,2665.32421875,2686.1044921875,0.7668682932853699,0.007668683305382729,3.991549601778388e-05,7.131519794464111,38.45119094848633,110000.0,0.3400000035762787,1,titanium_rigid
case018,-3859.419677734375,387.5906982421875,632.216552734375,-498.4103088378906,332.51153564453125,2256.1796875,2334.37841796875,1.1255972385406494,0.011255973018705845,5.8587338571669534e-05,14.872099876403809,146.29100036621094,110000.0,0.3400000035762787,1,titanium_rigid
case019,-3703.9638671875,-368.9132995605469,626.401611328125,348.0250244140625,-34.423641204833984,2858.864013671875,2880.17529296875,0.951174795627594,0.009511747397482395,4.950864604325034e-05,6.974311351776123,354.3511657714844,70000.0,0.33000001311302185,0,aluminum_rigid
case020,-3785.53515625,-308.90484619140625,604.2123413085938,-437.6331787109375,-565.3898315429688,5086.22998046875,5136.236328125,0.846820592880249,0.0084682060405612,4.407700907904655e-05,8.001672744750977,232.25877380371094,70000.0,0.33000001311302185,0,aluminum_rigid
case021,-4038.632080078125,194.4554443359375,497.99517822265625,-59.04701232910156,251.9715576171875,3464.8857421875,3474.537109375,1.0413353443145752,0.010413353331387043,5.4201504099182785e-05,4.271578311920166,103.18870544433594,210000.0,0.30000001192092896,2,steel_rigid
case022,-4173.28271484375,-143.8104248046875,507.62481689453125,-199.28672790527344,154.06871032714844,2968.1748046875,2978.844482421875,1.0264670848846436,0.01026467140763998,5.342761141946539e-05,4.850848197937012,142.2923583984375,110000.0,0.3400000035762787,1,titanium_rigid
case023,-4089.88525390625,-241.1915740966797,517.781982421875,87.33721160888672,149.71585083007812,4735.42919921875,4738.60009765625,0.9736990332603455,0.009736990556120872,5.0681032007560134e-05,2.0962274074554443,59.742713928222656,210000.0,0.30000001192092896,2,steel_rigid
case024,-3782.500244140625,331.5234680175781,632.3655395507812,1157.51611328125,-134.83120727539062,5019.8447265625,5153.3349609375,1.0790934562683105,0.010790934786200523,5.616681664832868e-05,13.069549560546875,353.35595703125,70000.0,0.33000001311302185,0,aluminum_rigid
case025,-4037.25390625,-193.1217803955078,512.7984008789062,527.8922729492188,-186.31509399414062,2359.3662109375,2424.86962890625,1.2411110401153564,0.012411111034452915,6.459982978412881e-05,13.34774112701416,340.5599365234375,210000.0,0.30000001192092896,2,steel_rigid
case026,-3697.78955078125,195.61097717285156,536.718994140625,-19.131254196166992,49.963130950927734,3645.0283203125,3645.4208984375,1.1294862031936646,0.011294862255454063,5.878975571249612e-05,0.8409101366996765,110.95221710205078,210000.0,0.30000001192092896,2,steel_rigid
case027,-4138.0517578125,92.5673828125,497.4549865722656,62.946739196777344,366.413818359375,2441.149658203125,2469.298095703125,1.023630142211914,0.010236302390694618,5.3279953135643154e-05,8.659470558166504,80.25222778320312,70000.0,0.33000001311302185,0,aluminum_rigid
case028,-3674.621337890625,-87.1676025390625,513.474853515625,279.76275634765625,138.0600128173828,3402.81787109375,3417.089111328125,1.0357286930084229,0.010357287712395191,5.3909679991193116e-05,5.2382941246032715,26.26586151123047,110000.0,0.3400000035762787,1,titanium_rigid
case029,-4248.75048828125,122.71289825439453,512.1505737304688,293.35638427734375,7.939432144165039,4459.650390625,4469.29541015625,1.1935484409332275,0.01193548459559679,6.212419248186052e-05,3.764876127243042,1.550281286239624,110000.0,0.3400000035762787,1,titanium_rigid
case030,-4301.2431640625,87.4080810546875,516.0496215820312,6.833974361419678,8.645403861999512,4148.732421875,4148.7470703125,0.774810254573822,0.007748102769255638,4.0328875911654904e-05,0.15219421684741974,51.67451477050781,110000.0,0.3400000035762787,1,titanium_rigid
case031,-3822.7119140625,-154.153076171875,504.2029113769531,-251.74046325683594,-188.4851531982422,5059.65966796875,5069.423828125,0.9654123783111572,0.009654123336076736,5.024971324019134e-05,3.5566484928131104,216.82322692871094,210000.0,0.30000001192092896,2,steel_rigid
case032,-4077.536865234375,-11.062255859375,491.9577941894531,210.80357360839844,-379.56072998046875,5168.73828125,5186.94140625,1.188430666923523,0.01188430655747652,6.185781967360526e-05,4.801540374755859,299.0472717285156,210000.0,0.30000001192092896,2,steel_rigid
case033,-4254.37158203125,229.70164489746094,520.9766845703125,10.234212875366211,-88.9925308227539,1856.2413330078125,1858.401611328125,1.0967028141021729,0.010967027395963669,5.7083379942923784e-05,2.7628538608551025,276.56024169921875,210000.0,0.30000001192092896,2,steel_rigid
case034,-4280.77880859375,-404.3321533203125,646.171630859375,-192.22528076171875,257.2578430175781,4186.33251953125,4198.6318359375,0.7975953817367554,0.007975953631103039,4.151483881287277e-05,4.386682987213135,126.76740264892578,210000.0,0.30000001192092896,2,steel_rigid
case035,-4119.14697265625,-106.4374008178711,503.4879150390625,375.20758056640625,321.6443786621094,4764.7392578125,4790.30029296875,0.9891311526298523,0.009891311638057232,5.148427590029314e-05,5.921585559844971,40.6046257019043,70000.0,0.33000001311302185,0,aluminum_rigid
case036,-3918.758544921875,-127.69210052490234,502.2196350097656,-273.1557922363281,-764.9593505859375,4737.3291015625,4806.46044921875,0.9752607345581055,0.009752606973052025,5.076231900602579e-05,9.729375839233398,250.34909057617188,70000.0,0.33000001311302185,0,aluminum_rigid
case037,-4014.56591796875,394.7085876464844,628.6112670898438,-123.47360229492188,139.4586639404297,2451.233642578125,2458.30029296875,1.0066275596618652,0.010066275484859943,5.2394963859114796e-05,4.345443248748779,131.52096557617188,210000.0,0.30000001192092896,2,steel_rigid
case038,-3792.18994140625,-123.27037811279297,502.51812744140625,23.41449546813965,-33.589290618896484,1940.56689453125,1940.998779296875,1.0385230779647827,0.010385231114923954,5.405512638390064e-05,1.2087281942367554,304.8796691894531,210000.0,0.30000001192092896,2,steel_rigid
case039,-4040.667236328125,-366.7410583496094,541.4392700195312,136.7937469482422,-212.40211486816406,3256.51416015625,3266.299560546875,0.779448390007019,0.007794484030455351,4.0570288547314703e-05,4.436121940612793,302.7828369140625,210000.0,0.30000001192092896,2,steel_rigid
case040,-3971.681396484375,203.9170684814453,499.0633850097656,510.2333984375,-657.741455078125,4900.11962890625,4970.32568359375,0.8785496354103088,0.008785496465861797,4.572850957629271e-05,9.641487121582031,307.802001953125,210000.0,0.30000001192092896,2,steel_rigid
case041,-4070.982666015625,221.281982421875,507.6846923828125,342.3074645996094,114.64978790283203,2865.598388671875,2888.24755859375,1.0455074310302734,0.010455073788762093,5.4418658692156896e-05,7.180081367492676,18.51735496520996,110000.0,0.3400000035762787,1,titanium_rigid
case042,-3763.575927734375,65.91998291015625,497.3930358886719,-236.31361389160156,204.0829620361328,2259.437744140625,2280.910400390625,0.7506378889083862,0.007506378460675478,3.907069913111627e-05,7.868086338043213,139.18576049804688,70000.0,0.33000001311302185,0,aluminum_rigid
case043,-3766.291015625,232.19302368164062,510.84002685546875,36.639286041259766,-1262.4493408203125,5010.5693359375,5167.2939453125,0.9606764912605286,0.00960676558315754,5.000321471015923e-05,14.147457122802734,271.6623840332031,210000.0,0.30000001192092896,2,steel_rigid
case044,-4080.81884765625,-212.51707458496094,514.7372436523438,-798.990478515625,-307.82061767578125,4639.50927734375,4717.85791015625,1.0751724243164062,0.010751725174486637,5.596272603725083e-05,10.45645523071289,201.0697784423828,210000.0,0.30000001192092896,2,steel_rigid
case045,-4305.244140625,121.41827392578125,514.7302856445312,-57.52334213256836,-85.92121887207031,4582.93896484375,4584.10498046875,1.0270416736602783,0.010270416736602783,5.3457519243238494e-05,1.292474627494812,236.1981201171875,110000.0,0.3400000035762787,1,titanium_rigid
case046,-3678.666015625,-170.51068115234375,542.376953125,-323.6338195800781,-252.0518035888672,2060.95361328125,2101.38037109375,1.0861772298812866,0.010861772112548351,5.653552580042742e-05,11.256868362426758,217.91209411621094,210000.0,0.30000001192092896,2,steel_rigid
case047,-4065.554931640625,89.59796142578125,493.6636657714844,433.8018798828125,295.1428527832031,5080.986328125,5108.0048828125,1.001166820526123,0.010011667385697365,5.211072857491672e-05,5.895706653594971,34.22993087768555,110000.0,0.3400000035762787,1,titanium_rigid
case048,-3796.916015625,-292.112548828125,528.5755004882812,-341.1750183105469,492.9235534667969,2990.112548828125,3049.6142578125,0.7698049545288086,0.0076980493031442165,4.006834569736384e-05,11.336750030517578,124.68888854980469,210000.0,0.30000001192092896,2,steel_rigid
case049,-4068.865234375,-3.43060302734375,491.2320251464844,156.67811584472656,160.1576385498047,2192.314697265625,2203.733642578125,1.1071428060531616,0.01107142772525549,5.7626781199360266e-05,5.8352556228637695,45.62919998168945,70000.0,0.33000001311302185,0,aluminum_rigid
case050,-4169.08349609375,-114.54632568359375,506.16729736328125,663.252685546875,-667.9202270507812,4572.98388671875,4668.8544921875,1.1997132301330566,0.011997132562100887,6.244507676456124e-05,11.631115913391113,314.7991027832031,70000.0,0.33000001311302185,0,aluminum_rigid
case051,-3677.5712890625,43.65203857421875,508.7281188964844,9.543529510498047,535.0307006835938,2753.082275390625,2804.605224609375,1.020753264427185,0.010207532905042171,5.313021028996445e-05,10.999414443969727,88.97810363769531,210000.0,0.30000001192092896,2,steel_rigid
case052,-4208.07470703125,367.3865966796875,614.4434204101562,241.538818359375,-324.22552490234375,1988.014892578125,2028.7105712890625,0.7547603249549866,0.007547603454440832,3.9285274397116154e-05,11.495560646057129,306.68505859375,210000.0,0.30000001192092896,2,steel_rigid
case053,-3740.751220703125,380.36566162109375,629.1731567382812,149.07569885253906,-401.3876037597656,2123.861328125,2166.592529296875,1.2189801931381226,0.012189802713692188,6.344792200252414e-05,11.398222923278809,290.3750305175781,110000.0,0.3400000035762787,1,titanium_rigid
case054,-3962.74072265625,90.55621337890625,489.9263916015625,-527.3345947265625,-236.83724975585938,3880.17529296875,3923.00048828125,0.9961127042770386,0.009961127303540707,5.184766632737592e-05,8.473731994628906,204.1858673095703,70000.0,0.33000001311302185,0,aluminum_rigid
case055,-3801.389892578125,375.0793151855469,634.5722045898438,207.79383850097656,-143.6102752685547,4000.568115234375,4008.5341796875,0.8361606597900391,0.008361606858670712,4.3522162741282955e-05,3.6127896308898926,325.3509216308594,110000.0,0.3400000035762787,1,titanium_rigid
case056,-3694.16796875,-372.38031005859375,626.3609619140625,-343.5656433105469,70.09805297851562,1881.0782470703125,1913.480224609375,0.808700442314148,0.008087004534900188,4.2092859075637534e-05,10.559077262878418,168.46817016601562,70000.0,0.33000001311302185,0,aluminum_rigid
case057,-4069.115234375,-181.7830810546875,516.2093505859375,70.03230285644531,41.59192657470703,2515.7880859375,2517.106201171875,1.2475146055221558,0.012475145980715752,6.493313412647694e-05,1.854377269744873,30.705921173095703,110000.0,0.3400000035762787,1,titanium_rigid
case058,-3901.33447265625,-222.2842254638672,509.1423034667969,-13.037588119506836,-32.12551498413086,3617.665283203125,3617.831298828125,1.2070411443710327,0.012070411816239357,6.282649701461196e-05,0.5490831732749939,247.91107177734375,110000.0,0.3400000035762787,1,titanium_rigid
case059,-3657.603759765625,93.436279296875,531.1268310546875,103.62286376953125,-356.1845703125,2531.62890625,2558.661865234375,1.2035467624664307,0.01203546766191721,6.26446126261726e-05,8.336050987243652,286.22100830078125,210000.0,0.30000001192092896,2,steel_rigid
case060,-4317.38818359375,213.7269287109375,549.8008422851562,154.02911376953125,707.7849731445312,3483.110595703125,3557.6318359375,0.821844756603241,0.008218447677791119,4.277702100807801e-05,11.747840881347656,77.72264099121094,210000.0,0.30000001192092896,2,steel_rigid
case061,-4193.27490234375,-393.57659912109375,640.6510009765625,-918.4681396484375,-299.8058776855469,4538.31005859375,4640.013671875,0.7813964486122131,0.00781396497040987,4.0671686292625964e-05,12.018280982971191,198.07769775390625,70000.0,0.33000001311302185,0,aluminum_rigid
case062,-3780.0556640625,89.5205078125,496.3467102050781,-133.89971923828125,-267.49041748046875,3062.01904296875,3076.595703125,1.1262435913085938,0.011262436397373676,5.862098259967752e-05,5.579592704772949,243.40847778320312,110000.0,0.3400000035762787,1,titanium_rigid
case063,-3774.78369140625,-157.61322021484375,504.8111877441406,-63.167762756347656,-212.44873046875,4369.798828125,4375.416015625,1.128773808479309,0.01128773856908083,5.875267743249424e-05,2.903613805770874,253.4411163330078,70000.0,0.33000001311302185,0,aluminum_rigid
case064,-3726.426025390625,-355.34796142578125,626.7942504882812,-959.7152099609375,-220.2539825439453,4297.64794921875,4409.0068359375,0.8151953816413879,0.008151954039931297,4.243092189426534e-05,12.904714584350586,192.92552185058594,110000.0,0.3400000035762787,1,titanium_rigid
case065,-3879.43994140625,-98.9033203125,497.113037109375,-105.93063354492188,-13.89457893371582,3153.8193359375,3155.62841796875,1.116411805152893,0.011164117604494095,5.8109231758862734e-05,1.9401956796646118,187.47264099121094,70000.0,0.33000001311302185,0,aluminum_rigid
case066,-3673.758544921875,-379.9919128417969,627.8076782226562,86.5060806274414,292.0653991699219,1711.5562744140625,1738.4505615234375,1.056004285812378,0.010560043156147003,5.496502126334235e-05,10.091320991516113,73.50137329101562,70000.0,0.33000001311302185,0,aluminum_rigid
case067,-3930.961181640625,-390.7209167480469,633.7142333984375,-7.513110160827637,-177.64759826660156,2138.298095703125,2145.677978515625,0.7946761846542358,0.007946761325001717,4.1362894990015775e-05,4.753393650054932,267.5782775878906,110000.0,0.3400000035762787,1,titanium_rigid
case068,-3990.397216796875,75.530029296875,486.412841796875,-6.105454444885254,-110.61840057373047,4951.44287109375,4952.68212890625,0.8565167784690857,0.008565167896449566,4.4581698602996767e-05,1.2817586660385132,266.8408203125,70000.0,0.33000001311302185,0,aluminum_rigid
case069,-3784.24755859375,429.6201477050781,631.6138916015625,-37.433345794677734,-14.04332160949707,2278.793701171875,2279.144287109375,0.9425557255744934,0.009425557218492031,4.9060025048675016e-05,1.0051372051239014,200.56385803222656,210000.0,0.30000001192092896,2,steel_rigid
case070,-3826.3076171875,273.7712097167969,510.22607421875,-36.334564208984375,-6.007101058959961,4267.123046875,4267.28173828125,0.9868975281715393,0.009868974797427654,5.136801701155491e-05,0.4944840669631958,189.3876495361328,210000.0,0.30000001192092896,2,steel_rigid
case071,-4239.81787109375,-134.16188049316406,515.3093872070312,-109.76438903808594,196.8670196533203,2432.643798828125,2443.063720703125,0.7702926397323608,0.0077029261738061905,4.0093731513479725e-05,5.293689250946045,119.1421127319336,70000.0,0.33000001311302185,0,aluminum_rigid
case072,-4093.25927734375,-256.89971923828125,517.8278198242188,-91.96908569335938,-17.95842170715332,1908.3753662109375,1910.674560546875,1.1311737298965454,0.011311736889183521,5.887759107281454e-05,2.8111088275909424,191.04888916015625,70000.0,0.33000001311302185,0,aluminum_rigid
case073,-3802.018310546875,-357.8704528808594,633.1336059570312,-604.4130249023438,607.98583984375,3567.465576171875,3669.029052734375,1.2120305299758911,0.012120304629206657,6.308618321781978e-05,13.51254940032959,134.83116149902344,70000.0,0.33000001311302185,0,aluminum_rigid
case074,-4291.439453125,-131.78065490722656,513.3468627929688,-12.534140586853027,178.23033142089844,3397.3017578125,3401.996826171875,0.8918027877807617,0.008918028324842453,4.6418335841735825e-05,3.0105197429656982,94.02273559570312,70000.0,0.33000001311302185,0,aluminum_rigid
case075,-4166.326171875,110.81304931640625,502.5765380859375,-157.6820526123047,-169.99652099609375,1775.0167236328125,1790.096923828125,1.060043454170227,0.010600433684885502,5.517526005860418e-05,7.4423065185546875,227.1522216796875,70000.0,0.33000001311302185,0,aluminum_rigid
case076,-3990.5732421875,416.390869140625,636.4129028320312,-744.0888671875,345.40380859375,3969.583740234375,4053.463623046875,1.2241886854171753,0.012241886928677559,6.371902418322861e-05,11.67629623413086,155.0994110107422,210000.0,0.30000001192092896,2,steel_rigid
case077,-4123.61328125,-350.5320129394531,545.3171997070312,-320.89306640625,145.1141815185547,3168.693603515625,3188.204833984375,1.2313565015792847,0.01231356430798769,6.409210618585348e-05,6.3420233726501465,155.6665802001953,70000.0,0.33000001311302185,0,aluminum_rigid
case078,-3886.025146484375,-174.267822265625,504.5262756347656,-2.9568769931793213,-33.84138107299805,3147.03955078125,3147.222900390625,0.8993872404098511,0.008993872441351414,4.6813107474008575e-05,0.6184478402137756,265.0065002441406,70000.0,0.33000001311302185,0,aluminum_rigid
case079,-4170.9765625,-342.53985595703125,584.9580078125,-20.138065338134766,239.3180389404297,5045.626953125,5051.33935546875,0.7958751916885376,0.007958752103149891,4.142530451645143e-05,2.7251315116882324,94.80997467041016,70000.0,0.33000001311302185,0,aluminum_rigid
case080,-3879.961669921875,-144.47137451171875,497.1878967285156,-121.1766128540039,-197.860107421875,4081.45361328125,4088.043212890625,1.1835906505584717,0.011835905723273754,6.160588964121416e-05,3.253587007522583,238.5152130126953,110000.0,0.3400000035762787,1,titanium_rigid
case081,-3852.162109375,128.9894561767578,493.16485595703125,-164.38352966308594,-418.2644348144531,4311.77294921875,4335.1298828125,0.9909629821777344,0.009909629821777344,5.157962368684821e-05,5.9503397941589355,248.5445098876953,110000.0,0.3400000035762787,1,titanium_rigid
case082,-3964.42431640625,176.37464904785156,499.5091857910156,79.35562133789062,483.3811340332031,3549.11083984375,3582.756103515625,1.1013926267623901,0.011013926938176155,5.732748832087964e-05,7.858368873596191,80.67704010009766,210000.0,0.30000001192092896,2,steel_rigid
case083,-3895.218994140625,-116.84142303466797,497.28948974609375,466.79779052734375,96.43496704101562,1995.2308349609375,2051.376708984375,1.210622787475586,0.012106227688491344,6.301291432464495e-05,13.435968399047852,11.672431945800781,110000.0,0.3400000035762787,1,titanium_rigid
case084,-4207.24658203125,-306.90631103515625,540.3280029296875,683.7095336914062,576.304443359375,4024.37841796875,4122.5244140625,1.0981229543685913,0.010981230065226555,5.715730003430508e-05,12.527303695678711,40.1278190612793,70000.0,0.33000001311302185,0,aluminum_rigid
case085,-3974.14599609375,-187.63194274902344,514.2530517578125,815.9599609375,-419.9697265625,3636.4189453125,3750.427734375,1.1552379131317139,0.011552379466593266,6.0130136262159795e-05,14.163569450378418,332.765380859375,110000.0,0.3400000035762787,1,titanium_rigid
case086,-4149.13623046875,398.83111572265625,641.3479614257812,323.3831787109375,171.25164794921875,1848.31591796875,1884.19091796875,0.8295913934707642,0.00829591415822506,4.318023275118321e-05,11.198575973510742,27.904022216796875,70000.0,0.33000001311302185,0,aluminum_rigid
case087,-3984.20166015625,-382.4332275390625,598.4282836914062,-124.51029968261719,403.48162841796875,1750.6851806640625,1800.8883056640625,0.8634785413742065,0.008634785190224648,4.494405948207714e-05,13.560442924499512,107.14968872070312,110000.0,0.3400000035762787,1,titanium_rigid
case088,-3916.482666015625,-292.2366943359375,511.0946350097656,-491.15655517578125,-7.546319961547852,2474.170654296875,2522.46142578125,0.8435073494911194,0.008435073308646679,4.390455796965398e-05,11.229312896728516,180.8802490234375,110000.0,0.3400000035762787,1,titanium_rigid
case089,-4188.81787109375,292.4064636230469,522.7671508789062,343.2521667480469,-235.2997589111328,3759.324462890625,3782.288818359375,0.8317140340805054,0.008317140862345695,4.329071816755459e-05,6.316944599151611,325.5693054199219,110000.0,0.3400000035762787,1,titanium_rigid
case090,-4038.518798828125,273.8684387207031,505.9411315917969,-747.6314697265625,-504.93646240234375,4446.55029296875,4537.1494140625,1.1529282331466675,0.011529282666742802,6.000991561450064e-05,11.469195365905762,214.03436279296875,110000.0,0.3400000035762787,1,titanium_rigid
case091,-3978.354736328125,85.07806396484375,489.3188781738281,370.73822021484375,347.3448181152344,3750.72021484375,3784.969970703125,1.0497499704360962,0.0104975001886487,5.463948764372617e-05,7.713703155517578,43.13410186767578,210000.0,0.30000001192092896,2,steel_rigid
case092,-3833.11669921875,99.48587799072266,492.364013671875,93.40380096435547,-242.08290100097656,3436.87939453125,3446.66064453125,1.192278265953064,0.01192278228700161,6.205808313097805e-05,4.3175201416015625,291.0982971191406,70000.0,0.33000001311302185,0,aluminum_rigid
case093,-4114.0166015625,-111.36337280273438,504.1623840332031,520.495361328125,-330.10601806640625,2333.322265625,2413.354248046875,0.9995343089103699,0.009995343163609505,5.2025759941898286e-05,14.796743392944336,327.61651611328125,110000.0,0.3400000035762787,1,titanium_rigid
case094,-4184.40771484375,-404.1229248046875,642.63330078125,-27.431926727294922,25.914127349853516,1809.11669921875,1809.51025390625,1.014170527458191,0.010141706094145775,5.278757816995494e-05,1.19496750831604,136.62973022460938,110000.0,0.3400000035762787,1,titanium_rigid
case095,-4128.11279296875,-84.88482666015625,500.77435302734375,472.3519287109375,-262.7041931152344,4812.48095703125,4842.73681640625,0.941925585269928,0.009419255889952183,4.9027228669729084e-05,6.40804386138916,330.9188537597656,110000.0,0.3400000035762787,1,titanium_rigid
case096,-4040.770751953125,-232.3866424560547,514.575927734375,-109.79395294189453,10.387232780456543,3541.23095703125,3542.94775390625,0.8416815996170044,0.008416815660893917,4.380952668725513e-05,1.7837803363800049,174.59552001953125,210000.0,0.30000001192092896,2,steel_rigid
case097,-3963.470703125,-301.78643798828125,514.8438110351562,-464.7349853515625,65.3210678100586,3945.820068359375,3973.630859375,1.0047786235809326,0.010047786869108677,5.22987284057308e-05,6.782712936401367,171.99917602539062,110000.0,0.3400000035762787,1,titanium_rigid
case098,-4155.3896484375,312.213134765625,523.0186157226562,-195.9921112060547,191.4129180908203,3689.775634765625,3699.931884765625,0.8713411688804626,0.008713411167263985,4.5353306632023305e-05,4.246265411376953,135.67721557617188,110000.0,0.3400000035762787,1,titanium_rigid
case099,-3705.10546875,-94.10235595703125,502.90643310546875,-875.0921020507812,-536.7412109375,4647.6337890625,4759.6611328125,0.9924242496490479,0.00992424227297306,5.1655682909768075e-05,12.455690383911133,211.52304077148438,210000.0,0.30000001192092896,2,steel_rigid
case100,-4140.24658203125,368.20831298828125,584.6435546875,-94.915771484375,1.2249045372009277,1922.9990234375,1925.3404541015625,0.7552277445793152,0.00755227729678154,3.9309605199377984e-05,2.825958251953125,179.26063537597656,70000.0,0.33000001311302185,0,aluminum_rigid
case101,-3907.653076171875,-116.24134826660156,497.49652099609375,298.24847412109375,586.4437866210938,4054.197509765625,4107.23583984375,1.213703989982605,0.012137039564549923,6.317329098237678e-05,9.2177734375,63.043418884277344,70000.0,0.33000001311302185,0,aluminum_rigid
case102,-3993.258056640625,-193.1165771484375,513.866943359375,-476.1256408691406,297.6029357910156,2240.546630859375,2309.829345703125,1.0783259868621826,0.010783259756863117,5.6126864365069196e-05,14.068642616271973,147.9925079345703,70000.0,0.33000001311302185,0,aluminum_rigid
case103,-4133.8505859375,88.0865478515625,496.0372009277344,-172.88946533203125,-103.19563293457031,4645.0517578125,4649.4130859375,0.9706024527549744,0.009706024080514908,5.051985863246955e-05,2.4820055961608887,210.8324737548828,70000.0,0.33000001311302185,0,aluminum_rigid
case104,-4311.2568359375,174.68910217285156,526.1436767578125,136.4401397705078,90.65596008300781,2770.123291015625,2774.962646484375,0.9293868541717529,0.009293868206441402,4.8374582547694445e-05,3.384263038635254,33.601558685302734,110000.0,0.3400000035762787,1,titanium_rigid
case105,-3834.27978515625,-236.3085174560547,507.7129211425781,20.292617797851562,0.2975521981716156,2193.0517578125,2193.1455078125,1.111340045928955,0.01111340057104826,5.784524910268374e-05,0.5302078127861023,0.8400721549987793,70000.0,0.33000001311302185,0,aluminum_rigid
case106,-4164.70556640625,-366.99951171875,637.1041259765625,-294.2530212402344,1076.9564208984375,4778.015625,4906.71533203125,0.8071826100349426,0.008071825839579105,4.2013853089883924e-05,13.151778221130371,105.28173828125,110000.0,0.3400000035762787,1,titanium_rigid
case107,-4256.20458984375,-385.34051513671875,646.48583984375,152.56613159179688,709.35400390625,3884.630126953125,3951.811279296875,1.0504249334335327,0.010504248552024364,5.467461596708745e-05,10.579856872558594,77.86186981201172,70000.0,0.33000001311302185,0,aluminum_rigid
case108,-3785.918212890625,-289.85498046875,535.0778198242188,-324.4373474121094,483.3243713378906,4072.17529296875,4113.57177734375,0.780292809009552,0.007802927866578102,4.061423896928318e-05,8.135332107543945,123.8719711303711,70000.0,0.33000001311302185,0,aluminum_rigid
case109,-3648.72900390625,389.88226318359375,628.873046875,-292.8443603515625,-769.6231689453125,3334.426513671875,3434.60009765625,0.8283570408821106,0.008283570408821106,4.311598604544997e-05,13.871946334838867,249.16799926757812,210000.0,0.30000001192092896,2,steel_rigid
case110,-4315.26611328125,142.298828125,517.2103271484375,-410.1184997558594,-543.3533935546875,2556.859375,2645.9326171875,1.2408267259597778,0.01240826677531004,6.458503048634157e-05,14.908985137939453,232.95480346679688,210000.0,0.30000001192092896,2,steel_rigid
case111,-4228.99267578125,105.75077819824219,509.37921142578125,-123.61019134521484,48.42601013183594,4701.51025390625,4703.38427734375,0.8445588946342468,0.008445588871836662,4.395928772282787e-05,1.6174429655075073,158.60655212402344,210000.0,0.30000001192092896,2,steel_rigid
case112,-3818.01220703125,-52.64056396484375,496.64886474609375,13.806406021118164,-21.09903335571289,3651.8232421875,3651.910400390625,1.0979756116867065,0.010979756712913513,5.714963117497973e-05,0.3956047296524048,303.19921875,110000.0,0.3400000035762787,1,titanium_rigid
case113,-3848.46875,360.66656494140625,627.0641479492188,11.306602478027344,82.76678466796875,2656.7744140625,2658.08740234375,1.0724555253982544,0.010724554769694805,5.5821306887082756e-05,1.8009264469146729,82.2210922241211,110000.0,0.3400000035762787,1,titanium_rigid
case114,-3680.20654296875,190.28688049316406,588.0390014648438,859.7227172851562,-23.274255752563477,3285.088623046875,3395.80224609375,0.9639341831207275,0.009639342315495014,5.017277362640016e-05,14.670799255371094,358.44927978515625,210000.0,0.30000001192092896,2,steel_rigid
case115,-4259.54248046875,-263.4825134277344,538.1381225585938,569.4933471679688,46.34121322631836,2559.3037109375,2622.30908203125,0.9355754256248474,0.009355754591524601,4.8696700105210766e-05,12.585149765014648,4.65206241607666,110000.0,0.3400000035762787,1,titanium_rigid
case116,-4301.7333984375,-299.3116455078125,598.565185546875,-51.240936279296875,205.87515258789062,2712.202392578125,2720.487548828125,1.0215293169021606,0.010215292684733868,5.3170599130680785e-05,4.472729682922363,103.97654724121094,210000.0,0.30000001192092896,2,steel_rigid
case117,-3951.08837890625,326.2738037109375,514.1704711914062,-420.97564697265625,267.2091369628906,2497.83349609375,2547.11474609375,0.9840418100357056,0.009840418584644794,5.121937647345476e-05,11.289034843444824,147.59515380859375,70000.0,0.33000001311302185,0,aluminum_rigid
case118,-4219.6796875,231.0652313232422,516.9352416992188,104.71784973144531,-139.628662109375,2013.3199462890625,2020.870849609375,0.9784889221191406,0.009784889407455921,5.093034997116774e-05,4.954554080963135,306.8689270019531,110000.0,0.3400000035762787,1,titanium_rigid
case119,-3659.080810546875,36.1474609375,517.1384887695312,-28.158275604248047,-40.54643249511719,3232.290771484375,3232.667724609375,0.9507776498794556,0.009507776238024235,4.948797504766844e-05,0.8749786615371704,235.22119140625,210000.0,0.30000001192092896,2,steel_rigid
case120,-3886.408203125,328.8681640625,521.165771484375,164.7256622314453,-140.06805419921875,1965.8182373046875,1977.6741943359375,0.9070723652839661,0.009070723317563534,4.721311415778473e-05,6.276889801025391,319.6251220703125,110000.0,0.3400000035762787,1,titanium_rigid
case121,-3897.603759765625,153.11669921875,495.2362976074219,306.2445373535156,-1.0967704057693481,3357.850830078125,3371.787109375,1.2192682027816772,0.0121926823630929,6.346291047520936e-05,5.211137294769287,359.7947998046875,110000.0,0.3400000035762787,1,titanium_rigid
case122,-3666.948974609375,-385.73828125,629.3432006835938,709.5291748046875,-752.7200927734375,4277.1015625,4400.4111328125,0.8551050424575806,0.008551050908863544,4.450821870705113e-05,13.595918655395508,313.3081359863281,210000.0,0.30000001192092896,2,steel_rigid
case123,-3777.05810546875,338.3341369628906,633.6044921875,18.155229568481445,-57.87372589111328,2362.664794921875,2363.443115234375,1.1842021942138672,0.011842022649943829,6.163772923173383e-05,1.470580816268921,287.4168701171875,70000.0,0.33000001311302185,0,aluminum_rigid
case124,-4234.7470703125,352.02508544921875,604.5564575195312,144.7364044189453,-134.97474670410156,1768.3902587890625,1779.429931640625,0.9011961817741394,0.009011962451040745,4.6907262003514916e-05,6.385578632354736,316.9987487792969,110000.0,0.3400000035762787,1,titanium_rigid
case125,-3913.323974609375,-122.13392639160156,498.77276611328125,730.7831420898438,539.8955688476562,4738.86328125,4825.17919921875,0.9181597828865051,0.009181597270071507,4.77902140119113e-05,10.853666305541992,36.456634521484375,210000.0,0.30000001192092896,2,steel_rigid
case126,-3952.954833984375,-231.69935607910156,518.1014404296875,-281.8234558105469,512.8612060546875,3564.73388671875,3612.44775390625,0.8582324981689453,0.008582324720919132,4.467100006877445e-05,9.322628021240234,118.7893295288086,110000.0,0.3400000035762787,1,titanium_rigid
case127,-4222.65771484375,-317.72650146484375,585.7349243164062,243.1090545654297,116.85981750488281,3301.912353515625,3312.91162109375,1.0611021518707275,0.010611021891236305,5.5230368161574006e-05,4.670193195343018,25.673076629638672,70000.0,0.33000001311302185,0,aluminum_rigid
case128,-3890.078369140625,384.78875732421875,630.5220336914062,-642.2603149414062,-93.52771759033203,3748.8740234375,3804.64208984375,0.8830503225326538,0.008830503560602665,4.5962769945617765e-05,9.82213306427002,188.2853240966797,110000.0,0.3400000035762787,1,titanium_rigid
case129,-4307.40478515625,139.19873046875,515.5098876953125,504.7482604980469,-291.0492248535156,3958.6689453125,4001.3173828125,1.0377659797668457,0.010377660393714905,5.4015719797462225e-05,8.3728609085083,330.0312805175781,70000.0,0.33000001311302185,0,aluminum_rigid
case130,-3771.734619140625,-393.0999755859375,629.445068359375,333.1893615722656,-16.623748779296875,3289.3349609375,3306.208740234375,0.8323647379875183,0.00832364708185196,4.3324584112269804e-05,5.7911272048950195,357.1437072753906,110000.0,0.3400000035762787,1,titanium_rigid
case131,-3929.931884765625,428.5868835449219,638.7994995117188,-756.6561889648438,-197.69410705566406,4102.42529296875,4176.302734375,1.0324664115905762,0.010324664413928986,5.373987733037211e-05,10.792945861816406,194.6425323486328,110000.0,0.3400000035762787,1,titanium_rigid
case132,-3823.507568359375,-224.77029418945312,506.2734069824219,-673.1185913085938,173.9682159423828,3083.888671875,3161.284912109375,1.1303354501724243,0.011303354986011982,5.883396079298109e-05,12.704456329345703,165.50894165039062,110000.0,0.3400000035762787,1,titanium_rigid
case133,-4088.302978515625,404.30133056640625,639.8580932617188,911.805908203125,-388.3993225097656,3891.255859375,4015.484619140625,1.187552571296692,0.011875525116920471,6.181211210787296e-05,14.2891263961792,336.9275817871094,110000.0,0.3400000035762787,1,titanium_rigid
case134,-4086.8505859375,428.708740234375,643.5482788085938,-172.25653076171875,-35.89862060546875,2803.701904296875,2809.218017578125,0.7609710693359375,0.0076097105629742146,3.960854155593552e-05,3.591114044189453,191.77206420898438,70000.0,0.33000001311302185,0,aluminum_rigid
case135,-4030.6279296875,387.3370361328125,614.5904541015625,-67.8628921508789,-54.8123893737793,1823.1201171875,1825.2059326171875,1.2149486541748047,0.012149486690759659,6.323808338493109e-05,2.739441394805908,218.9275665283203,210000.0,0.30000001192092896,2,steel_rigid
case136,-3920.814208984375,364.68463134765625,554.5283813476562,-688.8146362304688,-210.320556640625,3730.046142578125,3798.93994140625,0.7927287220954895,0.007927287369966507,4.126152998651378e-05,10.928359031677246,196.9793701171875,210000.0,0.30000001192092896,2,steel_rigid
case137,-4213.7783203125,171.16712951660156,509.9578857421875,-257.193603515625,88.66825103759766,4412.31396484375,4420.69287109375,1.2428122758865356,0.012428122572600842,6.468837818829343e-05,3.5282046794891357,160.97821044921875,110000.0,0.3400000035762787,1,titanium_rigid
case138,-3686.714599609375,397.55908203125,628.1338500976562,-130.45358276367188,-724.4555053710938,3133.634765625,3218.931640625,1.1490533351898193,0.01149053405970335,5.9808229707414284e-05,13.219406127929688,259.7920837402344,210000.0,0.30000001192092896,2,steel_rigid
case139,-3742.8984375,0.24316400289535522,497.4563293457031,275.8211364746094,-70.47848510742188,3031.40283203125,3044.740966796875,0.8694741725921631,0.008694741874933243,4.525612894212827e-05,5.364989757537842,345.6663513183594,70000.0,0.33000001311302185,0,aluminum_rigid
case140,-3743.19775390625,-127.89042663574219,500.6924133300781,-254.7530059814453,-92.7149887084961,5085.61572265625,5092.83642578125,0.9567252993583679,0.009567252360284328,4.979754885425791e-05,3.051389217376709,199.99850463867188,70000.0,0.33000001311302185,0,aluminum_rigid
case141,-4064.76611328125,-374.60931396484375,578.615234375,648.1488037109375,-900.7587890625,4737.5166015625,4865.75048828125,0.7789995074272156,0.007789995055645704,4.0546921809436753e-05,13.183246612548828,305.73724365234375,110000.0,0.3400000035762787,1,titanium_rigid
case142,-4082.95166015625,363.693115234375,544.9970703125,46.37697219848633,8.028029441833496,4232.5703125,4232.83203125,1.2357416152954102,0.012357416562736034,6.432035297621042e-05,0.6371095776557922,9.820795059204102,210000.0,0.30000001192092896,2,steel_rigid
case143,-3649.0078125,54.928955078125,531.5794067382812,340.8725891113281,406.7711181640625,4874.35302734375,4903.15966796875,0.8906672596931458,0.008906672708690166,4.6359229600057006e-05,6.213817119598389,50.03712463378906,110000.0,0.3400000035762787,1,titanium_rigid
case144,-3784.696044921875,387.6932373046875,634.0537109375,730.2036743164062,-165.7435760498047,4969.0087890625,5025.10888671875,1.0557796955108643,0.010557797737419605,5.495333607541397e-05,8.569402694702148,347.2115478515625,70000.0,0.33000001311302185,0,aluminum_rigid
case145,-4185.40576171875,-225.69619750976562,521.2207641601562,-887.8923950195312,-22.4119815826416,4588.7578125,4673.92236328125,0.9628087282180786,0.009628087282180786,5.011419489164837e-05,10.95440673828125,181.44593811035156,70000.0,0.33000001311302185,0,aluminum_rigid
case146,-3932.3310546875,329.0753173828125,515.5990600585938,-223.43814086914062,706.004638671875,4432.28125,4493.7158203125,1.2217389345169067,0.012217389419674873,6.359151302604005e-05,9.485018730163574,107.5616683959961,210000.0,0.30000001192092896,2,steel_rigid
case147,-3747.36474609375,412.299560546875,628.821044921875,192.4960479736328,414.04901123046875,3109.407958984375,3142.7548828125,0.8571882843971252,0.008571882732212543,4.46166486653965e-05,8.354028701782227,65.06575012207031,110000.0,0.3400000035762787,1,titanium_rigid
case148,-3978.800537109375,-273.3798522949219,516.0192260742188,-502.62896728515625,214.08795166015625,3524.07861328125,3566.174560546875,1.005685567855835,0.010056856088340282,5.234593481873162e-05,8.812185287475586,156.9290771484375,70000.0,0.33000001311302185,0,aluminum_rigid
case149,-3823.333740234375,-323.35919189453125,552.3977661132812,-184.55172729492188,-33.40352249145508,2313.497314453125,2321.0869140625,0.8254667520523071,0.00825466774404049,4.296554470784031e-05,4.6347126960754395,190.2593536376953,110000.0,0.3400000035762787,1,titanium_rigid
case150,-4265.93359375,42.83660888671875,516.933349609375,65.34195709228516,-321.76849365234375,2894.154541015625,2912.7197265625,0.9147565960884094,0.009147565811872482,4.761308082379401e-05,6.472417831420898,281.4790344238281,110000.0,0.3400000035762787,1,titanium_rigid
case151,-3746.648193359375,-338.17169189453125,632.0065307617188,355.0782470703125,-838.821533203125,4160.81689453125,4259.3544921875,1.1365699768066406,0.011365699581801891,5.915846850257367e-05,12.34830093383789,292.9432373046875,70000.0,0.33000001311302185,0,aluminum_rigid
case152,-4297.9970703125,-244.9558563232422,553.7138671875,-207.7182159423828,-109.54251861572266,2393.79931640625,2405.290283203125,1.0714656114578247,0.010714655742049217,5.5769782193237916e-05,5.602813243865967,207.805419921875,110000.0,0.3400000035762787,1,titanium_rigid
case153,-4231.650390625,82.46417236328125,507.9100341796875,-1233.8387451171875,227.00604248046875,5042.197265625,5195.92578125,1.1211354732513428,0.011211355216801167,5.835510455654003e-05,13.972039222717285,169.57510375976562,70000.0,0.33000001311302185,0,aluminum_rigid
case154,-3828.00732421875,44.902225494384766,494.40863037109375,-11.69314956665039,-72.30123138427734,2941.77392578125,2942.685546875,1.0487316846847534,0.01048731617629528,5.4586482292506844e-05,1.4261856079101562,260.8132019042969,110000.0,0.3400000035762787,1,titanium_rigid
case155,-3935.54541015625,99.99573516845703,489.177978515625,588.850830078125,-88.84215545654297,2429.10205078125,2501.03466796875,0.7822510600090027,0.007822510786354542,4.0716167859500274e-05,13.774868965148926,351.4202880859375,210000.0,0.30000001192092896,2,steel_rigid
case156,-4072.913330078125,290.2491455078125,514.27685546875,-85.41769409179688,142.07594299316406,3058.7958984375,3063.284912109375,1.0850549936294556,0.010850549675524235,5.647711077472195e-05,3.1021993160247803,121.0147705078125,210000.0,0.30000001192092896,2,steel_rigid
case157,-4163.669921875,143.67120361328125,501.5242919921875,342.3652648925781,328.146484375,4479.8515625,4504.8818359375,0.8382349014282227,0.008382349275052547,4.3630127038341016e-05,6.042736053466797,43.78517532348633,70000.0,0.33000001311302185,0,aluminum_rigid
case158,-4112.49755859375,-100.84394073486328,502.5267028808594,111.58702087402344,291.7970275878906,4266.0224609375,4277.44580078125,0.8730419278144836,0.008730418980121613,4.5441833208315074e-05,4.188355922698975,69.0724868774414,70000.0,0.33000001311302185,0,aluminum_rigid
case159,-3692.396728515625,-175.72889709472656,528.5728149414062,-97.50718688964844,10.31889820098877,3714.171875,3715.466064453125,1.1105862855911255,0.011105863377451897,5.780601713922806e-05,1.5122193098068237,173.95904541015625,110000.0,0.3400000035762787,1,titanium_rigid
case160,-4114.275390625,234.86383056640625,509.78228759765625,134.24600219726562,-43.161991119384766,2461.3896484375,2465.42578125,1.1538537740707397,0.01153853815048933,6.005808972986415e-05,3.278913974761963,342.1766662597656,70000.0,0.33000001311302185,0,aluminum_rigid
case161,-3880.011962890625,-179.373046875,506.1242370605469,147.66419982910156,26.94936180114746,2063.204345703125,2068.6572265625,1.2006752490997314,0.012006753124296665,6.249514990486205e-05,4.161079406738281,10.342899322509766,110000.0,0.3400000035762787,1,titanium_rigid
case162,-4093.966552734375,301.73992919921875,515.369873046875,-656.0226440429688,-778.065673828125,4299.2119140625,4418.0283203125,0.9371688365936279,0.009371688589453697,4.877963874605484e-05,13.318026542663574,229.86422729492188,70000.0,0.33000001311302185,0,aluminum_rigid
case163,-4223.8720703125,158.33477783203125,515.7347412109375,178.24937438964844,-332.96160888671875,3751.21533203125,3770.179443359375,1.082716703414917,0.010827166959643364,5.63554021937307e-05,5.7491631507873535,298.1621398925781,110000.0,0.3400000035762787,1,titanium_rigid
case164,-3702.386474609375,-35.02789306640625,501.7452392578125,-310.59661865234375,-752.9555053710938,5106.2353515625,5170.7880859375,0.8144037127494812,0.008144037798047066,4.238971450831741e-05,9.062962532043457,247.5836944580078,210000.0,0.30000001192092896,2,steel_rigid
case165,-3924.465576171875,-142.8541717529297,507.1006164550781,-146.07891845703125,-62.222312927246094,4450.76171875,4453.5927734375,0.8068228960037231,0.00806822907179594,4.199513205094263e-05,2.0431315898895264,203.0715789794922,70000.0,0.33000001311302185,0,aluminum_rigid
case166,-4073.49267578125,354.19091796875,531.9796752929688,583.3466186523438,233.3203582763672,4579.79736328125,4622.69140625,0.9394249320030212,0.009394249878823757,4.8897069063968956e-05,7.811327934265137,21.79986000061035,210000.0,0.30000001192092896,2,steel_rigid
case167,-3857.126708984375,-80.8175048828125,493.38037109375,-641.7752685546875,31.668336868286133,3995.295654296875,4046.636474609375,0.919628381729126,0.009196284227073193,4.786665886058472e-05,9.136537551879883,177.17503356933594,210000.0,0.30000001192092896,2,steel_rigid
case168,-4142.2978515625,-339.28753662109375,538.8919067382812,692.4842529296875,-335.3226318359375,3258.749755859375,3348.3466796875,1.0809687376022339,0.01080968789756298,5.626442361972295e-05,13.284409523010254,334.1622619628906,110000.0,0.3400000035762787,1,titanium_rigid
case169,-3898.70263671875,-328.8226623535156,518.29296875,550.4280395507812,547.0421142578125,3946.460693359375,4022.03662109375,0.8133105039596558,0.008133105002343655,4.233281288179569e-05,11.124707221984863,44.8232307434082,70000.0,0.33000001311302185,0,aluminum_rigid
case170,-3849.939453125,-382.0006408691406,630.3607788085938,487.7735290527344,-169.70068359375,2654.34228515625,2704.1181640625,1.0128768682479858,0.010128768160939217,5.272023918223567e-05,11.010375022888184,340.8167724609375,210000.0,0.30000001192092896,2,steel_rigid
case171,-4106.8369140625,-375.1666259765625,617.5266723632812,230.02749633789062,-842.130615234375,3396.893798828125,3507.27587890625,1.1089974641799927,0.011089975014328957,5.772331860498525e-05,14.412775039672852,285.2776184082031,70000.0,0.33000001311302185,0,aluminum_rigid
case172,-4064.306884765625,103.52629852294922,493.156005859375,-663.1652221679688,80.88688659667969,3033.3486328125,3106.048095703125,0.9332563877105713,0.009332563728094101,4.857599560637027e-05,12.420807838439941,173.04592895507812,110000.0,0.3400000035762787,1,titanium_rigid
case173,-3923.419189453125,-268.2103271484375,511.617919921875,-534.494384765625,199.9705047607422,3171.947509765625,3222.875,1.164011836051941,0.01164011750370264,6.0586815379792824e-05,10.199191093444824,159.48765563964844,110000.0,0.3400000035762787,1,titanium_rigid
case174,-3847.941650390625,-66.51904296875,492.3856506347656,-420.297119140625,171.4760284423828,2450.267822265625,2491.96044921875,1.1753592491149902,0.011753592640161514,6.117745215306059e-05,10.495502471923828,157.80514526367188,70000.0,0.33000001311302185,0,aluminum_rigid
case175,-3867.19287109375,86.145263671875,491.8941650390625,40.76772689819336,-34.279239654541016,3096.00634765625,3096.46435546875,0.9326907992362976,0.009326907806098461,4.8546557081863284e-05,0.9856285452842712,319.9414367675781,210000.0,0.30000001192092896,2,steel_rigid
case176,-3867.1806640625,-85.84942626953125,494.6460876464844,636.723388671875,-495.77880859375,3399.226318359375,3493.701904296875,1.0436514616012573,0.010436514392495155,5.432205944089219e-05,13.354820251464844,322.0942077636719,110000.0,0.3400000035762787,1,titanium_rigid
case177,-4054.92236328125,350.46246337890625,526.2236328125,822.8167114257812,111.37760925292969,4705.2744140625,4777.97412109375,1.2490675449371338,0.012490675784647465,6.501397001557052e-05,10.007720947265625,7.708782196044922,210000.0,0.30000001192092896,2,steel_rigid
case178,-3972.740966796875,261.45709228515625,510.6643371582031,61.49101638793945,-1019.4920654296875,4432.31689453125,4548.47021484375,0.9008917212486267,0.009008917026221752,4.6891414967831224e-05,12.976235389709473,273.4516296386719,70000.0,0.33000001311302185,0,aluminum_rigid
case179,-3814.91357421875,-239.8416748046875,506.66571044921875,-201.77639770507812,31.169492721557617,5177.33935546875,5181.36328125,1.1822446584701538,0.011822447180747986,6.15358367213048e-05,2.258303165435791,171.21861267089844,210000.0,0.30000001192092896,2,steel_rigid
case180,-3954.322509765625,97.292724609375,489.6744384765625,-10.241947174072266,223.86605834960938,2125.177490234375,2136.96044921875,0.7629269361495972,0.007629269268363714,3.971034675487317e-05,6.0196003913879395,92.61947631835938,110000.0,0.3400000035762787,1,titanium_rigid
case181,-4083.42578125,-360.669921875,543.1674194335938,-538.9545288085938,364.4732360839844,2648.41748046875,2727.164794921875,1.090201497077942,0.010902014560997486,5.6744986068224534e-05,13.802268028259277,145.93109130859375,70000.0,0.33000001311302185,0,aluminum_rigid
case182,-3806.32177734375,270.1907958984375,512.4743041992188,-149.280029296875,-1025.199462890625,4479.24072265625,4597.490234375,0.9796323776245117,0.009796323254704475,5.0989863666472957e-05,13.023031234741211,261.71533203125,70000.0,0.33000001311302185,0,aluminum_rigid
case183,-3824.639892578125,-27.56939697265625,494.4572448730469,-10.464035987854004,-3.300175428390503,1989.212158203125,1989.242431640625,0.8886189460754395,0.008886189199984074,4.6252614993136376e-05,0.31602925062179565,197.50436401367188,70000.0,0.33000001311302185,0,aluminum_rigid
case184,-3977.927001953125,208.98516845703125,498.124755859375,847.7382202148438,-140.76358032226562,5028.95166015625,5101.845703125,0.9548519849777222,0.009548519738018513,4.9700047384249046e-05,9.697021484375,350.572265625,110000.0,0.3400000035762787,1,titanium_rigid
case185,-4029.997314453125,3.4400634765625,489.73468017578125,-225.10406494140625,112.18670654296875,2202.021484375,2216.338623046875,0.79082190990448,0.00790821947157383,4.116228228667751e-05,6.5159807205200195,153.50938415527344,110000.0,0.3400000035762787,1,titanium_rigid
case186,-3768.6220703125,-261.78460693359375,522.3614501953125,-234.28604125976562,-1131.824951171875,4624.7705078125,4767.013671875,1.076243281364441,0.010762433521449566,5.6018463510554284e-05,14.03188705444336,258.3050231933594,210000.0,0.30000001192092896,2,steel_rigid
case187,-4131.0546875,-117.8980712890625,506.657470703125,-45.06801986694336,-39.052215576171875,2336.24267578125,2337.003662109375,1.158879280090332,0.011588793247938156,6.031966768205166e-05,1.4621891975402832,220.9095001220703,110000.0,0.3400000035762787,1,titanium_rigid
case188,-4319.4423828125,26.52313232421875,508.5539855957031,83.37529754638672,219.62957763671875,3835.12451171875,3842.31298828125,0.8665468096733093,0.008665468543767929,4.5103763113729656e-05,3.5053024291992188,69.21234893798828,210000.0,0.30000001192092896,2,steel_rigid
case189,-4102.6953125,143.5189208984375,503.56231689453125,-580.9314575195312,-280.6645202636719,3015.575927734375,3083.821044921875,0.991682231426239,0.009916822426021099,5.161706212675199e-05,12.076273918151855,205.78651428222656,70000.0,0.33000001311302185,0,aluminum_rigid
case190,-4132.72265625,291.29498291015625,516.0175170898438,89.29238891601562,-4.702091217041016,2010.5084228515625,2012.495849609375,0.7873769998550415,0.007873769849538803,4.098297358723357e-05,2.546515941619873,356.9856262207031,70000.0,0.33000001311302185,0,aluminum_rigid
case191,-4022.16162109375,18.9189453125,488.7932434082031,14.46302604675293,304.3097229003906,2013.0714111328125,2035.9935302734375,1.0466516017913818,0.010466516017913818,5.447821240522899e-05,8.605698585510254,87.2789306640625,70000.0,0.33000001311302185,0,aluminum_rigid
case192,-4270.0126953125,-34.7786865234375,515.3070068359375,303.8212585449219,-92.15663146972656,4755.86669921875,4766.4521484375,0.940708577632904,0.009407085366547108,4.8963880544761196e-05,3.8192646503448486,343.1261291503906,210000.0,0.30000001192092896,2,steel_rigid
case193,-4192.197265625,-287.1083984375,521.3627319335938,354.2608337402344,321.56671142578125,2251.9609375,2302.2236328125,0.9369233250617981,0.009369232691824436,4.876685852650553e-05,11.994450569152832,42.23039627075195,110000.0,0.3400000035762787,1,titanium_rigid
case194,-3908.626220703125,-104.23241424560547,494.79278564453125,28.762845993041992,-0.7182072997093201,4857.0380859375,4857.12353515625,0.9475449323654175,0.009475449100136757,4.931971488986164e-05,0.33940109610557556,358.5696105957031,70000.0,0.33000001311302185,0,aluminum_rigid
case195,-4044.34814453125,-193.2751007080078,513.5281982421875,-608.8768310546875,722.5455932617188,4700.4638671875,4794.4931640625,1.0627732276916504,0.010627731680870056,5.5317344958893955e-05,11.366060256958008,130.12026977539062,110000.0,0.3400000035762787,1,titanium_rigid
case196,-3983.73681640625,372.5277404785156,549.8477172851562,669.7345581054688,-284.2348327636719,3392.2314453125,3469.375732421875,1.238595724105835,0.012385956943035126,6.44689062028192e-05,12.105198860168457,337.003662109375,210000.0,0.30000001192092896,2,steel_rigid
case197,-3893.5791015625,277.8979797363281,508.8146057128906,70.19246673583984,-36.84107208251953,2155.675537109375,2157.132568359375,1.1596113443374634,0.011596113443374634,6.035777187207714e-05,2.1060574054718018,332.3069152832031,70000.0,0.33000001311302185,0,aluminum_rigid
case198,-3847.94970703125,260.11822509765625,508.3898620605469,167.2641143798828,130.80441284179688,2244.705322265625,2254.725830078125,1.2441437244415283,0.012441437691450119,6.475768168456852e-05,5.403796195983887,38.02622985839844,70000.0,0.33000001311302185,0,aluminum_rigid
case199,-3710.676025390625,127.44840240478516,502.484375,-90.47205352783203,596.5711669921875,3402.876220703125,3455.95849609375,1.1387778520584106,0.0113877784460783,5.927338497713208e-05,10.055078506469727,98.6233901977539,110000.0,0.3400000035762787,1,titanium_rigid
case200,-4063.10302734375,-183.35247802734375,516.3494262695312,690.539794921875,-233.30389404296875,5028.1904296875,5080.74560546875,1.1483668088912964,0.011483668349683285,5.977249384159222e-05,8.24814510345459,341.33209228515625,70000.0,0.33000001311302185,0,aluminum_rigid
case201,-4275.08544921875,260.1806640625,547.2645874023438,-94.73291015625,69.134521484375,4980.94921875,4982.32958984375,0.8511893153190613,0.008511893451213837,4.430440458236262e-05,1.3487868309020996,143.87864685058594,210000.0,0.30000001192092896,2,steel_rigid
case202,-4163.46484375,383.5565185546875,635.6702270507812,-182.61599731445312,-827.8438720703125,3421.0888671875,3524.559814453125,0.8921553492546082,0.008921553380787373,4.6436685806838796e-05,13.917556762695312,257.5602111816406,210000.0,0.30000001192092896,2,steel_rigid
case203,-3719.218994140625,-137.80615234375,502.2899169921875,49.839202880859375,246.78421020507812,2105.6083984375,2120.606689453125,1.237945556640625,0.012379455380141735,6.443506572395563e-05,6.818456649780273,78.58242797851562,110000.0,0.3400000035762787,1,titanium_rigid
case204,-4265.83642578125,-268.7652893066406,548.7839965820312,733.8184814453125,324.4546813964844,3077.973388671875,3180.830078125,1.0944329500198364,0.01094432920217514,5.6965232943184674e-05,14.610367774963379,23.8524112701416,70000.0,0.33000001311302185,0,aluminum_rigid
case205,-3710.560791015625,395.35302734375,627.3302001953125,371.97137451171875,-455.12109375,3559.54150390625,3607.746337890625,1.1187710762023926,0.011187710799276829,5.823203537147492e-05,9.376692771911621,309.2591857910156,70000.0,0.33000001311302185,0,aluminum_rigid
case206,-3833.31591796875,-178.7159423828125,503.6581115722656,219.77865600585938,-174.91842651367188,1874.333251953125,1895.2635498046875,0.8869512677192688,0.008869512006640434,4.616581281879917e-05,8.522989273071289,321.4842529296875,210000.0,0.30000001192092896,2,steel_rigid
case207,-3798.083740234375,-365.82763671875,633.2242431640625,137.7758331298828,148.87338256835938,1977.3983154296875,1987.7750244140625,1.22793710231781,0.012279370799660683,6.391412898665294e-05,5.856970310211182,47.21708297729492,110000.0,0.3400000035762787,1,titanium_rigid
case208,-3748.556396484375,44.1644287109375,496.110595703125,-39.2492561340332,-26.139995574951172,4520.89453125,4521.14013671875,1.202531337738037,0.012025312520563602,6.259175279410556e-05,0.5976276993751526,213.66360473632812,210000.0,0.30000001192092896,2,steel_rigid
case209,-3794.023193359375,-313.4594421386719,596.8171997070312,-89.18091583251953,61.53068542480469,2813.614990234375,2815.7001953125,1.1776437759399414,0.011776437982916832,6.129636312834918e-05,2.2052805423736572,145.39613342285156,110000.0,0.3400000035762787,1,titanium_rigid
case210,-4199.86328125,-95.36951446533203,507.9758605957031,-145.64926147460938,109.81161499023438,3338.707763671875,3343.68701171875,0.8012253642082214,0.008012253791093826,4.170378088019788e-05,3.1271886825561523,142.98570251464844,210000.0,0.30000001192092896,2,steel_rigid
case211,-3829.2666015625,37.470523834228516,494.1388854980469,-256.504638671875,-149.48269653320312,4315.5888671875,4325.78857421875,1.1411669254302979,0.011411669664084911,5.939773836871609e-05,3.935361862182617,210.23226928710938,110000.0,0.3400000035762787,1,titanium_rigid
case212,-4123.26513671875,221.94285583496094,509.3208312988281,-264.5874938964844,-274.4059753417969,2406.367431640625,2436.3720703125,1.2454146146774292,0.012454145587980747,6.482382741523907e-05,9.001347541809082,226.04360961914062,110000.0,0.3400000035762787,1,titanium_rigid
case213,-4143.41552734375,-343.2374572753906,545.6860961914062,73.38923645019531,-959.7702026367188,3666.67041015625,3790.912353515625,1.0103085041046143,0.010103085078299046,5.258655801299028e-05,14.709341049194336,274.3726501464844,70000.0,0.33000001311302185,0,aluminum_rigid
case214,-4327.01318359375,-17.715089797973633,506.0282897949219,44.18781661987305,57.647464752197266,2445.3310546875,2446.40966796875,0.9584237337112427,0.009584236890077591,4.988595537724905e-05,1.701379418373108,52.52919006347656,210000.0,0.30000001192092896,2,steel_rigid
case215,-3902.0556640625,-110.29352569580078,496.40142822265625,-46.23501968383789,-623.26318359375,3929.22705078125,3978.620361328125,0.8114650845527649,0.008114650845527649,4.223675568937324e-05,9.037653923034668,265.7574462890625,110000.0,0.3400000035762787,1,titanium_rigid
case216,-4267.515625,-50.891845703125,517.4131469726562,42.57582092285156,-268.9396667480469,2072.92236328125,2090.72900390625,1.2158000469207764,0.012158000841736794,6.328239396680146e-05,7.483249187469482,278.995849609375,110000.0,0.3400000035762787,1,titanium_rigid
case217,-4007.497802734375,-399.23681640625,630.9815063476562,42.25228500366211,-61.54792404174805,4553.23388671875,4553.845703125,1.1423770189285278,0.01142377033829689,5.946072269580327e-05,0.9393424987792969,304.4693603515625,210000.0,0.30000001192092896,2,steel_rigid
case218,-3682.3642578125,-168.88575744628906,534.33447265625,249.88232421875,-548.2008056640625,3720.02197265625,3768.491455078125,0.874801754951477,0.008748017251491547,4.553343023872003e-05,9.199309349060059,294.50457763671875,210000.0,0.30000001192092896,2,steel_rigid
case219,-3677.200439453125,190.4866485595703,606.7947998046875,-4.804617881774902,-14.572400093078613,4602.44091796875,4602.46630859375,0.9234582781791687,0.009234583005309105,4.806600190931931e-05,0.19101707637310028,251.75225830078125,110000.0,0.3400000035762787,1,titanium_rigid
case220,-4205.65478515625,-252.78662109375,519.5597534179688,539.92919921875,-288.6091613769531,2898.418212890625,2962.371826171875,1.140028476715088,0.011400284245610237,5.933848296990618e-05,11.927101135253906,331.87408447265625,210000.0,0.30000001192092896,2,steel_rigid
case221,-4308.5869140625,262.1624755859375,560.2815551757812,-67.92575073242188,-650.5762329101562,3001.792724609375,3072.234375,1.2203211784362793,0.012203210964798927,6.351771298795938e-05,12.293002128601074,264.0394287109375,110000.0,0.3400000035762787,1,titanium_rigid
case222,-3783.1201171875,-18.046815872192383,498.1970520019531,277.4082946777344,495.1037902832031,4626.60693359375,4661.28466796875,1.0779073238372803,0.01077907346189022,5.610507650999352e-05,6.993262767791748,60.737945556640625,70000.0,0.33000001311302185,0,aluminum_rigid
case223,-4142.3154296875,96.97190856933594,499.0872802734375,8.760231971740723,12.187423706054688,2039.9310302734375,2039.986328125,1.180135726928711,0.011801357381045818,6.142606434877962e-05,0.4215564727783203,54.29169464111328,210000.0,0.30000001192092896,2,steel_rigid
case224,-3940.11865234375,167.160400390625,498.6037902832031,-8.51475715637207,-70.48565673828125,3004.9267578125,3005.765380859375,0.9345282912254333,0.009345282800495625,4.864219590672292e-05,1.353488564491272,263.1119689941406,210000.0,0.30000001192092896,2,steel_rigid
case225,-4236.79248046875,-339.62445068359375,626.8733520507812,50.124305725097656,-22.389846801757812,2891.061767578125,2891.5830078125,1.1896426677703857,0.011896426789462566,6.192090222612023e-05,1.0878443717956543,335.9303283691406,70000.0,0.33000001311302185,0,aluminum_rigid
case226,-4002.871337890625,-299.2965393066406,513.1393432617188,-505.853759765625,-880.060546875,5024.74560546875,5126.25244140625,0.9045001268386841,0.009045001119375229,4.707923289970495e-05,11.421004295349121,240.10995483398438,110000.0,0.3400000035762787,1,titanium_rigid
case227,-3752.3447265625,376.98175048828125,631.4290161132812,370.4377746582031,116.40714263916016,2136.05224609375,2171.05810546875,1.0156035423278809,0.010156035423278809,5.2862164011457935e-05,10.302876472473145,17.444913864135742,70000.0,0.33000001311302185,0,aluminum_rigid
case228,-3722.72412109375,52.28515625,499.5585021972656,94.7274398803711,-538.4805297851562,2769.82568359375,2823.272705078125,0.9676183462142944,0.009676183573901653,5.036453512730077e-05,11.166333198547363,279.9771728515625,70000.0,0.33000001311302185,0,aluminum_rigid
case229,-3914.34521484375,-110.21672821044922,495.8625183105469,184.86642456054688,-54.87868118286133,2258.86083984375,2267.077392578125,0.7529721260070801,0.007529721595346928,3.919220034731552e-05,4.879535675048828,343.4661560058594,210000.0,0.30000001192092896,2,steel_rigid
case230,-3713.96826171875,-176.88929748535156,513.0384521484375,228.25250244140625,-35.65265655517578,3205.39794921875,3213.712158203125,1.0225917100906372,0.010225917212665081,5.3225900046527386e-05,4.122306823730469,351.1222229003906,210000.0,0.30000001192092896,2,steel_rigid
case231,-3692.31787109375,-27.182619094848633,501.1654357910156,524.493896484375,-426.75506591796875,2765.6220703125,2847.08251953125,0.9821448922157288,0.009821449406445026,5.112064172863029e-05,13.73890495300293,320.8664245605469,110000.0,0.3400000035762787,1,titanium_rigid
case232,-4299.33154296875,328.82354736328125,602.1376953125,-155.48214721679688,49.44907760620117,4639.2734375,4642.1416015625,0.7779841423034668,0.007779841311275959,4.049407289130613e-05,2.014173984527588,162.35740661621094,210000.0,0.30000001192092896,2,steel_rigid
case233,-4280.33251953125,298.7853088378906,567.1782836914062,29.051361083984375,-61.62651062011719,3422.458740234375,3423.13671875,0.7880666851997375,0.007880667224526405,4.101886952412315e-05,1.1404353380203247,295.2396545410156,210000.0,0.30000001192092896,2,steel_rigid
case234,-3779.6220703125,351.06719970703125,633.878173828125,246.1550750732422,1063.0438232421875,4259.85009765625,4397.3828125,0.8971337676048279,0.008971337229013443,4.6695811761310324e-05,14.367535591125488,76.9625473022461,210000.0,0.30000001192092896,2,steel_rigid
case235,-4273.0771484375,-342.9556884765625,632.2454223632812,-84.39575958251953,-157.18028259277344,3006.929931640625,3012.2177734375,0.8707696795463562,0.008707696571946144,4.5323558879317716e-05,3.3954484462738037,241.7670440673828,110000.0,0.3400000035762787,1,titanium_rigid
case236,-4157.91064453125,397.66656494140625,643.4376831054688,-0.3886492848396301,64.16136169433594,4924.69287109375,4925.11083984375,1.195013165473938,0.011950131505727768,6.220043724169955e-05,0.7464494705200195,90.34706115722656,70000.0,0.33000001311302185,0,aluminum_rigid
case237,-4288.7392578125,-373.36627197265625,642.4537963867188,173.31707763671875,300.75775146484375,1771.1923828125,1804.8868408203125,1.025983452796936,0.010259835049510002,5.3402440244099125e-05,11.088423728942871,60.04652786254883,210000.0,0.30000001192092896,2,steel_rigid
case238,-3664.723388671875,-111.2374267578125,524.9725952148438,3.8627774715423584,70.20330810546875,2908.8212890625,2909.6708984375,0.8527462482452393,0.008527462370693684,4.438544056029059e-05,1.384634256362915,86.8506088256836,70000.0,0.33000001311302185,0,aluminum_rigid
case239,-3733.981689453125,78.22515869140625,500.0846252441406,-142.64146423339844,223.9634246826172,1720.8067626953125,1741.172607421875,0.7564109563827515,0.007564109284430742,3.937118890462443e-05,8.771873474121094,122.49290466308594,110000.0,0.3400000035762787,1,titanium_rigid
case240,-3871.505615234375,-202.3636474609375,510.79168701171875,150.7667999267578,30.096389770507812,3317.861328125,3321.42138671875,0.8599411249160767,0.008599410764873028,4.475993409869261e-05,2.653045654296875,11.289113998413086,70000.0,0.33000001311302185,0,aluminum_rigid
case241,-3895.870849609375,-319.25360107421875,514.3228759765625,249.9354248046875,-404.6971740722656,3838.0380859375,3867.400146484375,0.8953922986984253,0.008953922428190708,4.660516788135283e-05,7.064744472503662,301.69891357421875,70000.0,0.33000001311302185,0,aluminum_rigid
case242,-3819.94384765625,410.284912109375,635.2898559570312,165.18247985839844,-108.9920425415039,4205.7568359375,4210.41015625,1.2287492752075195,0.012287492863833904,6.395640230039135e-05,2.6940438747406006,326.5820617675781,210000.0,0.30000001192092896,2,steel_rigid
case243,-4005.025390625,-248.7456512451172,507.62200927734375,-190.60809326171875,26.364154815673828,2702.347412109375,2709.189697265625,1.0732882022857666,0.010732881724834442,5.5864649766590446e-05,4.072916030883789,172.1250457763672,110000.0,0.3400000035762787,1,titanium_rigid
case244,-3695.81103515625,-385.3504638671875,626.72412109375,-289.72662353515625,73.04338073730469,2594.483154296875,2611.631591796875,1.1064447164535522,0.011064447462558746,5.759044870501384e-05,6.569497585296631,165.84996032714844,210000.0,0.30000001192092896,2,steel_rigid
case245,-3996.657958984375,-248.08807373046875,509.6092834472656,695.1076049804688,151.63409423828125,4327.91552734375,4386.0029296875,1.2252833843231201,0.01225283369421959,6.377600220730528e-05,9.33520793914795,12.305989265441895,110000.0,0.3400000035762787,1,titanium_rigid
case246,-4090.603759765625,140.3582763671875,502.3537902832031,-234.23333740234375,-145.88436889648438,2184.0947265625,2201.4580078125,1.1675469875335693,0.01167546957731247,6.0770820709876716e-05,7.20085334777832,211.9153289794922,70000.0,0.33000001311302185,0,aluminum_rigid
case247,-3676.967041015625,182.19119262695312,578.3995361328125,72.50608825683594,-650.973388671875,4847.65576171875,4891.70654296875,1.1946498155593872,0.011946498416364193,6.218151975190267e-05,7.695009231567383,276.35546875,210000.0,0.30000001192092896,2,steel_rigid
case248,-4111.63818359375,-396.6867370605469,637.2463989257812,212.65753173828125,72.77478790283203,3751.34912109375,3758.07666015625,1.0686113834381104,0.010686113499104977,5.562122169067152e-05,3.4288249015808105,18.891761779785156,110000.0,0.3400000035762787,1,titanium_rigid
case249,-3970.30419921875,187.32037353515625,499.68798828125,708.41162109375,51.05978775024414,3898.33642578125,3962.509521484375,0.9742401838302612,0.009742401540279388,5.0709200877463445e-05,10.325629234313965,4.122546672821045,210000.0,0.30000001192092896,2,steel_rigid
case250,-3675.062255859375,191.09344482421875,615.94677734375,-62.378841400146484,-9.993852615356445,2291.319091796875,2292.189697265625,0.9495661854743958,0.009495661593973637,4.942491796100512e-05,1.5793112516403198,189.1021270751953,70000.0,0.33000001311302185,0,aluminum_rigid
case251,-3912.88818359375,406.63653564453125,637.9181518554688,34.16041946411133,0.09806813299655914,1754.028564453125,1754.3612060546875,1.0572383403778076,0.010572383180260658,5.502925705513917e-05,1.1157221794128418,0.16448494791984558,70000.0,0.33000001311302185,0,aluminum_rigid
case252,-3702.068359375,-144.62025451660156,507.35736083984375,-118.70513153076172,-124.26031494140625,2945.914794921875,2950.9228515625,0.8824419379234314,0.008824419230222702,4.593110497808084e-05,3.3385167121887207,226.30978393554688,70000.0,0.33000001311302185,0,aluminum_rigid
case253,-4097.55908203125,203.79945373535156,504.03533935546875,-136.6996307373047,-190.7895965576172,3677.499755859375,3684.98193359375,0.8677736520767212,0.008677736856043339,4.5167620555730537e-05,3.651806116104126,234.3786163330078,70000.0,0.33000001311302185,0,aluminum_rigid
case254,-4179.4111328125,182.3468017578125,507.15338134765625,-211.955078125,124.28924560546875,2080.38916015625,2094.848876953125,0.8621002435684204,0.008621002547442913,4.487231854000129e-05,6.735833644866943,149.61288452148438,110000.0,0.3400000035762787,1,titanium_rigid
case255,-4037.53125,3.55218505859375,489.9052429199219,559.199951171875,-1100.6103515625,4775.53076171875,4932.51904296875,0.9462025761604309,0.009462025947868824,4.924984386889264e-05,14.494231224060059,296.9342956542969,70000.0,0.33000001311302185,0,aluminum_rigid
case256,-4007.244140625,289.6300354003906,506.7378845214844,-368.70672607421875,-20.066659927368164,1961.7626953125,1996.21142578125,0.9222707152366638,0.009222706779837608,4.800419264938682e-05,10.659767150878906,183.11521911621094,210000.0,0.30000001192092896,2,steel_rigid
case257,-4109.1083984375,331.3532409667969,522.8231201171875,43.557701110839844,106.03841400146484,2502.6796875,2505.3037109375,1.2483022212982178,0.012483022175729275,6.497412687167525e-05,2.6226179599761963,67.66847229003906,210000.0,0.30000001192092896,2,steel_rigid
case258,-4281.89501953125,176.2333984375,518.8461303710938,8.730130195617676,-10.415645599365234,2116.21875,2116.262451171875,0.8810554146766663,0.008810554631054401,4.5858934754505754e-05,0.36795148253440857,309.9688720703125,210000.0,0.30000001192092896,2,steel_rigid
case259,-4265.53076171875,51.703857421875,517.1884765625,-108.77457427978516,52.310062408447266,4484.763671875,4486.3876953125,0.9272727370262146,0.009272727183997631,4.826454460271634e-05,1.541636347770691,154.3169403076172,70000.0,0.33000001311302185,0,aluminum_rigid
case260,-4028.62255859375,-193.2081298828125,513.0953979492188,218.19761657714844,359.4617919921875,2534.49365234375,2569.14013671875,1.102495789527893,0.0110249575227499,5.738490654039197e-05,9.42025375366211,58.74174880981445,210000.0,0.30000001192092896,2,steel_rigid
case261,-3980.6953125,-191.5607452392578,513.6268920898438,49.99181365966797,100.89879608154297,2628.642578125,2631.053466796875,1.0090404748916626,0.010090405121445656,5.252055780147202e-05,2.452906370162964,63.6431999206543,70000.0,0.33000001311302185,0,aluminum_rigid
case262,-3923.502197265625,-304.49835205078125,511.44647216796875,-430.45172119140625,-344.84466552734375,2820.458740234375,2873.88134765625,0.7758874893188477,0.007758874911814928,4.03849444410298e-05,11.064730644226074,218.69900512695312,70000.0,0.33000001311302185,0,aluminum_rigid
case263,-3919.528564453125,166.49827575683594,498.0773620605469,156.08253479003906,16.492938995361328,2848.66455078125,2852.985107421875,1.0393790006637573,0.01039378996938467,5.409967707237229e-05,3.15360951423645,6.031949996948242,70000.0,0.33000001311302185,0,aluminum_rigid
case264,-3666.674072265625,397.4072265625,629.3598022460938,-40.171653747558594,68.05878448486328,1872.9271240234375,1874.59375,1.115970253944397,0.011159703135490417,5.808625428471714e-05,2.416222095489502,120.55120086669922,70000.0,0.33000001311302185,0,aluminum_rigid
case265,-4182.3134765625,-293.0596618652344,521.1953735351562,-53.094539642333984,-201.11973571777344,3050.648681640625,3057.732177734375,0.7532569169998169,0.007532569579780102,3.920702511095442e-05,3.9007041454315186,255.21160888671875,210000.0,0.30000001192092896,2,steel_rigid
case266,-3680.90625,430.65777587890625,630.231201171875,-305.0701599121094,338.06640625,3257.117919921875,3288.795166015625,1.0199922323226929,0.010199922136962414,5.309059633873403e-05,7.958703517913818,132.06300354003906,210000.0,0.30000001192092896,2,steel_rigid
case267,-3885.85107421875,257.89764404296875,507.2433776855469,274.3027648925781,175.86102294921875,2032.1790771484375,2058.13525390625,1.1433775424957275,0.011433775536715984,5.951280036242679e-05,9.109170913696289,32.66474914550781,210000.0,0.30000001192092896,2,steel_rigid
case268,-4245.0537109375,71.434326171875,510.7298583984375,-399.13092041015625,70.1868667602539,4496.37060546875,4514.5966796875,0.9768992066383362,0.009768991731107235,5.084760414320044e-05,5.15011739730835,170.02655029296875,70000.0,0.33000001311302185,0,aluminum_rigid
case269,-3993.368896484375,289.2055358886719,506.59893798828125,295.6594543457031,884.6576538085938,3520.741455078125,3642.20458984375,0.8488766551017761,0.008488766849040985,4.418403113959357e-05,14.838569641113281,71.51997375488281,210000.0,0.30000001192092896,2,steel_rigid
case270,-4238.49169921875,-100.98686981201172,510.21954345703125,-360.4552917480469,-570.1030883789062,3908.69091796875,3966.460693359375,1.2365942001342773,0.012365941889584064,6.436472904169932e-05,9.790724754333496,237.6963348388672,210000.0,0.30000001192092896,2,steel_rigid
case271,-4074.719482421875,304.4498291015625,514.8959350585938,-410.8027648925781,-49.93962860107422,2042.03515625,2083.545166015625,1.1247482299804688,0.011247482150793076,5.8543144405120984e-05,11.456086158752441,186.93121337890625,70000.0,0.33000001311302185,0,aluminum_rigid
case272,-3720.5673828125,-361.655029296875,626.7423706054688,33.925785064697266,-13.816410064697266,1955.554931640625,1955.89794921875,0.8351057171821594,0.008351056836545467,4.346725108916871e-05,1.073134422302246,337.8411865234375,110000.0,0.3400000035762787,1,titanium_rigid
case273,-3742.865966796875,-8.76165771484375,498.03228759765625,-154.79226684570312,987.3511352539062,4322.52490234375,4436.55810546875,1.1657464504241943,0.011657464317977428,6.0677102737827227e-05,13.018594741821289,98.9100341796875,210000.0,0.30000001192092896,2,steel_rigid
case274,-3873.324951171875,407.6026306152344,632.8037719726562,115.28318786621094,-287.2033386230469,4667.74658203125,4677.99462890625,1.00062096118927,0.010006209835410118,5.208232323639095e-05,3.7932240962982178,291.8704833984375,210000.0,0.30000001192092896,2,steel_rigid
case275,-4271.9736328125,212.29527282714844,521.6182861328125,-506.5786437988281,1010.1151123046875,4586.9677734375,4724.111328125,1.0743837356567383,0.010743836872279644,5.59216714464128e-05,13.839536666870117,116.634033203125,210000.0,0.30000001192092896,2,steel_rigid
case276,-4309.54931640625,-24.696229934692383,507.5341491699219,259.1112365722656,-451.7363586425781,4450.10302734375,4480.470703125,1.1134459972381592,0.011134459637105465,5.795486140414141e-05,6.674674034118652,299.838134765625,110000.0,0.3400000035762787,1,titanium_rigid
case277,-4206.6748046875,97.8870849609375,506.03619384765625,42.759521484375,432.0469970703125,3072.25634765625,3102.78125,0.9648895859718323,0.00964889582246542,5.02225047966931e-05,8.043526649475098,84.34786224365234,70000.0,0.33000001311302185,0,aluminum_rigid
case278,-3945.284912109375,347.1343994140625,523.5228881835938,-535.943115234375,660.5946044921875,4868.76611328125,4942.52001953125,1.1459174156188965,0.011459173634648323,5.964500087429769e-05,9.910540580749512,129.0525665283203,210000.0,0.30000001192092896,2,steel_rigid
case279,-3815.417236328125,-281.15692138671875,513.5669555664062,-34.540409088134766,-350.58087158203125,4018.513916015625,4033.92529296875,1.1965413093566895,0.011965412646532059,6.227997073438019e-05,5.0099592208862305,264.3731994628906,210000.0,0.30000001192092896,2,steel_rigid
case280,-3768.681396484375,102.69249725341797,497.13226318359375,-205.30850219726562,-192.29734802246094,4848.11572265625,4856.26953125,1.160813570022583,0.011608135886490345,6.0420345107559115e-05,3.3207271099090576,223.125732421875,210000.0,0.30000001192092896,2,steel_rigid
case281,-3784.863525390625,301.50006103515625,557.9332275390625,-154.39230346679688,270.226318359375,3500.90869140625,3514.71484375,0.9383373856544495,0.009383373893797398,4.88404584757518e-05,5.080100059509277,119.74124908447266,70000.0,0.33000001311302185,0,aluminum_rigid
case282,-4261.42919921875,-162.1885986328125,516.0272216796875,-4.121090412139893,-7.370657920837402,1935.730712890625,1935.7491455078125,1.181334376335144,0.01181334350258112,6.148845568532124e-05,0.24994823336601257,240.78952026367188,70000.0,0.33000001311302185,0,aluminum_rigid
case283,-3750.636962890625,52.70233154296875,496.0291748046875,-132.20040893554688,168.3075714111328,3276.280029296875,3283.2626953125,0.8535544872283936,0.008535544387996197,4.44275101472158e-05,3.7374773025512695,128.14854431152344,70000.0,0.33000001311302185,0,aluminum_rigid
case284,-3948.3505859375,170.2706298828125,498.8873291015625,413.0395202636719,298.00830078125,3816.571533203125,3850.40625,0.8427094221115112,0.008427094668149948,4.386302680359222e-05,7.601243495941162,35.81047439575195,70000.0,0.33000001311302185,0,aluminum_rigid
case285,-4230.2548828125,-380.221923828125,641.0252685546875,-0.5682673454284668,3.186980724334717,3179.672119140625,3179.673583984375,1.031086802482605,0.010310868732631207,5.3668070904677734e-05,0.05833324044942856,100.11009979248047,110000.0,0.3400000035762787,1,titanium_rigid
case286,-3891.138916015625,-98.02509307861328,494.7220153808594,130.1771697998047,407.8221130371094,3327.529296875,3354.953857421875,0.9458803534507751,0.009458803571760654,4.923307278659195e-05,7.33096981048584,72.296875,210000.0,0.30000001192092896,2,steel_rigid
case287,-4183.91650390625,420.0678405761719,644.7321166992188,286.28759765625,-279.78851318359375,4981.94482421875,4998.00146484375,0.9576822519302368,0.009576822631061077,4.984736006008461e-05,4.5938849449157715,315.65777587890625,210000.0,0.30000001192092896,2,steel_rigid
case288,-4022.061767578125,3.487975835800171,489.5338134765625,-75.03085327148438,-94.30484008789062,3435.593017578125,3437.7060546875,1.2234950065612793,0.012234950438141823,6.368291360558942e-05,2.0089612007141113,231.4935302734375,70000.0,0.33000001311302185,0,aluminum_rigid
case289,-3877.62109375,90.0284423828125,494.0557556152344,-0.014260180294513702,-7.919672012329102,4295.115234375,4295.12255859375,0.7682793140411377,0.00768279330804944,3.998893953394145e-05,0.1056465283036232,269.8968200683594,110000.0,0.3400000035762787,1,titanium_rigid
case290,-4126.66552734375,-301.47613525390625,517.0036010742188,-61.225303649902344,25.280529022216797,4871.77880859375,4872.22900390625,0.7713451385498047,0.007713451515883207,4.014851583633572e-05,0.778975784778595,157.56378173828125,210000.0,0.30000001192092896,2,steel_rigid
case291,-4122.84619140625,-90.476318359375,501.3043212890625,5.149694919586182,-3.6754915714263916,4285.9580078125,4285.962890625,1.2176579236984253,0.012176578864455223,6.337909144349396e-05,0.08457841724157333,324.4833984375,70000.0,0.33000001311302185,0,aluminum_rigid
case292,-4020.303955078125,-257.40478515625,507.768310546875,555.5584716796875,869.2452392578125,4595.17578125,4709.55126953125,0.8203788995742798,0.008203788660466671,4.2700721678556874e-05,12.653107643127441,57.41624069213867,70000.0,0.33000001311302185,0,aluminum_rigid
case293,-3736.695556640625,-355.60992431640625,627.7998657226562,-48.639434814453125,-376.8697204589844,3340.671630859375,3362.214111328125,0.7573412656784058,0.007573412265628576,3.941961040254682e-05,6.489401817321777,262.6459655761719,210000.0,0.30000001192092896,2,steel_rigid
case294,-3762.614501953125,-52.3114013671875,503.4053649902344,-120.72193145751953,-347.03167724609375,4287.73388671875,4303.4482421875,0.9266597032546997,0.009266597218811512,4.823263589059934e-05,4.897897243499756,250.81874084472656,210000.0,0.30000001192092896,2,steel_rigid
case295,-4264.30859375,-343.31207275390625,632.2122802734375,2.28279185295105,35.503662109375,4337.68505859375,4337.8310546875,0.9482892155647278,0.009482892230153084,4.9358452088199556e-05,0.46991997957229614,86.32109832763672,70000.0,0.33000001311302185,0,aluminum_rigid
case296,-4316.3271484375,224.67247009277344,554.4899291992188,-70.0447769165039,320.01007080078125,2083.80615234375,2109.398193359375,1.051445484161377,0.010514454916119576,5.47277377336286e-05,8.934103965759277,102.34635925292969,110000.0,0.3400000035762787,1,titanium_rigid
case297,-4142.52685546875,109.72482299804688,499.6531066894531,-142.00343322753906,351.27325439453125,2550.296630859375,2578.288330078125,0.9158741235733032,0.009158741682767868,4.76712484669406e-05,8.450459480285645,112.01119232177734,70000.0,0.33000001311302185,0,aluminum_rigid
case298,-4240.61181640625,-219.56520080566406,518.8118896484375,-557.7611694335938,-550.4212646484375,3827.856689453125,3907.2431640625,0.9533677697181702,0.009533677250146866,4.962279126630165e-05,11.569466590881348,224.62051391601562,70000.0,0.33000001311302185,0,aluminum_rigid
case299,-3770.290771484375,-203.4719696044922,505.66925048828125,-55.37635040283203,-233.4034423828125,3249.834228515625,3258.675537109375,1.1687633991241455,0.011687633581459522,6.083413609303534e-05,4.221564769744873,256.65301513671875,210000.0,0.30000001192092896,2,steel_rigid
case300,-3657.40185546875,397.24017333984375,629.1944580078125,8.105589866638184,-498.0741882324219,4031.7216796875,4062.379150390625,0.8191964030265808,0.008191964589059353,4.26391743530985e-05,7.043493747711182,270.9323425292969,110000.0,0.3400000035762787,1,titanium_rigid
case301,-3744.010498046875,-94.50395965576172,500.04583740234375,351.6426696777344,-224.91636657714844,4522.64013671875,4541.8623046875,1.1980878114700317,0.011980878189206123,6.236047192942351e-05,5.273219108581543,327.3963623046875,210000.0,0.30000001192092896,2,steel_rigid
case302,-4001.3515625,-263.5191650390625,508.4788513183594,150.94549560546875,-169.23939514160156,2239.962890625,2251.4130859375,1.052626132965088,0.010526261292397976,5.4789190471637994e-05,5.780935287475586,311.7299499511719,210000.0,0.30000001192092896,2,steel_rigid
case303,-4202.9990234375,-208.24913024902344,517.22509765625,-180.68592834472656,186.01019287109375,3238.70947265625,3249.07470703125,1.084377646446228,0.010843777097761631,5.644185876008123e-05,4.577856540679932,134.16815185546875,210000.0,0.30000001192092896,2,steel_rigid
case304,-3758.13232421875,115.63939666748047,498.19110107421875,-104.02780151367188,-214.5828857421875,2845.85400390625,2855.827880859375,0.9442287087440491,0.009442286565899849,4.914710370940156e-05,4.789928436279297,244.13632202148438,110000.0,0.3400000035762787,1,titanium_rigid
case305,-4163.24462890625,97.09693145751953,504.844970703125,275.3651123046875,69.01611328125,4214.03466796875,4223.5859375,0.9872815608978271,0.009872815571725368,5.138800770509988e-05,3.853959798812866,14.070476531982422,110000.0,0.3400000035762787,1,titanium_rigid
case306,-3855.15576171875,217.2137451171875,506.55096435546875,353.3695068359375,429.3336181640625,4000.75048828125,4039.2080078125,1.1479076147079468,0.011479075998067856,5.974859232082963e-05,7.912717819213867,50.54339599609375,110000.0,0.3400000035762787,1,titanium_rigid
case307,-4171.9423828125,383.17132568359375,636.3193969726562,773.2223510742188,-354.0553894042969,3734.677734375,3830.2802734375,0.8050013184547424,0.008050013333559036,4.1900319047272205e-05,12.828155517578125,335.39715576171875,210000.0,0.30000001192092896,2,steel_rigid
case308,-4113.453125,80.88055419921875,494.6656494140625,-159.127197265625,445.3829345703125,2717.8994140625,2758.743408203125,0.8850514888763428,0.008850514888763428,4.606692891684361e-05,9.871492385864258,109.66088104248047,110000.0,0.3400000035762787,1,titanium_rigid
case309,-4013.58056640625,-277.3385009765625,510.2958984375,-734.6864624023438,0.5979113578796387,3216.652587890625,3299.487548828125,0.9856383204460144,0.009856383316218853,5.130247518536635e-05,12.86572265625,179.953369140625,110000.0,0.3400000035762787,1,titanium_rigid
case310,-4200.32763671875,-298.025390625,528.8760375976562,-142.8143768310547,331.67108154296875,2149.747314453125,2179.865966796875,1.1613129377365112,0.011613129638135433,6.0446338466135785e-05,9.535446166992188,113.29624938964844,70000.0,0.33000001311302185,0,aluminum_rigid
case311,-3767.885498046875,-280.06341552734375,542.3477783203125,840.9666748046875,448.7423400878906,4507.64404296875,4607.32568359375,0.8615415096282959,0.00861541461199522,4.48432365374174e-05,11.940067291259766,28.084514617919922,70000.0,0.33000001311302185,0,aluminum_rigid
case312,-3779.920654296875,425.45654296875,630.04345703125,-119.38306427001953,562.1341552734375,3414.728759765625,3462.747314453125,1.2460789680480957,0.012460789643228054,6.485841004177928e-05,9.552903175354004,101.99002838134766,110000.0,0.3400000035762787,1,titanium_rigid
case313,-4196.8662109375,-273.84423828125,519.472900390625,38.205589294433594,-65.03819274902344,2261.165771484375,2262.423583984375,1.1902987957000732,0.011902987957000732,6.19550482952036e-05,1.9106069803237915,300.431396484375,110000.0,0.3400000035762787,1,titanium_rigid
case314,-3685.630859375,-51.162841796875,505.74835205078125,-940.1179809570312,529.3342895507812,4036.597900390625,4178.2939453125,1.1636221408843994,0.011636221781373024,6.056653364794329e-05,14.964142799377441,150.61827087402344,70000.0,0.33000001311302185,0,aluminum_rigid
case315,-4327.884765625,130.48765563964844,519.3694458007812,99.21149444580078,-694.9247436523438,3251.104736328125,3326.025390625,0.9716811180114746,0.009716811589896679,5.0576003559399396e-05,12.184126853942871,278.1249694824219,210000.0,0.30000001192092896,2,steel_rigid
case316,-4206.974609375,-167.4183807373047,511.843505859375,-451.52740478515625,-0.7467150688171387,2867.220947265625,2902.55615234375,1.088803768157959,0.010888037271797657,5.6672233768040314e-05,8.949402809143066,180.09475708007812,70000.0,0.33000001311302185,0,aluminum_rigid
case317,-4019.933349609375,190.3404541015625,497.1769714355469,186.47886657714844,-112.8736343383789,2757.066162109375,2765.669677734375,1.1511746644973755,0.011511746793985367,5.9918646002188325e-05,4.520511150360107,328.8139343261719,110000.0,0.3400000035762787,1,titanium_rigid
case318,-4286.99951171875,360.079833984375,629.4656372070312,-766.4581298828125,-534.3466186523438,3591.02490234375,3710.58544921875,0.8397511839866638,0.008397512137889862,4.370904935058206e-05,14.584226608276367,214.88279724121094,110000.0,0.3400000035762787,1,titanium_rigid
case319,-4004.798828125,-192.08839416503906,514.296875,233.55735778808594,905.22314453125,4480.7490234375,4577.236328125,1.1002403497695923,0.011002403683960438,5.7267512602265924e-05,11.785181999206543,75.5325927734375,110000.0,0.3400000035762787,1,titanium_rigid
case320,-3764.408935546875,-197.3655242919922,505.53887939453125,-3.8782906532287598,8.593571662902832,4161.0732421875,4161.083984375,1.0340492725372314,0.010340492241084576,5.382226299843751e-05,0.12982085347175598,114.28971862792969,210000.0,0.30000001192092896,2,steel_rigid
case321,-4182.38623046875,404.14813232421875,643.9451904296875,-71.82389068603516,578.7019653320312,2245.875732421875,2320.34765625,0.9973964691162109,0.009973964653909206,5.191448508412577e-05,14.555439949035645,97.07492065429688,110000.0,0.3400000035762787,1,titanium_rigid
case322,-4162.49853515625,-355.38482666015625,625.3519287109375,-485.2479553222656,440.4454345703125,4919.93212890625,4963.38525390625,1.2047284841537476,0.012047285214066505,6.27061162958853e-05,7.587083339691162,137.77088928222656,110000.0,0.3400000035762787,1,titanium_rigid
case323,-3773.33984375,-310.5154113769531,624.787353515625,-907.6030883789062,320.9246826171875,4125.927734375,4236.74560546875,0.9218407273292542,0.009218406863510609,4.798180816578679e-05,13.133427619934082,160.526611328125,110000.0,0.3400000035762787,1,titanium_rigid
case324,-3685.40283203125,190.7833709716797,560.5701293945312,-719.976318359375,-69.73102569580078,3314.041259765625,3392.06396484375,1.1124275922775269,0.011124275624752045,5.7901856052922085e-05,12.312664985656738,185.53195190429688,70000.0,0.33000001311302185,0,aluminum_rigid
case325,-3983.7919921875,79.32568359375,487.4081115722656,17.339948654174805,-136.63706970214844,3034.806396484375,3037.93017578125,1.1789137125015259,0.011789136566221714,6.136245792731643e-05,2.598552703857422,277.23248291015625,210000.0,0.30000001192092896,2,steel_rigid
case326,-4254.0439453125,320.111572265625,574.3603515625,-350.9161376953125,-349.032958984375,3828.28125,3860.14306640625,0.8108099699020386,0.008108099922537804,4.2202660551993176e-05,7.366640090942383,224.84585571289062,210000.0,0.30000001192092896,2,steel_rigid
case327,-3813.159423828125,209.65765380859375,504.4899597167969,539.3925170898438,-603.0958862304688,4887.52685546875,4954.04736328125,1.067475438117981,0.010674755088984966,5.5562097259098664e-05,9.399901390075684,311.80859375,210000.0,0.30000001192092896,2,steel_rigid
case328,-4320.86474609375,-203.14564514160156,547.2020263671875,-655.2388305664062,-302.0402526855469,2696.5185546875,2791.375732421875,0.8034867644309998,0.008034867234528065,4.182148404652253e-05,14.979633331298828,204.74790954589844,210000.0,0.30000001192092896,2,steel_rigid
case329,-3841.7001953125,185.32228088378906,501.2404479980469,489.78662109375,1078.21142578125,4869.56494140625,5011.49609375,0.9800535440444946,0.009800535626709461,5.101178612676449e-05,13.668573379516602,65.5696792602539,70000.0,0.33000001311302185,0,aluminum_rigid
case330,-4237.59326171875,-347.00634765625,631.04052734375,-141.47279357910156,10.356931686401367,3811.53515625,3814.173828125,0.9956247210502625,0.009956247173249722,5.182226959732361e-05,2.1313555240631104,175.81295776367188,110000.0,0.3400000035762787,1,titanium_rigid
case331,-3938.3955078125,270.339599609375,510.1766052246094,635.3017578125,-67.12397003173828,3324.62060546875,3385.441650390625,0.7733953595161438,0.007733953185379505,4.025522866868414e-05,10.877015113830566,353.96868896484375,110000.0,0.3400000035762787,1,titanium_rigid
case332,-4282.466796875,332.7598876953125,602.123779296875,296.4037170410156,-320.1605224609375,2305.92431640625,2346.837158203125,1.2291098833084106,0.012291098944842815,6.397517427103594e-05,10.714186668395996,312.7934265136719,110000.0,0.3400000035762787,1,titanium_rigid
case333,-3956.5791015625,-370.216064453125,552.58349609375,-666.8582153320312,-357.3541564941406,4875.1630859375,4933.52001953125,1.0658926963806152,0.010658926330506802,5.5479711591033265e-05,8.82131576538086,208.18585205078125,70000.0,0.33000001311302185,0,aluminum_rigid
case334,-3725.818603515625,388.0588073730469,628.2588500976562,1200.008056640625,-254.469970703125,4880.06005859375,5031.87451171875,0.959282398223877,0.00959282461553812,4.9930651584872976e-05,14.110006332397461,348.02740478515625,110000.0,0.3400000035762787,1,titanium_rigid
case335,-4106.94677734375,-325.208984375,519.6658325195312,306.4653015136719,272.3834533691406,4574.037109375,4592.37744140625,1.0300993919372559,0.010300993919372559,5.3616669902112335e-05,5.1223039627075195,41.63039016723633,70000.0,0.33000001311302185,0,aluminum_rigid
case336,-3900.806884765625,-122.78992462158203,498.32177734375,325.9089660644531,365.7769470214844,3823.219970703125,3854.480712890625,1.0598522424697876,0.010598522610962391,5.516531382454559e-05,7.302090644836426,48.29881286621094,70000.0,0.33000001311302185,0,aluminum_rigid
case337,-4055.3935546875,356.7156677246094,531.3853759765625,-49.35218811035156,69.6703872680664,2970.454833984375,2971.681640625,0.8891280293464661,0.008891279809176922,4.627911403076723e-05,1.6463872194290161,125.31249237060547,210000.0,0.30000001192092896,2,steel_rigid
case338,-4307.35302734375,-252.29150390625,559.589111328125,-12.101470947265625,15.279485702514648,3835.4189453125,3835.468505859375,0.7648807764053345,0.00764880795031786,3.981204281444661e-05,0.2911692261695862,128.37950134277344,210000.0,0.30000001192092896,2,steel_rigid
case339,-4207.36767578125,-97.43128204345703,507.7345275878906,-206.33255004882812,-324.662353515625,3088.282958984375,3112.14892578125,1.0185474157333374,0.01018547359853983,5.301539204083383e-05,7.100257396697998,237.56283569335938,210000.0,0.30000001192092896,2,steel_rigid
case340,-4280.85107421875,-374.38092041015625,644.1730346679688,0.12251117080450058,0.05110279843211174,4878.84521484375,4878.84521484375,1.172251582145691,0.01172251533716917,6.101569306338206e-05,0.0015588899841532111,22.642366409301758,210000.0,0.30000001192092896,2,steel_rigid
case341,-3939.0224609375,412.32611083984375,638.715087890625,-579.322509765625,-239.73873901367188,4315.3203125,4360.62841796875,0.7591373920440674,0.007591374218463898,3.951310281991027e-05,8.266600608825684,202.48104858398438,70000.0,0.33000001311302185,0,aluminum_rigid
case342,-4205.0810546875,119.48137664794922,509.29736328125,773.985107421875,-795.894775390625,4609.64990234375,4741.45263671875,0.916607677936554,0.00916607677936554,4.7709429054521024e-05,13.541146278381348,314.2004089355469,110000.0,0.3400000035762787,1,titanium_rigid
case343,-3964.873779296875,-194.16415405273438,514.0621948242188,-231.6817626953125,13.826264381408691,1754.97021484375,1770.2508544921875,1.1447194814682007,0.011447194963693619,5.958264955552295e-05,7.533621311187744,176.5847625732422,110000.0,0.3400000035762787,1,titanium_rigid
case344,-4128.18115234375,-333.0144348144531,527.5533447265625,73.44715881347656,-403.7613525390625,3797.96435546875,3820.072265625,0.8300023078918457,0.008300023153424263,4.3201620428590104e-05,6.167140960693359,280.3097839355469,70000.0,0.33000001311302185,0,aluminum_rigid
case345,-4247.390625,180.4404754638672,516.9221801757812,908.2942504882812,241.54754638671875,4135.84521484375,4241.2919921875,1.06492018699646,0.010649201460182667,5.542909275391139e-05,12.802932739257812,14.892291069030762,110000.0,0.3400000035762787,1,titanium_rigid
case346,-4258.27734375,166.9217529296875,517.187255859375,-73.70071411132812,-36.13909912109375,1866.176513671875,1867.9808349609375,0.7856207489967346,0.007856207899749279,4.089155845576897e-05,2.518547296524048,206.12098693847656,70000.0,0.33000001311302185,0,aluminum_rigid
case347,-4297.609375,-183.093017578125,522.572998046875,-124.07752990722656,-143.88037109375,2039.9560546875,2048.784423828125,0.9245168566703796,0.009245168417692184,4.812110273633152e-05,5.3209004402160645,229.2266387939453,110000.0,0.3400000035762787,1,titanium_rigid
case348,-4057.11572265625,-184.2157745361328,516.460693359375,800.212646484375,70.58299255371094,4713.23876953125,4781.20751953125,1.1665011644363403,0.011665010824799538,6.0716381995007396e-05,9.672487258911133,5.040745735168457,70000.0,0.33000001311302185,0,aluminum_rigid
case349,-3843.95947265625,217.79327392578125,506.2626647949219,173.9724578857422,-40.38195037841797,4313.31396484375,4317.01025390625,1.150158166885376,0.011501581408083439,5.9865731600439176e-05,2.371042013168335,346.9320983886719,70000.0,0.33000001311302185,0,aluminum_rigid
case350,-4257.96044921875,215.94369506835938,519.5571899414062,162.7632598876953,132.9764862060547,5112.115234375,5116.43408203125,0.8961120843887329,0.008961120620369911,4.664263178710826e-05,2.354311466217041,39.24858856201172,110000.0,0.3400000035762787,1,titanium_rigid
case351,-3853.07763671875,185.27976989746094,500.8647766113281,307.7904968261719,172.81723022460938,2324.691650390625,2351.33837890625,1.0536798238754272,0.0105367973446846,5.48440330021549e-05,8.634015083312988,29.313201904296875,110000.0,0.3400000035762787,1,titanium_rigid
case352,-3856.263427734375,-73.03411865234375,493.0079040527344,75.76593780517578,216.05874633789062,4435.65283203125,4441.55810546875,0.8048276305198669,0.008048276416957378,4.189127866993658e-05,2.9548537731170654,70.67562103271484,110000.0,0.3400000035762787,1,titanium_rigid
case353,-4185.2138671875,-213.58224487304688,519.2725830078125,143.33621215820312,202.97401428222656,1820.4542236328125,1837.3343505859375,0.8122524619102478,0.008122525177896023,4.2277741158613935e-05,7.772552967071533,54.77102279663086,70000.0,0.33000001311302185,0,aluminum_rigid
case354,-3970.46435546875,-211.61737060546875,514.3550415039062,-507.25067138671875,-448.0128173828125,4138.72607421875,4193.6943359375,0.8790565133094788,0.00879056565463543,4.575489219860174e-05,9.286900520324707,221.45150756835938,70000.0,0.33000001311302185,0,aluminum_rigid
case355,-3762.98828125,0.1822510063648224,497.19287109375,245.00067138671875,286.8249816894531,1721.23046875,1762.0806884765625,1.081908941268921,0.01081908866763115,5.631335807265714e-05,12.361305236816406,49.49665069580078,110000.0,0.3400000035762787,1,titanium_rigid
case356,-4305.7060546875,-219.22740173339844,543.6705932617188,-545.2946166992188,299.0839538574219,3860.82373046875,3910.595458984375,0.9778571724891663,0.009778572246432304,5.089746628073044e-05,9.151020050048828,151.2560577392578,110000.0,0.3400000035762787,1,titanium_rigid
case357,-3839.347900390625,335.8336181640625,559.7122802734375,209.77420043945312,-340.72076416015625,3308.669921875,3332.775390625,0.7963230013847351,0.007963229902088642,4.144861304666847e-05,6.895336627960205,301.61968994140625,110000.0,0.3400000035762787,1,titanium_rigid
case358,-3843.119384765625,-331.52392578125,546.107177734375,75.049072265625,666.185791015625,3827.233154296875,3885.5048828125,1.0428473949432373,0.0104284742847085,5.428020813269541e-05,9.935454368591309,83.57244873046875,210000.0,0.30000001192092896,2,steel_rigid
case359,-3966.900634765625,-186.37986755371094,514.1279296875,25.701200485229492,-48.36676025390625,3893.373291015625,3893.758544921875,0.9209626913070679,0.009209627285599709,4.79361078760121e-05,0.8059738874435425,297.9853515625,110000.0,0.3400000035762787,1,titanium_rigid
case360,-4070.714111328125,178.37136840820312,502.7746276855469,-89.41472625732422,-330.5595397949219,1800.79052734375,1833.060546875,0.827195405960083,0.008271954022347927,4.30555191996973e-05,10.766841888427734,254.86398315429688,70000.0,0.33000001311302185,0,aluminum_rigid
case361,-3812.06005859375,-131.18910217285156,505.3313293457031,183.04478454589844,269.0164794921875,2820.810791015625,2839.515380859375,0.8647153377532959,0.008647153154015541,4.5008433517068624e-05,6.58007287979126,55.76776123046875,210000.0,0.30000001192092896,2,steel_rigid
case362,-4225.701171875,112.64372253417969,509.4698486328125,62.748233795166016,-145.89517211914062,1842.6832275390625,1849.5145263671875,1.0890908241271973,0.010890907607972622,5.668717494700104e-05,4.92602014541626,293.2721252441406,210000.0,0.30000001192092896,2,steel_rigid
case363,-3821.39599609375,-234.34848022460938,506.74945068359375,121.05719757080078,281.51104736328125,4519.97119140625,4530.34716796875,0.9179418087005615,0.009179417975246906,4.777887079399079e-05,3.8784961700439453,66.73101806640625,70000.0,0.33000001311302185,0,aluminum_rigid
case364,-4124.8564453125,164.15234375,504.3085021972656,-2.4868030548095703,118.22911071777344,2369.596923828125,2372.5458984375,0.822845995426178,0.00822846032679081,4.28291350544896e-05,2.8569881916046143,91.20497131347656,70000.0,0.33000001311302185,0,aluminum_rigid
case365,-4218.01416015625,-92.09393310546875,507.6806945800781,-80.25747680664062,191.56277465820312,4075.0830078125,4080.37255859375,1.1703230142593384,0.011703230440616608,6.0915313952136785e-05,2.917684555053711,112.73181915283203,110000.0,0.3400000035762787,1,titanium_rigid
case366,-3859.745849609375,111.5760726928711,495.4146423339844,-10.791711807250977,335.3980712890625,2581.32177734375,2603.04248046875,1.104605793952942,0.011046057567000389,5.749472984462045e-05,7.40690803527832,91.84290313720703,110000.0,0.3400000035762787,1,titanium_rigid
case367,-3939.061767578125,-246.59954833984375,514.7451171875,-308.97723388671875,1177.8699951171875,4659.4716796875,4815.96533203125,1.2329493761062622,0.012329493649303913,6.41750157228671e-05,14.646278381347656,104.69857788085938,210000.0,0.30000001192092896,2,steel_rigid
case368,-4278.77197265625,-142.7081756591797,514.545654296875,-327.84588623046875,643.4011840820312,3823.426513671875,3891.02001953125,1.208656907081604,0.012086569331586361,6.291059253271669e-05,10.695219993591309,117.00117492675781,110000.0,0.3400000035762787,1,titanium_rigid
case369,-3998.5283203125,415.990966796875,636.5457763671875,-312.7341003417969,366.9289855957031,4440.3466796875,4466.44384765625,1.2260874509811401,0.012260873802006245,6.381785351550207e-05,6.196732521057129,130.44100952148438,210000.0,0.30000001192092896,2,steel_rigid
case370,-4311.6025390625,246.11767578125,558.2843017578125,-460.7119140625,705.2063598632812,4975.3447265625,5046.14990234375,0.8659362196922302,0.008659361861646175,4.5071978092892095e-05,9.60944938659668,123.1566162109375,110000.0,0.3400000035762787,1,titanium_rigid
case371,-4272.78466796875,421.3691101074219,649.58642578125,344.3135070800781,-328.2750244140625,2592.991455078125,2636.270263671875,0.7933933138847351,0.007933933287858963,4.1296119889011607e-05,10.396241188049316,316.3659973144531,210000.0,0.30000001192092896,2,steel_rigid
case372,-3772.537109375,239.18687438964844,511.15203857421875,-825.9967651367188,26.575233459472656,4763.71142578125,4834.86572265625,0.7867689728736877,0.007867689244449139,4.0951323171611875e-05,9.841902732849121,178.1572265625,210000.0,0.30000001192092896,2,steel_rigid
case373,-3772.94287109375,18.182680130004883,495.9906005859375,-758.9168090820312,440.75836181640625,3622.09716796875,3726.903564453125,0.9432948231697083,0.00943294819444418,4.90984930365812e-05,13.620109558105469,149.85313415527344,110000.0,0.3400000035762787,1,titanium_rigid
case374,-3944.1201171875,-163.376953125,510.2305908203125,-319.4767150878906,-226.22850036621094,3668.79541015625,3689.62109375,1.0635225772857666,0.010635225102305412,5.5356347729684785e-05,6.090483665466309,215.3031463623047,70000.0,0.33000001311302185,0,aluminum_rigid
case375,-3801.465576171875,197.569580078125,503.8940124511719,224.16773986816406,-648.6588745117188,2656.470458984375,2743.691650390625,1.2222259044647217,0.012222259305417538,6.361685518641025e-05,14.485673904418945,289.064453125,210000.0,0.30000001192092896,2,steel_rigid
case376,-3737.226318359375,414.74066162109375,628.30810546875,-316.5837707519531,63.202796936035156,4982.7744140625,4993.22119140625,1.1740689277648926,0.011740689165890217,6.111028778832406e-05,3.7069790363311768,168.70989990234375,210000.0,0.30000001192092896,2,steel_rigid
case377,-3680.195068359375,155.99327087402344,526.2015991210938,-20.88604736328125,119.59748077392578,4212.8427734375,4214.591796875,1.1568166017532349,0.011568165384232998,6.021230001351796e-05,1.6507176160812378,99.90602111816406,110000.0,0.3400000035762787,1,titanium_rigid
case378,-3926.0703125,241.3070068359375,505.24432373046875,731.1263427734375,284.89599609375,3509.685546875,3596.33203125,0.902521550655365,0.009025215171277523,4.697624535765499e-05,12.602568626403809,21.289234161376953,70000.0,0.33000001311302185,0,aluminum_rigid
case379,-4124.63623046875,-185.61183166503906,515.8965454101562,-102.21575927734375,62.881534576416016,3012.769775390625,3015.1591796875,0.8804597854614258,0.00880459789186716,4.582793189911172e-05,2.281081438064575,148.40081787109375,210000.0,0.30000001192092896,2,steel_rigid
case380,-3827.63232421875,68.8804931640625,493.76300048828125,270.28973388671875,42.77113342285156,2910.966064453125,2923.800537109375,0.9611360430717468,0.009611360728740692,5.002713078283705e-05,5.370454788208008,8.992027282714844,70000.0,0.33000001311302185,0,aluminum_rigid
case381,-4218.4912109375,261.15631103515625,520.232421875,-352.17608642578125,379.4698181152344,2877.105224609375,2923.313232421875,0.9724711179733276,0.009724711067974567,5.0617123633855954e-05,10.200746536254883,132.8636016845703,70000.0,0.33000001311302185,0,aluminum_rigid
case382,-4079.75634765625,281.19744873046875,514.1375122070312,27.129793167114258,347.2243957519531,2730.4404296875,2752.5634765625,0.8004346489906311,0.008004346862435341,4.1662624425953254e-05,7.269136428833008,85.53236389160156,110000.0,0.3400000035762787,1,titanium_rigid
case383,-4109.9609375,-316.0338439941406,517.61767578125,-487.9878234863281,42.36735534667969,2131.2333984375,2186.79736328125,1.127145528793335,0.011271455325186253,5.866792344022542e-05,12.94356918334961,175.03799438476562,70000.0,0.33000001311302185,0,aluminum_rigid
case384,-4174.388671875,-277.31866455078125,518.23095703125,-269.8197937011719,-223.99856567382812,2100.195068359375,2129.271484375,0.799304187297821,0.007993041537702084,4.160378375672735e-05,9.479569435119629,219.69873046875,210000.0,0.30000001192092896,2,steel_rigid
case385,-3674.959228515625,400.06201171875,629.5175170898438,-171.8789825439453,-212.71932983398438,2814.649658203125,2827.904541015625,1.1540641784667969,0.011540642008185387,6.0069043684052303e-05,5.549635410308838,231.06150817871094,210000.0,0.30000001192092896,2,steel_rigid
case386,-4158.89453125,103.40308380126953,502.4949645996094,-142.5344696044922,-446.7954406738281,2436.522216796875,2481.246337890625,1.2344846725463867,0.01234484650194645,6.425492756534368e-05,10.89500617980957,252.30653381347656,110000.0,0.3400000035762787,1,titanium_rigid
case387,-3797.20361328125,240.6168212890625,507.87908935546875,-1266.122802734375,-320.9969177246094,4961.66064453125,5130.70947265625,1.1850605010986328,0.01185060478746891,6.16823963355273e-05,14.748744010925293,194.22630310058594,110000.0,0.3400000035762787,1,titanium_rigid
case388,-4151.49951171875,96.02269744873047,502.1611328125,-70.54000091552734,-365.0535888671875,2968.03369140625,2991.231201171875,0.7631703019142151,0.0076317028142511845,3.9723014197079465e-05,7.140263557434082,259.06341552734375,110000.0,0.3400000035762787,1,titanium_rigid
case389,-4260.98681640625,243.075927734375,526.847900390625,132.13624572753906,888.773681640625,4405.7265625,4496.42138671875,0.7841410636901855,0.007841410115361214,4.081454244442284e-05,11.527312278747559,81.54363250732422,210000.0,0.30000001192092896,2,steel_rigid
case390,-4217.98388671875,92.9237060546875,506.5262145996094,132.33555603027344,-503.9684753417969,3697.484375,3734.017578125,1.0286082029342651,0.01028608251363039,5.353905726224184e-05,8.021366119384766,284.71295166015625,70000.0,0.33000001311302185,0,aluminum_rigid
case391,-3682.98583984375,-159.61000061035156,525.4154052734375,264.924072265625,-331.7857971191406,2834.990966796875,2866.60791015625,0.7611844539642334,0.007611844222992659,3.961964830523357e-05,8.517511367797852,308.60662841796875,70000.0,0.33000001311302185,0,aluminum_rigid
case392,-3941.85693359375,-195.63824462890625,510.82806396484375,-546.2619018554688,734.2462158203125,5062.30712890625,5144.36328125,0.7670580744743347,0.007670580875128508,3.9925373130245134e-05,10.247223854064941,126.64837646484375,70000.0,0.33000001311302185,0,aluminum_rigid
case393,-3906.125732421875,-154.3331298828125,505.0059814453125,451.6790771484375,607.4586791992188,4922.3779296875,4980.2431640625,1.103634238243103,0.011036342009902,5.7444161939201877e-05,8.742659568786621,53.36716079711914,70000.0,0.33000001311302185,0,aluminum_rigid
case394,-3915.1337890625,-98.38195037841797,494.2963562011719,131.73245239257812,479.4023742675781,2648.932861328125,2695.185546875,0.8188295364379883,0.008188295178115368,4.2620074964361265e-05,10.630043029785156,74.63521575927734,70000.0,0.33000001311302185,0,aluminum_rigid
case395,-3933.2099609375,-282.6531066894531,513.2568359375,312.3086242675781,75.9714126586914,3919.335693359375,3932.492919921875,0.9110209345817566,0.00911020953208208,4.741863813251257e-05,4.688210487365723,13.672078132629395,110000.0,0.3400000035762787,1,titanium_rigid
case396,-4315.6298828125,-211.82244873046875,547.8413696289062,-138.71035766601562,-318.5065612792969,2549.660400390625,2573.21875,1.0667705535888672,0.010667705908417702,5.5525408242829144e-05,7.758974552154541,246.46676635742188,110000.0,0.3400000035762787,1,titanium_rigid
case397,-3693.449462890625,-42.575927734375,503.89813232421875,-1000.327880859375,-81.89002990722656,4785.27099609375,4889.39453125,1.1232267618179321,0.011232267133891582,5.846395288244821e-05,11.845641136169434,184.6799774169922,110000.0,0.3400000035762787,1,titanium_rigid
case398,-3798.745361328125,300.9152526855469,536.2351684570312,-475.5426025390625,-129.73594665527344,2342.29248046875,2393.596923828125,0.8168683648109436,0.00816868431866169,4.2518000554991886e-05,11.884157180786133,195.2598876953125,110000.0,0.3400000035762787,1,titanium_rigid
case399,-3713.8515625,419.31793212890625,629.305908203125,707.8402099609375,684.826904296875,4748.1123046875,4849.18505859375,0.8756352066993713,0.008756352588534355,4.55768131359946e-05,11.718650817871094,44.05329513549805,210000.0,0.30000001192092896,2,steel_rigid
case400,-3810.33056640625,252.94854736328125,508.3988342285156,367.17926025390625,102.90510559082031,2646.208984375,2673.54296875,1.01162850856781,0.010116285644471645,5.2655264880741015e-05,8.20004653930664,15.65597915649414,70000.0,0.33000001311302185,0,aluminum_rigid
case401,-4236.01171875,236.6614532470703,519.0728149414062,376.8960266113281,265.2715759277344,2576.808837890625,2617.701904296875,0.9933909177780151,0.009933908469974995,5.170599615667015e-05,10.140737533569336,35.139122009277344,210000.0,0.30000001192092896,2,steel_rigid
case402,-3930.25,-146.1204071044922,507.919921875,597.830810546875,-221.48614501953125,3607.352294921875,3663.256591796875,1.1201176643371582,0.011201176792383194,5.830212467117235e-05,10.022594451904297,339.67120361328125,110000.0,0.3400000035762787,1,titanium_rigid
case403,-3856.22119140625,147.94920349121094,492.4756164550781,-433.97662353515625,122.11803436279297,4106.39013671875,4131.06396484375,0.8942489624023438,0.008942489512264729,4.654565782402642e-05,6.265276908874512,164.2837677001953,70000.0,0.33000001311302185,0,aluminum_rigid
case404,-4056.7177734375,26.295534133911133,490.45220947265625,99.30046081542969,-28.01793098449707,4745.51953125,4746.64111328125,0.9698736071586609,0.009698735550045967,5.04819217894692e-05,1.2455328702926636,344.243408203125,70000.0,0.33000001311302185,0,aluminum_rigid
case405,-4256.6923828125,126.18812561035156,512.6407470703125,-124.65482330322266,-505.78778076171875,2177.57275390625,2239.013916015625,1.133009672164917,0.01133009698241949,5.8973153500119224e-05,13.453553199768066,256.1549987792969,210000.0,0.30000001192092896,2,steel_rigid
case406,-4324.09814453125,-33.93426513671875,515.5886840820312,108.3506851196289,-82.58501434326172,3989.492919921875,3991.818359375,0.8269639611244202,0.008269639685750008,4.304347385186702e-05,1.955811619758606,322.685302734375,110000.0,0.3400000035762787,1,titanium_rigid
case407,-3693.476806640625,-406.519287109375,630.1060791015625,105.33558654785156,38.73772048950195,2000.2664794921875,2003.41259765625,1.1973826885223389,0.01197382714599371,6.232377199921757e-05,3.2114367485046387,20.191267013549805,70000.0,0.33000001311302185,0,aluminum_rigid
case408,-4117.68603515625,-95.71662139892578,501.8996276855469,-989.9617919921875,-287.2353210449219,4061.388427734375,4190.15576171875,1.209944248199463,0.01209944300353527,6.297760410234332e-05,14.241106033325195,196.1799774169922,70000.0,0.33000001311302185,0,aluminum_rigid
case409,-4019.8037109375,-192.8968048095703,513.2500610351562,12.264206886291504,453.22259521484375,2106.043701171875,2154.293701171875,1.134124517440796,0.011341244913637638,5.903117926209234e-05,12.149198532104492,88.449951171875,210000.0,0.30000001192092896,2,steel_rigid
case410,-3838.6845703125,341.79833984375,604.766845703125,742.830810546875,320.0444030761719,3793.76611328125,3879.03173828125,0.9557632207870483,0.009557632729411125,4.97474757139571e-05,12.035433769226074,23.308517456054688,110000.0,0.3400000035762787,1,titanium_rigid
case411,-4018.268310546875,296.6045837402344,508.7134704589844,-156.35423278808594,-100.80177307128906,1891.5250244140625,1900.6510009765625,0.8506591320037842,0.00850659143179655,4.4276806875132024e-05,5.616970539093018,212.80992126464844,110000.0,0.3400000035762787,1,titanium_rigid
case412,-3973.484130859375,399.33294677734375,636.5301513671875,-764.0521850585938,628.814697265625,3973.66015625,4095.016357421875,1.0956922769546509,0.010956922546029091,5.703078568330966e-05,13.983604431152344,140.54563903808594,110000.0,0.3400000035762787,1,titanium_rigid
case413,-3651.41943359375,-43.3797607421875,525.808837890625,208.41127014160156,23.989816665649414,4023.189208984375,4028.655029296875,0.776087760925293,0.007760877255350351,4.039536725031212e-05,2.984959840774536,6.5663065910339355,210000.0,0.30000001192092896,2,steel_rigid
case414,-3651.75,36.48211669921875,523.538818359375,-412.2642517089844,-803.9774169921875,4156.0341796875,4253.1123046875,0.9095004796981812,0.009095004759728909,4.7339501179521903e-05,12.265174865722656,242.85211181640625,210000.0,0.30000001192092896,2,steel_rigid
case415,-3883.153076171875,210.27099609375,507.1380310058594,117.61205291748047,-474.7426452636719,2893.304931640625,2934.352783203125,0.9886037707328796,0.009886037558317184,5.1456827350193635e-05,9.594769477844238,283.9142150878906,70000.0,0.33000001311302185,0,aluminum_rigid
case416,-4288.626953125,-365.51971435546875,640.16796875,0.3427319824695587,-768.4028930664062,3403.984375,3489.635009765625,0.884666919708252,0.00884666945785284,4.604691275744699e-05,12.72053337097168,270.0255432128906,110000.0,0.3400000035762787,1,titanium_rigid
case417,-3985.84912109375,286.93145751953125,507.47021484375,191.83450317382812,-526.0436401367188,3903.78173828125,3943.733642578125,0.8377971649169922,0.00837797112762928,4.36073423770722e-05,8.16242790222168,290.0356140136719,210000.0,0.30000001192092896,2,steel_rigid
case418,-4049.16357421875,272.3072814941406,511.4776916503906,36.89740753173828,121.89102172851562,1777.503173828125,1782.0595703125,1.0030449628829956,0.010030449368059635,5.220848834142089e-05,4.098082065582275,73.15850830078125,70000.0,0.33000001311302185,0,aluminum_rigid
case419,-3772.982177734375,-57.31768798828125,503.55206298828125,-27.22299575805664,268.1639404296875,1932.2735595703125,1950.98291015625,1.0920827388763428,0.010920827277004719,5.6842905905796215e-05,7.941221237182617,95.79659271240234,210000.0,0.30000001192092896,2,steel_rigid
case420,-4272.93798828125,-350.74420166015625,636.423828125,-101.92431640625,-329.31884765625,1900.718505859375,1931.727294921875,1.0081580877304077,0.010081580840051174,5.247462831903249e-05,10.279919624328613,252.8026885986328,70000.0,0.33000001311302185,0,aluminum_rigid
case421,-4171.00341796875,104.17961883544922,504.935302734375,553.9768676757812,166.29676818847656,2329.010986328125,2399.757568359375,0.9089547991752625,0.009089548140764236,4.731109947897494e-05,13.946972846984863,16.709083557128906,70000.0,0.33000001311302185,0,aluminum_rigid
case422,-3678.627197265625,190.37696838378906,597.4119262695312,-535.9427490234375,-391.6098327636719,3060.809326171875,3131.955810546875,0.8877359628677368,0.008877359330654144,4.6206656406866387e-05,12.235784530639648,216.1553497314453,210000.0,0.30000001192092896,2,steel_rigid
case423,-4109.46435546875,89.30364990234375,494.4713134765625,-108.98416137695312,-232.91290283203125,1946.29638671875,1963.2105712890625,0.9064366817474365,0.009064367040991783,4.718003037851304e-05,7.526473522186279,244.92425537109375,210000.0,0.30000001192092896,2,steel_rigid
case424,-3752.94287109375,0.2326049953699112,497.27081298828125,-314.13494873046875,-359.90289306640625,2172.277587890625,2224.185546875,0.9032960534095764,0.0090329609811306,4.701656143879518e-05,12.402716636657715,228.88449096679688,110000.0,0.3400000035762787,1,titanium_rigid
case425,-3862.0009765625,232.42938232421875,507.2930603027344,-256.8860168457031,407.6484680175781,4269.2822265625,4296.38671875,0.9982845187187195,0.009982844814658165,5.196070924284868e-05,6.439242362976074,122.21772003173828,70000.0,0.33000001311302185,0,aluminum_rigid
case426,-3755.586181640625,-106.29399871826172,500.0916748046875,912.5452270507812,466.3327331542969,4190.00341796875,4313.50634765625,0.8477829098701477,0.008477829396724701,4.412710040924139e-05,13.74364948272705,27.068132400512695,110000.0,0.3400000035762787,1,titanium_rigid
case427,-3951.890380859375,378.646240234375,607.8116455078125,59.99646759033203,-664.6910400390625,4679.67041015625,4727.02099609375,0.8404971361160278,0.008404971100389957,4.3747873860411346e-05,8.116530418395996,275.15765380859375,110000.0,0.3400000035762787,1,titanium_rigid
case428,-4052.6787109375,-3.04681396484375,490.67132568359375,-549.3543090820312,283.0579833984375,2397.68994140625,2476.051025390625,0.9683043360710144,0.009683043695986271,5.0400241889292374e-05,14.45307731628418,152.7399444580078,210000.0,0.30000001192092896,2,steel_rigid
case429,-4318.044921875,34.3961181640625,514.9144897460938,79.32969665527344,667.6060791015625,4407.43701171875,4458.41796875,1.0478754043579102,0.01047875452786684,5.454191705211997e-05,8.672945022583008,83.2234878540039,70000.0,0.33000001311302185,0,aluminum_rigid
case430,-4022.088134765625,26.58831787109375,488.4776611328125,35.112178802490234,-496.196044921875,5013.8349609375,5038.45068359375,1.1397298574447632,0.011397299356758595,5.9322941524442285e-05,5.665935516357422,274.04766845703125,110000.0,0.3400000035762787,1,titanium_rigid
case431,-3804.000244140625,132.6654510498047,502.93798828125,169.00994873046875,224.98214721679688,3193.84326171875,3206.21533203125,0.8542771339416504,0.008542771451175213,4.446512684808113e-05,5.035011291503906,53.08557891845703,110000.0,0.3400000035762787,1,titanium_rigid
case432,-3702.614990234375,-8.914121627807617,499.50677490234375,81.71435546875,324.7604064941406,3152.59326171875,3170.32958984375,1.0167287588119507,0.010167287662625313,5.292073547025211e-05,6.063482761383057,75.87673950195312,110000.0,0.3400000035762787,1,titanium_rigid
case433,-3784.1826171875,315.1104736328125,621.1472778320312,-548.3555908203125,-26.26923370361328,3508.751708984375,3551.439453125,1.013404369354248,0.010134044103324413,5.27476986462716e-05,8.892486572265625,182.74269104003906,110000.0,0.3400000035762787,1,titanium_rigid
case434,-4123.70263671875,-229.24581909179688,517.3173217773438,-336.6459045410156,296.8219299316406,3347.40380859375,3377.35791015625,1.0872101783752441,0.010872101411223412,5.658928785123862e-05,7.636568069458008,138.59725952148438,110000.0,0.3400000035762787,1,titanium_rigid
case435,-3831.988525390625,-41.125244140625,493.43792724609375,-237.9265899658203,70.96540832519531,2371.546875,2384.50830078125,1.2397290468215942,0.012397291138768196,6.4527899667155e-05,5.976695537567139,163.39195251464844,110000.0,0.3400000035762787,1,titanium_rigid
case436,-4150.568359375,265.5869140625,515.1994018554688,356.2174987792969,-209.15135192871094,2258.756103515625,2296.217529296875,1.2334285974502563,0.012334286235272884,6.419995770556852e-05,10.363697052001953,329.58087158203125,70000.0,0.33000001311302185,0,aluminum_rigid
case437,-4014.4990234375,415.66595458984375,636.90234375,-74.43909454345703,-109.6073989868164,4382.27783203125,4384.2802734375,0.8931655287742615,0.008931655436754227,4.648926551453769e-05,1.731770634651184,235.81788635253906,210000.0,0.30000001192092896,2,steel_rigid
case438,-3819.181640625,194.428955078125,502.89239501953125,-171.79095458984375,40.23782730102539,2527.2451171875,2533.396728515625,1.1173948049545288,0.011173948645591736,5.816039993078448e-05,3.993642568588257,166.8175048828125,70000.0,0.33000001311302185,0,aluminum_rigid
case439,-3886.160888671875,-91.42926025390625,496.0815734863281,313.7474060058594,-640.3859252929688,2702.125,2794.6396484375,0.8987234234809875,0.008987233974039555,4.677855395129882e-05,14.783781051635742,296.1018371582031,210000.0,0.30000001192092896,2,steel_rigid
case440,-4301.20068359375,152.39312744140625,517.3822021484375,-255.07046508789062,133.43463134765625,2361.38427734375,2378.86572265625,1.119491696357727,0.011194917373359203,5.826954293297604e-05,6.9503374099731445,152.38465881347656,210000.0,0.30000001192092896,2,steel_rigid
case441,-4190.07080078125,193.94732666015625,509.5787353515625,-55.95150375366211,18.294336318969727,3241.673095703125,3242.20751953125,1.1323028802871704,0.011323029175400734,5.893636625842191e-05,1.040334939956665,161.8939208984375,110000.0,0.3400000035762787,1,titanium_rigid
case442,-3699.379150390625,396.2070617675781,626.9235229492188,542.7757568359375,-72.02230072021484,2977.531494140625,3027.45556640625,1.0546191930770874,0.010546191595494747,5.4892927437322214e-05,10.4196195602417,352.4414367675781,210000.0,0.30000001192092896,2,steel_rigid
case443,-4069.02490234375,-10.82550048828125,491.6847839355469,-53.683349609375,-305.38165283203125,4056.01904296875,4067.853271484375,1.191036343574524,0.011910363100469112,6.199343624757603e-05,4.371500492095947,260.02978515625,210000.0,0.30000001192092896,2,steel_rigid
case444,-4098.19921875,-170.50579833984375,515.5475463867188,-473.5116882324219,-194.31289672851562,3233.00439453125,3273.268798828125,1.1572418212890625,0.011572417803108692,6.023443347658031e-05,8.99608039855957,202.31155395507812,70000.0,0.33000001311302185,0,aluminum_rigid
case445,-4228.537109375,89.3021240234375,507.70208740234375,-214.45005798339844,748.212158203125,3101.814697265625,3197.97802734375,0.9124932885169983,0.009124932810664177,4.7495275794062763e-05,14.086380004882812,105.9931869506836,70000.0,0.33000001311302185,0,aluminum_rigid
case446,-4128.744140625,305.427490234375,517.3383178710938,1.6840832233428955,-38.44044494628906,3120.87353515625,3121.11083984375,1.0366864204406738,0.010366864502429962,5.3959527576807886e-05,0.7063651084899902,272.508544921875,210000.0,0.30000001192092896,2,steel_rigid
case447,-4081.988525390625,345.8941650390625,526.7489624023438,893.5447387695312,679.468017578125,4209.54541015625,4356.64697265625,1.2016257047653198,0.012016257271170616,6.254461914068088e-05,14.931364059448242,37.25003433227539,110000.0,0.3400000035762787,1,titanium_rigid
case448,-4241.896484375,78.21826171875,510.1277160644531,-570.7860717773438,-765.6626586914062,4241.57421875,4347.7568359375,1.1355688571929932,0.01135568879544735,5.910635809414089e-05,12.688760757446289,233.2962188720703,70000.0,0.33000001311302185,0,aluminum_rigid
case449,-4022.128662109375,11.340576171875,489.1455993652344,-72.33114624023438,527.73095703125,4087.6669921875,4122.22705078125,0.8607536554336548,0.008607536554336548,4.480222924030386e-05,7.424389839172363,97.80436706542969,210000.0,0.30000001192092896,2,steel_rigid
case450,-3728.792236328125,201.3053436279297,514.533203125,285.2008056640625,-142.94993591308594,2719.529296875,2738.177001953125,1.1862881183624268,0.011862881481647491,6.174630107125267e-05,6.690635681152344,333.3787841796875,70000.0,0.33000001311302185,0,aluminum_rigid
case451,-4280.0166015625,94.24859619140625,513.175048828125,-609.2300415039062,491.2170715332031,4095.46826171875,4169.5703125,1.2166508436203003,0.012166508473455906,6.332667544484138e-05,10.818127632141113,141.12106323242188,70000.0,0.33000001311302185,0,aluminum_rigid
case452,-3919.228759765625,310.6363830566406,511.76220703125,-11.316646575927734,33.634910583496094,2425.271728515625,2425.53125,0.751203179359436,0.007512032054364681,3.9100126741686836e-05,0.8383175134658813,108.59579467773438,110000.0,0.3400000035762787,1,titanium_rigid
case453,-3720.1826171875,-373.69305419921875,627.444091796875,49.73783874511719,-234.77877807617188,2060.412841796875,2074.34228515625,1.1091794967651367,0.011091794818639755,5.773279190179892e-05,6.6436686515808105,281.96124267578125,210000.0,0.30000001192092896,2,steel_rigid
case454,-4213.23291015625,159.31309509277344,512.099853515625,-456.6376647949219,419.4202880859375,3522.53857421875,3576.689697265625,0.9056205749511719,0.009056205861270428,4.7137553337961435e-05,9.982751846313477,137.4326171875,70000.0,0.33000001311302185,0,aluminum_rigid
case455,-3687.156005859375,-166.933349609375,526.9757080078125,312.7734680175781,579.1356811523438,3513.7353515625,3574.851318359375,0.8450682759284973,0.008450682274997234,4.398580495035276e-05,10.609782218933105,61.62787628173828,210000.0,0.30000001192092896,2,steel_rigid
case456,-3719.160400390625,-185.4481964111328,513.1652221679688,995.4993286132812,616.982177734375,4920.94970703125,5058.40234375,0.8335760831832886,0.008335760794579983,4.338763392297551e-05,13.38737678527832,31.789457321166992,210000.0,0.30000001192092896,2,steel_rigid
case457,-4247.92578125,381.03485107421875,644.7423706054688,199.25650024414062,-444.0997314453125,4055.136474609375,4084.245361328125,1.1460959911346436,0.011460959911346436,5.965429954812862e-05,6.84466552734375,294.1645812988281,210000.0,0.30000001192092896,2,steel_rigid
case458,-3722.827392578125,0.21990975737571716,498.213623046875,83.5582275390625,-75.7710952758789,2780.31396484375,2782.60107421875,0.9832902550697327,0.009832902811467648,5.11802572873421e-05,2.3232157230377197,317.7980651855469,70000.0,0.33000001311302185,0,aluminum_rigid
case459,-4288.466796875,-271.29705810546875,565.95849609375,-153.6795196533203,334.6911926269531,4619.86474609375,4634.52099609375,1.070613145828247,0.010706131346523762,5.5725413403706625e-05,4.557878494262695,114.66307830810547,70000.0,0.33000001311302185,0,aluminum_rigid
case460,-3793.044921875,9.177308082580566,496.9823913574219,-344.84112548828125,78.66571044921875,2977.84521484375,2998.77734375,1.2050907611846924,0.01205090805888176,6.272497557802126e-05,6.7736945152282715,167.1494903564453,70000.0,0.33000001311302185,0,aluminum_rigid
case461,-4137.5947265625,-176.34429931640625,515.9544677734375,552.4655151367188,-104.0052261352539,2673.761474609375,2732.2216796875,1.0832668542861938,0.010832668282091618,5.638404036290012e-05,11.873738288879395,349.3384704589844,210000.0,0.30000001192092896,2,steel_rigid
case462,-3988.836181640625,-276.34857177734375,511.7648620605469,-200.4964599609375,-112.40742492675781,4265.0546875,4271.244140625,1.1379526853561401,0.011379526928067207,5.9230438637314364e-05,3.0848631858825684,209.2769775390625,70000.0,0.33000001311302185,0,aluminum_rigid
case463,-4013.25341796875,-194.62135314941406,513.7390747070312,28.233966827392578,-123.58795166015625,4151.5712890625,4153.50634765625,1.1140094995498657,0.011140095070004463,5.798419442726299e-05,1.749035120010376,282.8685302734375,210000.0,0.30000001192092896,2,steel_rigid
case464,-4030.36181640625,135.49098205566406,489.0311279296875,137.45899963378906,-410.3438415527344,4789.20458984375,4808.71728515625,0.8491034507751465,0.008491034619510174,4.4195836380822584e-05,5.16325569152832,288.52008056640625,110000.0,0.3400000035762787,1,titanium_rigid
case465,-4131.50830078125,110.70475006103516,498.6205749511719,184.666259765625,-72.26036071777344,5086.19677734375,5090.06103515625,1.029859185218811,0.010298592038452625,5.3604173444909975e-05,2.232717990875244,338.6294860839844,70000.0,0.33000001311302185,0,aluminum_rigid
case466,-3875.519775390625,-125.30762481689453,495.90045166015625,615.5541381835938,-43.740875244140625,3580.61962890625,3633.408447265625,0.9287160634994507,0.009287160821259022,4.833967250306159e-05,9.778647422790527,355.9354248046875,210000.0,0.30000001192092896,2,steel_rigid
case467,-4156.86376953125,137.0333251953125,500.5455627441406,799.8742065429688,-938.37890625,4756.9814453125,4914.18603515625,1.1622108221054077,0.011622108519077301,6.049307557987049e-05,14.531461715698242,310.44427490234375,70000.0,0.33000001311302185,0,aluminum_rigid
case468,-3659.635498046875,-376.9698181152344,629.0518188476562,-598.2672729492188,495.46820068359375,3397.02880859375,3484.7119140625,0.7585330009460449,0.007585329934954643,3.9481641579186544e-05,12.880331993103027,140.36940002441406,110000.0,0.3400000035762787,1,titanium_rigid
case469,-3855.869384765625,-134.36737060546875,494.87469482421875,82.77857971191406,48.096717834472656,2537.2626953125,2539.068115234375,1.2062733173370361,0.012062733061611652,6.278652290347964e-05,2.160883665084839,30.15781021118164,110000.0,0.3400000035762787,1,titanium_rigid
case470,-3905.666015625,-398.040771484375,635.8656616210938,-165.0974578857422,442.680419921875,3506.689697265625,3538.374755859375,0.8248968124389648,0.008248968049883842,4.2935876990668476e-05,7.6733927726745605,110.4529800415039,210000.0,0.30000001192092896,2,steel_rigid
case471,-3700.26513671875,147.67547607421875,508.7814636230469,116.1844711303711,-102.98912811279297,1881.8287353515625,1888.22265625,1.099859356880188,0.010998593643307686,5.724768197978847e-05,4.716490268707275,318.4453430175781,110000.0,0.3400000035762787,1,titanium_rigid
case472,-3868.98828125,-189.8998260498047,509.39276123046875,481.361572265625,294.29632568359375,3458.387939453125,3504.107177734375,0.7980731725692749,0.00798073224723339,4.1539708035998046e-05,9.265551567077637,31.44091033935547,210000.0,0.30000001192092896,2,steel_rigid
case473,-3988.799072265625,318.1823425292969,512.9589233398438,810.67724609375,372.2950744628906,4533.85693359375,4620.78564453125,1.0443450212478638,0.010443449951708317,5.4358155466616154e-05,11.131265640258789,24.666460037231445,70000.0,0.33000001311302185,0,aluminum_rigid
case474,-4298.2236328125,-117.74467468261719,513.5548706054688,767.0302124023438,221.2579803466797,3584.246826171875,3672.072509765625,1.1227009296417236,0.011227008886635303,5.843658436788246e-05,12.556306838989258,16.09076690673828,70000.0,0.33000001311302185,0,aluminum_rigid
case475,-4046.853759765625,225.19012451171875,504.68585205078125,-250.12318420410156,516.3873901367188,3874.043212890625,3916.302734375,1.2303231954574585,0.012303232215344906,6.403832230716944e-05,8.424690246582031,115.84420776367188,110000.0,0.3400000035762787,1,titanium_rigid
case476,-3828.910400390625,60.970947265625,493.6157531738281,49.03104782104492,-163.42031860351562,2645.986328125,2651.4814453125,0.9136171936988831,0.009136172011494637,4.75537744932808e-05,3.6894116401672363,286.7008361816406,110000.0,0.3400000035762787,1,titanium_rigid
case477,-4256.13427734375,61.38653564453125,516.3276977539062,-27.795063018798828,29.392738342285156,3410.549560546875,3410.789306640625,0.9317330718040466,0.00931733101606369,4.8496705858269706e-05,0.6795724034309387,133.39971923828125,210000.0,0.30000001192092896,2,steel_rigid
case478,-4149.35595703125,-94.3658447265625,506.32421875,2.099000930786133,551.7797241210938,2636.784423828125,2693.900146484375,1.211223840713501,0.012112238444387913,6.304420094238594e-05,11.819377899169922,89.78204345703125,110000.0,0.3400000035762787,1,titanium_rigid
case479,-4078.27197265625,324.2899169921875,516.9288330078125,-581.7265014648438,-1107.8548583984375,4917.771484375,5074.4677734375,0.872525691986084,0.008725256659090519,4.5414963096845895e-05,14.275649070739746,242.29637145996094,110000.0,0.3400000035762787,1,titanium_rigid
case480,-4286.005859375,-189.65582275390625,520.356689453125,-21.42284393310547,373.6265563964844,2563.793701171875,2590.9638671875,1.0335336923599243,0.010335337370634079,5.379543290473521e-05,8.304883003234863,93.28160858154297,210000.0,0.30000001192092896,2,steel_rigid
case481,-3785.65185546875,252.6419677734375,511.7893371582031,-241.14230346679688,-84.59517669677734,1800.3658447265625,1818.4122314453125,1.0073891878128052,0.010073891840875149,5.2434606914175674e-05,8.07879638671875,199.33139038085938,210000.0,0.30000001192092896,2,steel_rigid
case482,-4263.60302734375,322.089599609375,581.8472290039062,162.0551300048828,311.603515625,1713.1148681640625,1748.7484130859375,1.0244579315185547,0.0102445799857378,5.332303771865554e-05,11.586278915405273,62.52248764038086,210000.0,0.30000001192092896,2,steel_rigid
case483,-3802.506103515625,71.3583984375,496.794189453125,373.2957458496094,-276.9491271972656,4667.1474609375,4690.23583984375,0.9948263764381409,0.009948263876140118,5.17807129654102e-05,5.687469005584717,323.4281921386719,210000.0,0.30000001192092896,2,steel_rigid
case484,-3828.2802734375,-229.8064727783203,507.1347351074219,214.3633270263672,454.1767883300781,4338.0673828125,4367.04248046875,1.0025229454040527,0.010025229305028915,5.218131627771072e-05,6.60380220413208,64.73352813720703,70000.0,0.33000001311302185,0,aluminum_rigid
case485,-4097.78515625,125.67792510986328,497.63916015625,842.640625,297.96728515625,4337.4755859375,4428.60302734375,0.8095060586929321,0.008095060475170612,4.213479041936807e-05,11.643288612365723,19.474170684814453,210000.0,0.30000001192092896,2,steel_rigid
case486,-3833.08447265625,-83.4898681640625,493.9783630371094,29.880908966064453,74.1314697265625,5008.099609375,5008.7373046875,1.1059305667877197,0.011059305630624294,5.7563687732908875e-05,0.9143382906913757,68.04662322998047,110000.0,0.3400000035762787,1,titanium_rigid
case487,-4031.029052734375,-248.56910705566406,510.13287353515625,-196.900146484375,56.495208740234375,4564.59375,4569.1875,0.9251075387001038,0.009251074865460396,4.8151847295230255e-05,2.5695323944091797,163.99058532714844,110000.0,0.3400000035762787,1,titanium_rigid
case488,-3862.5244140625,164.55474853515625,494.853759765625,-343.1788330078125,-376.3963928222656,2162.579345703125,2221.7548828125,1.0695322751998901,0.010695323348045349,5.5669159337412566e-05,13.25347900390625,227.64305114746094,70000.0,0.33000001311302185,0,aluminum_rigid
case489,-4097.54052734375,57.93365478515625,494.2095947265625,249.9368896484375,264.74053955078125,5147.08740234375,5159.9482421875,1.0932574272155762,0.010932574048638344,5.69040457776282e-05,4.046113014221191,46.64754104614258,110000.0,0.3400000035762787,1,titanium_rigid
case490,-4141.998046875,372.9566650390625,599.712158203125,-916.588623046875,-62.72478103637695,3582.513916015625,3698.442138671875,0.910304069519043,0.009103041142225266,4.738132702186704e-05,14.3834810256958,183.91481018066406,70000.0,0.33000001311302185,0,aluminum_rigid
case491,-3731.58837890625,-83.64703369140625,501.7680969238281,152.32240295410156,-12.23434829711914,1963.8216552734375,1969.7581787109375,1.040130853652954,0.010401308536529541,5.413881444837898e-05,4.449451446533203,355.4079284667969,70000.0,0.33000001311302185,0,aluminum_rigid
case492,-4091.49560546875,49.441162109375,494.0690002441406,-276.7975158691406,-468.4150695800781,3547.852783203125,3589.329833984375,0.7918639779090881,0.007918640039861202,4.121652091271244e-05,8.718749046325684,239.42015075683594,110000.0,0.3400000035762787,1,titanium_rigid
case493,-4313.35009765625,-233.4072265625,556.0831909179688,155.48287963867188,-668.9523315429688,2954.43701171875,3033.211181640625,1.0915155410766602,0.01091515552252531,5.6813383707776666e-05,13.086474418640137,283.08477783203125,210000.0,0.30000001192092896,2,steel_rigid
case494,-3902.945556640625,-98.20262908935547,493.8136291503906,19.314985275268555,101.55482482910156,1848.2239990234375,1851.11279296875,0.8235340118408203,0.008235340006649494,4.286494731786661e-05,3.201345205307007,79.23137664794922,70000.0,0.33000001311302185,0,aluminum_rigid
case495,-4134.54052734375,-91.529296875,501.98858642578125,-438.964111328125,-102.75873565673828,4673.99267578125,4695.68505859375,0.8346120715141296,0.008346120826900005,4.344155968283303e-05,5.50943660736084,193.1753387451172,210000.0,0.30000001192092896,2,steel_rigid
case496,-4239.9619140625,151.24913024902344,516.2599487304688,564.4716796875,854.3070068359375,4009.958740234375,4138.62744140625,0.9525344967842102,0.009525344707071781,4.95794192829635e-05,14.324441909790039,56.54581069946289,210000.0,0.30000001192092896,2,steel_rigid
case497,-4038.58203125,126.55987548828125,488.12396240234375,-35.23761749267578,374.8174133300781,3921.930908203125,3939.95849609375,0.8764750361442566,0.008764750324189663,4.5620523451361805e-05,5.4830803871154785,95.3707504272461,210000.0,0.30000001192092896,2,steel_rigid
case498,-4113.36328125,424.1570129394531,640.2998657226562,328.780029296875,15.628028869628906,3730.928955078125,3745.419921875,0.7729570865631104,0.007729570847004652,4.0232418541563675e-05,5.041714191436768,2.72141432762146,110000.0,0.3400000035762787,1,titanium_rigid
case499,-4108.9111328125,395.21099853515625,633.1202392578125,121.34549713134766,194.376708984375,3285.555908203125,3293.53662109375,0.7892263531684875,0.007892263121902943,4.107923086849041e-05,3.9895129203796387,58.024288177490234,210000.0,0.30000001192092896,2,steel_rigid
case500,-3728.71337890625,-157.82350158691406,504.6731872558594,-303.23834228515625,216.18780517578125,3721.541748046875,3740.128662109375,0.8777549266815186,0.008777549490332603,4.5687145757256076e-05,5.714522361755371,144.51377868652344,70000.0,0.33000001311302185,0,aluminum_rigid
