geometry,case,path,source_bytes,source_sha256,shard,member
floorfrontdriver,case001,data/floorfrontdriver/cases/case001.pt,2199411,d9a742bed46364b38d46f77e518e9e0b4aa1c80fdefb0ae8f72daad524123b19,data/floorfrontdriver/cases_001_100.zip,cases/case001.pt
floorfrontdriver,case002,data/floorfrontdriver/cases/case002.pt,2199411,0c5ac78d2bd156e8b9d0c919c1af04d5fc4831955d59b9de0ee932aaed76a26b,data/floorfrontdriver/cases_001_100.zip,cases/case002.pt
floorfrontdriver,case003,data/floorfrontdriver/cases/case003.pt,2199411,e3ef5238bebc5c833143d4cdc8c65881236daa84bc9ad0e675fbd5a44b78fe7b,data/floorfrontdriver/cases_001_100.zip,cases/case003.pt
floorfrontdriver,case004,data/floorfrontdriver/cases/case004.pt,2199411,5280b8a5f91aa02328d5412ade3c00a0f87730619b831caffca2247fccbd655b,data/floorfrontdriver/cases_001_100.zip,cases/case004.pt
floorfrontdriver,case005,data/floorfrontdriver/cases/case005.pt,2199411,d4c25f4a50a34bfb8b6f8d4d87e8465723c3b7bf095afbeb4c65c941c8056e60,data/floorfrontdriver/cases_001_100.zip,cases/case005.pt
floorfrontdriver,case006,data/floorfrontdriver/cases/case006.pt,2199411,2727d2ad79f0b8de235741feab9d80380c424a76177c3d6743d806c948df2b3b,data/floorfrontdriver/cases_001_100.zip,cases/case006.pt
floorfrontdriver,case007,data/floorfrontdriver/cases/case007.pt,2199411,b8159026676adf82056819536df92a22cd5b02127f2ceeea4af8f8f02b068a7f,data/floorfrontdriver/cases_001_100.zip,cases/case007.pt
floorfrontdriver,case008,data/floorfrontdriver/cases/case008.pt,2199411,83a6835e4c3b1a81169ef47de39d85c044f052bb8110d415ed74d1bf1a29694b,data/floorfrontdriver/cases_001_100.zip,cases/case008.pt
floorfrontdriver,case009,data/floorfrontdriver/cases/case009.pt,2199411,c74f21d6738d0416aac59059f6374ebada94490c58ed0f25687d35f993e50d53,data/floorfrontdriver/cases_001_100.zip,cases/case009.pt
floorfrontdriver,case010,data/floorfrontdriver/cases/case010.pt,2199411,10b4b02bed83255b2c5b321ae1eb0d72f80a52cb27819b138835d5650e0a4b28,data/floorfrontdriver/cases_001_100.zip,cases/case010.pt
floorfrontdriver,case011,data/floorfrontdriver/cases/case011.pt,2199411,8565fb53e2d35040f89422ab3c2fdcef6c78a83c64264f9d188af5cbcbfeaa1f,data/floorfrontdriver/cases_001_100.zip,cases/case011.pt
floorfrontdriver,case012,data/floorfrontdriver/cases/case012.pt,2199411,3c78d541f43e6935e93e827caaea80e9e70ba33d1e23c5513efed75daf21a5ba,data/floorfrontdriver/cases_001_100.zip,cases/case012.pt
floorfrontdriver,case013,data/floorfrontdriver/cases/case013.pt,2199411,4671c8adbf0e5f8c3e7c7a5f1ffc096669cc66725d7ea5feb0ac99a1fb2ecb7f,data/floorfrontdriver/cases_001_100.zip,cases/case013.pt
floorfrontdriver,case014,data/floorfrontdriver/cases/case014.pt,2199411,2546e2348fece2e72b883b86b77bdec15b3898e19f998701374eb1482f0eb72f,data/floorfrontdriver/cases_001_100.zip,cases/case014.pt
floorfrontdriver,case015,data/floorfrontdriver/cases/case015.pt,2199411,769881ac887ac1e754d819a7e78972b6eb41b152b8c6bf53c7edfd78446a033e,data/floorfrontdriver/cases_001_100.zip,cases/case015.pt
floorfrontdriver,case016,data/floorfrontdriver/cases/case016.pt,2199411,f8d726172b30308a8755ad08164f3c417b8e5fe89340293d2490e4a3d89181a1,data/floorfrontdriver/cases_001_100.zip,cases/case016.pt
floorfrontdriver,case017,data/floorfrontdriver/cases/case017.pt,2199411,83ac6ab4a77e73d652bb2c3dd1dc3e85a519ccc5b512c1336a1834b9639191c7,data/floorfrontdriver/cases_001_100.zip,cases/case017.pt
floorfrontdriver,case018,data/floorfrontdriver/cases/case018.pt,2199411,6eaceb9250ed9ce60b37563de9b2098985ae31566a006a0bd2faac2c97a32777,data/floorfrontdriver/cases_001_100.zip,cases/case018.pt
floorfrontdriver,case019,data/floorfrontdriver/cases/case019.pt,2199411,a206753aee338e40ad8d7ba7662de538aba4bd9100d343df3dda1cd47707f491,data/floorfrontdriver/cases_001_100.zip,cases/case019.pt
floorfrontdriver,case020,data/floorfrontdriver/cases/case020.pt,2199411,3e9536ac41c6520d6b26a0f0ef3089e3e2814f67aa89d4dbb16edc0037376118,data/floorfrontdriver/cases_001_100.zip,cases/case020.pt
floorfrontdriver,case021,data/floorfrontdriver/cases/case021.pt,2199411,04624409a8a9ff203d7eca7e03355b7ee771095b85cec2770b91c307a5b16355,data/floorfrontdriver/cases_001_100.zip,cases/case021.pt
floorfrontdriver,case022,data/floorfrontdriver/cases/case022.pt,2199411,dd3f1b937b6d9ebe296274cb8efca5e4774a67339de2a2e49fa1f17345648d1f,data/floorfrontdriver/cases_001_100.zip,cases/case022.pt
floorfrontdriver,case023,data/floorfrontdriver/cases/case023.pt,2199411,86c178c863c9ee261f50d801849d6b480fb5b820a7f9d8d10a2dd88dfdab33c7,data/floorfrontdriver/cases_001_100.zip,cases/case023.pt
floorfrontdriver,case024,data/floorfrontdriver/cases/case024.pt,2199411,4589b1dedb86253ba662fbd29b114ea395156321f2ab21f7acfbdb9f8ec81dca,data/floorfrontdriver/cases_001_100.zip,cases/case024.pt
floorfrontdriver,case025,data/floorfrontdriver/cases/case025.pt,2199411,23b4a983c7a9437ba585879ce57a97812b7715c7a348def6db0950c91173c978,data/floorfrontdriver/cases_001_100.zip,cases/case025.pt
floorfrontdriver,case026,data/floorfrontdriver/cases/case026.pt,2199411,b4abe0de79039c4ec621482088351fbaa3fb868a76a723e44dd5421d1765ccb6,data/floorfrontdriver/cases_001_100.zip,cases/case026.pt
floorfrontdriver,case027,data/floorfrontdriver/cases/case027.pt,2199411,ea8ac7ed106bc91a28ec4e44a985bb096973536e0a48088a3931bd8b72ed1973,data/floorfrontdriver/cases_001_100.zip,cases/case027.pt
floorfrontdriver,case028,data/floorfrontdriver/cases/case028.pt,2199411,5e3b104fe7682210f2956e0e212fcc47cf91dbbef259eab3a0428992833da546,data/floorfrontdriver/cases_001_100.zip,cases/case028.pt
floorfrontdriver,case029,data/floorfrontdriver/cases/case029.pt,2199411,ad5b4c11ff66fdbb1f5d11e21ef0a3fa038d0a2cb2c2353ce33b8f75563f69a0,data/floorfrontdriver/cases_001_100.zip,cases/case029.pt
floorfrontdriver,case030,data/floorfrontdriver/cases/case030.pt,2199411,691075dd723254872fd066141b4dd9fb140471d25c703750197625b41286430f,data/floorfrontdriver/cases_001_100.zip,cases/case030.pt
floorfrontdriver,case031,data/floorfrontdriver/cases/case031.pt,2199411,72e7d3446b0b07ac30c28653e7446f12a46d031f9c17eea9cdc5ed37e53b9b54,data/floorfrontdriver/cases_001_100.zip,cases/case031.pt
floorfrontdriver,case032,data/floorfrontdriver/cases/case032.pt,2199411,b120c5841125a74c78456acdf906a6c33830559ad279d796f7e15c1186a0ea2a,data/floorfrontdriver/cases_001_100.zip,cases/case032.pt
floorfrontdriver,case033,data/floorfrontdriver/cases/case033.pt,2199411,8e414e47698010135bd9e499b4d5ec929f9681f83e120ddb05b7ea1bcbd3cbae,data/floorfrontdriver/cases_001_100.zip,cases/case033.pt
floorfrontdriver,case034,data/floorfrontdriver/cases/case034.pt,2199411,6d5a65961bbdac1a666a4c82bca121d40ac5bc932dac752864eb1e4366e7c230,data/floorfrontdriver/cases_001_100.zip,cases/case034.pt
floorfrontdriver,case035,data/floorfrontdriver/cases/case035.pt,2199411,e236675a8965ed7f124d385ea0b8dcaca322db6e16c4b0f2e831d1eb1be48331,data/floorfrontdriver/cases_001_100.zip,cases/case035.pt
floorfrontdriver,case036,data/floorfrontdriver/cases/case036.pt,2199411,5555f20fdc84e3082dd82a29aae38efa0a18f7af48a0351400787d13bdde775e,data/floorfrontdriver/cases_001_100.zip,cases/case036.pt
floorfrontdriver,case037,data/floorfrontdriver/cases/case037.pt,2199411,8b6ea96aaae3c0c1caa0d61bace4471ef06ecd4910ebb8fc8caf518315d86f69,data/floorfrontdriver/cases_001_100.zip,cases/case037.pt
floorfrontdriver,case038,data/floorfrontdriver/cases/case038.pt,2199411,15c5604a71d6ef90d93b585392f43098f9f387c80d86653ca8a1909505c76188,data/floorfrontdriver/cases_001_100.zip,cases/case038.pt
floorfrontdriver,case039,data/floorfrontdriver/cases/case039.pt,2199411,221658a587eff6962a11b2b02c909ac1f94814ca5d79a05f7a0554c18bf4b70a,data/floorfrontdriver/cases_001_100.zip,cases/case039.pt
floorfrontdriver,case040,data/floorfrontdriver/cases/case040.pt,2199411,b2ec7b933568b80433e6a30d941fd070eb69c247ce2484f81c1affb8493a814d,data/floorfrontdriver/cases_001_100.zip,cases/case040.pt
floorfrontdriver,case041,data/floorfrontdriver/cases/case041.pt,2199411,c1fcf897ea259bbe48850b988836b0ef8b4b9e2e17e31f75801b523cfc6d2f26,data/floorfrontdriver/cases_001_100.zip,cases/case041.pt
floorfrontdriver,case042,data/floorfrontdriver/cases/case042.pt,2199411,84eb960f730a2c5a4d91bfcdc064f7edf605ba75278ee9845e08d14aa446fcf7,data/floorfrontdriver/cases_001_100.zip,cases/case042.pt
floorfrontdriver,case043,data/floorfrontdriver/cases/case043.pt,2199411,5e5b47b8fc5333c28542221aadaefc2075105d6284a0186ce2b9d0ed826de7b9,data/floorfrontdriver/cases_001_100.zip,cases/case043.pt
floorfrontdriver,case044,data/floorfrontdriver/cases/case044.pt,2199411,ff400c6cd5673ac91475a8c47fca602c9d17e078b49b3e592fb3a1f3991c2e83,data/floorfrontdriver/cases_001_100.zip,cases/case044.pt
floorfrontdriver,case045,data/floorfrontdriver/cases/case045.pt,2199411,6f7a6e736cdbf6868120f44261779d73a74ec304f77b154c11bec3085cb3b7a3,data/floorfrontdriver/cases_001_100.zip,cases/case045.pt
floorfrontdriver,case046,data/floorfrontdriver/cases/case046.pt,2199411,3587d2f94c88344561930b0fe88de596cd003cc8b19d11d31c08b0cef9d064d3,data/floorfrontdriver/cases_001_100.zip,cases/case046.pt
floorfrontdriver,case047,data/floorfrontdriver/cases/case047.pt,2199411,40078f99bcab3afa929d514c6a427cc74d6474cf2281b6da16851c2ff184b771,data/floorfrontdriver/cases_001_100.zip,cases/case047.pt
floorfrontdriver,case048,data/floorfrontdriver/cases/case048.pt,2199411,857904b1cee8844a8ef8cea245ef5a97c8c41e97c59c446dd580e5f4948fd01c,data/floorfrontdriver/cases_001_100.zip,cases/case048.pt
floorfrontdriver,case049,data/floorfrontdriver/cases/case049.pt,2199411,60dd4abb3f809183d0eb3fd4b17b5605a57d99db90ba91214a243c0c02b07593,data/floorfrontdriver/cases_001_100.zip,cases/case049.pt
floorfrontdriver,case050,data/floorfrontdriver/cases/case050.pt,2199411,1d442c838881509f63381ecfdfa7752be30d6cae44b7f6ba3d5c0bf73031733a,data/floorfrontdriver/cases_001_100.zip,cases/case050.pt
floorfrontdriver,case051,data/floorfrontdriver/cases/case051.pt,2199411,44b3aff583552fe7c456380c1abc7f4ae046946bfad94b48aadb646c880dfe0c,data/floorfrontdriver/cases_001_100.zip,cases/case051.pt
floorfrontdriver,case052,data/floorfrontdriver/cases/case052.pt,2199411,313428747cd264000ef9b37a95b0ab5db29161c809a16c7b0ad2525779e70975,data/floorfrontdriver/cases_001_100.zip,cases/case052.pt
floorfrontdriver,case053,data/floorfrontdriver/cases/case053.pt,2199411,76e3bf56e33cdbdf9dfd90639f32d38bc958c659f8d78fcd7d84cff15ec2ccd2,data/floorfrontdriver/cases_001_100.zip,cases/case053.pt
floorfrontdriver,case054,data/floorfrontdriver/cases/case054.pt,2199411,72c439f17c2de3aa0028aa5fb34a58ea2a6d03286c351c2696ec589aa46fea17,data/floorfrontdriver/cases_001_100.zip,cases/case054.pt
floorfrontdriver,case055,data/floorfrontdriver/cases/case055.pt,2199411,e7733f93c0c647b88a841cd0e228388860ec9ce72b94ad3554c98ca10bbef170,data/floorfrontdriver/cases_001_100.zip,cases/case055.pt
floorfrontdriver,case056,data/floorfrontdriver/cases/case056.pt,2199411,fd0765df25d498c0b720942e4690e9f03126efa505dd0e69cede77914cb7f9c3,data/floorfrontdriver/cases_001_100.zip,cases/case056.pt
floorfrontdriver,case057,data/floorfrontdriver/cases/case057.pt,2199411,bb53ed1779f8b5aa0087c8f0df7dfebbb9c4503cbd14900a2db96f7b2c505adf,data/floorfrontdriver/cases_001_100.zip,cases/case057.pt
floorfrontdriver,case058,data/floorfrontdriver/cases/case058.pt,2199411,8811412f7eabbb743459d9bbe6f80ff47e5c66db4e7f0c0461e1a79ee591c1fc,data/floorfrontdriver/cases_001_100.zip,cases/case058.pt
floorfrontdriver,case059,data/floorfrontdriver/cases/case059.pt,2199411,5cfadd3b56ec895b0959f625fd8b384e65df2785196719b00dda371c77bd6986,data/floorfrontdriver/cases_001_100.zip,cases/case059.pt
floorfrontdriver,case060,data/floorfrontdriver/cases/case060.pt,2199411,142aa98ea1cb2346de332d824b4bc3498107a8401b627ee7b6365cf090fbe1e2,data/floorfrontdriver/cases_001_100.zip,cases/case060.pt
floorfrontdriver,case061,data/floorfrontdriver/cases/case061.pt,2199411,40f0100c776d0a9556b030bd78e228d4fab7fab0ec2cba60314500e30905ed1e,data/floorfrontdriver/cases_001_100.zip,cases/case061.pt
floorfrontdriver,case062,data/floorfrontdriver/cases/case062.pt,2199411,21c87dbebb073e8a1ea71f241177f2e1769047d536eb9ae3390a04389adebc0e,data/floorfrontdriver/cases_001_100.zip,cases/case062.pt
floorfrontdriver,case063,data/floorfrontdriver/cases/case063.pt,2199411,9c12673a3220124b0af6cd232c15ef8511f3c8f87d2057a6151c8e91840e87cf,data/floorfrontdriver/cases_001_100.zip,cases/case063.pt
floorfrontdriver,case064,data/floorfrontdriver/cases/case064.pt,2199411,b905f8bad64d094da2214540ac50cf12a105f8c91acbde55e82889201b12c168,data/floorfrontdriver/cases_001_100.zip,cases/case064.pt
floorfrontdriver,case065,data/floorfrontdriver/cases/case065.pt,2199411,3d709c74219900bb24218ff187029afb0e6d00cce831aeeafa00ad07766fa1a0,data/floorfrontdriver/cases_001_100.zip,cases/case065.pt
floorfrontdriver,case066,data/floorfrontdriver/cases/case066.pt,2199411,e40d66a0aaa8853414b0e2dc709adc51f741773503659dab315504652368dd45,data/floorfrontdriver/cases_001_100.zip,cases/case066.pt
floorfrontdriver,case067,data/floorfrontdriver/cases/case067.pt,2199411,0752932573c07d33ea8fa63b3cabf76c2f7f776837d221e5b07284b3d63dd5b8,data/floorfrontdriver/cases_001_100.zip,cases/case067.pt
floorfrontdriver,case068,data/floorfrontdriver/cases/case068.pt,2199411,08d0356db02856d68067f228e005c0586ab0507dd135631553b8e9daad5ca28a,data/floorfrontdriver/cases_001_100.zip,cases/case068.pt
floorfrontdriver,case069,data/floorfrontdriver/cases/case069.pt,2199411,859c9f0663c1055db0defed7440a71c92a6fc3e5d9d3c473c5442eb2ed849ddb,data/floorfrontdriver/cases_001_100.zip,cases/case069.pt
floorfrontdriver,case070,data/floorfrontdriver/cases/case070.pt,2199411,82125ef0bd9909b57653a37e7603035617ddb04f35f9c17afd18827f59580e24,data/floorfrontdriver/cases_001_100.zip,cases/case070.pt
floorfrontdriver,case071,data/floorfrontdriver/cases/case071.pt,2199411,216a04b43df98e23b246af0379b3dc7fba0bd5801c1aef255d042199fc836e64,data/floorfrontdriver/cases_001_100.zip,cases/case071.pt
floorfrontdriver,case072,data/floorfrontdriver/cases/case072.pt,2199411,907c3162d8e13625221b04e7ac5f38e8f334b49262a4b37fb8511116ad9521f0,data/floorfrontdriver/cases_001_100.zip,cases/case072.pt
floorfrontdriver,case073,data/floorfrontdriver/cases/case073.pt,2199411,f23e15dc560ac0070c70fbae45149a37e733687c666f551c4ee10f971296daf4,data/floorfrontdriver/cases_001_100.zip,cases/case073.pt
floorfrontdriver,case074,data/floorfrontdriver/cases/case074.pt,2199411,e488d0f47c27d16312291c7c26db4b54b5f5d61b9a7e858ae6b0a61ebd797869,data/floorfrontdriver/cases_001_100.zip,cases/case074.pt
floorfrontdriver,case075,data/floorfrontdriver/cases/case075.pt,2199411,1acb52f1d6c7fb7a5a59bfda6373b431fb98965b161da5b576c01821866e56f6,data/floorfrontdriver/cases_001_100.zip,cases/case075.pt
floorfrontdriver,case076,data/floorfrontdriver/cases/case076.pt,2199411,0dce4dfd5944675d382a26f1ec3b4c61e30a3b4039abd8e413ad000752cbd850,data/floorfrontdriver/cases_001_100.zip,cases/case076.pt
floorfrontdriver,case077,data/floorfrontdriver/cases/case077.pt,2199411,2be6cf0f5718baf73c2b0fe6e9647e780b3f533b1473e301d1692c4ca2bf7882,data/floorfrontdriver/cases_001_100.zip,cases/case077.pt
floorfrontdriver,case078,data/floorfrontdriver/cases/case078.pt,2199411,89539a7fddf5aee8c113e1ff257d1643303c73fbf4133bf4c87517ff1a1dd221,data/floorfrontdriver/cases_001_100.zip,cases/case078.pt
floorfrontdriver,case079,data/floorfrontdriver/cases/case079.pt,2199411,24c86198a994ba464b29c82a80f880dc2bb68bfc38b01eb063b453ce657a924f,data/floorfrontdriver/cases_001_100.zip,cases/case079.pt
floorfrontdriver,case080,data/floorfrontdriver/cases/case080.pt,2199411,c2a70bd7d6b616ea52c5ab07415f95230adf002faf89ef4e1c37884bf0744c5e,data/floorfrontdriver/cases_001_100.zip,cases/case080.pt
floorfrontdriver,case081,data/floorfrontdriver/cases/case081.pt,2199411,6576db1f73f5da4fb3f5240fad953f93a37f3eb2832a12404ac80af8e3a8b9f2,data/floorfrontdriver/cases_001_100.zip,cases/case081.pt
floorfrontdriver,case082,data/floorfrontdriver/cases/case082.pt,2199411,5c276fcf88c9f91fc0b13d37edcfa72af24b7cf11323f2556bb58131ace64311,data/floorfrontdriver/cases_001_100.zip,cases/case082.pt
floorfrontdriver,case083,data/floorfrontdriver/cases/case083.pt,2199411,be95fd440d79945e6ac92eb69e8ae0e496b366db09ee0816ba0a5a6e741cf164,data/floorfrontdriver/cases_001_100.zip,cases/case083.pt
floorfrontdriver,case084,data/floorfrontdriver/cases/case084.pt,2199411,25fddb8e42663fcbfa55344c67e9db27f433abe7f319a0a1bf84b8187c4c6bc5,data/floorfrontdriver/cases_001_100.zip,cases/case084.pt
floorfrontdriver,case085,data/floorfrontdriver/cases/case085.pt,2199411,727d0a9c0b7ffb9ed3b974092101966a166247fb59ae7dab40117718d5a2f93c,data/floorfrontdriver/cases_001_100.zip,cases/case085.pt
floorfrontdriver,case086,data/floorfrontdriver/cases/case086.pt,2199411,5d7b849d1c8d162881e824bc76476a267ae1c275ce529ec2b15159848b8b661d,data/floorfrontdriver/cases_001_100.zip,cases/case086.pt
floorfrontdriver,case087,data/floorfrontdriver/cases/case087.pt,2199411,6e5a9308ff3dcc5b131faa1e7c4379ae9b37f01bc69b88d7ad0f9b9209e46c7a,data/floorfrontdriver/cases_001_100.zip,cases/case087.pt
floorfrontdriver,case088,data/floorfrontdriver/cases/case088.pt,2199411,1903b1c9c3411e8e87e4babc419658ee01a4a3470d61f9d672ecb1286ba669f6,data/floorfrontdriver/cases_001_100.zip,cases/case088.pt
floorfrontdriver,case089,data/floorfrontdriver/cases/case089.pt,2199411,0d9020cc41ceb3cae0e36403d4982405ac1a00935e20685a101f1c39fd6e8975,data/floorfrontdriver/cases_001_100.zip,cases/case089.pt
floorfrontdriver,case090,data/floorfrontdriver/cases/case090.pt,2199411,7f78282aaaa5c6c1390e4a90c37af03cc8c9bdbb247ed74c3e278ac22ceeea5f,data/floorfrontdriver/cases_001_100.zip,cases/case090.pt
floorfrontdriver,case091,data/floorfrontdriver/cases/case091.pt,2199411,1da3af2ee0e551308ed3114bd05a8faed9760808658d2cc12a1ff683dcb962d8,data/floorfrontdriver/cases_001_100.zip,cases/case091.pt
floorfrontdriver,case092,data/floorfrontdriver/cases/case092.pt,2199411,163217330aac23b6f0e2050043f59b41bc66376d6787f440f6220b6f2940bbe3,data/floorfrontdriver/cases_001_100.zip,cases/case092.pt
floorfrontdriver,case093,data/floorfrontdriver/cases/case093.pt,2199411,881044fb6c76440942bdc8d24fc69685cc107cf9054f7bf90a6451a66c37688f,data/floorfrontdriver/cases_001_100.zip,cases/case093.pt
floorfrontdriver,case094,data/floorfrontdriver/cases/case094.pt,2199411,99ac936058231a03ff5fe77d51cc5794d577d47fb2f01c91e3de78afd906f69f,data/floorfrontdriver/cases_001_100.zip,cases/case094.pt
floorfrontdriver,case095,data/floorfrontdriver/cases/case095.pt,2199411,d93514ea7fe06d218e131a146fcc955af8b1ae261578a8ce03811717ece4bf05,data/floorfrontdriver/cases_001_100.zip,cases/case095.pt
floorfrontdriver,case096,data/floorfrontdriver/cases/case096.pt,2199411,25a4cad5900822e54a7665f4b35a92f9167db8e53202eecf673977a5c76c1626,data/floorfrontdriver/cases_001_100.zip,cases/case096.pt
floorfrontdriver,case097,data/floorfrontdriver/cases/case097.pt,2199411,a9058821b73752764435f194b52c7be8470aa6884e7b598e67bbcd80843abd02,data/floorfrontdriver/cases_001_100.zip,cases/case097.pt
floorfrontdriver,case098,data/floorfrontdriver/cases/case098.pt,2199411,f4b1882eb82be68ed1f21025d8abe2ac9c60d29b979ef665a62c556c5e6f4cd2,data/floorfrontdriver/cases_001_100.zip,cases/case098.pt
floorfrontdriver,case099,data/floorfrontdriver/cases/case099.pt,2199411,090d665cc27c4b0f39bd48d3a22b390624ffa0893cb597db3427c62b64b643bc,data/floorfrontdriver/cases_001_100.zip,cases/case099.pt
floorfrontdriver,case100,data/floorfrontdriver/cases/case100.pt,2199411,fb6b16ef8fd3a41821c043a319fdbb5045cb07690dd6c0464cc93f272578a087,data/floorfrontdriver/cases_001_100.zip,cases/case100.pt
floorfrontdriver,case101,data/floorfrontdriver/cases/case101.pt,2199411,63cf964b91ca0f8143df755c3a9c4e922780f18cd30aee69f4735a66a1f61990,data/floorfrontdriver/cases_101_200.zip,cases/case101.pt
floorfrontdriver,case102,data/floorfrontdriver/cases/case102.pt,2199411,1dd34e450031d1bcd4dbe561fdb8f0f7b11236df2916d304048e2130458be097,data/floorfrontdriver/cases_101_200.zip,cases/case102.pt
floorfrontdriver,case103,data/floorfrontdriver/cases/case103.pt,2199411,cf23e17bf8ab0dda8817e97c2cfc2662a96284a10158b9a23208a22355f1a5f4,data/floorfrontdriver/cases_101_200.zip,cases/case103.pt
floorfrontdriver,case104,data/floorfrontdriver/cases/case104.pt,2199411,9e972e42c64b371f307d029944df087344046130ca029eb7cbc39b0e6cf34b50,data/floorfrontdriver/cases_101_200.zip,cases/case104.pt
floorfrontdriver,case105,data/floorfrontdriver/cases/case105.pt,2199411,9c5784007e650bd9a8371dfdcf306b294afc662900cdf51d4c2d8fc020009127,data/floorfrontdriver/cases_101_200.zip,cases/case105.pt
floorfrontdriver,case106,data/floorfrontdriver/cases/case106.pt,2199411,30c8ceb26ea6b5ac6a189a0d9f58bba312fca5a52ae8b4ef652ef3ea9b74e0bc,data/floorfrontdriver/cases_101_200.zip,cases/case106.pt
floorfrontdriver,case107,data/floorfrontdriver/cases/case107.pt,2199411,43e12725bab2f27f5d127a32edfe7d449a2a9245aa57c7a47d770739aec1801e,data/floorfrontdriver/cases_101_200.zip,cases/case107.pt
floorfrontdriver,case108,data/floorfrontdriver/cases/case108.pt,2199411,076d0a8f1c1330f2f2c550ebeb4b6df89a64bb74a119d7b81f982bf6a3bbe2e7,data/floorfrontdriver/cases_101_200.zip,cases/case108.pt
floorfrontdriver,case109,data/floorfrontdriver/cases/case109.pt,2199411,706f2c620c1bff5f104f1faac675633fb45d4a09c23af75a0d2f9805b44afc32,data/floorfrontdriver/cases_101_200.zip,cases/case109.pt
floorfrontdriver,case110,data/floorfrontdriver/cases/case110.pt,2199411,f162fcf6a4c579ea79d6a841e9ad9b5e7fe3f90dd792f647b755d784cac5ed1e,data/floorfrontdriver/cases_101_200.zip,cases/case110.pt
floorfrontdriver,case111,data/floorfrontdriver/cases/case111.pt,2199411,21422d4abad4be30654a2e2305455edda418de60a314656bdf011f3fcd1b831f,data/floorfrontdriver/cases_101_200.zip,cases/case111.pt
floorfrontdriver,case112,data/floorfrontdriver/cases/case112.pt,2199411,b1cad66bdebd7c39def33b255e95b790e38113e663df741e1539a419587358fd,data/floorfrontdriver/cases_101_200.zip,cases/case112.pt
floorfrontdriver,case113,data/floorfrontdriver/cases/case113.pt,2199411,208f82bf455f40958721ddc018bfd2f7123a42f52e0badc854c3b72ad7d429fd,data/floorfrontdriver/cases_101_200.zip,cases/case113.pt
floorfrontdriver,case114,data/floorfrontdriver/cases/case114.pt,2199411,c2d7eef1296fbd82d97b84ae3563269efb50c466976333a6518a4f0c2f98cf4a,data/floorfrontdriver/cases_101_200.zip,cases/case114.pt
floorfrontdriver,case115,data/floorfrontdriver/cases/case115.pt,2199411,85703e598f3f3f9c77c9b9e28e853c245ee973fa3ba171a12956d207e01151fe,data/floorfrontdriver/cases_101_200.zip,cases/case115.pt
floorfrontdriver,case116,data/floorfrontdriver/cases/case116.pt,2199411,079f41e4f83db7b4289c48e73e50d9753fa6a081e4f6fb687fcf4eecc198b69f,data/floorfrontdriver/cases_101_200.zip,cases/case116.pt
floorfrontdriver,case117,data/floorfrontdriver/cases/case117.pt,2199411,763e596c8e9086029379e54f2314c1c64f0509619054231cef2312fb28d846af,data/floorfrontdriver/cases_101_200.zip,cases/case117.pt
floorfrontdriver,case118,data/floorfrontdriver/cases/case118.pt,2199411,a599b3eac43a49f12abfbbc2a7a9bf764f618418c18b897857dd65baf412bf7a,data/floorfrontdriver/cases_101_200.zip,cases/case118.pt
floorfrontdriver,case119,data/floorfrontdriver/cases/case119.pt,2199411,958b9c8e972e52628d8a5d063135cf8a25a3a93c08746279f485ed2bd9fd302c,data/floorfrontdriver/cases_101_200.zip,cases/case119.pt
floorfrontdriver,case120,data/floorfrontdriver/cases/case120.pt,2199411,9841ce1a9b4382dc184570d8a592b5c28b4444ab48a908390e1297d246f9c3ef,data/floorfrontdriver/cases_101_200.zip,cases/case120.pt
floorfrontdriver,case121,data/floorfrontdriver/cases/case121.pt,2199411,5c533f8f88eb15d474295bcd451cf7b78fdcb863ebb652877edc3e28224605cb,data/floorfrontdriver/cases_101_200.zip,cases/case121.pt
floorfrontdriver,case122,data/floorfrontdriver/cases/case122.pt,2199411,755ac8164029d19c657e64760f1414664c76d486049328ffcd04a4286219e8c6,data/floorfrontdriver/cases_101_200.zip,cases/case122.pt
floorfrontdriver,case123,data/floorfrontdriver/cases/case123.pt,2199411,fe991db0f1dde7645f4c5b2d1dc1e5de778fa65780ba8a599e2521ad143df58b,data/floorfrontdriver/cases_101_200.zip,cases/case123.pt
floorfrontdriver,case124,data/floorfrontdriver/cases/case124.pt,2199411,69dd8ecdae4a2b32d13fa7321033f07be601968ad8d3a2400fdeb4686ab58309,data/floorfrontdriver/cases_101_200.zip,cases/case124.pt
floorfrontdriver,case125,data/floorfrontdriver/cases/case125.pt,2199411,ab41186199bea0cadfb241e97d4af9fdd5ee654e82c8cbddd5c874b236f6c2d5,data/floorfrontdriver/cases_101_200.zip,cases/case125.pt
floorfrontdriver,case126,data/floorfrontdriver/cases/case126.pt,2199411,12fb32d3251350213f112024e88222e9482cad624f02b6425880e74ecdfa95ca,data/floorfrontdriver/cases_101_200.zip,cases/case126.pt
floorfrontdriver,case127,data/floorfrontdriver/cases/case127.pt,2199411,d29eb3531e1ab077ec2a7cd514390487225dd0881fb23459a00b5e1c1758b2cc,data/floorfrontdriver/cases_101_200.zip,cases/case127.pt
floorfrontdriver,case128,data/floorfrontdriver/cases/case128.pt,2199411,dba8a69f21e6150253cf337c4ac0c6b6224997ce3bfb0789e4b359d3755b653b,data/floorfrontdriver/cases_101_200.zip,cases/case128.pt
floorfrontdriver,case129,data/floorfrontdriver/cases/case129.pt,2199411,7b67ce8c9513e5f4af09775bf15a0d08d0b66dde803242299a5fb728bd715f66,data/floorfrontdriver/cases_101_200.zip,cases/case129.pt
floorfrontdriver,case130,data/floorfrontdriver/cases/case130.pt,2199411,8a87d8245e742d7d030e71b3e71584d1ea7e9ec6024888a782891d25644066b4,data/floorfrontdriver/cases_101_200.zip,cases/case130.pt
floorfrontdriver,case131,data/floorfrontdriver/cases/case131.pt,2199411,2e9976afd9a298b7b23023a57d089b4efb8af361506cf43162e04617507cd243,data/floorfrontdriver/cases_101_200.zip,cases/case131.pt
floorfrontdriver,case132,data/floorfrontdriver/cases/case132.pt,2199411,eafb532d5f33b554e6de63be75f0067c057fdfe71baf8c0518dde58acf953dfc,data/floorfrontdriver/cases_101_200.zip,cases/case132.pt
floorfrontdriver,case133,data/floorfrontdriver/cases/case133.pt,2199411,2c15620127bf1d6d1b8178e7e909f856928c83dad346824f908ce4062cb0acd9,data/floorfrontdriver/cases_101_200.zip,cases/case133.pt
floorfrontdriver,case134,data/floorfrontdriver/cases/case134.pt,2199411,a1b28c36806c099a7050ec198ea502210bb8b86c5fab41b61e407e83734dd29f,data/floorfrontdriver/cases_101_200.zip,cases/case134.pt
floorfrontdriver,case135,data/floorfrontdriver/cases/case135.pt,2199411,f61f8ae1ed6c1844c648859578fe1257428315e6ad533f3a8064c491546222d6,data/floorfrontdriver/cases_101_200.zip,cases/case135.pt
floorfrontdriver,case136,data/floorfrontdriver/cases/case136.pt,2199411,1afe6a074b6ef531595cc1d4b4b9f1d7ada11b9a4996229f34cca451dc2c8893,data/floorfrontdriver/cases_101_200.zip,cases/case136.pt
floorfrontdriver,case137,data/floorfrontdriver/cases/case137.pt,2199411,5e0b7056d57bde7ce627c74774da856d46fd61fa66815bef7f3ba165da530a42,data/floorfrontdriver/cases_101_200.zip,cases/case137.pt
floorfrontdriver,case138,data/floorfrontdriver/cases/case138.pt,2199411,66d5469c773868c2a257d00bbf61cfa27b4441c5f2cf502b10b41b393c46e2ce,data/floorfrontdriver/cases_101_200.zip,cases/case138.pt
floorfrontdriver,case139,data/floorfrontdriver/cases/case139.pt,2199411,1bbaf96fab3f0582d679d02152f38fe8b58c4c7fb47fdf7c5e3dbbb934b91d3f,data/floorfrontdriver/cases_101_200.zip,cases/case139.pt
floorfrontdriver,case140,data/floorfrontdriver/cases/case140.pt,2199411,6f3b3dfe05a73f1490599987db6aa258d0f580ef10390d44ca420b411c511fe6,data/floorfrontdriver/cases_101_200.zip,cases/case140.pt
floorfrontdriver,case141,data/floorfrontdriver/cases/case141.pt,2199411,3f498fa1cc0309317d33ad84aea7ae3688a0af6b02dc211baf3807b7657bc19b,data/floorfrontdriver/cases_101_200.zip,cases/case141.pt
floorfrontdriver,case142,data/floorfrontdriver/cases/case142.pt,2199411,277790a1e4c863aa973995b248af3ec6890218008c1f7c54674530dd73635a40,data/floorfrontdriver/cases_101_200.zip,cases/case142.pt
floorfrontdriver,case143,data/floorfrontdriver/cases/case143.pt,2199411,d619f3cbf418ae275217548006f1cd6ac52b6f7efa63619780809dd743c38e76,data/floorfrontdriver/cases_101_200.zip,cases/case143.pt
floorfrontdriver,case144,data/floorfrontdriver/cases/case144.pt,2199411,762e789b374d6d15edb2bfa1418e73db42be7b2aea568d16aa90962660524a94,data/floorfrontdriver/cases_101_200.zip,cases/case144.pt
floorfrontdriver,case145,data/floorfrontdriver/cases/case145.pt,2199411,8410c91ef526df1fd78667db8aec7c65653d5289aaf7bc68a0feafac872d4b34,data/floorfrontdriver/cases_101_200.zip,cases/case145.pt
floorfrontdriver,case146,data/floorfrontdriver/cases/case146.pt,2199411,f373afd07d072fe44092a4d5e285f0029a8ff4e509e99d75a3b605185773eba1,data/floorfrontdriver/cases_101_200.zip,cases/case146.pt
floorfrontdriver,case147,data/floorfrontdriver/cases/case147.pt,2199411,5fe49e7549958dedf7494959ba4f40352309483aebbe4fbcdd70fd215224f0b0,data/floorfrontdriver/cases_101_200.zip,cases/case147.pt
floorfrontdriver,case148,data/floorfrontdriver/cases/case148.pt,2199411,63720a80b45138ae0d39f0264fdff06b41eec9163aa3cfe423d9122924a56454,data/floorfrontdriver/cases_101_200.zip,cases/case148.pt
floorfrontdriver,case149,data/floorfrontdriver/cases/case149.pt,2199411,185d588d364797358bf6e9701dbf5b14d86ffc482c4a28b98da19dbe240a0639,data/floorfrontdriver/cases_101_200.zip,cases/case149.pt
floorfrontdriver,case150,data/floorfrontdriver/cases/case150.pt,2199411,fcfcac43013b9ffa03eaf2765b64dbb3d8bf1489c760809d9a92f6549384eb52,data/floorfrontdriver/cases_101_200.zip,cases/case150.pt
floorfrontdriver,case151,data/floorfrontdriver/cases/case151.pt,2199411,3d63b7fb1b05af0707203943f98db134d39d4bccc94d83edd3097dba720ad5bd,data/floorfrontdriver/cases_101_200.zip,cases/case151.pt
floorfrontdriver,case152,data/floorfrontdriver/cases/case152.pt,2199411,b14f125445ef1f8df4279a06687c4489c59989cb3409443e569b37c2e578ef87,data/floorfrontdriver/cases_101_200.zip,cases/case152.pt
floorfrontdriver,case153,data/floorfrontdriver/cases/case153.pt,2199411,f80b3dbe6525595e84aee33d150c282138fe71500d4ee26bcc6b811624f042f3,data/floorfrontdriver/cases_101_200.zip,cases/case153.pt
floorfrontdriver,case154,data/floorfrontdriver/cases/case154.pt,2199411,af64e274090d932e8a28d41dac55ca7beb7fcc8a0b590c06ca2132e84f974f66,data/floorfrontdriver/cases_101_200.zip,cases/case154.pt
floorfrontdriver,case155,data/floorfrontdriver/cases/case155.pt,2199411,5d6d3849bd256d16c29bbf5491a526f13dad0598988627e70925ea8e5af72e42,data/floorfrontdriver/cases_101_200.zip,cases/case155.pt
floorfrontdriver,case156,data/floorfrontdriver/cases/case156.pt,2199411,afe442280c77b81efc0684bdc587d3264e0fd49277e3878d51ef08526d8987ea,data/floorfrontdriver/cases_101_200.zip,cases/case156.pt
floorfrontdriver,case157,data/floorfrontdriver/cases/case157.pt,2199411,bfe13ffb05eead96e02aed3caf7e8c05781b341dd5ed49c267ca31571679ad7c,data/floorfrontdriver/cases_101_200.zip,cases/case157.pt
floorfrontdriver,case158,data/floorfrontdriver/cases/case158.pt,2199411,efa42aef774c41273fa72dbe923efd873623cf3e5742aee8c7d2a93a4c588e86,data/floorfrontdriver/cases_101_200.zip,cases/case158.pt
floorfrontdriver,case159,data/floorfrontdriver/cases/case159.pt,2199411,cc019c72c56d6b3abbfbef657457989c6a4ad8020a191cb927be9cc203d804ee,data/floorfrontdriver/cases_101_200.zip,cases/case159.pt
floorfrontdriver,case160,data/floorfrontdriver/cases/case160.pt,2199411,cf4db432dc40bc94f0e596aeeda70de0716b22d5dc5207875b0aac9e0a8d0c64,data/floorfrontdriver/cases_101_200.zip,cases/case160.pt
floorfrontdriver,case161,data/floorfrontdriver/cases/case161.pt,2199411,8ab435febaf836dc978eacf17b59ee1f2a474a54658fefd06099fb8551cfd388,data/floorfrontdriver/cases_101_200.zip,cases/case161.pt
floorfrontdriver,case162,data/floorfrontdriver/cases/case162.pt,2199411,9d38191f23a5ebe36137c9e686d9d0c9db92a48b56ff13e477a5b0403ee0d7a7,data/floorfrontdriver/cases_101_200.zip,cases/case162.pt
floorfrontdriver,case163,data/floorfrontdriver/cases/case163.pt,2199411,4c26f2671740cf8c6a9bf982848095ffe2e1dbd0a1aed9957d59ba872ebd4dd3,data/floorfrontdriver/cases_101_200.zip,cases/case163.pt
floorfrontdriver,case164,data/floorfrontdriver/cases/case164.pt,2199411,d9d50a881b4ab66ae2ea62b6a5e11319e90812fff9a1757c61a6a0112b983a07,data/floorfrontdriver/cases_101_200.zip,cases/case164.pt
floorfrontdriver,case165,data/floorfrontdriver/cases/case165.pt,2199411,0b9cfe6459336e804fad54a08b090cc02a7bdebaa82759bdc3c435599045eba6,data/floorfrontdriver/cases_101_200.zip,cases/case165.pt
floorfrontdriver,case166,data/floorfrontdriver/cases/case166.pt,2199411,74ba5f17782ba6be5e5637e1a36e570b8f0010df0b65a19f7847bebc77a80d05,data/floorfrontdriver/cases_101_200.zip,cases/case166.pt
floorfrontdriver,case167,data/floorfrontdriver/cases/case167.pt,2199411,1e85dae670e54a8d38f0b754dc63fe3e8be8c86f1af8477d77df8a09266a8ecd,data/floorfrontdriver/cases_101_200.zip,cases/case167.pt
floorfrontdriver,case168,data/floorfrontdriver/cases/case168.pt,2199411,9f59c0e3802141e12ed6929c3c9adaeda46c5b83784f642bab38fdda13e906cc,data/floorfrontdriver/cases_101_200.zip,cases/case168.pt
floorfrontdriver,case169,data/floorfrontdriver/cases/case169.pt,2199411,18964241093b4014d8b2af5003839beb96742395780195d62b3e12888e72b8b5,data/floorfrontdriver/cases_101_200.zip,cases/case169.pt
floorfrontdriver,case170,data/floorfrontdriver/cases/case170.pt,2199411,6cc5c3cf7cf9969842a8e1c5a6b93fb15185d206b2c859cba508197faa4bd68f,data/floorfrontdriver/cases_101_200.zip,cases/case170.pt
floorfrontdriver,case171,data/floorfrontdriver/cases/case171.pt,2199411,f9f8ba35eaada7ae5894ec5b124d2446003b9a6c711bbe9e6ad77d397ecfd982,data/floorfrontdriver/cases_101_200.zip,cases/case171.pt
floorfrontdriver,case172,data/floorfrontdriver/cases/case172.pt,2199411,c25066b6bec0f8aa9740891ef139e690795140fac38856356a2b9bfcb0af9be9,data/floorfrontdriver/cases_101_200.zip,cases/case172.pt
floorfrontdriver,case173,data/floorfrontdriver/cases/case173.pt,2199411,0ff0913e8849f3dff785f03dc1e0cc5438927130e55570986b1363662700418e,data/floorfrontdriver/cases_101_200.zip,cases/case173.pt
floorfrontdriver,case174,data/floorfrontdriver/cases/case174.pt,2199411,98dd0d375bc8d25ce6dda98ca2272f5b5056dec9b233bc51c07b4939cb33a351,data/floorfrontdriver/cases_101_200.zip,cases/case174.pt
floorfrontdriver,case175,data/floorfrontdriver/cases/case175.pt,2199411,f7f2a059e321df2e86dc32500c513d2aa4d40cc543db0ad3b0e2b0b6bc2a838f,data/floorfrontdriver/cases_101_200.zip,cases/case175.pt
floorfrontdriver,case176,data/floorfrontdriver/cases/case176.pt,2199411,aec8510e0b7252717a59a16d630c265525297770da9a6326079984f17bf42688,data/floorfrontdriver/cases_101_200.zip,cases/case176.pt
floorfrontdriver,case177,data/floorfrontdriver/cases/case177.pt,2199411,c2b4805b61b4c7af1fd55cb0c72ccf9d8d12153e07825c2f679c733eccd83904,data/floorfrontdriver/cases_101_200.zip,cases/case177.pt
floorfrontdriver,case178,data/floorfrontdriver/cases/case178.pt,2199411,672e9f49e053b9fcc187f23cb1254faa88b25a4ba2078656671d3249cf808007,data/floorfrontdriver/cases_101_200.zip,cases/case178.pt
floorfrontdriver,case179,data/floorfrontdriver/cases/case179.pt,2199411,7156bef637321c882c6b80ddc0fcedf2b5aa08bad4518b951bac36bcbafed359,data/floorfrontdriver/cases_101_200.zip,cases/case179.pt
floorfrontdriver,case180,data/floorfrontdriver/cases/case180.pt,2199411,377d0918aaf033fea76237b9d1e7de4dfd2b5cd5ac2daa9c067d68cdb4402f76,data/floorfrontdriver/cases_101_200.zip,cases/case180.pt
floorfrontdriver,case181,data/floorfrontdriver/cases/case181.pt,2199411,040c0db2ef8d8a17967ab5133452a119840de18a7122339987a170ef65f17ecd,data/floorfrontdriver/cases_101_200.zip,cases/case181.pt
floorfrontdriver,case182,data/floorfrontdriver/cases/case182.pt,2199411,71625817678b03b437f08c159113089fe746603a325236018006f3528fe0226b,data/floorfrontdriver/cases_101_200.zip,cases/case182.pt
floorfrontdriver,case183,data/floorfrontdriver/cases/case183.pt,2199411,0c9c2de580e7d44a86c42cb53a52f96da7f937d10b153214c1fce72f2bff98b1,data/floorfrontdriver/cases_101_200.zip,cases/case183.pt
floorfrontdriver,case184,data/floorfrontdriver/cases/case184.pt,2199411,6b82bfe65da9019397a2c876c07938099ad6c2698e8d1d106f6546cf3e2bfc55,data/floorfrontdriver/cases_101_200.zip,cases/case184.pt
floorfrontdriver,case185,data/floorfrontdriver/cases/case185.pt,2199411,f8bbabae9f5979cd2a9c7b134f7e272ee4d74935028e7077e0ba6364533456b8,data/floorfrontdriver/cases_101_200.zip,cases/case185.pt
floorfrontdriver,case186,data/floorfrontdriver/cases/case186.pt,2199411,cf8e8d7f69e79d5cc8a4c2c1d9e15e5c4146d950cacfe5c52d4dc84856d22532,data/floorfrontdriver/cases_101_200.zip,cases/case186.pt
floorfrontdriver,case187,data/floorfrontdriver/cases/case187.pt,2199411,dcba78d889a946b33a096286ecd2cd5737f2d5da4ccf275db4ef38e1c16e3de4,data/floorfrontdriver/cases_101_200.zip,cases/case187.pt
floorfrontdriver,case188,data/floorfrontdriver/cases/case188.pt,2199411,01021d1f59e3b26eabb1011c1a201f92020436eac1c6de6ff0092430546784f0,data/floorfrontdriver/cases_101_200.zip,cases/case188.pt
floorfrontdriver,case189,data/floorfrontdriver/cases/case189.pt,2199411,5e660b15e8027aed4486cc5b28452cfc2fe8439826e3a33ffb839c43363be883,data/floorfrontdriver/cases_101_200.zip,cases/case189.pt
floorfrontdriver,case190,data/floorfrontdriver/cases/case190.pt,2199411,3dbe9215b0ce9b005299fbdf5de32192abf1f9ce8584c1914ac3f64f3a956ae2,data/floorfrontdriver/cases_101_200.zip,cases/case190.pt
floorfrontdriver,case191,data/floorfrontdriver/cases/case191.pt,2199411,97094002c57ede5cc17add46ef661599b8ee7ee14c1edc7b62044d2c8663a3a8,data/floorfrontdriver/cases_101_200.zip,cases/case191.pt
floorfrontdriver,case192,data/floorfrontdriver/cases/case192.pt,2199411,5b092bd29b5ce7e6d09a4b8157a2167a0da158374eebb84fef4dafac52524ed3,data/floorfrontdriver/cases_101_200.zip,cases/case192.pt
floorfrontdriver,case193,data/floorfrontdriver/cases/case193.pt,2199411,c72d53643a4b783f02c0fc285e3784cd2afc77ae4b8da03c88a4764035326333,data/floorfrontdriver/cases_101_200.zip,cases/case193.pt
floorfrontdriver,case194,data/floorfrontdriver/cases/case194.pt,2199411,872d64b0e665a49946df37bfc16eb580bf9df43ad43b822b60562fdee942b65a,data/floorfrontdriver/cases_101_200.zip,cases/case194.pt
floorfrontdriver,case195,data/floorfrontdriver/cases/case195.pt,2199411,b78d72f54728641fb61bde3ef3a3e1c05b7e6451d07d7a1a6385a9c06beb1183,data/floorfrontdriver/cases_101_200.zip,cases/case195.pt
floorfrontdriver,case196,data/floorfrontdriver/cases/case196.pt,2199411,5f1b7c16e487b70c02e62ae2c7f5fe823ae053908ece90eadaf48b2d20b64f5f,data/floorfrontdriver/cases_101_200.zip,cases/case196.pt
floorfrontdriver,case197,data/floorfrontdriver/cases/case197.pt,2199411,192a1a80aebfc4670006f7df9dedb883e55b8641368dd3bb0bd0e90b63c2c3c6,data/floorfrontdriver/cases_101_200.zip,cases/case197.pt
floorfrontdriver,case198,data/floorfrontdriver/cases/case198.pt,2199411,7690d266ce64735cb7434d8d73221d3f174ad1ebdb447a6b86314f4a5360143f,data/floorfrontdriver/cases_101_200.zip,cases/case198.pt
floorfrontdriver,case199,data/floorfrontdriver/cases/case199.pt,2199411,831d8503b90d87b9ad94ec09f947c95a14bb287bbc2d6c54c275cff938dbed7d,data/floorfrontdriver/cases_101_200.zip,cases/case199.pt
floorfrontdriver,case200,data/floorfrontdriver/cases/case200.pt,2199411,8efe002bb3499d0d7d4a879814a5687f02ac428798ba45bd7e11a6eae3f51908,data/floorfrontdriver/cases_101_200.zip,cases/case200.pt
floorfrontdriver,case201,data/floorfrontdriver/cases/case201.pt,2199411,54c0ab1511e826687b96c2a40cb3f2bc38bdd1fa2c58b4cf305fa5e84464ddba,data/floorfrontdriver/cases_201_300.zip,cases/case201.pt
floorfrontdriver,case202,data/floorfrontdriver/cases/case202.pt,2199411,f3d72628b3c69b29d1e3a718163753519a338f69c39aea43126c477772c3d3a2,data/floorfrontdriver/cases_201_300.zip,cases/case202.pt
floorfrontdriver,case203,data/floorfrontdriver/cases/case203.pt,2199411,ef0a3d882564d9ccd4da31c6752a241cbc1ad0980a3039708aab23d4646c2e51,data/floorfrontdriver/cases_201_300.zip,cases/case203.pt
floorfrontdriver,case204,data/floorfrontdriver/cases/case204.pt,2199411,0ca67c10bffd86576c611de138f0820f201e8201ad7aaefaef4a622b7ea7ac23,data/floorfrontdriver/cases_201_300.zip,cases/case204.pt
floorfrontdriver,case205,data/floorfrontdriver/cases/case205.pt,2199411,c3cb37e5aeff2259b090a2ea5af3c54495b804f8b4c453aedc6d9487ea857e6a,data/floorfrontdriver/cases_201_300.zip,cases/case205.pt
floorfrontdriver,case206,data/floorfrontdriver/cases/case206.pt,2199411,e14d045b9cd04cf6293c357770b8a0e04251e6760ba964e19430e8c22d956adf,data/floorfrontdriver/cases_201_300.zip,cases/case206.pt
floorfrontdriver,case207,data/floorfrontdriver/cases/case207.pt,2199411,bf899fb7dc70a60e3267de83996ed87f11b49f71f528919613e7dc2ebb48e02c,data/floorfrontdriver/cases_201_300.zip,cases/case207.pt
floorfrontdriver,case208,data/floorfrontdriver/cases/case208.pt,2199411,e9258a80881d432c3783cf5c41c80d7297d3e7132066cadf2cafb9ca58dae637,data/floorfrontdriver/cases_201_300.zip,cases/case208.pt
floorfrontdriver,case209,data/floorfrontdriver/cases/case209.pt,2199411,370f9a7c8ce8e3ce1767a1dfc6a887ca223ddd836104e75cdea988f9a692426a,data/floorfrontdriver/cases_201_300.zip,cases/case209.pt
floorfrontdriver,case210,data/floorfrontdriver/cases/case210.pt,2199411,1820759be785cc6a59d9cbd09ddee3d57ed2db381ae16233bec92517997fa7ad,data/floorfrontdriver/cases_201_300.zip,cases/case210.pt
floorfrontdriver,case211,data/floorfrontdriver/cases/case211.pt,2199411,cbbd56451f780ab1bb8ac13f51612d1bfb73b0b2ce321ed56792e153d67a3eec,data/floorfrontdriver/cases_201_300.zip,cases/case211.pt
floorfrontdriver,case212,data/floorfrontdriver/cases/case212.pt,2199411,d705f27dff3aefb06f9fd11ce77f316df56b8bb4ef44216bf544fcc57f9f971b,data/floorfrontdriver/cases_201_300.zip,cases/case212.pt
floorfrontdriver,case213,data/floorfrontdriver/cases/case213.pt,2199411,e655db25621f9c1c1c646e7cc3678498ca2bc90fafa1d3bc4736bc0b66910e3c,data/floorfrontdriver/cases_201_300.zip,cases/case213.pt
floorfrontdriver,case214,data/floorfrontdriver/cases/case214.pt,2199411,d862b4fecda9c27874710e9dc5c7b6cf00b2490305fa0338d674e1aaba09f3bc,data/floorfrontdriver/cases_201_300.zip,cases/case214.pt
floorfrontdriver,case215,data/floorfrontdriver/cases/case215.pt,2199411,2f74765f24a35f3dc47bf5622e7b80cd155cb947fb4a9e79ed298d4c946ff858,data/floorfrontdriver/cases_201_300.zip,cases/case215.pt
floorfrontdriver,case216,data/floorfrontdriver/cases/case216.pt,2199411,0b682f85538863cb2dee5fa3012024fe1f64f8b7e07d27af38eaba94a3104b47,data/floorfrontdriver/cases_201_300.zip,cases/case216.pt
floorfrontdriver,case217,data/floorfrontdriver/cases/case217.pt,2199411,21e010168073390f4de197076844ad32138cdee18615b0a03d2f4fe60c8bb0be,data/floorfrontdriver/cases_201_300.zip,cases/case217.pt
floorfrontdriver,case218,data/floorfrontdriver/cases/case218.pt,2199411,572f5c061235ef0b253b754240c8502dafd3ffa5c60c1a6dca4b34d277bde4ca,data/floorfrontdriver/cases_201_300.zip,cases/case218.pt
floorfrontdriver,case219,data/floorfrontdriver/cases/case219.pt,2199411,b4241dff56388eb136f7c7ac5c324f4f85420d2e3a6b03593cc24e0b64d78d78,data/floorfrontdriver/cases_201_300.zip,cases/case219.pt
floorfrontdriver,case220,data/floorfrontdriver/cases/case220.pt,2199411,869d5200b8f227cd5d79bca3153e19578a44ac37e56920482b1869d1b96f11cf,data/floorfrontdriver/cases_201_300.zip,cases/case220.pt
floorfrontdriver,case221,data/floorfrontdriver/cases/case221.pt,2199411,71c05a35e4283a3c60c06148b4b16d6a28b41e98748df48474fdb2a1906dba3f,data/floorfrontdriver/cases_201_300.zip,cases/case221.pt
floorfrontdriver,case222,data/floorfrontdriver/cases/case222.pt,2199411,9075e101ecd5df426dc8827dba6486924af5387e2ee308336e6579ce26929e74,data/floorfrontdriver/cases_201_300.zip,cases/case222.pt
floorfrontdriver,case223,data/floorfrontdriver/cases/case223.pt,2199411,cbbb40174dfad8456a1f699c18be7939ee2a1c5b32b6b1fb098d21365b607759,data/floorfrontdriver/cases_201_300.zip,cases/case223.pt
floorfrontdriver,case224,data/floorfrontdriver/cases/case224.pt,2199411,7cdb663265f7b73d4f4f2a922a77f8b2794b3d5ce9d9c08d114a0710aaa623d8,data/floorfrontdriver/cases_201_300.zip,cases/case224.pt
floorfrontdriver,case225,data/floorfrontdriver/cases/case225.pt,2199411,ea3c59e36b018258485d8e369f9bc281c90bd0dcae18833585f54f8c7a656b4a,data/floorfrontdriver/cases_201_300.zip,cases/case225.pt
floorfrontdriver,case226,data/floorfrontdriver/cases/case226.pt,2199411,eaef7fbfe78e8218564680c19a00f84178823b098e6a64160c961ad3b8440758,data/floorfrontdriver/cases_201_300.zip,cases/case226.pt
floorfrontdriver,case227,data/floorfrontdriver/cases/case227.pt,2199411,8276ecef8b27e96f08346c6fa78237e8a1ef5963673d09a458e2871e3b1cd2ba,data/floorfrontdriver/cases_201_300.zip,cases/case227.pt
floorfrontdriver,case228,data/floorfrontdriver/cases/case228.pt,2199411,e0506ab1fd1e5abc99786a3101ca9bcb90be13bb56098c77bc807ccb66156bb7,data/floorfrontdriver/cases_201_300.zip,cases/case228.pt
floorfrontdriver,case229,data/floorfrontdriver/cases/case229.pt,2199411,ba50cbc58efdbd6414563f7a3c198c6fa5f3a4af958527f2bc98915e258c8538,data/floorfrontdriver/cases_201_300.zip,cases/case229.pt
floorfrontdriver,case230,data/floorfrontdriver/cases/case230.pt,2199411,86c398ada600c4949eb016c1c44254162febec00d3331bc716947059618271e4,data/floorfrontdriver/cases_201_300.zip,cases/case230.pt
floorfrontdriver,case231,data/floorfrontdriver/cases/case231.pt,2199411,cd4226b6600751db166d14c69fdfcdceacb9155735f82d18850eb31e9cd3653a,data/floorfrontdriver/cases_201_300.zip,cases/case231.pt
floorfrontdriver,case232,data/floorfrontdriver/cases/case232.pt,2199411,8a2f394f9d3257e2756a9f95acafe56d6042df940579112b13eb32e9b0bb962c,data/floorfrontdriver/cases_201_300.zip,cases/case232.pt
floorfrontdriver,case233,data/floorfrontdriver/cases/case233.pt,2199411,2abc8b50a032882a198afc4098c6cc7599617c5c2a14e218383e88b7020a2c10,data/floorfrontdriver/cases_201_300.zip,cases/case233.pt
floorfrontdriver,case234,data/floorfrontdriver/cases/case234.pt,2199411,9c25ca335b53e5f9b32a74754115f3db97cb56adbb774a935cc9391596e3eba9,data/floorfrontdriver/cases_201_300.zip,cases/case234.pt
floorfrontdriver,case235,data/floorfrontdriver/cases/case235.pt,2199411,6bdd48abd9ab996f6ed53e7869d4b89a2ab029ba4a610947944200ac13403f9c,data/floorfrontdriver/cases_201_300.zip,cases/case235.pt
floorfrontdriver,case236,data/floorfrontdriver/cases/case236.pt,2199411,07a71f683bffa48a21bc5970bcf65acf3bf46d1bb758bdacf919430861203143,data/floorfrontdriver/cases_201_300.zip,cases/case236.pt
floorfrontdriver,case237,data/floorfrontdriver/cases/case237.pt,2199411,d543474525437e9d149cff1c8983856e66726fb94278f44d45dcff0d6b286f38,data/floorfrontdriver/cases_201_300.zip,cases/case237.pt
floorfrontdriver,case238,data/floorfrontdriver/cases/case238.pt,2199411,2567be25aa63943919494b3df660ef338c3c9dae504dcc57e2d1ed9b0655c49b,data/floorfrontdriver/cases_201_300.zip,cases/case238.pt
floorfrontdriver,case239,data/floorfrontdriver/cases/case239.pt,2199411,567b0d0a5628aa151d7c09345c11fb53c9a6be4c4dc7844516dcd0596c40d5f6,data/floorfrontdriver/cases_201_300.zip,cases/case239.pt
floorfrontdriver,case240,data/floorfrontdriver/cases/case240.pt,2199411,0c4d4c2575a5d709c0b75094f323472a297519169283b7d5a5ff4422149ed7bc,data/floorfrontdriver/cases_201_300.zip,cases/case240.pt
floorfrontdriver,case241,data/floorfrontdriver/cases/case241.pt,2199411,24a2631f57d2d5d137a05221644d06f711733e6ff29a755eb21973573f649f78,data/floorfrontdriver/cases_201_300.zip,cases/case241.pt
floorfrontdriver,case242,data/floorfrontdriver/cases/case242.pt,2199411,8751558590901260cf3706026dbe398573c7c5375b71354c54c0b2331e996381,data/floorfrontdriver/cases_201_300.zip,cases/case242.pt
floorfrontdriver,case243,data/floorfrontdriver/cases/case243.pt,2199411,e23c54dd00c4d3108072155e46dff00748dfabcc0c07d91a801f3a5ba0a44266,data/floorfrontdriver/cases_201_300.zip,cases/case243.pt
floorfrontdriver,case244,data/floorfrontdriver/cases/case244.pt,2199411,99eaa8c3b70d612006248223d235d6c6983eed78dff989d9d110e558ff5348c7,data/floorfrontdriver/cases_201_300.zip,cases/case244.pt
floorfrontdriver,case245,data/floorfrontdriver/cases/case245.pt,2199411,25a4d6ea75e242c5bdf0b6ec56fceba9c91d7a17e6dd14ebc2ea5f70dfa6279a,data/floorfrontdriver/cases_201_300.zip,cases/case245.pt
floorfrontdriver,case246,data/floorfrontdriver/cases/case246.pt,2199411,b4e00555a1dd1bfb444595106ca6b8be5ede705c24f513ac9ead258f9d9e53bf,data/floorfrontdriver/cases_201_300.zip,cases/case246.pt
floorfrontdriver,case247,data/floorfrontdriver/cases/case247.pt,2199411,bc1404682cdab8c27ece4435ae6b5890b4f9761571c0d8531cb1ce98126a4d99,data/floorfrontdriver/cases_201_300.zip,cases/case247.pt
floorfrontdriver,case248,data/floorfrontdriver/cases/case248.pt,2199411,5d33508198d79bba6e267f120636873da2567aa3ec2a214841d0068fbbd855e7,data/floorfrontdriver/cases_201_300.zip,cases/case248.pt
floorfrontdriver,case249,data/floorfrontdriver/cases/case249.pt,2199411,3e96d61a1ab196def8b9c3e7740e34d280c7ac2d860b764d5dd6359f3c114f95,data/floorfrontdriver/cases_201_300.zip,cases/case249.pt
floorfrontdriver,case250,data/floorfrontdriver/cases/case250.pt,2199411,11991d7317ac0d559eb1c5ddab6080189ef85f634e37546a377a13ca3c617ed8,data/floorfrontdriver/cases_201_300.zip,cases/case250.pt
floorfrontdriver,case251,data/floorfrontdriver/cases/case251.pt,2199411,32d1e13bbfb458cdf66b7e08ff79f70a2d6dff0340ca6c007298e5a4d13f5e06,data/floorfrontdriver/cases_201_300.zip,cases/case251.pt
floorfrontdriver,case252,data/floorfrontdriver/cases/case252.pt,2199411,e21b247cdde82b0d0a59b67a41b9df6b9594c8e511db6ffcb2450f91b11be8a6,data/floorfrontdriver/cases_201_300.zip,cases/case252.pt
floorfrontdriver,case253,data/floorfrontdriver/cases/case253.pt,2199411,fcd928123116e64be658e76f2671362c0f5d8c0960a22b48106640b78de175aa,data/floorfrontdriver/cases_201_300.zip,cases/case253.pt
floorfrontdriver,case254,data/floorfrontdriver/cases/case254.pt,2199411,0ac402b81e913acdd0e1b0011b23c49d326aa82e8b152792c175ca0092bbc616,data/floorfrontdriver/cases_201_300.zip,cases/case254.pt
floorfrontdriver,case255,data/floorfrontdriver/cases/case255.pt,2199411,7ac2bc4b6c33a4a974f92e3bc896454d04471c5c97e1435b29aa355e6bb7300f,data/floorfrontdriver/cases_201_300.zip,cases/case255.pt
floorfrontdriver,case256,data/floorfrontdriver/cases/case256.pt,2199411,0ac6a74381008112a513e6663b170a9f7548a4e29dfae0af21e290c4fccb1fed,data/floorfrontdriver/cases_201_300.zip,cases/case256.pt
floorfrontdriver,case257,data/floorfrontdriver/cases/case257.pt,2199411,2ce823edc7556ccd5a37cb06cdbf9d06b0bda3f8dbc04fb3a697b2ee6f644987,data/floorfrontdriver/cases_201_300.zip,cases/case257.pt
floorfrontdriver,case258,data/floorfrontdriver/cases/case258.pt,2199411,4b28700e3951fe41fa506d96a532d5ace49502f86bf020cecb9150f195546c0f,data/floorfrontdriver/cases_201_300.zip,cases/case258.pt
floorfrontdriver,case259,data/floorfrontdriver/cases/case259.pt,2199411,cf51ea4b1be5441be828b2e4893a738c299e4f13f4e20c1e3a8fc67c29b47a4b,data/floorfrontdriver/cases_201_300.zip,cases/case259.pt
floorfrontdriver,case260,data/floorfrontdriver/cases/case260.pt,2199411,9e4bf7bb974f629ee093b25f229c7b9b8896514c6528bb780c3f2b62855b64ea,data/floorfrontdriver/cases_201_300.zip,cases/case260.pt
floorfrontdriver,case261,data/floorfrontdriver/cases/case261.pt,2199411,d953a3e98dd5e309200fef3ee41d084bf5df3cd07a835c093320363b22f9a34f,data/floorfrontdriver/cases_201_300.zip,cases/case261.pt
floorfrontdriver,case262,data/floorfrontdriver/cases/case262.pt,2199411,4e0b9c35e93998aca8152114ea1f5db4b3aa8f24f44239990db8da07d473b1a0,data/floorfrontdriver/cases_201_300.zip,cases/case262.pt
floorfrontdriver,case263,data/floorfrontdriver/cases/case263.pt,2199411,e18133ddb21f7af00bb32bfd56a781341cc29c94fe9b9db2d3b269cd5423ef18,data/floorfrontdriver/cases_201_300.zip,cases/case263.pt
floorfrontdriver,case264,data/floorfrontdriver/cases/case264.pt,2199411,43c65cb5591e42a0d5e3bfa40605c2344abb8b224201f61c23b50586ae4a9e8d,data/floorfrontdriver/cases_201_300.zip,cases/case264.pt
floorfrontdriver,case265,data/floorfrontdriver/cases/case265.pt,2199411,776e7c822bb7d7cd5da523b925a66007b7b36ff44ec60082308a78b80e718468,data/floorfrontdriver/cases_201_300.zip,cases/case265.pt
floorfrontdriver,case266,data/floorfrontdriver/cases/case266.pt,2199411,1373980039512c2f3a803f94201ff015ee9ed0d3bcb0818f4fca372d7e85b6c5,data/floorfrontdriver/cases_201_300.zip,cases/case266.pt
floorfrontdriver,case267,data/floorfrontdriver/cases/case267.pt,2199411,758753b03cf01ea9b71da157561352b5171a1101531b0f9fb223c91d88f69e90,data/floorfrontdriver/cases_201_300.zip,cases/case267.pt
floorfrontdriver,case268,data/floorfrontdriver/cases/case268.pt,2199411,6020512f6403c4bc9e5f0b62af735ef69d1b43da94c648348c63ff04335fa4a8,data/floorfrontdriver/cases_201_300.zip,cases/case268.pt
floorfrontdriver,case269,data/floorfrontdriver/cases/case269.pt,2199411,5755290cb95e15a26fd76bbfdf2e0a2f2f38a5083050cff00ff794cec70d6a0b,data/floorfrontdriver/cases_201_300.zip,cases/case269.pt
floorfrontdriver,case270,data/floorfrontdriver/cases/case270.pt,2199411,1932373679eeed48206c183c2087bb3d4376b77d094cdfd4d419733fa1b6eb67,data/floorfrontdriver/cases_201_300.zip,cases/case270.pt
floorfrontdriver,case271,data/floorfrontdriver/cases/case271.pt,2199411,8f7bcb9355108a40c447698f736fb64b6d59add6947d4665a0cef48814f36462,data/floorfrontdriver/cases_201_300.zip,cases/case271.pt
floorfrontdriver,case272,data/floorfrontdriver/cases/case272.pt,2199411,6342263e4fec243d8dcd8be24bd3439eb4d166ce9c60ddcd7904a08ddd1d8f25,data/floorfrontdriver/cases_201_300.zip,cases/case272.pt
floorfrontdriver,case273,data/floorfrontdriver/cases/case273.pt,2199411,ef7a4aa1a5dc7ca1567c1d94cddffacb498aeb03ca597f137005a86e18392d75,data/floorfrontdriver/cases_201_300.zip,cases/case273.pt
floorfrontdriver,case274,data/floorfrontdriver/cases/case274.pt,2199411,2ec0bcaaf09bee440bfac7d5b4241c34414ef2ee4e81d2ea151842b1a2f00bcd,data/floorfrontdriver/cases_201_300.zip,cases/case274.pt
floorfrontdriver,case275,data/floorfrontdriver/cases/case275.pt,2199411,e6b485f8129175fe352e7ac4013c4738e9baf2614abd5ba3bef174f95a595639,data/floorfrontdriver/cases_201_300.zip,cases/case275.pt
floorfrontdriver,case276,data/floorfrontdriver/cases/case276.pt,2199411,50a401a7d90c53be9953a6fec20fbd3da78c71965311d606e93fd6f4bd8f336b,data/floorfrontdriver/cases_201_300.zip,cases/case276.pt
floorfrontdriver,case277,data/floorfrontdriver/cases/case277.pt,2199411,feb89a06b1445fc76b140a176078c5ceec90df03d2c03e832d858bf45158cd2d,data/floorfrontdriver/cases_201_300.zip,cases/case277.pt
floorfrontdriver,case278,data/floorfrontdriver/cases/case278.pt,2199411,190ea149d00d89359c5158c3bdcdbeab28cee18be6805cecf9ba18b30d5b1649,data/floorfrontdriver/cases_201_300.zip,cases/case278.pt
floorfrontdriver,case279,data/floorfrontdriver/cases/case279.pt,2199411,55b4e467d5d34d1eca7dc0a6b26a8e5e5f7184e4b876dedc22d7632a5bf9bd03,data/floorfrontdriver/cases_201_300.zip,cases/case279.pt
floorfrontdriver,case280,data/floorfrontdriver/cases/case280.pt,2199411,07315a97d6e3698bd2db60e3bdf033071fd40d5a031beb2acbbb1cef2d313631,data/floorfrontdriver/cases_201_300.zip,cases/case280.pt
floorfrontdriver,case281,data/floorfrontdriver/cases/case281.pt,2199411,5461d8ace3587a7f2f80917d8fcc984015e04e4c85ecb27908bb1ceed6d5870f,data/floorfrontdriver/cases_201_300.zip,cases/case281.pt
floorfrontdriver,case282,data/floorfrontdriver/cases/case282.pt,2199411,27843d61ad855a0187251c209c1c5447fc51669e824ec52ea80aaeb152775509,data/floorfrontdriver/cases_201_300.zip,cases/case282.pt
floorfrontdriver,case283,data/floorfrontdriver/cases/case283.pt,2199411,3bcba3fc520b33ac100ac6467f1924dd53b99455ff1313dbe2607e41fb24bd39,data/floorfrontdriver/cases_201_300.zip,cases/case283.pt
floorfrontdriver,case284,data/floorfrontdriver/cases/case284.pt,2199411,b5775f057383f4abda2986ab85869e653bfb63ca8f7d9bc4b9095ff1ac6efb64,data/floorfrontdriver/cases_201_300.zip,cases/case284.pt
floorfrontdriver,case285,data/floorfrontdriver/cases/case285.pt,2199411,4d2729f64cd08935622ae074a546ecc9bd87a4b78dd62e1c1f02bce70c7f1a5e,data/floorfrontdriver/cases_201_300.zip,cases/case285.pt
floorfrontdriver,case286,data/floorfrontdriver/cases/case286.pt,2199411,f85769f904834ea17ff21fc8e80647c26c548f94dd7a7e7e7766f936d335254b,data/floorfrontdriver/cases_201_300.zip,cases/case286.pt
floorfrontdriver,case287,data/floorfrontdriver/cases/case287.pt,2199411,1a62f6356b398042892b6bf244ae0fcf1df75dc812ba0aa0970ba5460f5c3cb5,data/floorfrontdriver/cases_201_300.zip,cases/case287.pt
floorfrontdriver,case288,data/floorfrontdriver/cases/case288.pt,2199411,4632d98092ac67182b5a831dc9315c8012833273855e239189b51709158d5d8a,data/floorfrontdriver/cases_201_300.zip,cases/case288.pt
floorfrontdriver,case289,data/floorfrontdriver/cases/case289.pt,2199411,d3b73bb8de0190990148212145a4bd5b79631b404c2d735d4fe6343ba93fb156,data/floorfrontdriver/cases_201_300.zip,cases/case289.pt
floorfrontdriver,case290,data/floorfrontdriver/cases/case290.pt,2199411,897610bfcd530bd1a1e1edb02522194a42f137cc4947a5574e38673158d10fc7,data/floorfrontdriver/cases_201_300.zip,cases/case290.pt
floorfrontdriver,case291,data/floorfrontdriver/cases/case291.pt,2199411,4976d6d145f3df6e0304892bf066bbd376551f260637ed5db87a3cd4e83f9035,data/floorfrontdriver/cases_201_300.zip,cases/case291.pt
floorfrontdriver,case292,data/floorfrontdriver/cases/case292.pt,2199411,38fd272a43fa037df43b9b18bf60a56189a5002c83a8f1a814a7e7c0ec2811ee,data/floorfrontdriver/cases_201_300.zip,cases/case292.pt
floorfrontdriver,case293,data/floorfrontdriver/cases/case293.pt,2199411,0a2d67d52468dfdbf7a1aa234b99caa1042b98046acc60a29de5cbdb35f966cf,data/floorfrontdriver/cases_201_300.zip,cases/case293.pt
floorfrontdriver,case294,data/floorfrontdriver/cases/case294.pt,2199411,3c649d9387ac969ec6b19c10c3a39962fabadf7e06d5d27e7b4b187bcad69130,data/floorfrontdriver/cases_201_300.zip,cases/case294.pt
floorfrontdriver,case295,data/floorfrontdriver/cases/case295.pt,2199411,ae59f5638bd06bbdc67b28f3384f66e96c7eb3ae728124473975758b62431fba,data/floorfrontdriver/cases_201_300.zip,cases/case295.pt
floorfrontdriver,case296,data/floorfrontdriver/cases/case296.pt,2199411,650992706ea6b575f306af4f7aff58a7fb4ff4e7772557c3e543ab33b7548931,data/floorfrontdriver/cases_201_300.zip,cases/case296.pt
floorfrontdriver,case297,data/floorfrontdriver/cases/case297.pt,2199411,2ed9dc1abc878d9885d33ccb79bed16b09105fdb52f7d9abc09c791a00bb89ae,data/floorfrontdriver/cases_201_300.zip,cases/case297.pt
floorfrontdriver,case298,data/floorfrontdriver/cases/case298.pt,2199411,1bb8ea0ec57d5a9fd662061102c8085be3d0e04ed5394f02ff8d52a290f6ec3b,data/floorfrontdriver/cases_201_300.zip,cases/case298.pt
floorfrontdriver,case299,data/floorfrontdriver/cases/case299.pt,2199411,80b60ad6f06014b0d103433bffd4ff20472cf53a754add815be15a4a9ada81df,data/floorfrontdriver/cases_201_300.zip,cases/case299.pt
floorfrontdriver,case300,data/floorfrontdriver/cases/case300.pt,2199411,b53b9ece74236888116f184fe8f34843d3de333f7e02a3262ade1291ee764fa5,data/floorfrontdriver/cases_201_300.zip,cases/case300.pt
floorfrontdriver,case301,data/floorfrontdriver/cases/case301.pt,2199411,304627f9712fbbd4bcc2b6f18e68f7228199e8d6fa2665a9c2dd170c64928755,data/floorfrontdriver/cases_301_400.zip,cases/case301.pt
floorfrontdriver,case302,data/floorfrontdriver/cases/case302.pt,2199411,0bcac0a668c60cac1bd312cdb124197c66cfafa43f56f077c8eb9d85968de133,data/floorfrontdriver/cases_301_400.zip,cases/case302.pt
floorfrontdriver,case303,data/floorfrontdriver/cases/case303.pt,2199411,fd33ae5bde069965b0917a9a8ec3a8ce0f5eac8b5a92d8992dfdcccd74ad12e2,data/floorfrontdriver/cases_301_400.zip,cases/case303.pt
floorfrontdriver,case304,data/floorfrontdriver/cases/case304.pt,2199411,f0f50167acc4c337f3410327883157c735fda06ed0a445ae0089c0eb606345e5,data/floorfrontdriver/cases_301_400.zip,cases/case304.pt
floorfrontdriver,case305,data/floorfrontdriver/cases/case305.pt,2199411,6976467b0487cabb2b91a0901b3aee327094bdc0ccf45f2bba51695bbabbf769,data/floorfrontdriver/cases_301_400.zip,cases/case305.pt
floorfrontdriver,case306,data/floorfrontdriver/cases/case306.pt,2199411,4abc557dd21624ff6468462add7ba1c92e1c79d9347ffc1782a403705d783bf9,data/floorfrontdriver/cases_301_400.zip,cases/case306.pt
floorfrontdriver,case307,data/floorfrontdriver/cases/case307.pt,2199411,455bce61ccc87d7e8e6c4b830ddec91d5b42137b3808f3f0487cab08226274e3,data/floorfrontdriver/cases_301_400.zip,cases/case307.pt
floorfrontdriver,case308,data/floorfrontdriver/cases/case308.pt,2199411,3a915c1e37086e1272f9debf22f928ec3633d1ae5b1a4be60d86a71ef42dcedc,data/floorfrontdriver/cases_301_400.zip,cases/case308.pt
floorfrontdriver,case309,data/floorfrontdriver/cases/case309.pt,2199411,24cf0cb56204855a2574f9e89ee48aefb8ff0d47f0b371d87d686d4d870f0c6c,data/floorfrontdriver/cases_301_400.zip,cases/case309.pt
floorfrontdriver,case310,data/floorfrontdriver/cases/case310.pt,2199411,cbfe82c61475ae659dfd3121615547b2fcb7e32ccd784e0240e8ac031682dbef,data/floorfrontdriver/cases_301_400.zip,cases/case310.pt
floorfrontdriver,case311,data/floorfrontdriver/cases/case311.pt,2199411,d267817552d6e91909b8bf4392adb915c88785dce9076653e00b42c9c19a4c15,data/floorfrontdriver/cases_301_400.zip,cases/case311.pt
floorfrontdriver,case312,data/floorfrontdriver/cases/case312.pt,2199411,dc37e1e76906ca60545a48db55b6b66b5aa922f94eba21118bc992934dd49e49,data/floorfrontdriver/cases_301_400.zip,cases/case312.pt
floorfrontdriver,case313,data/floorfrontdriver/cases/case313.pt,2199411,4d3e06abf49d30fe5597474066f308b826e1d83d6e01d6ccafb1c362b228df5b,data/floorfrontdriver/cases_301_400.zip,cases/case313.pt
floorfrontdriver,case314,data/floorfrontdriver/cases/case314.pt,2199411,e3a22615bcc73fd729bf62bd3139583fff5142bb22b9da4d84fc4633dc141d6c,data/floorfrontdriver/cases_301_400.zip,cases/case314.pt
floorfrontdriver,case315,data/floorfrontdriver/cases/case315.pt,2199411,48388cc064b610da7cb5c90899b2761c33e34f3c629becf49bc22cb009844912,data/floorfrontdriver/cases_301_400.zip,cases/case315.pt
floorfrontdriver,case316,data/floorfrontdriver/cases/case316.pt,2199411,1c918dcd5411d155e7f7eb0136d118260f15253dd92a79bda7b34c87dc0b14af,data/floorfrontdriver/cases_301_400.zip,cases/case316.pt
floorfrontdriver,case317,data/floorfrontdriver/cases/case317.pt,2199411,caa413c0a5dc52d1c8addebd355b25ed6278c4512356abdce38a3e4c0b136f81,data/floorfrontdriver/cases_301_400.zip,cases/case317.pt
floorfrontdriver,case318,data/floorfrontdriver/cases/case318.pt,2199411,88ae1b12038de4a4772d33eb3eceec8d89d1968df1febc876fd9e645f1f94ed1,data/floorfrontdriver/cases_301_400.zip,cases/case318.pt
floorfrontdriver,case319,data/floorfrontdriver/cases/case319.pt,2199411,beb2c1d4931e77a9b8004212d5228a87b4779ddf368dad5f376f38c99edacbc6,data/floorfrontdriver/cases_301_400.zip,cases/case319.pt
floorfrontdriver,case320,data/floorfrontdriver/cases/case320.pt,2199411,9ab82d187ead27a8b627cb494cb8a3076b87b863396a66618afef35a79c2a529,data/floorfrontdriver/cases_301_400.zip,cases/case320.pt
floorfrontdriver,case321,data/floorfrontdriver/cases/case321.pt,2199411,f49e37cd9499cc54b0729d67db39495df1d12c02864fa0aa6a794784d39410ae,data/floorfrontdriver/cases_301_400.zip,cases/case321.pt
floorfrontdriver,case322,data/floorfrontdriver/cases/case322.pt,2199411,b4a428354dcc6cc966a869c607b19dc874cfc21c97635a30a52b555b5d145f33,data/floorfrontdriver/cases_301_400.zip,cases/case322.pt
floorfrontdriver,case323,data/floorfrontdriver/cases/case323.pt,2199411,31078318876f117a43f2db56e2480d9154717790fe5fb52428e3cf7f75cc7bd3,data/floorfrontdriver/cases_301_400.zip,cases/case323.pt
floorfrontdriver,case324,data/floorfrontdriver/cases/case324.pt,2199411,058805300ab2507321631943591c0d98946432ba94f47faabbedd5db5a4c4214,data/floorfrontdriver/cases_301_400.zip,cases/case324.pt
floorfrontdriver,case325,data/floorfrontdriver/cases/case325.pt,2199411,eb7c34a12ad002f55e47387cb69800e12d800cdd7f159f73cc9c88fc447014ed,data/floorfrontdriver/cases_301_400.zip,cases/case325.pt
floorfrontdriver,case326,data/floorfrontdriver/cases/case326.pt,2199411,8088135c4e9c4f0271b1768da1b0502335f5878aa227f93685a2375ab5cad84a,data/floorfrontdriver/cases_301_400.zip,cases/case326.pt
floorfrontdriver,case327,data/floorfrontdriver/cases/case327.pt,2199411,322ffa26a7d67f4b54af7463f644232ce2304519f36025cb72c1b5e8c52e7ec3,data/floorfrontdriver/cases_301_400.zip,cases/case327.pt
floorfrontdriver,case328,data/floorfrontdriver/cases/case328.pt,2199411,e04177385a0909c83652ac1ef8e9b718fdcd286166274df228083728f89afba9,data/floorfrontdriver/cases_301_400.zip,cases/case328.pt
floorfrontdriver,case329,data/floorfrontdriver/cases/case329.pt,2199411,2b7a07fdcb1efe1f709daad348da5b0565f4039be549783d32fcb62c8cceddcf,data/floorfrontdriver/cases_301_400.zip,cases/case329.pt
floorfrontdriver,case330,data/floorfrontdriver/cases/case330.pt,2199411,e3361cb7f660b17e6c6db3ea3cdcd6e2db2a7bcada52a0ca7542f40035ca6108,data/floorfrontdriver/cases_301_400.zip,cases/case330.pt
floorfrontdriver,case331,data/floorfrontdriver/cases/case331.pt,2199411,aaaf79f1bb7e7b78c52679cdafcfffaad517e1b36d7a03a8c5c16fff4e820808,data/floorfrontdriver/cases_301_400.zip,cases/case331.pt
floorfrontdriver,case332,data/floorfrontdriver/cases/case332.pt,2199411,03022705e4a64cba93c05429130a9adba933ccbba23c7c31b28abbc6a428d859,data/floorfrontdriver/cases_301_400.zip,cases/case332.pt
floorfrontdriver,case333,data/floorfrontdriver/cases/case333.pt,2199411,a0d237b208613336ecb4f8314dca00ad76c154b8adfd10e52ed4546aa22284ec,data/floorfrontdriver/cases_301_400.zip,cases/case333.pt
floorfrontdriver,case334,data/floorfrontdriver/cases/case334.pt,2199411,f6b651fe17996671b4e74eb153821f54c1880f478307231a26d342b0eef161f1,data/floorfrontdriver/cases_301_400.zip,cases/case334.pt
floorfrontdriver,case335,data/floorfrontdriver/cases/case335.pt,2199411,fb7ede8240b3feb4ff6f55919482e84bad51f9e4180aa86a33d9677dab22b2c1,data/floorfrontdriver/cases_301_400.zip,cases/case335.pt
floorfrontdriver,case336,data/floorfrontdriver/cases/case336.pt,2199411,a6793b0b8d644f0716f7be2f7b196ddbdc3c0785f4652be90f75f169bcaa4d3f,data/floorfrontdriver/cases_301_400.zip,cases/case336.pt
floorfrontdriver,case337,data/floorfrontdriver/cases/case337.pt,2199411,6ff23e31de682a7e14f3e55af8e2b312bb1cb43b3d56153dadf03f706fc2dd9a,data/floorfrontdriver/cases_301_400.zip,cases/case337.pt
floorfrontdriver,case338,data/floorfrontdriver/cases/case338.pt,2199411,9ea0e9d2ef4a54c44ea4c2387f8b537076266747e64e1ce3c1644b6843a86247,data/floorfrontdriver/cases_301_400.zip,cases/case338.pt
floorfrontdriver,case339,data/floorfrontdriver/cases/case339.pt,2199411,af85588f13f43a94c4b69d6265effbb74b190c656376aa56361a271de688ac47,data/floorfrontdriver/cases_301_400.zip,cases/case339.pt
floorfrontdriver,case340,data/floorfrontdriver/cases/case340.pt,2199411,ef85fa1d7ab17eeabcdf7e307dca59f9a57b623a0adb51cdf70f3ab452387eda,data/floorfrontdriver/cases_301_400.zip,cases/case340.pt
floorfrontdriver,case341,data/floorfrontdriver/cases/case341.pt,2199411,1aa590e5418f25a74a7854836c5aaf4132d651a78a5bd038467fdd399a22abfc,data/floorfrontdriver/cases_301_400.zip,cases/case341.pt
floorfrontdriver,case342,data/floorfrontdriver/cases/case342.pt,2199411,dac7f5e5c562d18112890b9875ff14e80b24f30f0f60d44d9a5129c5c3fe66c2,data/floorfrontdriver/cases_301_400.zip,cases/case342.pt
floorfrontdriver,case343,data/floorfrontdriver/cases/case343.pt,2199411,c74d34a8a0f010e0035e7847215ba028bb3ee19bef6fc3f41d304119ad1996c9,data/floorfrontdriver/cases_301_400.zip,cases/case343.pt
floorfrontdriver,case344,data/floorfrontdriver/cases/case344.pt,2199411,0c94bf6fca57b150f944cb69f52f8f59a8881f8d04c9200fae5384c59b1db23f,data/floorfrontdriver/cases_301_400.zip,cases/case344.pt
floorfrontdriver,case345,data/floorfrontdriver/cases/case345.pt,2199411,6e0e026b9f058994909d8e410d9c44d418d3f5c08586a5e69c1a89b5f3c3aa46,data/floorfrontdriver/cases_301_400.zip,cases/case345.pt
floorfrontdriver,case346,data/floorfrontdriver/cases/case346.pt,2199411,9f5e82b40704dd280a3614f8f819f13ba0a33af4ae8fff77dbfa00dc4d09cac0,data/floorfrontdriver/cases_301_400.zip,cases/case346.pt
floorfrontdriver,case347,data/floorfrontdriver/cases/case347.pt,2199411,638e6ab1e3dd21e915e3a3255e08136cfc58cba4492fa9a1d76c09d0a1323af4,data/floorfrontdriver/cases_301_400.zip,cases/case347.pt
floorfrontdriver,case348,data/floorfrontdriver/cases/case348.pt,2199411,eae55d20d61e34bcf8ad131b76fa2bab32dda023ca9e5721206495d7314e67dd,data/floorfrontdriver/cases_301_400.zip,cases/case348.pt
floorfrontdriver,case349,data/floorfrontdriver/cases/case349.pt,2199411,4138d48b11782407496678cdda99204fa40ca047fec051ab1abcf48902057dd8,data/floorfrontdriver/cases_301_400.zip,cases/case349.pt
floorfrontdriver,case350,data/floorfrontdriver/cases/case350.pt,2199411,6acee285e0eec77756e5298560397bd0d604af993172975a628eb029eaeeff26,data/floorfrontdriver/cases_301_400.zip,cases/case350.pt
floorfrontdriver,case351,data/floorfrontdriver/cases/case351.pt,2199411,721e4e096b4b10f7bfe46121561cc5f2e21b7f5a9e3b59b19b12cb0df0be0314,data/floorfrontdriver/cases_301_400.zip,cases/case351.pt
floorfrontdriver,case352,data/floorfrontdriver/cases/case352.pt,2199411,7b5ba10c868bacfbaa272f08188461edb90aa9d5a9b1910dbf8398fd6afefc16,data/floorfrontdriver/cases_301_400.zip,cases/case352.pt
floorfrontdriver,case353,data/floorfrontdriver/cases/case353.pt,2199411,cd6403f898da73594152aba72afedfd9c8a2a2bf18e87f5ff680b7127ce2a888,data/floorfrontdriver/cases_301_400.zip,cases/case353.pt
floorfrontdriver,case354,data/floorfrontdriver/cases/case354.pt,2199411,b75880c5d43254d1d857ada7b009bbe693ab59560106882b91ed4d0f1c1c2b3d,data/floorfrontdriver/cases_301_400.zip,cases/case354.pt
floorfrontdriver,case355,data/floorfrontdriver/cases/case355.pt,2199411,92713e2c745fb82b4cc5ba4ae668cd4858841cd89b721b1aa86bce0471c8163a,data/floorfrontdriver/cases_301_400.zip,cases/case355.pt
floorfrontdriver,case356,data/floorfrontdriver/cases/case356.pt,2199411,34af236b29b3ac5a309113c66e2a3b886a942665666002ae1cb75c7c05dc8a46,data/floorfrontdriver/cases_301_400.zip,cases/case356.pt
floorfrontdriver,case357,data/floorfrontdriver/cases/case357.pt,2199411,144769686341af558fef866adbc1058a654da8c44158d94966b4096393e5c7d3,data/floorfrontdriver/cases_301_400.zip,cases/case357.pt
floorfrontdriver,case358,data/floorfrontdriver/cases/case358.pt,2199411,2ac07e6b0c11a57b9a7f637aa91da36c3f98c91161e5db2642fda591e029e27d,data/floorfrontdriver/cases_301_400.zip,cases/case358.pt
floorfrontdriver,case359,data/floorfrontdriver/cases/case359.pt,2199411,263fcd7770db210889ae49ed5b83326e30d747321dafff7f26704d0c8bdfbba9,data/floorfrontdriver/cases_301_400.zip,cases/case359.pt
floorfrontdriver,case360,data/floorfrontdriver/cases/case360.pt,2199411,67d56329bdd95347f2fd96bdd784995107d3ae1206b42d7c3c4e2e516b091fbf,data/floorfrontdriver/cases_301_400.zip,cases/case360.pt
floorfrontdriver,case361,data/floorfrontdriver/cases/case361.pt,2199411,14637058ddf237271c972af2f70a359945d6c066ac90ab611c5a1343a7512795,data/floorfrontdriver/cases_301_400.zip,cases/case361.pt
floorfrontdriver,case362,data/floorfrontdriver/cases/case362.pt,2199411,73e0f0f59b2d28c7967d0a527377bd5b85a308b9ba489f29b8473fe496828ea3,data/floorfrontdriver/cases_301_400.zip,cases/case362.pt
floorfrontdriver,case363,data/floorfrontdriver/cases/case363.pt,2199411,8583c9f76fc6b01407eb05b5dce7a434933bb474c60f4a1f9d3fd21ca51c0ca4,data/floorfrontdriver/cases_301_400.zip,cases/case363.pt
floorfrontdriver,case364,data/floorfrontdriver/cases/case364.pt,2199411,09e53d19eede518980b3768d7a445e6bce1997cfb60b565c9d3ca38dcabd5f94,data/floorfrontdriver/cases_301_400.zip,cases/case364.pt
floorfrontdriver,case365,data/floorfrontdriver/cases/case365.pt,2199411,d80b82b259f0aadf218eb0b6adab8d349a72d73c5a02e68825dc5f5209fbe876,data/floorfrontdriver/cases_301_400.zip,cases/case365.pt
floorfrontdriver,case366,data/floorfrontdriver/cases/case366.pt,2199411,e8563381db630550bb2239c7e0b69c38eb672557398d7ba27f62f082a0734203,data/floorfrontdriver/cases_301_400.zip,cases/case366.pt
floorfrontdriver,case367,data/floorfrontdriver/cases/case367.pt,2199411,ec35682fd5d52cd7884d131e2c491a8722de0188c7598055b8789fda5436f91c,data/floorfrontdriver/cases_301_400.zip,cases/case367.pt
floorfrontdriver,case368,data/floorfrontdriver/cases/case368.pt,2199411,b9c559291a0d9be23542411cec2e64187dfda814ed36cdce592948e0b0f76639,data/floorfrontdriver/cases_301_400.zip,cases/case368.pt
floorfrontdriver,case369,data/floorfrontdriver/cases/case369.pt,2199411,bdf2b131d1aaceef6150d538b0a7077499e0c5ad9f613df99f55aa279377b9fe,data/floorfrontdriver/cases_301_400.zip,cases/case369.pt
floorfrontdriver,case370,data/floorfrontdriver/cases/case370.pt,2199411,b69a3f6b3237a52de3496fa811650c16c7c9938070cff579213e9712274f8188,data/floorfrontdriver/cases_301_400.zip,cases/case370.pt
floorfrontdriver,case371,data/floorfrontdriver/cases/case371.pt,2199411,8fc939b134bda18e11a29d5479349a8e4f46b04b27c7cfc29178e9dbf3667893,data/floorfrontdriver/cases_301_400.zip,cases/case371.pt
floorfrontdriver,case372,data/floorfrontdriver/cases/case372.pt,2199411,637ee074c9f0f944a60a81e1578079924ea7ac7f21908adfcfe80725130c4d1d,data/floorfrontdriver/cases_301_400.zip,cases/case372.pt
floorfrontdriver,case373,data/floorfrontdriver/cases/case373.pt,2199411,dfa9a92dd4644814a4639cd45e80845e35027282a77039b9e4acb42a29abd2d2,data/floorfrontdriver/cases_301_400.zip,cases/case373.pt
floorfrontdriver,case374,data/floorfrontdriver/cases/case374.pt,2199411,2adaca0df994cc0fb82b35b5c7e0e2deefc1e20cee507757c70361a210d92bfa,data/floorfrontdriver/cases_301_400.zip,cases/case374.pt
floorfrontdriver,case375,data/floorfrontdriver/cases/case375.pt,2199411,0f175f227affc6a5dcbbafaa74ec0234f327e7b392cdd775c8096bf8e03fdb82,data/floorfrontdriver/cases_301_400.zip,cases/case375.pt
floorfrontdriver,case376,data/floorfrontdriver/cases/case376.pt,2199411,542d122d8c62d9e5a700f85f14c8cb5230b6fba918c991d649f24606a4f91690,data/floorfrontdriver/cases_301_400.zip,cases/case376.pt
floorfrontdriver,case377,data/floorfrontdriver/cases/case377.pt,2199411,86c6a3bbae91b94da076d1063a71c11bc9d94fe117a29dd9ec2d448e51c7c9b5,data/floorfrontdriver/cases_301_400.zip,cases/case377.pt
floorfrontdriver,case378,data/floorfrontdriver/cases/case378.pt,2199411,0fa93a96a35f763fb14ca207fefaabfc6b8c0b1170fc66ece8e99dc80f1da445,data/floorfrontdriver/cases_301_400.zip,cases/case378.pt
floorfrontdriver,case379,data/floorfrontdriver/cases/case379.pt,2199411,e1fe64e746cdadb3d8daa4091d07b22cb401940c763c01053fdc168f48715a56,data/floorfrontdriver/cases_301_400.zip,cases/case379.pt
floorfrontdriver,case380,data/floorfrontdriver/cases/case380.pt,2199411,e52862dba32b32344445d69221e32194bf92fbc23b61c605703b8ec9bf5c349a,data/floorfrontdriver/cases_301_400.zip,cases/case380.pt
floorfrontdriver,case381,data/floorfrontdriver/cases/case381.pt,2199411,9f241c6787a9be1baf54c5ac776e331ae1c2a1e6281752b379b8effb0f660526,data/floorfrontdriver/cases_301_400.zip,cases/case381.pt
floorfrontdriver,case382,data/floorfrontdriver/cases/case382.pt,2199411,3a526cd0db55b3348da07be47fa42a52ce4b1bfa0d9be626252abd99b7c3a373,data/floorfrontdriver/cases_301_400.zip,cases/case382.pt
floorfrontdriver,case383,data/floorfrontdriver/cases/case383.pt,2199411,3892b995237633ac4a0aea5ac75188f05fe39fa7ef7a4c2be688a687fb4fd47b,data/floorfrontdriver/cases_301_400.zip,cases/case383.pt
floorfrontdriver,case384,data/floorfrontdriver/cases/case384.pt,2199411,18c686b21c170fc2480a6877c09b098a05b8ed5e11c36cff23b646436a20142d,data/floorfrontdriver/cases_301_400.zip,cases/case384.pt
floorfrontdriver,case385,data/floorfrontdriver/cases/case385.pt,2199411,6ad0073e580327fb88bd59bdecad877a0d53aa32e7fd39c1286490c7c12892d4,data/floorfrontdriver/cases_301_400.zip,cases/case385.pt
floorfrontdriver,case386,data/floorfrontdriver/cases/case386.pt,2199411,e7f5aa2b1ea0aa270939633c411fe0bc51861a08295ef19eca9e4c047f55a25e,data/floorfrontdriver/cases_301_400.zip,cases/case386.pt
floorfrontdriver,case387,data/floorfrontdriver/cases/case387.pt,2199411,9d4700cb418717b6cf36610a9d81964ba10933d0ad2a59ea8141f9b07d79b50c,data/floorfrontdriver/cases_301_400.zip,cases/case387.pt
floorfrontdriver,case388,data/floorfrontdriver/cases/case388.pt,2199411,7952d341d0ca4a183cd57b04a5ce41d88d0306a15e80945c4a89a746a2c47416,data/floorfrontdriver/cases_301_400.zip,cases/case388.pt
floorfrontdriver,case389,data/floorfrontdriver/cases/case389.pt,2199411,41a7f1db53aee6a91d9015c86e2e32a5c2af94e1a268c1bbb57ca00b39e35327,data/floorfrontdriver/cases_301_400.zip,cases/case389.pt
floorfrontdriver,case390,data/floorfrontdriver/cases/case390.pt,2199411,62a09649d0003823b2dfc42d3b82bec4373b615897039d44ac39cb995232d643,data/floorfrontdriver/cases_301_400.zip,cases/case390.pt
floorfrontdriver,case391,data/floorfrontdriver/cases/case391.pt,2199411,a975f38a3888b510070b098a329178c44f420de319ede31171521bfcb87a1106,data/floorfrontdriver/cases_301_400.zip,cases/case391.pt
floorfrontdriver,case392,data/floorfrontdriver/cases/case392.pt,2199411,5883ccd4a3e28e3722e1c99db7dc9ac50025a680f72ac22a4cfc75575b9a4548,data/floorfrontdriver/cases_301_400.zip,cases/case392.pt
floorfrontdriver,case393,data/floorfrontdriver/cases/case393.pt,2199411,45fd36de1b81d331403b4c9972b498c54bf80b4cc0a8a76827ad35ed724a959a,data/floorfrontdriver/cases_301_400.zip,cases/case393.pt
floorfrontdriver,case394,data/floorfrontdriver/cases/case394.pt,2199411,6db578ee05ac8b6bc491d5611990fe7216f94fa83d5a0e1fc0fc4cfd435a33b7,data/floorfrontdriver/cases_301_400.zip,cases/case394.pt
floorfrontdriver,case395,data/floorfrontdriver/cases/case395.pt,2199411,e9261ac0af8d33d792babecbfd7a518fb8f7aada5788258faa8d97a4627ae7c7,data/floorfrontdriver/cases_301_400.zip,cases/case395.pt
floorfrontdriver,case396,data/floorfrontdriver/cases/case396.pt,2199411,595ea3d973f5abb62aa70381bcdbc7be963c0516ae8b5cb664dd4b5d3c021eff,data/floorfrontdriver/cases_301_400.zip,cases/case396.pt
floorfrontdriver,case397,data/floorfrontdriver/cases/case397.pt,2199411,e4480b5f7d86d2f4fd77f36aab78930933ecd974d910cbc60b13866b042c11ef,data/floorfrontdriver/cases_301_400.zip,cases/case397.pt
floorfrontdriver,case398,data/floorfrontdriver/cases/case398.pt,2199411,97adf70287d91c312eca1b49fc06e78a4bacac0db35a0b0317844ef0c96cc04a,data/floorfrontdriver/cases_301_400.zip,cases/case398.pt
floorfrontdriver,case399,data/floorfrontdriver/cases/case399.pt,2199411,6418c188be9b9f7ee8108ef6d6799cd7e505f20f6d967962bee77f13f13551e5,data/floorfrontdriver/cases_301_400.zip,cases/case399.pt
floorfrontdriver,case400,data/floorfrontdriver/cases/case400.pt,2199411,6aa19759de0d0f7aa4e1cafc7f87cbb415d0ee279af3bbd59ea07e1a033f2654,data/floorfrontdriver/cases_301_400.zip,cases/case400.pt
floorfrontdriver,case401,data/floorfrontdriver/cases/case401.pt,2199411,aa89010b74ce5cd15d6eba2f025f3a69bb3f21169152c9b94facd1aad6ea8475,data/floorfrontdriver/cases_401_500.zip,cases/case401.pt
floorfrontdriver,case402,data/floorfrontdriver/cases/case402.pt,2199411,513258bb8943e8e3d2341b6f4e1358f457985a50c9d7c06d2a14e3b7879b973b,data/floorfrontdriver/cases_401_500.zip,cases/case402.pt
floorfrontdriver,case403,data/floorfrontdriver/cases/case403.pt,2199411,b0fac0c97ef4190fc3864ab28341c620affd0e2f5a84cf734de1f1a9f0599984,data/floorfrontdriver/cases_401_500.zip,cases/case403.pt
floorfrontdriver,case404,data/floorfrontdriver/cases/case404.pt,2199411,7094c9aa67df273cc1dcb1aeec4922eb4fa4ff284034e469bf1d8bfd6b9f21f6,data/floorfrontdriver/cases_401_500.zip,cases/case404.pt
floorfrontdriver,case405,data/floorfrontdriver/cases/case405.pt,2199411,8011af7ec051f52d916a1c301319f38bcffe6f5020579dccfc4b3763feafbc7c,data/floorfrontdriver/cases_401_500.zip,cases/case405.pt
floorfrontdriver,case406,data/floorfrontdriver/cases/case406.pt,2199411,1a3ec03f02ae4d8409590caa7f062e347ed8813b64fb40158d75c0b48ae21c54,data/floorfrontdriver/cases_401_500.zip,cases/case406.pt
floorfrontdriver,case407,data/floorfrontdriver/cases/case407.pt,2199411,c72bce7e73efb1d3a3870c763dd50062186145a47d6591dd3047f04bb1be7428,data/floorfrontdriver/cases_401_500.zip,cases/case407.pt
floorfrontdriver,case408,data/floorfrontdriver/cases/case408.pt,2199411,3c6c15cb9832ccdad6568aa10aec02d7e92a4afd623181d49707ae7cfec0f298,data/floorfrontdriver/cases_401_500.zip,cases/case408.pt
floorfrontdriver,case409,data/floorfrontdriver/cases/case409.pt,2199411,74f297684edac1c01c143dce04ffe4e04f087f1e60115d14be0e7ac8b28fe13c,data/floorfrontdriver/cases_401_500.zip,cases/case409.pt
floorfrontdriver,case410,data/floorfrontdriver/cases/case410.pt,2199411,932289703b10c0838098437b3613a4b40e6d9b264d6b5aa6a75b96b022d9f608,data/floorfrontdriver/cases_401_500.zip,cases/case410.pt
floorfrontdriver,case411,data/floorfrontdriver/cases/case411.pt,2199411,60e7c6a5736516d3bc495f67ac05659f3d1e8b1af0b0cec8d9dfaef106eca53b,data/floorfrontdriver/cases_401_500.zip,cases/case411.pt
floorfrontdriver,case412,data/floorfrontdriver/cases/case412.pt,2199411,12730a60723f9ec6d2ef03485682717cd98c7439362f9a4b9d63ac9da8f42fa5,data/floorfrontdriver/cases_401_500.zip,cases/case412.pt
floorfrontdriver,case413,data/floorfrontdriver/cases/case413.pt,2199411,f43cb53a6ea8f077cdb079a2272653afa3d731b759f74383aff4cdb340062a38,data/floorfrontdriver/cases_401_500.zip,cases/case413.pt
floorfrontdriver,case414,data/floorfrontdriver/cases/case414.pt,2199411,b8011afed69f362ab16c216ab9ae197f898a9c456a08d1936190c8b21bca9c7d,data/floorfrontdriver/cases_401_500.zip,cases/case414.pt
floorfrontdriver,case415,data/floorfrontdriver/cases/case415.pt,2199411,ff14d57f02a4f8732f42dc1a7c5d821ae0d15658fd47966b8bfcbaebe323af45,data/floorfrontdriver/cases_401_500.zip,cases/case415.pt
floorfrontdriver,case416,data/floorfrontdriver/cases/case416.pt,2199411,1e52f14e0b15a530a9edecb9bf33632c3e2968b2302826f78374fac7fcb74707,data/floorfrontdriver/cases_401_500.zip,cases/case416.pt
floorfrontdriver,case417,data/floorfrontdriver/cases/case417.pt,2199411,b3bab85e1c552b45b8098839514d58abd4195eff430faaaf50d84346c25c20f2,data/floorfrontdriver/cases_401_500.zip,cases/case417.pt
floorfrontdriver,case418,data/floorfrontdriver/cases/case418.pt,2199411,d37c89289def94ab5f3989421c8113a5a0d39f0eea8a4b4c3de243a144e1734b,data/floorfrontdriver/cases_401_500.zip,cases/case418.pt
floorfrontdriver,case419,data/floorfrontdriver/cases/case419.pt,2199411,79afdf6b751335da8fb44f179e1a726b808fc36b345f248217bc436f07ff1afa,data/floorfrontdriver/cases_401_500.zip,cases/case419.pt
floorfrontdriver,case420,data/floorfrontdriver/cases/case420.pt,2199411,b62416e6f3eeffd136fa39b69c3ccb94c8c70736296af2683c6a59d4d4019cdf,data/floorfrontdriver/cases_401_500.zip,cases/case420.pt
floorfrontdriver,case421,data/floorfrontdriver/cases/case421.pt,2199411,c032bb144de5c0e5a45ffb36d02be463a83682cdc4b9245a8287121696dadbe1,data/floorfrontdriver/cases_401_500.zip,cases/case421.pt
floorfrontdriver,case422,data/floorfrontdriver/cases/case422.pt,2199411,efd86b37e36afff00b923836a37578382666db596d34d10124cceb1a0dfe0007,data/floorfrontdriver/cases_401_500.zip,cases/case422.pt
floorfrontdriver,case423,data/floorfrontdriver/cases/case423.pt,2199411,19164e455388b003dd35bc8e401486ffe67974e14268be3b3a34265d0ab2303f,data/floorfrontdriver/cases_401_500.zip,cases/case423.pt
floorfrontdriver,case424,data/floorfrontdriver/cases/case424.pt,2199411,6813a4a532fa31e34cf877d313dc712b039ff0a8932726f3493d0151305667be,data/floorfrontdriver/cases_401_500.zip,cases/case424.pt
floorfrontdriver,case425,data/floorfrontdriver/cases/case425.pt,2199411,9843cc1e4046e1a41bf9eb044500a7ac49af6eba335de3a0acf63bec8cb2fe63,data/floorfrontdriver/cases_401_500.zip,cases/case425.pt
floorfrontdriver,case426,data/floorfrontdriver/cases/case426.pt,2199411,c46f1d57115e9cb50409da1772b419c04d17c337378707b95675459e797baa0b,data/floorfrontdriver/cases_401_500.zip,cases/case426.pt
floorfrontdriver,case427,data/floorfrontdriver/cases/case427.pt,2199411,bb75509eae41e3d3ac68a92660834ddbdfb241e6329ddd1debb22f46099bcbdb,data/floorfrontdriver/cases_401_500.zip,cases/case427.pt
floorfrontdriver,case428,data/floorfrontdriver/cases/case428.pt,2199411,76d9a171e75bad7fc2d1dfc4b6c6678c9442ffd9df8b7a958027e3c08172caf7,data/floorfrontdriver/cases_401_500.zip,cases/case428.pt
floorfrontdriver,case429,data/floorfrontdriver/cases/case429.pt,2199411,a2d9d873d92a720129f176396a4b9939e7e5455a238ff1e25c521e1cf21f982f,data/floorfrontdriver/cases_401_500.zip,cases/case429.pt
floorfrontdriver,case430,data/floorfrontdriver/cases/case430.pt,2199411,a5c5de49ada98295c6ba1b21eefaf7e11aa682cf39804e9b9665e8cbbcf3f510,data/floorfrontdriver/cases_401_500.zip,cases/case430.pt
floorfrontdriver,case431,data/floorfrontdriver/cases/case431.pt,2199411,006d30c8d90e777778827a21430d86a3e1937f8567ddb6bd942539139505901a,data/floorfrontdriver/cases_401_500.zip,cases/case431.pt
floorfrontdriver,case432,data/floorfrontdriver/cases/case432.pt,2199411,75eac191b84b1fc5fa02bd0c613ffa96c2fc59f372f8f665c3230f0fbd04505d,data/floorfrontdriver/cases_401_500.zip,cases/case432.pt
floorfrontdriver,case433,data/floorfrontdriver/cases/case433.pt,2199411,daf1350666cc76b5b7e8737ddc5ddefa135c188616e88366b990cc0d766dffe2,data/floorfrontdriver/cases_401_500.zip,cases/case433.pt
floorfrontdriver,case434,data/floorfrontdriver/cases/case434.pt,2199411,e88c8a9111af41d35ada9da5cda75c697bfd077a1ec01c228f974d1d3baedca0,data/floorfrontdriver/cases_401_500.zip,cases/case434.pt
floorfrontdriver,case435,data/floorfrontdriver/cases/case435.pt,2199411,cb081f791d0d981aa3ce7d7a523619a42dcbab745191661b27bfa8c61bf29db9,data/floorfrontdriver/cases_401_500.zip,cases/case435.pt
floorfrontdriver,case436,data/floorfrontdriver/cases/case436.pt,2199411,ccb48fd47975e1a48d58d8bc68b86a7825659ef4f10ce2b06f873786c67edd65,data/floorfrontdriver/cases_401_500.zip,cases/case436.pt
floorfrontdriver,case437,data/floorfrontdriver/cases/case437.pt,2199411,32d1f4286f5386e51384864c026ee349efc08c646c7229b27d99b37ef6d352a5,data/floorfrontdriver/cases_401_500.zip,cases/case437.pt
floorfrontdriver,case438,data/floorfrontdriver/cases/case438.pt,2199411,dfe0663c8e564a6a5eab32df271be6bfbf2be7bf38d998ff85de2f0581bce886,data/floorfrontdriver/cases_401_500.zip,cases/case438.pt
floorfrontdriver,case439,data/floorfrontdriver/cases/case439.pt,2199411,3cefef359aec0efe1740b18ef21d62a21b5073967322a80e404aa20dd8fc060d,data/floorfrontdriver/cases_401_500.zip,cases/case439.pt
floorfrontdriver,case440,data/floorfrontdriver/cases/case440.pt,2199411,b34323c663e6c552b51a2b11c61730ac5f4be7b268879f697057c0a0f484a35e,data/floorfrontdriver/cases_401_500.zip,cases/case440.pt
floorfrontdriver,case441,data/floorfrontdriver/cases/case441.pt,2199411,7ad3b1cb2495ce44b3cf42e2071053fbc885d8fb363ac8efae43f20eb1c7e294,data/floorfrontdriver/cases_401_500.zip,cases/case441.pt
floorfrontdriver,case442,data/floorfrontdriver/cases/case442.pt,2199411,8759d463d3a4fa229820f1c29de601f1ce32f5c787fd79ac8a768f3a13c8ec4c,data/floorfrontdriver/cases_401_500.zip,cases/case442.pt
floorfrontdriver,case443,data/floorfrontdriver/cases/case443.pt,2199411,b56d36125d6da51bec7bcb4daaf43af688dbb87f2353c0404985f59ce3d958b3,data/floorfrontdriver/cases_401_500.zip,cases/case443.pt
floorfrontdriver,case444,data/floorfrontdriver/cases/case444.pt,2199411,66d02f31e79d985d7d4e2a4caf9c56c2248562b6f115fec257b4672cb6fe1291,data/floorfrontdriver/cases_401_500.zip,cases/case444.pt
floorfrontdriver,case445,data/floorfrontdriver/cases/case445.pt,2199411,2a6df9a523e72071cd16218968bdc03ba81a0c7ab5f7de877607247728d7aaeb,data/floorfrontdriver/cases_401_500.zip,cases/case445.pt
floorfrontdriver,case446,data/floorfrontdriver/cases/case446.pt,2199411,476f14f08e613214adea7bc6465dde21c04278ea0900f47be6ad348d3b6d2160,data/floorfrontdriver/cases_401_500.zip,cases/case446.pt
floorfrontdriver,case447,data/floorfrontdriver/cases/case447.pt,2199411,1d8922913fe7fb25f659d02aa316d332906d847c7740ff60f2635ab5886d3115,data/floorfrontdriver/cases_401_500.zip,cases/case447.pt
floorfrontdriver,case448,data/floorfrontdriver/cases/case448.pt,2199411,733f3d4d2259c8ebea6eff218edcca3468cbc2a153a68428ae145be2e6915906,data/floorfrontdriver/cases_401_500.zip,cases/case448.pt
floorfrontdriver,case449,data/floorfrontdriver/cases/case449.pt,2199411,389f18d295e0a66f1a1b4d0cd4a5804f58248883ba615ecce3db0f378a413aca,data/floorfrontdriver/cases_401_500.zip,cases/case449.pt
floorfrontdriver,case450,data/floorfrontdriver/cases/case450.pt,2199411,85814a1d263a68119b21ca09f667cc2d78863ffcb6d263333663454a71476f51,data/floorfrontdriver/cases_401_500.zip,cases/case450.pt
floorfrontdriver,case451,data/floorfrontdriver/cases/case451.pt,2199411,19207079421890f5fbe88c3a581d50aeb339ddfb53a42feed33e446fca27946e,data/floorfrontdriver/cases_401_500.zip,cases/case451.pt
floorfrontdriver,case452,data/floorfrontdriver/cases/case452.pt,2199411,bc1a5d32fdc27c46671a9692f71b9ad03a02d19dffa5d496e3c30858c82ff86c,data/floorfrontdriver/cases_401_500.zip,cases/case452.pt
floorfrontdriver,case453,data/floorfrontdriver/cases/case453.pt,2199411,e808390d552395f0fa00f1c75c7fa8e2d2c9d4fbc4fb5d65280d92815f2979f5,data/floorfrontdriver/cases_401_500.zip,cases/case453.pt
floorfrontdriver,case454,data/floorfrontdriver/cases/case454.pt,2199411,69f0041b40fec4879dceeb0b07bed6e30bf0ee51c1f5e7545e50888f553c332a,data/floorfrontdriver/cases_401_500.zip,cases/case454.pt
floorfrontdriver,case455,data/floorfrontdriver/cases/case455.pt,2199411,22bd6398530909eee5c72ab8d8116f16d5900e29db7da32e5934d7c1190a6394,data/floorfrontdriver/cases_401_500.zip,cases/case455.pt
floorfrontdriver,case456,data/floorfrontdriver/cases/case456.pt,2199411,cb440683d60cad6d1111c668b517a215cf8dd673e79f5841307388ff539069ca,data/floorfrontdriver/cases_401_500.zip,cases/case456.pt
floorfrontdriver,case457,data/floorfrontdriver/cases/case457.pt,2199411,932769c5c8edf2611d5865dbfeb81b1120d86896f7e3aa1004eda4582b1e4081,data/floorfrontdriver/cases_401_500.zip,cases/case457.pt
floorfrontdriver,case458,data/floorfrontdriver/cases/case458.pt,2199411,4ec86a796618bb7b84cec75e63079f6839d99da7b9d932c121447ea9ed8718ee,data/floorfrontdriver/cases_401_500.zip,cases/case458.pt
floorfrontdriver,case459,data/floorfrontdriver/cases/case459.pt,2199411,13a8ccceee61e4c274c4e48a668eaed199acae92a69a05abf5b21c782e6e4123,data/floorfrontdriver/cases_401_500.zip,cases/case459.pt
floorfrontdriver,case460,data/floorfrontdriver/cases/case460.pt,2199411,94862334d043ca4b7f84ad78d724b134fdcc4c9c74a0d5878990e704e7060846,data/floorfrontdriver/cases_401_500.zip,cases/case460.pt
floorfrontdriver,case461,data/floorfrontdriver/cases/case461.pt,2199411,20ad6013ca32834f925a94564e2751dd9d9a39bd260b6a9efb1445b6f0764386,data/floorfrontdriver/cases_401_500.zip,cases/case461.pt
floorfrontdriver,case462,data/floorfrontdriver/cases/case462.pt,2199411,6adc955b574d10700cc771cae5839d66109160c20543e06ae2ab3492f5966acb,data/floorfrontdriver/cases_401_500.zip,cases/case462.pt
floorfrontdriver,case463,data/floorfrontdriver/cases/case463.pt,2199411,be8dbdf86e0965cf0e602586368f3b5ffac7e27476406e0674e1e8b33602dc6c,data/floorfrontdriver/cases_401_500.zip,cases/case463.pt
floorfrontdriver,case464,data/floorfrontdriver/cases/case464.pt,2199411,ac3cc78b046c7ce66cf759c1e7d686021f661b8c27fa1be24e8af1c355b5f225,data/floorfrontdriver/cases_401_500.zip,cases/case464.pt
floorfrontdriver,case465,data/floorfrontdriver/cases/case465.pt,2199411,31aa8b836049fd2314665e7bddf011040aa94993cc0735b1029a5e99fe60ed55,data/floorfrontdriver/cases_401_500.zip,cases/case465.pt
floorfrontdriver,case466,data/floorfrontdriver/cases/case466.pt,2199411,04f03f4eebffed217702ef73922e8f2d59ffc2beaa78b7baa545bff509184691,data/floorfrontdriver/cases_401_500.zip,cases/case466.pt
floorfrontdriver,case467,data/floorfrontdriver/cases/case467.pt,2199411,aa38fe6299413792d0e9e93d46480a0c7401be65dc9a8505e5e7fcfdc8bc37f8,data/floorfrontdriver/cases_401_500.zip,cases/case467.pt
floorfrontdriver,case468,data/floorfrontdriver/cases/case468.pt,2199411,46d81cac169eeddc3e03a4f5d5c224bdc2b7083cea2b50db1229f1ba1c0debc2,data/floorfrontdriver/cases_401_500.zip,cases/case468.pt
floorfrontdriver,case469,data/floorfrontdriver/cases/case469.pt,2199411,83a7b6060e80537698b8a84d3bb5ddd55f825bb9bdf84fa0ccc9c4db66bd0c20,data/floorfrontdriver/cases_401_500.zip,cases/case469.pt
floorfrontdriver,case470,data/floorfrontdriver/cases/case470.pt,2199411,04e63ab67f9a5f4c1e0ed9babf028ea2d3356108619799f820aa90aa89da95a7,data/floorfrontdriver/cases_401_500.zip,cases/case470.pt
floorfrontdriver,case471,data/floorfrontdriver/cases/case471.pt,2199411,d006dac1e2598a3f84bb6be87168cd1f57faf5501665db5675479d99afb07881,data/floorfrontdriver/cases_401_500.zip,cases/case471.pt
floorfrontdriver,case472,data/floorfrontdriver/cases/case472.pt,2199411,ff24620590c71cc5e747f7386c1d916442609d13209a8bb3d213d68f1782ac0d,data/floorfrontdriver/cases_401_500.zip,cases/case472.pt
floorfrontdriver,case473,data/floorfrontdriver/cases/case473.pt,2199411,bd12ce9371c609ade04c9bb9cff0b0fcc99eb20e3c1867d6d777c537353a7b95,data/floorfrontdriver/cases_401_500.zip,cases/case473.pt
floorfrontdriver,case474,data/floorfrontdriver/cases/case474.pt,2199411,bdf57095b5a382ba3d50175a18e994751ace1102606df36e77f094488734386d,data/floorfrontdriver/cases_401_500.zip,cases/case474.pt
floorfrontdriver,case475,data/floorfrontdriver/cases/case475.pt,2199411,35485dca7f530e7ea4e563abb9d8ee4c6b0940cbc0d93e49be5d9d1e80e72dd5,data/floorfrontdriver/cases_401_500.zip,cases/case475.pt
floorfrontdriver,case476,data/floorfrontdriver/cases/case476.pt,2199411,54aa284b185cc5bd6c4343bf829c52fa15828082498b92282c5bed506a592b37,data/floorfrontdriver/cases_401_500.zip,cases/case476.pt
floorfrontdriver,case477,data/floorfrontdriver/cases/case477.pt,2199411,04385cf4b381044a3ea67f825995c7d9cfb00db1b9fbf3fc2ac5840077d7ebfe,data/floorfrontdriver/cases_401_500.zip,cases/case477.pt
floorfrontdriver,case478,data/floorfrontdriver/cases/case478.pt,2199411,943d59d4e63de47d10502f3ffb6767f421b470309a9074b7d0306c4d391dcc03,data/floorfrontdriver/cases_401_500.zip,cases/case478.pt
floorfrontdriver,case479,data/floorfrontdriver/cases/case479.pt,2199411,36084af531cef1325ab73946939cb787fced1c17bd621e99b266078e796089fd,data/floorfrontdriver/cases_401_500.zip,cases/case479.pt
floorfrontdriver,case480,data/floorfrontdriver/cases/case480.pt,2199411,24e82de6d5abc7cb264c51305bfa7b6337c846c2ff8f91c5c40e80b72c9914b4,data/floorfrontdriver/cases_401_500.zip,cases/case480.pt
floorfrontdriver,case481,data/floorfrontdriver/cases/case481.pt,2199411,ec627ee1546dbd4e3636a5b4e389cae66c3e0ab316effaf5154a4df1ff2609a5,data/floorfrontdriver/cases_401_500.zip,cases/case481.pt
floorfrontdriver,case482,data/floorfrontdriver/cases/case482.pt,2199411,fc947e95a827691d150b9d64c84a048c4ba146b067231ecd3c0aad9d06c5c57e,data/floorfrontdriver/cases_401_500.zip,cases/case482.pt
floorfrontdriver,case483,data/floorfrontdriver/cases/case483.pt,2199411,9eb43e2c0d8608f629fa2a74b127c63c701d1e153f8344e6604ba0d924a2630c,data/floorfrontdriver/cases_401_500.zip,cases/case483.pt
floorfrontdriver,case484,data/floorfrontdriver/cases/case484.pt,2199411,370c44d607bacfc82c23f03eaad7483787c8b20ac217a0b366536da7eec25807,data/floorfrontdriver/cases_401_500.zip,cases/case484.pt
floorfrontdriver,case485,data/floorfrontdriver/cases/case485.pt,2199411,e9c7db8af7889bc72c9199695501d6c3e6d872b204f2d30fb13fbc27e1adb760,data/floorfrontdriver/cases_401_500.zip,cases/case485.pt
floorfrontdriver,case486,data/floorfrontdriver/cases/case486.pt,2199411,e40b686d14a5f3423002a521563b9516eb3830e179e1d576e7eeb7d8fb939fb3,data/floorfrontdriver/cases_401_500.zip,cases/case486.pt
floorfrontdriver,case487,data/floorfrontdriver/cases/case487.pt,2199411,1ef7932856e3ad6d42aaee0cf88008baea19f58cc1b4ba1f8c95fcc14a0ad938,data/floorfrontdriver/cases_401_500.zip,cases/case487.pt
floorfrontdriver,case488,data/floorfrontdriver/cases/case488.pt,2199411,7b51d0611c175b87ba2a5e7fbff5c0d4c153b91b6e76b6f2240d9ae55e0304da,data/floorfrontdriver/cases_401_500.zip,cases/case488.pt
floorfrontdriver,case489,data/floorfrontdriver/cases/case489.pt,2199411,84d9ec55746f591cd70f5e075d8c7898eadadbee20c9536a1d21b9fdd643e137,data/floorfrontdriver/cases_401_500.zip,cases/case489.pt
floorfrontdriver,case490,data/floorfrontdriver/cases/case490.pt,2199411,6456b2c55a7481ac580c14ae6aff812eeaab1573a4f30fee8c1e35596bfb52d8,data/floorfrontdriver/cases_401_500.zip,cases/case490.pt
floorfrontdriver,case491,data/floorfrontdriver/cases/case491.pt,2199411,f8ddc330949180ec6e411811701e67cec14a8f38fd6ed1d8b6ba79482a33ec7d,data/floorfrontdriver/cases_401_500.zip,cases/case491.pt
floorfrontdriver,case492,data/floorfrontdriver/cases/case492.pt,2199411,9e91a7d623959e372a6a0cc285eabeb67912771e1f3b9b2ebecc358fea8e3c57,data/floorfrontdriver/cases_401_500.zip,cases/case492.pt
floorfrontdriver,case493,data/floorfrontdriver/cases/case493.pt,2199411,96c62dffbcdd901ec84f2bdba186ec9bf77de5024558d2f9ecdba497ba971c79,data/floorfrontdriver/cases_401_500.zip,cases/case493.pt
floorfrontdriver,case494,data/floorfrontdriver/cases/case494.pt,2199411,f64608aa540482e34167d052dc54e3082d2422b03f50d5b4758903e215b1e006,data/floorfrontdriver/cases_401_500.zip,cases/case494.pt
floorfrontdriver,case495,data/floorfrontdriver/cases/case495.pt,2199411,17d3f51fe96cf0f0de2d63e758159f3c2a473c097275141389b1d616ab5ba4d4,data/floorfrontdriver/cases_401_500.zip,cases/case495.pt
floorfrontdriver,case496,data/floorfrontdriver/cases/case496.pt,2199411,03da32b6bd770dd63f3da3fbe870e00abdf4fce85154b4880ab43966c9d99fe8,data/floorfrontdriver/cases_401_500.zip,cases/case496.pt
floorfrontdriver,case497,data/floorfrontdriver/cases/case497.pt,2199411,b72b76f55cc8f8826e609fde0a180d57c384cb7d51e76bbaa658996ea3630a6d,data/floorfrontdriver/cases_401_500.zip,cases/case497.pt
floorfrontdriver,case498,data/floorfrontdriver/cases/case498.pt,2199411,a3267502c1b8c5567c118495e398a693763bf9b5447ba0dc12629aaee1489f93,data/floorfrontdriver/cases_401_500.zip,cases/case498.pt
floorfrontdriver,case499,data/floorfrontdriver/cases/case499.pt,2199411,ff1094b647f42ac5e05a5cf46aa467cd627ebb3c5e0de1df8c68b4e71589ba2d,data/floorfrontdriver/cases_401_500.zip,cases/case499.pt
floorfrontdriver,case500,data/floorfrontdriver/cases/case500.pt,2199411,0803dd530acf0d46f6446aa164c1beacda544cae3f073baaccddff70c75626ad,data/floorfrontdriver/cases_401_500.zip,cases/case500.pt
floorfrontR,case001,data/floorfrontR/cases/case001.pt,3567795,cb4c2f91c973088d209070c0074848eb90c89e4c077fd7ed7e60a5efde9c238d,data/floorfrontR/cases_001_100.zip,cases/case001.pt
floorfrontR,case002,data/floorfrontR/cases/case002.pt,3567795,1453ed5b4ba4f3a76284ce6c540f08073fb269e73bc9962d80a83db5622e5329,data/floorfrontR/cases_001_100.zip,cases/case002.pt
floorfrontR,case003,data/floorfrontR/cases/case003.pt,3567795,5b45194e993a795113d53e9bfe238179dd2179956b06a76d80acd25c7869e120,data/floorfrontR/cases_001_100.zip,cases/case003.pt
floorfrontR,case004,data/floorfrontR/cases/case004.pt,3567795,26a56e745d06c774b7f4c0f4d5ce2bc57901115e53838e167a5db56e5a0c224b,data/floorfrontR/cases_001_100.zip,cases/case004.pt
floorfrontR,case005,data/floorfrontR/cases/case005.pt,3567795,24296d55833ada7b90a6ede039109c3b9b82f6663e7230cb96d392f289368044,data/floorfrontR/cases_001_100.zip,cases/case005.pt
floorfrontR,case006,data/floorfrontR/cases/case006.pt,3567795,8faef4173bba6c04703c67e6925f08ba0745d86930048c345ad6b043c5042326,data/floorfrontR/cases_001_100.zip,cases/case006.pt
floorfrontR,case007,data/floorfrontR/cases/case007.pt,3567795,77736b144d3b923a2fbaac9b3a099e2a4558f8a7d08924ede0a47afd8fe2b9c5,data/floorfrontR/cases_001_100.zip,cases/case007.pt
floorfrontR,case008,data/floorfrontR/cases/case008.pt,3567795,0ca6b9ed22c96936d06ae4f4467f1bc3c949a08005100a37063c9ae8f7d9a7cc,data/floorfrontR/cases_001_100.zip,cases/case008.pt
floorfrontR,case009,data/floorfrontR/cases/case009.pt,3567795,32b83daac529081a614dc7c34a8879cac435219c27f076c9df5042f567722469,data/floorfrontR/cases_001_100.zip,cases/case009.pt
floorfrontR,case010,data/floorfrontR/cases/case010.pt,3567795,6576f946dc0c79e027ebe6807c40ca2cdcf24b3323f8d8e03538921529b92b71,data/floorfrontR/cases_001_100.zip,cases/case010.pt
floorfrontR,case011,data/floorfrontR/cases/case011.pt,3567795,77d289c4af688af9265d3267370ffc4048c2ac569eb2be5dfaa437949d284148,data/floorfrontR/cases_001_100.zip,cases/case011.pt
floorfrontR,case012,data/floorfrontR/cases/case012.pt,3567795,37ad8dc160500d896aecfab8ec748ad8262c4951f61319c69e81192532f2d388,data/floorfrontR/cases_001_100.zip,cases/case012.pt
floorfrontR,case013,data/floorfrontR/cases/case013.pt,3567795,0e28c969b982e3094470e5e13b5cadbbc6508cae384a4678ec9253c7889408a1,data/floorfrontR/cases_001_100.zip,cases/case013.pt
floorfrontR,case014,data/floorfrontR/cases/case014.pt,3567795,58df316542ce9abcbda0fb1aaf6ae5bf36d75e4b3f72f0f6e5140a67273f5730,data/floorfrontR/cases_001_100.zip,cases/case014.pt
floorfrontR,case015,data/floorfrontR/cases/case015.pt,3567795,8b8ea6bce1c5c579e9790ca74d93c78797582d585c5af825373e8592f485a3b1,data/floorfrontR/cases_001_100.zip,cases/case015.pt
floorfrontR,case016,data/floorfrontR/cases/case016.pt,3567795,34148f92f532ae0a166ac215fd5a521c290b5fdedf8ca60dd9ee7e578c88dfae,data/floorfrontR/cases_001_100.zip,cases/case016.pt
floorfrontR,case017,data/floorfrontR/cases/case017.pt,3567795,d7f150412c26951250c756e9f81d3c6dc20a7fbb693e55f56c2b4b77bb5e9850,data/floorfrontR/cases_001_100.zip,cases/case017.pt
floorfrontR,case018,data/floorfrontR/cases/case018.pt,3567795,4043b40d98fb38cc98c4dbb33ee3f1d24b3d4c32c34d9ff5d3d02541da94ea28,data/floorfrontR/cases_001_100.zip,cases/case018.pt
floorfrontR,case019,data/floorfrontR/cases/case019.pt,3567795,1459b3a40a44632939e926376397bc7681fd899b5133d4541ffb31d7b3c4fd72,data/floorfrontR/cases_001_100.zip,cases/case019.pt
floorfrontR,case020,data/floorfrontR/cases/case020.pt,3567795,081eef3dfccfcfb80d644cc556eeda8e2e61e333796250a02cd143a3e542f545,data/floorfrontR/cases_001_100.zip,cases/case020.pt
floorfrontR,case021,data/floorfrontR/cases/case021.pt,3567795,5933777485daa71f4c13044471132dc41648e01c852cba83d25a800ee5d8983e,data/floorfrontR/cases_001_100.zip,cases/case021.pt
floorfrontR,case022,data/floorfrontR/cases/case022.pt,3567795,7dbffa7d6ecd32fd8073e564cd909041d44d654dcfb631ee254b12d0a5f9f31d,data/floorfrontR/cases_001_100.zip,cases/case022.pt
floorfrontR,case023,data/floorfrontR/cases/case023.pt,3567795,6076a540ed976bd39355cf2524e78674dac46ac53b3e9a5d40d05e9c12d82971,data/floorfrontR/cases_001_100.zip,cases/case023.pt
floorfrontR,case024,data/floorfrontR/cases/case024.pt,3567795,846fa5996817d0709cace6dd9ad3c9cfe3a414df25e00b76c7b2c825f4cf1a9f,data/floorfrontR/cases_001_100.zip,cases/case024.pt
floorfrontR,case025,data/floorfrontR/cases/case025.pt,3567795,5c651db477388e6e276ed91ff6453bdcc7f1d87ce0c6adfa59c4dd18c0b7da7c,data/floorfrontR/cases_001_100.zip,cases/case025.pt
floorfrontR,case026,data/floorfrontR/cases/case026.pt,3567795,a7d5f271f41293c8310a348773911c32fc4ea95d2b4fd68e6a4bccda44fb3015,data/floorfrontR/cases_001_100.zip,cases/case026.pt
floorfrontR,case027,data/floorfrontR/cases/case027.pt,3567795,651ea30bdb5ca8607317b47d053104991cd9c40018db7440751195fa60137fa2,data/floorfrontR/cases_001_100.zip,cases/case027.pt
floorfrontR,case028,data/floorfrontR/cases/case028.pt,3567795,b89b72c10523be2bab1c0215ee6c20f3f740176c3a75a2f82bfc56031c97c23c,data/floorfrontR/cases_001_100.zip,cases/case028.pt
floorfrontR,case029,data/floorfrontR/cases/case029.pt,3567795,14db9fd98f3597c1bb8f667e52653cf90b5ffccd750537613338a0bc113746c5,data/floorfrontR/cases_001_100.zip,cases/case029.pt
floorfrontR,case030,data/floorfrontR/cases/case030.pt,3567795,fa5d010ddc73cee6209d7d705cdcfd56951c6d73bab25a6f36ed578b5a779e25,data/floorfrontR/cases_001_100.zip,cases/case030.pt
floorfrontR,case031,data/floorfrontR/cases/case031.pt,3567795,d0ba1adbd5d4d70b954567aae4238401a37e05cc71ee805938fffd7dfcad2cdd,data/floorfrontR/cases_001_100.zip,cases/case031.pt
floorfrontR,case032,data/floorfrontR/cases/case032.pt,3567795,e421dc78d92fac051d318aaf7c3e19b40b3fe001092d36df8793173793dd597c,data/floorfrontR/cases_001_100.zip,cases/case032.pt
floorfrontR,case033,data/floorfrontR/cases/case033.pt,3567795,7816f66202d444914fe8271c2cf95557232c734fef62be81ef2aa35b7ad1fd7f,data/floorfrontR/cases_001_100.zip,cases/case033.pt
floorfrontR,case034,data/floorfrontR/cases/case034.pt,3567795,bd4e1e99b332ee19406352150dab7aa20229925ffaca4ea959eb8eacb17aa7a3,data/floorfrontR/cases_001_100.zip,cases/case034.pt
floorfrontR,case035,data/floorfrontR/cases/case035.pt,3567795,7717b8e48a444c6fab82b4eeb946bd39f3707f7f28085bdbe4b5f2e17e16a8d1,data/floorfrontR/cases_001_100.zip,cases/case035.pt
floorfrontR,case036,data/floorfrontR/cases/case036.pt,3567795,cee40eb8d2273617145648a2ab01a56339899d70d9f3fb89be53b7a34eb37ab3,data/floorfrontR/cases_001_100.zip,cases/case036.pt
floorfrontR,case037,data/floorfrontR/cases/case037.pt,3567795,f20e85de97f77c3aa5964c849d6ee0689f9a590d22f1c6f61d7a59d6a75af892,data/floorfrontR/cases_001_100.zip,cases/case037.pt
floorfrontR,case038,data/floorfrontR/cases/case038.pt,3567795,d5f93cd855daeb9de37b2178fe78246bcb2c429382cb0ff288933e4cb99f826c,data/floorfrontR/cases_001_100.zip,cases/case038.pt
floorfrontR,case039,data/floorfrontR/cases/case039.pt,3567795,a937e943ee2dde945c7db609cc5a6614df8c0be2f1371dbd721ae1cf5cdc8f36,data/floorfrontR/cases_001_100.zip,cases/case039.pt
floorfrontR,case040,data/floorfrontR/cases/case040.pt,3567795,9a2907392fe176c8579d6a09fda45af66a6454a58038c60a4acc38a282df322f,data/floorfrontR/cases_001_100.zip,cases/case040.pt
floorfrontR,case041,data/floorfrontR/cases/case041.pt,3567795,c0dafa233f9539a537c0c47ae443435a2a51e7c5757c105527e0bc23d5f217c5,data/floorfrontR/cases_001_100.zip,cases/case041.pt
floorfrontR,case042,data/floorfrontR/cases/case042.pt,3567795,a517ae67b9440ae09c1126e4c22048a57ea1167ba9ce6a8b8677c9f3a31ce369,data/floorfrontR/cases_001_100.zip,cases/case042.pt
floorfrontR,case043,data/floorfrontR/cases/case043.pt,3567795,28ef777f0945d2c832a216bc4fcbfacfc32557e93724a2960ac40947ac4e9f16,data/floorfrontR/cases_001_100.zip,cases/case043.pt
floorfrontR,case044,data/floorfrontR/cases/case044.pt,3567795,b69a316c557dc6e578c74b69366e1ceb61b350b1354cb746978bb3ed8d71dcc3,data/floorfrontR/cases_001_100.zip,cases/case044.pt
floorfrontR,case045,data/floorfrontR/cases/case045.pt,3567795,be42b0537ec7955d0bcc9358adc03e4b37e82ee3d608f2ecbd2ee6b3d6ce428e,data/floorfrontR/cases_001_100.zip,cases/case045.pt
floorfrontR,case046,data/floorfrontR/cases/case046.pt,3567795,c5902a4fe0ffa3f49a3602c060ce55e74093a18faaf7ed53726ee2ed343be7e3,data/floorfrontR/cases_001_100.zip,cases/case046.pt
floorfrontR,case047,data/floorfrontR/cases/case047.pt,3567795,2925a941787ee38f7f70e3da0890bc6b7ba45288f7c0b259e104a79a6cd74b49,data/floorfrontR/cases_001_100.zip,cases/case047.pt
floorfrontR,case048,data/floorfrontR/cases/case048.pt,3567795,2e5d167fe7dbc2067d17ef463ddefed4531486c3b33eb836f0e39d2cabf1b64f,data/floorfrontR/cases_001_100.zip,cases/case048.pt
floorfrontR,case049,data/floorfrontR/cases/case049.pt,3567795,9a00ce750032809fea21c888de63569a1c06fed898917af6a467fbb10b25d0cf,data/floorfrontR/cases_001_100.zip,cases/case049.pt
floorfrontR,case050,data/floorfrontR/cases/case050.pt,3567795,8b2d2b877b608a97fdad3156b469a51e9bbd98767349b604ebb24b0226599355,data/floorfrontR/cases_001_100.zip,cases/case050.pt
floorfrontR,case051,data/floorfrontR/cases/case051.pt,3567795,21ad8d35a79b61c27d26f281e080a48639867f094ef9f7b6065e79177ac54bf1,data/floorfrontR/cases_001_100.zip,cases/case051.pt
floorfrontR,case052,data/floorfrontR/cases/case052.pt,3567795,0ac196dcf8231886897c43f37698220c6251d68539b286a3864ed3a22443690d,data/floorfrontR/cases_001_100.zip,cases/case052.pt
floorfrontR,case053,data/floorfrontR/cases/case053.pt,3567795,addd77894c5a6f0f2fbca47dd97e2c95983f1fca9de96406d6b01b4188838022,data/floorfrontR/cases_001_100.zip,cases/case053.pt
floorfrontR,case054,data/floorfrontR/cases/case054.pt,3567795,3a0fdd597fc119cc4a4c5c2bd7db2f8277dc344c8a846df90a7187d91f5f3530,data/floorfrontR/cases_001_100.zip,cases/case054.pt
floorfrontR,case055,data/floorfrontR/cases/case055.pt,3567795,29c52a5c4f5338b1521db67b96c16b2d093744dea6b48e81191eb34f1a745ccf,data/floorfrontR/cases_001_100.zip,cases/case055.pt
floorfrontR,case056,data/floorfrontR/cases/case056.pt,3567795,51f0283a3127078d27e75498963d30e04e96fcf525a29fdbb94a342ac6e6816c,data/floorfrontR/cases_001_100.zip,cases/case056.pt
floorfrontR,case057,data/floorfrontR/cases/case057.pt,3567795,4cb4719558e506ed70677c36dc9b616699aa3f44aedea23052adb2fb85e3cecf,data/floorfrontR/cases_001_100.zip,cases/case057.pt
floorfrontR,case058,data/floorfrontR/cases/case058.pt,3567795,9b463fd6fee3880520c78e1ec53c4f0a70686012301c2028d0a91cfa0f72a586,data/floorfrontR/cases_001_100.zip,cases/case058.pt
floorfrontR,case059,data/floorfrontR/cases/case059.pt,3567795,f41cf983c4d7f3ee2d51d76dfe40726c145dd96c4c5f4200ad7b101dc3b89b62,data/floorfrontR/cases_001_100.zip,cases/case059.pt
floorfrontR,case060,data/floorfrontR/cases/case060.pt,3567795,8926e0abb910d235ae99ca48c732d71b420d9986660db690685aee8d6ba65144,data/floorfrontR/cases_001_100.zip,cases/case060.pt
floorfrontR,case061,data/floorfrontR/cases/case061.pt,3567795,e0c99f08f0d489d0efdefb76313845ae1d9bafb0d15514abad687ca051e1b1eb,data/floorfrontR/cases_001_100.zip,cases/case061.pt
floorfrontR,case062,data/floorfrontR/cases/case062.pt,3567795,9d0e0de90925337b61fbbe92af153d67dde210bb1c02ff713da38b3105f9e3db,data/floorfrontR/cases_001_100.zip,cases/case062.pt
floorfrontR,case063,data/floorfrontR/cases/case063.pt,3567795,85f8a7c226a8dbb85729b9832a19fccdaa1ff3d7bcc8df67caf846ce8f24ed89,data/floorfrontR/cases_001_100.zip,cases/case063.pt
floorfrontR,case064,data/floorfrontR/cases/case064.pt,3567795,f80286cc707a6b1ac04fc8ce147d424b427a4372a9a4df1385b83d0c35e5db1d,data/floorfrontR/cases_001_100.zip,cases/case064.pt
floorfrontR,case065,data/floorfrontR/cases/case065.pt,3567795,45ff1e6f3c00e2c9088d7c99dd7ae61f487d449e43b261fe436e063b09b0f886,data/floorfrontR/cases_001_100.zip,cases/case065.pt
floorfrontR,case066,data/floorfrontR/cases/case066.pt,3567795,8da99f160dbb667365fa89c1c3d2e62e842c602b5c7b61da5255a710567d5b0c,data/floorfrontR/cases_001_100.zip,cases/case066.pt
floorfrontR,case067,data/floorfrontR/cases/case067.pt,3567795,9cd8c48d384277791786fb52362ee4a9719a31c5657995837d7f19d68b2429cd,data/floorfrontR/cases_001_100.zip,cases/case067.pt
floorfrontR,case068,data/floorfrontR/cases/case068.pt,3567795,ea668bc1bd1dabecce47768e297f620cee563a0fae01aff1847833dfc2b25f07,data/floorfrontR/cases_001_100.zip,cases/case068.pt
floorfrontR,case069,data/floorfrontR/cases/case069.pt,3567795,ed63ccbe5107a8a0e539658de5d0a455cbdd5b185ede73b4658036e58eca40f0,data/floorfrontR/cases_001_100.zip,cases/case069.pt
floorfrontR,case070,data/floorfrontR/cases/case070.pt,3567795,20af9de32b96c9e4664b62dc7900d68ca3787a2150bf9b5a25f8f83ab861cf02,data/floorfrontR/cases_001_100.zip,cases/case070.pt
floorfrontR,case071,data/floorfrontR/cases/case071.pt,3567795,bfca279c5814ee513984ea4cccd8577c11897acb60d72087f8b0f72228af3fe6,data/floorfrontR/cases_001_100.zip,cases/case071.pt
floorfrontR,case072,data/floorfrontR/cases/case072.pt,3567795,0ad17abe51ee7a38bcc975c18f6a01bcbc513a58665b843d987fc16f4ededbe2,data/floorfrontR/cases_001_100.zip,cases/case072.pt
floorfrontR,case073,data/floorfrontR/cases/case073.pt,3567795,6e97cac7dc805742f30c795571ccc77494caa5617ab66db1dca8301d41a6ad42,data/floorfrontR/cases_001_100.zip,cases/case073.pt
floorfrontR,case074,data/floorfrontR/cases/case074.pt,3567795,5546b07696644ca6ac45758d94469f7d69681d629aa30d210affc271e356477a,data/floorfrontR/cases_001_100.zip,cases/case074.pt
floorfrontR,case075,data/floorfrontR/cases/case075.pt,3567795,f0f683f7a16de512009b41be67a2a1daec09da670e3c10bb31ad8e2317c788b4,data/floorfrontR/cases_001_100.zip,cases/case075.pt
floorfrontR,case076,data/floorfrontR/cases/case076.pt,3567795,b2b67a9db5814a2f1f4612e545a6428330f19f746ab120243027be30507ef73a,data/floorfrontR/cases_001_100.zip,cases/case076.pt
floorfrontR,case077,data/floorfrontR/cases/case077.pt,3567795,20661b6345d1d41a34f1a9729817c46c6bc2594b0e905e64c86145e4837e2c30,data/floorfrontR/cases_001_100.zip,cases/case077.pt
floorfrontR,case078,data/floorfrontR/cases/case078.pt,3567795,6579756aaf13bff54507f6696d0498da3b3cfef27fdd02f03e729fb005948c77,data/floorfrontR/cases_001_100.zip,cases/case078.pt
floorfrontR,case079,data/floorfrontR/cases/case079.pt,3567795,48b7610ea95e190ddd456f412eb8e303079611021a78624612d3d8b979a02ed2,data/floorfrontR/cases_001_100.zip,cases/case079.pt
floorfrontR,case080,data/floorfrontR/cases/case080.pt,3567795,c88d803937d773115041e5c6cb33629bbc6f7dcd4da7936f7eed1ee88bcde579,data/floorfrontR/cases_001_100.zip,cases/case080.pt
floorfrontR,case081,data/floorfrontR/cases/case081.pt,3567795,fed6ec1fb7827fc160e7daa79e44e0a86dbca8b5e9046363929eac47ebecd37f,data/floorfrontR/cases_001_100.zip,cases/case081.pt
floorfrontR,case082,data/floorfrontR/cases/case082.pt,3567795,d06b8b59a9243474bc692b7dc9a55a621c1dab6a3a3e7309730304c962a94c28,data/floorfrontR/cases_001_100.zip,cases/case082.pt
floorfrontR,case083,data/floorfrontR/cases/case083.pt,3567795,8ca176e48b54677a94f481b1f508e15d553c2e216ab57275edd73c772ea51039,data/floorfrontR/cases_001_100.zip,cases/case083.pt
floorfrontR,case084,data/floorfrontR/cases/case084.pt,3567795,bcefd36b879128690962616be54c51e4921c49b1f4bfd9201136dadaa999a376,data/floorfrontR/cases_001_100.zip,cases/case084.pt
floorfrontR,case085,data/floorfrontR/cases/case085.pt,3567795,0a6a83cf2414721e6906f1bcc9c002c4dd47661eb547aad7b074bde2e17af7e4,data/floorfrontR/cases_001_100.zip,cases/case085.pt
floorfrontR,case086,data/floorfrontR/cases/case086.pt,3567795,0d98b4f93730b45c7ad595de5507c5b3c52aa5acfd1d6bd5a98c959f9e80980b,data/floorfrontR/cases_001_100.zip,cases/case086.pt
floorfrontR,case087,data/floorfrontR/cases/case087.pt,3567795,8a467716d329befe6a1a327990651438334a374eefdf9a465ab23e9420b03099,data/floorfrontR/cases_001_100.zip,cases/case087.pt
floorfrontR,case088,data/floorfrontR/cases/case088.pt,3567795,867004513845693bdc620e1c63bf2a4438082d0eb9e8cbce21ed354b5c3ecfae,data/floorfrontR/cases_001_100.zip,cases/case088.pt
floorfrontR,case089,data/floorfrontR/cases/case089.pt,3567795,04437ebbffec1d8f4b18e9d5f7b739cbe15e9c75939ffae198d1427ea1aa1309,data/floorfrontR/cases_001_100.zip,cases/case089.pt
floorfrontR,case090,data/floorfrontR/cases/case090.pt,3567795,e272d6b95bf2a2eefc3dfced3fe917c851e06748ef8015fc0b13a1486c6d124c,data/floorfrontR/cases_001_100.zip,cases/case090.pt
floorfrontR,case091,data/floorfrontR/cases/case091.pt,3567795,b7add380a76b972cf9a0215ce99a27846fae80a55926dc455d3298767a8f853e,data/floorfrontR/cases_001_100.zip,cases/case091.pt
floorfrontR,case092,data/floorfrontR/cases/case092.pt,3567795,9ba595a20dd3152c633b1549fe455bdd1f97cb8021ba0a7f881cd824b12b63a5,data/floorfrontR/cases_001_100.zip,cases/case092.pt
floorfrontR,case093,data/floorfrontR/cases/case093.pt,3567795,2eb90d91107482359049ecb3bb02f31aef46f76e57ed76bdbd872f331fac1c5d,data/floorfrontR/cases_001_100.zip,cases/case093.pt
floorfrontR,case094,data/floorfrontR/cases/case094.pt,3567795,aa134bf51aeabbe339d2a6674350fa0150d6c2e0fda5bc8b260290c11f9b3eff,data/floorfrontR/cases_001_100.zip,cases/case094.pt
floorfrontR,case095,data/floorfrontR/cases/case095.pt,3567795,20ba7d4cc83ebc8ecdbd35697e98aec3551d0c5d459f709b098f27fdc5e4f566,data/floorfrontR/cases_001_100.zip,cases/case095.pt
floorfrontR,case096,data/floorfrontR/cases/case096.pt,3567795,6c709d64bf1ed9b4bf744ab31e41ca286926a4d0074f789a7da0848e70054056,data/floorfrontR/cases_001_100.zip,cases/case096.pt
floorfrontR,case097,data/floorfrontR/cases/case097.pt,3567795,fdbb6c081e4586ba7c8633e946dd70ba6ef9ffbf3297de7f5146430511c7c2ee,data/floorfrontR/cases_001_100.zip,cases/case097.pt
floorfrontR,case098,data/floorfrontR/cases/case098.pt,3567795,5dc23ba24e1cf9a4e5e01b4d5ae8e0dca28c8ef60e5c7caa3060c3cbb58e7c85,data/floorfrontR/cases_001_100.zip,cases/case098.pt
floorfrontR,case099,data/floorfrontR/cases/case099.pt,3567795,e27345a37c760d07bb61f99052101046e60884351f5fdf21709001190a8d6ff6,data/floorfrontR/cases_001_100.zip,cases/case099.pt
floorfrontR,case100,data/floorfrontR/cases/case100.pt,3567795,2e58bb0c41254b32f71430b6b7bcd71ac0c981428fabb7550b67349c774fec03,data/floorfrontR/cases_001_100.zip,cases/case100.pt
floorfrontR,case101,data/floorfrontR/cases/case101.pt,3567795,554d331bf6c0c8775c7441142022890aa4f000570c462099d1e39a25c503bba6,data/floorfrontR/cases_101_200.zip,cases/case101.pt
floorfrontR,case102,data/floorfrontR/cases/case102.pt,3567795,718e9288075701401b3c43a1c1093b9dd845c04b0ad3a86c9a6597be46120729,data/floorfrontR/cases_101_200.zip,cases/case102.pt
floorfrontR,case103,data/floorfrontR/cases/case103.pt,3567795,e4d8a1112454fcd3c8819c0736c26bbd720cfc12dd10477e19f5de20cab76a89,data/floorfrontR/cases_101_200.zip,cases/case103.pt
floorfrontR,case104,data/floorfrontR/cases/case104.pt,3567795,46d1adc1b18de4c37f47b3fe5e5e84f51defe38c9c5ea9c6ac85a486367dc27d,data/floorfrontR/cases_101_200.zip,cases/case104.pt
floorfrontR,case105,data/floorfrontR/cases/case105.pt,3567795,4489af8b5f9dcb62034a12d8e864733b12cf0f6ecb54e8aa601912d2cd56c880,data/floorfrontR/cases_101_200.zip,cases/case105.pt
floorfrontR,case106,data/floorfrontR/cases/case106.pt,3567795,90c21f32b418e340f9a353b633996199f01f099c436a9133c4ea8c256ea17f9d,data/floorfrontR/cases_101_200.zip,cases/case106.pt
floorfrontR,case107,data/floorfrontR/cases/case107.pt,3567795,97dd229a0f80e99fef713482035c6ad9eab0235de1a249995ab9d072809ea76e,data/floorfrontR/cases_101_200.zip,cases/case107.pt
floorfrontR,case108,data/floorfrontR/cases/case108.pt,3567795,1398f78653e8cf8482120409d57186bc0077d5eeb86aa15256db652e85d0f4c6,data/floorfrontR/cases_101_200.zip,cases/case108.pt
floorfrontR,case109,data/floorfrontR/cases/case109.pt,3567795,783466bf4e8e897b57d204f1dbbba540d9e55e0d87afe4139d45e1f0431fb279,data/floorfrontR/cases_101_200.zip,cases/case109.pt
floorfrontR,case110,data/floorfrontR/cases/case110.pt,3567795,ce85ce9a764b3e093f58847b3a9fe81ec9f0f9a3032d68097088a812723b0bf1,data/floorfrontR/cases_101_200.zip,cases/case110.pt
floorfrontR,case111,data/floorfrontR/cases/case111.pt,3567795,c3bbebe2201eba805fdea1488f9019dff8879337fa3c52f2daf0c8ba2c96228c,data/floorfrontR/cases_101_200.zip,cases/case111.pt
floorfrontR,case112,data/floorfrontR/cases/case112.pt,3567795,01bef5b68becd96acb726d3eed9e3e2f5b94a484bfe898161cf7e5730ef8e445,data/floorfrontR/cases_101_200.zip,cases/case112.pt
floorfrontR,case113,data/floorfrontR/cases/case113.pt,3567795,4731b48b970f94d380f77c7399a8447d8917aaacddfd4439d46045ddbed4bbcd,data/floorfrontR/cases_101_200.zip,cases/case113.pt
floorfrontR,case114,data/floorfrontR/cases/case114.pt,3567795,064ae8036fb02ec73191077605eef6b9a96b2bf15c5318028d4a500d05c8ec96,data/floorfrontR/cases_101_200.zip,cases/case114.pt
floorfrontR,case115,data/floorfrontR/cases/case115.pt,3567795,ac77bb963145d9c0c6bb5dff94963f786e5880b9a48abb01ca383cfb8d5de55c,data/floorfrontR/cases_101_200.zip,cases/case115.pt
floorfrontR,case116,data/floorfrontR/cases/case116.pt,3567795,b2bb16ed91a360c22e2a99420380c2d85a8ea35b5d558bf45010b99dc80fec7b,data/floorfrontR/cases_101_200.zip,cases/case116.pt
floorfrontR,case117,data/floorfrontR/cases/case117.pt,3567795,93bdff82aefe4f0524b50d1c251946fea8d865bcfca8ef92366cdde274459610,data/floorfrontR/cases_101_200.zip,cases/case117.pt
floorfrontR,case118,data/floorfrontR/cases/case118.pt,3567795,7c0d855fc4f47223d453a0d81b69c6293675287a1a89797e7fa9938965760d34,data/floorfrontR/cases_101_200.zip,cases/case118.pt
floorfrontR,case119,data/floorfrontR/cases/case119.pt,3567795,f26623d669893845900f9e4f2b38ab36aea2d0f67c626a9c19627a497779ef37,data/floorfrontR/cases_101_200.zip,cases/case119.pt
floorfrontR,case120,data/floorfrontR/cases/case120.pt,3567795,2a0bb2c75c452c9ae8a93dcd20684e2a4d8effdc79b43a1927008bdeedbfa90c,data/floorfrontR/cases_101_200.zip,cases/case120.pt
floorfrontR,case121,data/floorfrontR/cases/case121.pt,3567795,ff9221265936d37b7afd08f80ecd82ab9eac5f77bec76f747b6046e10e13baf8,data/floorfrontR/cases_101_200.zip,cases/case121.pt
floorfrontR,case122,data/floorfrontR/cases/case122.pt,3567795,2e069395002ddf172651a4724c6fdef19f64eef1f78d6619a88d087855d01f1e,data/floorfrontR/cases_101_200.zip,cases/case122.pt
floorfrontR,case123,data/floorfrontR/cases/case123.pt,3567795,43fe35841559606b92141b937ac191831653291a486eaab9a66652205bb0a76f,data/floorfrontR/cases_101_200.zip,cases/case123.pt
floorfrontR,case124,data/floorfrontR/cases/case124.pt,3567795,b8d1422d848d327cbf289c11b63659f9aef4ba93beb5676e19ffa5fb3a70a880,data/floorfrontR/cases_101_200.zip,cases/case124.pt
floorfrontR,case125,data/floorfrontR/cases/case125.pt,3567795,9e8b42fac1913b75ac5f9a331e57738244cabfca6e83e4d65e7cb0f85d66c59c,data/floorfrontR/cases_101_200.zip,cases/case125.pt
floorfrontR,case126,data/floorfrontR/cases/case126.pt,3567795,0a93b669b937f427d22c12891bc8e7627cf4df04cfdb3f83cbc6dfd8f5aea6a0,data/floorfrontR/cases_101_200.zip,cases/case126.pt
floorfrontR,case127,data/floorfrontR/cases/case127.pt,3567795,47965ee16b5ecc52f16e1a8a1764bea8fc06ef9159eacf0be5254869933aaf79,data/floorfrontR/cases_101_200.zip,cases/case127.pt
floorfrontR,case128,data/floorfrontR/cases/case128.pt,3567795,917d96c023bad6593f5950494b9f40b2dae6737fd3b6e3b399b698e52b195391,data/floorfrontR/cases_101_200.zip,cases/case128.pt
floorfrontR,case129,data/floorfrontR/cases/case129.pt,3567795,105e6dfd0a719c806fb63bd1d19c53f22d239dcebbfcaff5c0cd5a53ba3760eb,data/floorfrontR/cases_101_200.zip,cases/case129.pt
floorfrontR,case130,data/floorfrontR/cases/case130.pt,3567795,32a0f2a060fd690034a53aec1d6610ec3cf74fd8811af886da2b2d3d0467e524,data/floorfrontR/cases_101_200.zip,cases/case130.pt
floorfrontR,case131,data/floorfrontR/cases/case131.pt,3567795,6a477e37b046b65f2d1114190ff97d33329ac8932b42a7ae3d130b2b7c8a36eb,data/floorfrontR/cases_101_200.zip,cases/case131.pt
floorfrontR,case132,data/floorfrontR/cases/case132.pt,3567795,e480d7974023e465d926f4a657f433ecd21e569a73a9d7f562343d88cc7d2d9e,data/floorfrontR/cases_101_200.zip,cases/case132.pt
floorfrontR,case133,data/floorfrontR/cases/case133.pt,3567795,41a1659113ba68d3ba92f159efcdc61982ca25e227f68d6cae3fa0ed16a444a4,data/floorfrontR/cases_101_200.zip,cases/case133.pt
floorfrontR,case134,data/floorfrontR/cases/case134.pt,3567795,4118c0ec9158faeda303e5cee4268f1620069a6021b274a61b11690d7750fb35,data/floorfrontR/cases_101_200.zip,cases/case134.pt
floorfrontR,case135,data/floorfrontR/cases/case135.pt,3567795,5b410b2db5934fb283a00be8d343cfc6f5376428b9a1451e6fad30697f43f964,data/floorfrontR/cases_101_200.zip,cases/case135.pt
floorfrontR,case136,data/floorfrontR/cases/case136.pt,3567795,2879468a8c1753e69bd158c98826f8b8dea7fc955f1f25a0326b6f94b475895c,data/floorfrontR/cases_101_200.zip,cases/case136.pt
floorfrontR,case137,data/floorfrontR/cases/case137.pt,3567795,fa92f6f59aa3e0eb30e818b7387cb17cd0d69c253de9b6c36afa47779bfedb42,data/floorfrontR/cases_101_200.zip,cases/case137.pt
floorfrontR,case138,data/floorfrontR/cases/case138.pt,3567795,3ef14fa2bd3ab5065f0a6498656f6c0198d13165d52b5bb46f330d6b4585f910,data/floorfrontR/cases_101_200.zip,cases/case138.pt
floorfrontR,case139,data/floorfrontR/cases/case139.pt,3567795,9a4bb43d0634a12a040831ad6b5da030083684d388b41f9f2ace928531548a17,data/floorfrontR/cases_101_200.zip,cases/case139.pt
floorfrontR,case140,data/floorfrontR/cases/case140.pt,3567795,8577f7dbb5db4284be0fb14d9f2d0994c59b35a2deee0385ded388b37030bf77,data/floorfrontR/cases_101_200.zip,cases/case140.pt
floorfrontR,case141,data/floorfrontR/cases/case141.pt,3567795,6fe88e4ec3f0bd236f8dfb90975441ba9075054c82a37e659de702ea02bfe773,data/floorfrontR/cases_101_200.zip,cases/case141.pt
floorfrontR,case142,data/floorfrontR/cases/case142.pt,3567795,8a667b34ec2b539ecff842293d4b1df795964a00aa361c901daea3f2f3f15e6f,data/floorfrontR/cases_101_200.zip,cases/case142.pt
floorfrontR,case143,data/floorfrontR/cases/case143.pt,3567795,518c65ee6b218fc489c4dc165a286b4850a7ebe28d089a64b1dd5778912b4f4a,data/floorfrontR/cases_101_200.zip,cases/case143.pt
floorfrontR,case144,data/floorfrontR/cases/case144.pt,3567795,9e904e257f6e97ba96f2eb7368e5263ad069e93e57dc3e2e280a8d884eef7138,data/floorfrontR/cases_101_200.zip,cases/case144.pt
floorfrontR,case145,data/floorfrontR/cases/case145.pt,3567795,93c2d7435f1dbe19fecc0726d4d1843bf0b58f1b90124857f6a40cfddfe599fa,data/floorfrontR/cases_101_200.zip,cases/case145.pt
floorfrontR,case146,data/floorfrontR/cases/case146.pt,3567795,9e76440ed3e21588a3f2e77b2a2a8356d194192ab311dfdfd12bf24a00c742f0,data/floorfrontR/cases_101_200.zip,cases/case146.pt
floorfrontR,case147,data/floorfrontR/cases/case147.pt,3567795,3aad6e8e3acfd6e9f0adf2776da9b48f89d7a9beb358d8574e743a4ed6c36c36,data/floorfrontR/cases_101_200.zip,cases/case147.pt
floorfrontR,case148,data/floorfrontR/cases/case148.pt,3567795,d00baf8f4d0d7acd704941a5a36e94730f530576faa62c4c1cc15928f30cf2aa,data/floorfrontR/cases_101_200.zip,cases/case148.pt
floorfrontR,case149,data/floorfrontR/cases/case149.pt,3567795,f1157ba19a14e8c0986ac20c3833788429ef99094fbf6c08294d0b3e41d2d989,data/floorfrontR/cases_101_200.zip,cases/case149.pt
floorfrontR,case150,data/floorfrontR/cases/case150.pt,3567795,e4d489ca9d76cffd576685acf93980e859f3abf452ba64adcd006ad964c22aca,data/floorfrontR/cases_101_200.zip,cases/case150.pt
floorfrontR,case151,data/floorfrontR/cases/case151.pt,3567795,ffef92d2439c95551292eb68230f4077665dc0a038959274d6d11de1a3524b77,data/floorfrontR/cases_101_200.zip,cases/case151.pt
floorfrontR,case152,data/floorfrontR/cases/case152.pt,3567795,7331cf61e7a9ec9c918609a23e23f2d7f83ede18c37a1d244d89236a5cd898bc,data/floorfrontR/cases_101_200.zip,cases/case152.pt
floorfrontR,case153,data/floorfrontR/cases/case153.pt,3567795,055820fe29f2280510b488788f1c0cdf9d7676180202b865ccccd134b4ed18f9,data/floorfrontR/cases_101_200.zip,cases/case153.pt
floorfrontR,case154,data/floorfrontR/cases/case154.pt,3567795,5510f4923b5ace9bbcec23cacd4fa7d9b5045bef5286a12eb9e4303c857e79e2,data/floorfrontR/cases_101_200.zip,cases/case154.pt
floorfrontR,case155,data/floorfrontR/cases/case155.pt,3567795,a9869172ae90171e72034a377c347bac54a5fb6d8fd3bf1a4f17be03adcd00db,data/floorfrontR/cases_101_200.zip,cases/case155.pt
floorfrontR,case156,data/floorfrontR/cases/case156.pt,3567795,ca11f1b2625c99a0255412b68ee71ddf16eeb3b6232d145f428b12dc926d67af,data/floorfrontR/cases_101_200.zip,cases/case156.pt
floorfrontR,case157,data/floorfrontR/cases/case157.pt,3567795,b463f0552350a2b73424ede85916e8164a82ca4dbaa7a3fb72a05559675ed3b1,data/floorfrontR/cases_101_200.zip,cases/case157.pt
floorfrontR,case158,data/floorfrontR/cases/case158.pt,3567795,578144ab8ca7a30b0e831bd8f02d3e199a714e620622a643c6066f9339a1f639,data/floorfrontR/cases_101_200.zip,cases/case158.pt
floorfrontR,case159,data/floorfrontR/cases/case159.pt,3567795,a2ec168d8c6ae1baa7ef671f1960e022148583469820b377cbf2bda61ce0d2c0,data/floorfrontR/cases_101_200.zip,cases/case159.pt
floorfrontR,case160,data/floorfrontR/cases/case160.pt,3567795,2c754ecf0b1ad84be693a96222a53faf7af06a9c6b784e9fba08c5077a3ed7a4,data/floorfrontR/cases_101_200.zip,cases/case160.pt
floorfrontR,case161,data/floorfrontR/cases/case161.pt,3567795,d11aef8d9bed1d64e0d7e4c752b8f2fda254c45c1effd48dbfb3ce21bf927e30,data/floorfrontR/cases_101_200.zip,cases/case161.pt
floorfrontR,case162,data/floorfrontR/cases/case162.pt,3567795,4e94ea4ae50b6bcecf5d7e951beeb3a497d46b44807885efc36d3eb1c24b8bd8,data/floorfrontR/cases_101_200.zip,cases/case162.pt
floorfrontR,case163,data/floorfrontR/cases/case163.pt,3567795,864a89393e655d6a200a4d96fdc4fb5dfda3666af2f59d9c7420787dfa0ecbf4,data/floorfrontR/cases_101_200.zip,cases/case163.pt
floorfrontR,case164,data/floorfrontR/cases/case164.pt,3567795,5b9751c3ef620dfb791254b893368dadf5049f2770a6f0128fc5ae6ba5ca3746,data/floorfrontR/cases_101_200.zip,cases/case164.pt
floorfrontR,case165,data/floorfrontR/cases/case165.pt,3567795,0bf7d8b8932f0d7e966738700b5cf34c0a8649d60d1e874c6f93d155139d6b9d,data/floorfrontR/cases_101_200.zip,cases/case165.pt
floorfrontR,case166,data/floorfrontR/cases/case166.pt,3567795,6a0d353e9f1a854d613b57638fd76c1da7c256b2c867fd43090fdad03c1a8418,data/floorfrontR/cases_101_200.zip,cases/case166.pt
floorfrontR,case167,data/floorfrontR/cases/case167.pt,3567795,0daf4cdd12cd7c1f1b8710a6dc79792cf30cbdcf3bbad9cae749206a67090ba1,data/floorfrontR/cases_101_200.zip,cases/case167.pt
floorfrontR,case168,data/floorfrontR/cases/case168.pt,3567795,e39aca855471c5158fadda3213a15b426e5188af65901e661f01f0c5075e7b4f,data/floorfrontR/cases_101_200.zip,cases/case168.pt
floorfrontR,case169,data/floorfrontR/cases/case169.pt,3567795,811dd2b2c7e9c47aa95524e3adc9f955170a49e71d9724b300d51d6ce99162db,data/floorfrontR/cases_101_200.zip,cases/case169.pt
floorfrontR,case170,data/floorfrontR/cases/case170.pt,3567795,b0b60df98751633614afcb4c8e17f016212438601fa739d247002d34f697bc05,data/floorfrontR/cases_101_200.zip,cases/case170.pt
floorfrontR,case171,data/floorfrontR/cases/case171.pt,3567795,13bba87dc76b704ba05776d68ab6960978a4f709a38ef2615845dc87d4b93e77,data/floorfrontR/cases_101_200.zip,cases/case171.pt
floorfrontR,case172,data/floorfrontR/cases/case172.pt,3567795,3f7a1bf04df2dec072aa89a7cf3dce3913e4fb4d0408fc7407e58111b3c86e32,data/floorfrontR/cases_101_200.zip,cases/case172.pt
floorfrontR,case173,data/floorfrontR/cases/case173.pt,3567795,b5659b09e24d45853eb3e24fa8ef156184c8ccbcca539bd70102999f29620496,data/floorfrontR/cases_101_200.zip,cases/case173.pt
floorfrontR,case174,data/floorfrontR/cases/case174.pt,3567795,8338c96f03f4fc193f1b34dccada13417896fdf575d5fcf229e85922360fe8b2,data/floorfrontR/cases_101_200.zip,cases/case174.pt
floorfrontR,case175,data/floorfrontR/cases/case175.pt,3567795,367d210f833bdbcbd00c7663b43b7365319617f0a90854421b4430c1e1354967,data/floorfrontR/cases_101_200.zip,cases/case175.pt
floorfrontR,case176,data/floorfrontR/cases/case176.pt,3567795,a4fd367f9d2fd28b97c5a97f85154b40569c36f9530703b1a1132a1a121a8282,data/floorfrontR/cases_101_200.zip,cases/case176.pt
floorfrontR,case177,data/floorfrontR/cases/case177.pt,3567795,44f5996c610d7f76847866542d6e5f4a7b344dcb9768a47463b7c7b0c612a380,data/floorfrontR/cases_101_200.zip,cases/case177.pt
floorfrontR,case178,data/floorfrontR/cases/case178.pt,3567795,12950b03d2605252fbe791ecce6799cd87543dec557ef99a0e63a584ff55694d,data/floorfrontR/cases_101_200.zip,cases/case178.pt
floorfrontR,case179,data/floorfrontR/cases/case179.pt,3567795,14be69c9afde033be77ef691bb5a4957d34262b6c503229ce26e2fd1c6e1cf18,data/floorfrontR/cases_101_200.zip,cases/case179.pt
floorfrontR,case180,data/floorfrontR/cases/case180.pt,3567795,9f0afeed915fd610a083b4275d9f2d83a986a3838d1d138775cb8c49ae15da04,data/floorfrontR/cases_101_200.zip,cases/case180.pt
floorfrontR,case181,data/floorfrontR/cases/case181.pt,3567795,777344a020e00f53a88ac6d989c692b05746c27b1e07ef65ed2d78bd2f3fff7d,data/floorfrontR/cases_101_200.zip,cases/case181.pt
floorfrontR,case182,data/floorfrontR/cases/case182.pt,3567795,8528b7ce034cf2e8b4ccf6167a103e25d1de122eadc2329e080285cc4c3e8e53,data/floorfrontR/cases_101_200.zip,cases/case182.pt
floorfrontR,case183,data/floorfrontR/cases/case183.pt,3567795,abc02e8952eb12f01bdc968573bbfaf6dbd36eff056cf292010d954375a86894,data/floorfrontR/cases_101_200.zip,cases/case183.pt
floorfrontR,case184,data/floorfrontR/cases/case184.pt,3567795,7c43a5cd6b8cf0fc9cffeeeb2e427caf90d170ce8a6a47a8691ce2c73736e11e,data/floorfrontR/cases_101_200.zip,cases/case184.pt
floorfrontR,case185,data/floorfrontR/cases/case185.pt,3567795,e54417847cc6daf69168b91641aa60f1fe1823f9812333d18f5de4242c3935cd,data/floorfrontR/cases_101_200.zip,cases/case185.pt
floorfrontR,case186,data/floorfrontR/cases/case186.pt,3567795,eb80f4f0b7d496560a2a719020232634dfc63dfa8703bf945df73966e5ce0213,data/floorfrontR/cases_101_200.zip,cases/case186.pt
floorfrontR,case187,data/floorfrontR/cases/case187.pt,3567795,f486d5d135c46b1968904c957c89174cfe1a1ae49418ae9994272b8bb015ec30,data/floorfrontR/cases_101_200.zip,cases/case187.pt
floorfrontR,case188,data/floorfrontR/cases/case188.pt,3567795,e75710d96aa71b7fddd8114f993a46dcef26839c47d1df28e2eee4bcec7b7d50,data/floorfrontR/cases_101_200.zip,cases/case188.pt
floorfrontR,case189,data/floorfrontR/cases/case189.pt,3567795,314a85359b6250574a537b47ae2e9837c43831f11107cd6f3a42c4224e8effb3,data/floorfrontR/cases_101_200.zip,cases/case189.pt
floorfrontR,case190,data/floorfrontR/cases/case190.pt,3567795,a69cdec1cdaee978e8ed6a5de7c5a952d2a9afdf4671eb4dbef0ecc63c8bcc7f,data/floorfrontR/cases_101_200.zip,cases/case190.pt
floorfrontR,case191,data/floorfrontR/cases/case191.pt,3567795,3f7e60ef254b34f38c0c9e8304bfb807a9f7c8ed20837ee9e64ebd448f294ee0,data/floorfrontR/cases_101_200.zip,cases/case191.pt
floorfrontR,case192,data/floorfrontR/cases/case192.pt,3567795,5d675c0e7009a1402120a2ae9bf8642e659abac63b1420059aa2488b098430a6,data/floorfrontR/cases_101_200.zip,cases/case192.pt
floorfrontR,case193,data/floorfrontR/cases/case193.pt,3567795,b7be24657be5440611d619804d9485ac0cd586d09125a907ca846b1a4aaf62df,data/floorfrontR/cases_101_200.zip,cases/case193.pt
floorfrontR,case194,data/floorfrontR/cases/case194.pt,3567795,7cb224444d7058a0caa05aca6ebeecd97a2dfba17aa96c51d1dca84a70778b81,data/floorfrontR/cases_101_200.zip,cases/case194.pt
floorfrontR,case195,data/floorfrontR/cases/case195.pt,3567795,cf6e80986d91fe3102398de46cbf7b40b0c2ec39832e0ee91d8708d6ca44257d,data/floorfrontR/cases_101_200.zip,cases/case195.pt
floorfrontR,case196,data/floorfrontR/cases/case196.pt,3567795,f4e903edf50354322c33b72c7b97a3012bbd192ab2e2ea47aeabe737a633c595,data/floorfrontR/cases_101_200.zip,cases/case196.pt
floorfrontR,case197,data/floorfrontR/cases/case197.pt,3567795,5ee5818c4ad9c7ee2595e37f61670ea0f17877de0bb02e623a9319c188e1ec63,data/floorfrontR/cases_101_200.zip,cases/case197.pt
floorfrontR,case198,data/floorfrontR/cases/case198.pt,3567795,fa940f6e260df2225b05e62244b18ba14fd4845fd4c1f1ab29a286f6459c3c2b,data/floorfrontR/cases_101_200.zip,cases/case198.pt
floorfrontR,case199,data/floorfrontR/cases/case199.pt,3567795,21269580db3652d62ff71844277db2ccdda6da62f889e0bd7b65870a24460d5c,data/floorfrontR/cases_101_200.zip,cases/case199.pt
floorfrontR,case200,data/floorfrontR/cases/case200.pt,3567795,75373e819e5246f04bb5caf6b80a339b63733a929260f5a4b79dbaf0b6b1fec7,data/floorfrontR/cases_101_200.zip,cases/case200.pt
floorfrontR,case201,data/floorfrontR/cases/case201.pt,3567795,b7a3c1e420e707db40fa14791354788e2affad49b3bb9fb79084094e5e1ce51e,data/floorfrontR/cases_201_300.zip,cases/case201.pt
floorfrontR,case202,data/floorfrontR/cases/case202.pt,3567795,167ca0583bae62197f79f3b58a103311a04f497dd5bb594d2a5ed16f88c33da1,data/floorfrontR/cases_201_300.zip,cases/case202.pt
floorfrontR,case203,data/floorfrontR/cases/case203.pt,3567795,66fb5df8fd69897a2ef7be57254da66afda3e794777e600ffc0379a019a24d47,data/floorfrontR/cases_201_300.zip,cases/case203.pt
floorfrontR,case204,data/floorfrontR/cases/case204.pt,3567795,468fe8d26d7302318186b03376dfdffd62e158588665ce3df252b19f2b9697a9,data/floorfrontR/cases_201_300.zip,cases/case204.pt
floorfrontR,case205,data/floorfrontR/cases/case205.pt,3567795,1363750e7b691901b498ca91664111000e02ef81583569f78d065e1f61c34ca3,data/floorfrontR/cases_201_300.zip,cases/case205.pt
floorfrontR,case206,data/floorfrontR/cases/case206.pt,3567795,f1c53f88c4deaa99bb0467199d8239ee7969c3ac0be7758d6e73661dc6d6377a,data/floorfrontR/cases_201_300.zip,cases/case206.pt
floorfrontR,case207,data/floorfrontR/cases/case207.pt,3567795,6e8c252892c0093b6be60cd684ea6af8e6f23a81126a61f3b18413a5d760d937,data/floorfrontR/cases_201_300.zip,cases/case207.pt
floorfrontR,case208,data/floorfrontR/cases/case208.pt,3567795,b0c445a3595fb899e703a1d592b63491ccebf47ccf8b640ed7bc8442c003b1ae,data/floorfrontR/cases_201_300.zip,cases/case208.pt
floorfrontR,case209,data/floorfrontR/cases/case209.pt,3567795,6c43958c0fd2e670b2154c995f5600c5c8a2e8dc60d81adcb98bdd187449d1fc,data/floorfrontR/cases_201_300.zip,cases/case209.pt
floorfrontR,case210,data/floorfrontR/cases/case210.pt,3567795,55349578af8cdb5e4c84103ea697525018fc1c5884a379d5ff98fd1e9f4cb390,data/floorfrontR/cases_201_300.zip,cases/case210.pt
floorfrontR,case211,data/floorfrontR/cases/case211.pt,3567795,6af414901444477f5f73b2fba1f64b243b040012ac05505a70bef1cce8348372,data/floorfrontR/cases_201_300.zip,cases/case211.pt
floorfrontR,case212,data/floorfrontR/cases/case212.pt,3567795,32bcaa54f6920f4beff6cfc4868d0e009bb08687c65f49a2f87863dd25eab020,data/floorfrontR/cases_201_300.zip,cases/case212.pt
floorfrontR,case213,data/floorfrontR/cases/case213.pt,3567795,5778c49e526fd1dad8c6043683a88258ffe4498247e43320c41ddeeaf3c5a9e8,data/floorfrontR/cases_201_300.zip,cases/case213.pt
floorfrontR,case214,data/floorfrontR/cases/case214.pt,3567795,3b01d9bcfe2b3a6e2ee7901430dee97532888fe3233345ffe5e85a709679882a,data/floorfrontR/cases_201_300.zip,cases/case214.pt
floorfrontR,case215,data/floorfrontR/cases/case215.pt,3567795,5c2f29e2099bade87fec2ce26f8ef51f3535d1a729503e0f4708c3651c282c1e,data/floorfrontR/cases_201_300.zip,cases/case215.pt
floorfrontR,case216,data/floorfrontR/cases/case216.pt,3567795,b9c43eb4d7473fd4967a1acd47362bafd452acca6f29cdc9030730a80672fa92,data/floorfrontR/cases_201_300.zip,cases/case216.pt
floorfrontR,case217,data/floorfrontR/cases/case217.pt,3567795,22755f784952eee28c63b47e1c8a5c9ed9ee4e303bfd0872c3e13f67787e2936,data/floorfrontR/cases_201_300.zip,cases/case217.pt
floorfrontR,case218,data/floorfrontR/cases/case218.pt,3567795,2e5f7f81345dca1d69609d858b3937e803dbf75cfe9f2492eda69a81f7b0666a,data/floorfrontR/cases_201_300.zip,cases/case218.pt
floorfrontR,case219,data/floorfrontR/cases/case219.pt,3567795,04c013ab12355f745e69b1f93df578c4c3e05a0b1065d1ee42b54729b1c2cc64,data/floorfrontR/cases_201_300.zip,cases/case219.pt
floorfrontR,case220,data/floorfrontR/cases/case220.pt,3567795,57c3c53b2ac0999e6c07b9513ffbd6406e88a173ec5c1285ee313cdbb21b5b96,data/floorfrontR/cases_201_300.zip,cases/case220.pt
floorfrontR,case221,data/floorfrontR/cases/case221.pt,3567795,f5edf4b0d79478dea2cf9c1ef6c43f392f8f43510adb36b02aa6c299c82fd6a3,data/floorfrontR/cases_201_300.zip,cases/case221.pt
floorfrontR,case222,data/floorfrontR/cases/case222.pt,3567795,09c326cf5a539be7a70ebdd100d4221ef64d22d2cce57ce1645ce5c62ecbd35b,data/floorfrontR/cases_201_300.zip,cases/case222.pt
floorfrontR,case223,data/floorfrontR/cases/case223.pt,3567795,21600a797d227b105390d7e1876544642ab6420d707e73228cd3b4533d705c11,data/floorfrontR/cases_201_300.zip,cases/case223.pt
floorfrontR,case224,data/floorfrontR/cases/case224.pt,3567795,8a291b17a2f67004994e175dc24b8be4ef8509b00d9933f9e12d4057f93f5c15,data/floorfrontR/cases_201_300.zip,cases/case224.pt
floorfrontR,case225,data/floorfrontR/cases/case225.pt,3567795,d3b92b3ec5e7a3320992cde32481bb1cc86d47b828209e9d607624c95355489e,data/floorfrontR/cases_201_300.zip,cases/case225.pt
floorfrontR,case226,data/floorfrontR/cases/case226.pt,3567795,fd46b45fc247e22d98221e0b316cb7bea12d10d82b760003798ca4d011a43d3c,data/floorfrontR/cases_201_300.zip,cases/case226.pt
floorfrontR,case227,data/floorfrontR/cases/case227.pt,3567795,ce6bd2bda59fa6b57451d86e3b145e6eb57664dc6ed96a71c16cfb8d88988630,data/floorfrontR/cases_201_300.zip,cases/case227.pt
floorfrontR,case228,data/floorfrontR/cases/case228.pt,3567795,a0ffa83a51e5143618073000b5da243ad2c4f7d07217215888fe66805591cd2f,data/floorfrontR/cases_201_300.zip,cases/case228.pt
floorfrontR,case229,data/floorfrontR/cases/case229.pt,3567795,61f47113b711bd5ef17faf9f1e88c2acc4346fdf7727617a282259c20e3a70b6,data/floorfrontR/cases_201_300.zip,cases/case229.pt
floorfrontR,case230,data/floorfrontR/cases/case230.pt,3567795,84842e2d94fa3e2f90abad41f18220cf537d8ee725261d10fede99fe17f08f7e,data/floorfrontR/cases_201_300.zip,cases/case230.pt
floorfrontR,case231,data/floorfrontR/cases/case231.pt,3567795,62dd220c4815189807868906ed05f7737c20757703ee3050600ff4a39df3c2b8,data/floorfrontR/cases_201_300.zip,cases/case231.pt
floorfrontR,case232,data/floorfrontR/cases/case232.pt,3567795,dda0532b022e3f663c214d9973473c36a38fb8941a59fc813e1a7bcda2b1a7b4,data/floorfrontR/cases_201_300.zip,cases/case232.pt
floorfrontR,case233,data/floorfrontR/cases/case233.pt,3567795,ff274f33d2f2e87f468ccd47d995519e1454c53545e7959a9ca841efea35604c,data/floorfrontR/cases_201_300.zip,cases/case233.pt
floorfrontR,case234,data/floorfrontR/cases/case234.pt,3567795,0e2c7f9f1b850ff0f5d5386635a3a73c54e9095e5a3e8f0e686dfade7584e071,data/floorfrontR/cases_201_300.zip,cases/case234.pt
floorfrontR,case235,data/floorfrontR/cases/case235.pt,3567795,7db42594c0bf0ca0ad69ebec57426638a8ee4874190058e4bf0afdb1a126af91,data/floorfrontR/cases_201_300.zip,cases/case235.pt
floorfrontR,case236,data/floorfrontR/cases/case236.pt,3567795,7ebf5cae29d2098941aba8631b5b063b96460283108267c8300ebece99c0148d,data/floorfrontR/cases_201_300.zip,cases/case236.pt
floorfrontR,case237,data/floorfrontR/cases/case237.pt,3567795,b54d0d1fe1e159966dec1ccea7f0d39fd00acc0a43e0a267c8fc8f871aac2032,data/floorfrontR/cases_201_300.zip,cases/case237.pt
floorfrontR,case238,data/floorfrontR/cases/case238.pt,3567795,f5c50e1d8e192df53243fa0f5f3c699f8355f8f6990b60ff02c3febda25a63cc,data/floorfrontR/cases_201_300.zip,cases/case238.pt
floorfrontR,case239,data/floorfrontR/cases/case239.pt,3567795,373f155c74d854aa8a72155710f1123ca2d7f64a2d3b155607a87be0ee5af03c,data/floorfrontR/cases_201_300.zip,cases/case239.pt
floorfrontR,case240,data/floorfrontR/cases/case240.pt,3567795,3263d74726e669a2a4f4860eef579ee41bc37501d196676bff6d58385829a295,data/floorfrontR/cases_201_300.zip,cases/case240.pt
floorfrontR,case241,data/floorfrontR/cases/case241.pt,3567795,5f218c5ddfb382c68c4da0cc7c1077f61e5d1982d45c8f8ef135351ecd84fe2f,data/floorfrontR/cases_201_300.zip,cases/case241.pt
floorfrontR,case242,data/floorfrontR/cases/case242.pt,3567795,2ac8b21caa72db509e170010d53f879011b6aaf047e135dba15861c7f9eef383,data/floorfrontR/cases_201_300.zip,cases/case242.pt
floorfrontR,case243,data/floorfrontR/cases/case243.pt,3567795,0208060e55399892bb05f42e29338127fa0a3375dad5f6aa0c76ade250c07467,data/floorfrontR/cases_201_300.zip,cases/case243.pt
floorfrontR,case244,data/floorfrontR/cases/case244.pt,3567795,33999cca923e9e16d7054333ae3263cd39bcab95fa8494d358f77d1c5a4f0e5a,data/floorfrontR/cases_201_300.zip,cases/case244.pt
floorfrontR,case245,data/floorfrontR/cases/case245.pt,3567795,cc04ac039e61888b7b7e9402ce9960a8743fbb0dcd937592257c3a028e282b38,data/floorfrontR/cases_201_300.zip,cases/case245.pt
floorfrontR,case246,data/floorfrontR/cases/case246.pt,3567795,af99fc0bb695c3be94cbf8a0409b956d87adc4807bcb6ddda247e5338f6bcd4f,data/floorfrontR/cases_201_300.zip,cases/case246.pt
floorfrontR,case247,data/floorfrontR/cases/case247.pt,3567795,3d9c43d5278365ce18f768c634f67b4453faf02e63ba899a1734a93b6b656246,data/floorfrontR/cases_201_300.zip,cases/case247.pt
floorfrontR,case248,data/floorfrontR/cases/case248.pt,3567795,52d2645d1b86847171ffc454c8a6f5ff41629e89cf1fea2cc9a38340481c1c14,data/floorfrontR/cases_201_300.zip,cases/case248.pt
floorfrontR,case249,data/floorfrontR/cases/case249.pt,3567795,5deaf495ad32a12957440a0736117b70811eff9506ba5e13394c89d464b2fb34,data/floorfrontR/cases_201_300.zip,cases/case249.pt
floorfrontR,case250,data/floorfrontR/cases/case250.pt,3567795,f44f16e83f915f278f598b67b97b4d30d8a74774f3cd196dbaf00ba79089e81e,data/floorfrontR/cases_201_300.zip,cases/case250.pt
floorfrontR,case251,data/floorfrontR/cases/case251.pt,3567795,3ba0d7d5e53070ea811de672ec3a609524c198994ee57b8a8b656530afa97512,data/floorfrontR/cases_201_300.zip,cases/case251.pt
floorfrontR,case252,data/floorfrontR/cases/case252.pt,3567795,6d2fb184d9d4b47eaf5ec441cb199f7597663a3873e7674729e9b1fbb291267f,data/floorfrontR/cases_201_300.zip,cases/case252.pt
floorfrontR,case253,data/floorfrontR/cases/case253.pt,3567795,c175b427eb19bbff68ccfd752179f0502cb9fc728747f68e923cccd9c18f126e,data/floorfrontR/cases_201_300.zip,cases/case253.pt
floorfrontR,case254,data/floorfrontR/cases/case254.pt,3567795,b412f8bd767d77c810775af4e606f954b0397f0b71b4775aa49e8f249619053f,data/floorfrontR/cases_201_300.zip,cases/case254.pt
floorfrontR,case255,data/floorfrontR/cases/case255.pt,3567795,c5d5c3c5944142c57900e53993e1add6da49dedc4961d8f32b9c2bfc7716ec00,data/floorfrontR/cases_201_300.zip,cases/case255.pt
floorfrontR,case256,data/floorfrontR/cases/case256.pt,3567795,8ce802098ad02d91944d99455d190cac56ac3a59b28c74496ecc5a6bc27bf69a,data/floorfrontR/cases_201_300.zip,cases/case256.pt
floorfrontR,case257,data/floorfrontR/cases/case257.pt,3567795,ffcffdf29506b6633a815166f1637322f06904f56c8b8e5e1e07e32aadae384b,data/floorfrontR/cases_201_300.zip,cases/case257.pt
floorfrontR,case258,data/floorfrontR/cases/case258.pt,3567795,b9dc706ec0f9d12d097f3e55e9610a3a350ce7e4682c5b17f9a62c528ab9d856,data/floorfrontR/cases_201_300.zip,cases/case258.pt
floorfrontR,case259,data/floorfrontR/cases/case259.pt,3567795,157adabaea9dae6c81c3e04156ddc8e0828a6baacb07a2c19cd2b4e5f8dc7ece,data/floorfrontR/cases_201_300.zip,cases/case259.pt
floorfrontR,case260,data/floorfrontR/cases/case260.pt,3567795,19c882866ea6697f60bf0d3a8d5e64f7dcf732adaf1187be4c7e3b854de141d8,data/floorfrontR/cases_201_300.zip,cases/case260.pt
floorfrontR,case261,data/floorfrontR/cases/case261.pt,3567795,b285ba32b6c3badb3bb618a2a03fa07428bedbe1f476af6ccb66eb7a8e2d3efd,data/floorfrontR/cases_201_300.zip,cases/case261.pt
floorfrontR,case262,data/floorfrontR/cases/case262.pt,3567795,c23c1ff186821439ae22fe3e63ec306afc48705c0441a34bfeb787445b3beb8f,data/floorfrontR/cases_201_300.zip,cases/case262.pt
floorfrontR,case263,data/floorfrontR/cases/case263.pt,3567795,825edf7659e8889d37dd1fc901df017448a88ff0debc94c2cdcc49270be706b4,data/floorfrontR/cases_201_300.zip,cases/case263.pt
floorfrontR,case264,data/floorfrontR/cases/case264.pt,3567795,6c487d052813da5ad1c93b86e1e07f0bd4f9b6b4a502f76f9145f7ef92a2ecaa,data/floorfrontR/cases_201_300.zip,cases/case264.pt
floorfrontR,case265,data/floorfrontR/cases/case265.pt,3567795,2faf61890dc50da46930bc4c202b15b060b5a4bfa6fb1e1d9ec8ad9b89763714,data/floorfrontR/cases_201_300.zip,cases/case265.pt
floorfrontR,case266,data/floorfrontR/cases/case266.pt,3567795,ccd75f9e9f3beb3889698dce46593869c276c9fefd943d761d29499892b49810,data/floorfrontR/cases_201_300.zip,cases/case266.pt
floorfrontR,case267,data/floorfrontR/cases/case267.pt,3567795,a61d94a4966624a9dc4467474a645a34ac37aefa81d7e1d5fecf1df67728d2db,data/floorfrontR/cases_201_300.zip,cases/case267.pt
floorfrontR,case268,data/floorfrontR/cases/case268.pt,3567795,1dfc2ff7e668d176678fcd7fbcbe1982e28bcea4a3b2d6b607fd6582d61ae794,data/floorfrontR/cases_201_300.zip,cases/case268.pt
floorfrontR,case269,data/floorfrontR/cases/case269.pt,3567795,c8a5edc652070195f7b451c6b54415e78af9b7751e54b22b6359ade74799ee53,data/floorfrontR/cases_201_300.zip,cases/case269.pt
floorfrontR,case270,data/floorfrontR/cases/case270.pt,3567795,18c94358585753567f26e991d93876706c45761e2790e07d125d5c0c41626ae8,data/floorfrontR/cases_201_300.zip,cases/case270.pt
floorfrontR,case271,data/floorfrontR/cases/case271.pt,3567795,13b1b88f8769c2a7b52990c613fe39c66313aff831523bd13af4e980a866f9ec,data/floorfrontR/cases_201_300.zip,cases/case271.pt
floorfrontR,case272,data/floorfrontR/cases/case272.pt,3567795,ac5553655c4ed70dcdf055372e3eec225c032de5a7e07ed9c61e0f2dbf71380a,data/floorfrontR/cases_201_300.zip,cases/case272.pt
floorfrontR,case273,data/floorfrontR/cases/case273.pt,3567795,bf978f2353c9ebd25fbf1fd70366ab0d9435fad72f4c8ebd7aacce53c6aa5bc1,data/floorfrontR/cases_201_300.zip,cases/case273.pt
floorfrontR,case274,data/floorfrontR/cases/case274.pt,3567795,84dea7bb46f0c2839044df947bace0d5b39057c510639d5a0923ef6d21851db1,data/floorfrontR/cases_201_300.zip,cases/case274.pt
floorfrontR,case275,data/floorfrontR/cases/case275.pt,3567795,8291b3edd8195f2a4b9304900d6f6ec1667618dc808403759ff76e481e1b58fd,data/floorfrontR/cases_201_300.zip,cases/case275.pt
floorfrontR,case276,data/floorfrontR/cases/case276.pt,3567795,0b77955f73de862ab5ad24c4169375139375a8f2826878b308e75a209606d697,data/floorfrontR/cases_201_300.zip,cases/case276.pt
floorfrontR,case277,data/floorfrontR/cases/case277.pt,3567795,49af34f9364f9bf88a2b4097c3fcb3b3d512ecce289c56f9d87bf607fbe4f717,data/floorfrontR/cases_201_300.zip,cases/case277.pt
floorfrontR,case278,data/floorfrontR/cases/case278.pt,3567795,b9fc472296d768a60a845d21b0f073967a989aada6f4e42cd837e57cd1609b75,data/floorfrontR/cases_201_300.zip,cases/case278.pt
floorfrontR,case279,data/floorfrontR/cases/case279.pt,3567795,a30239a8f1c8bc14062ef0a68dd057233d20e24097b0538a44708a4a4ec897f5,data/floorfrontR/cases_201_300.zip,cases/case279.pt
floorfrontR,case280,data/floorfrontR/cases/case280.pt,3567795,f235a1566114994d383ac6060ec65e540ef4d02346760708eb7ff9f9fee01748,data/floorfrontR/cases_201_300.zip,cases/case280.pt
floorfrontR,case281,data/floorfrontR/cases/case281.pt,3567795,443fa702a2d6ff65e8b5a32ecae382c6063a466e2fd273188e0bb927b7fa88fd,data/floorfrontR/cases_201_300.zip,cases/case281.pt
floorfrontR,case282,data/floorfrontR/cases/case282.pt,3567795,9ef34994d24659ea471c4547995d93267abda12408a79c0f8c086dc490f365df,data/floorfrontR/cases_201_300.zip,cases/case282.pt
floorfrontR,case283,data/floorfrontR/cases/case283.pt,3567795,2e1e91111c82996ae60d16ea9f9062d37cf1b8e0582ba242492997b8fd3d14e7,data/floorfrontR/cases_201_300.zip,cases/case283.pt
floorfrontR,case284,data/floorfrontR/cases/case284.pt,3567795,bd4fea07b93e66fa544f5fa448d394d74be42c0094182841c025ec4fdcf04ce7,data/floorfrontR/cases_201_300.zip,cases/case284.pt
floorfrontR,case285,data/floorfrontR/cases/case285.pt,3567795,57f0a8bf3d8afa650a4f71b48a131603b8abf4fb7d228b8f7bed3456c43ee7c6,data/floorfrontR/cases_201_300.zip,cases/case285.pt
floorfrontR,case286,data/floorfrontR/cases/case286.pt,3567795,74901739ceb5d768b41c02a6edc8592409df748acf2f2508be4f95ea0ef453ea,data/floorfrontR/cases_201_300.zip,cases/case286.pt
floorfrontR,case287,data/floorfrontR/cases/case287.pt,3567795,30acd93b443b8cd19d88385205d4a494dc0e8fc6be8dc723c0e087bb1f124406,data/floorfrontR/cases_201_300.zip,cases/case287.pt
floorfrontR,case288,data/floorfrontR/cases/case288.pt,3567795,943fd50d7e8ec6536bd206c3d43c4e7dbf645eb331bb814e305509b9f10c4119,data/floorfrontR/cases_201_300.zip,cases/case288.pt
floorfrontR,case289,data/floorfrontR/cases/case289.pt,3567795,6878bdbe7a726907045b877729a0a72dda0babb4dc80128d3107e1b0ceac6ec6,data/floorfrontR/cases_201_300.zip,cases/case289.pt
floorfrontR,case290,data/floorfrontR/cases/case290.pt,3567795,c584897612efa7f32d7724935684588ac19a3056ff818e71e102ac4fa971f294,data/floorfrontR/cases_201_300.zip,cases/case290.pt
floorfrontR,case291,data/floorfrontR/cases/case291.pt,3567795,585cf3fa46ee29f5d83633f08a4db7c518ab652b943f996a3fe9d14bb04788a5,data/floorfrontR/cases_201_300.zip,cases/case291.pt
floorfrontR,case292,data/floorfrontR/cases/case292.pt,3567795,da465f6550fbd48b8a8859b9a47ddbdb223777b55b7878a7a417b00f05e1d95f,data/floorfrontR/cases_201_300.zip,cases/case292.pt
floorfrontR,case293,data/floorfrontR/cases/case293.pt,3567795,ee21b5de414c66c06fc30a98ebc6215dc7e751bda0cc0aea8453b68e69e591b0,data/floorfrontR/cases_201_300.zip,cases/case293.pt
floorfrontR,case294,data/floorfrontR/cases/case294.pt,3567795,372a238b2a98aee6cb689ed4637e51d02a54b28b0dfa1078bb7944a69cfa6eea,data/floorfrontR/cases_201_300.zip,cases/case294.pt
floorfrontR,case295,data/floorfrontR/cases/case295.pt,3567795,a7e185a98a336b90fa2cb3d32817f17dd4c3638f52e3aeb1ec3af4133bd8f9a9,data/floorfrontR/cases_201_300.zip,cases/case295.pt
floorfrontR,case296,data/floorfrontR/cases/case296.pt,3567795,62f8d93ad94ac3a211c0617a55bae2137f94bad3b671060decc6a50435ce453c,data/floorfrontR/cases_201_300.zip,cases/case296.pt
floorfrontR,case297,data/floorfrontR/cases/case297.pt,3567795,ba7bbb89e34a8f0917001a618f82fdeee486ece78e99b0b2ff768278cfb431af,data/floorfrontR/cases_201_300.zip,cases/case297.pt
floorfrontR,case298,data/floorfrontR/cases/case298.pt,3567795,d3ef37fdb98fd48b68b739d5413f71c4100c79f30e56f7263f6e31fbcec7ef91,data/floorfrontR/cases_201_300.zip,cases/case298.pt
floorfrontR,case299,data/floorfrontR/cases/case299.pt,3567795,64a6ab552ff241ecf6aeedff333460d377588d99f83b19581b30970da051dae9,data/floorfrontR/cases_201_300.zip,cases/case299.pt
floorfrontR,case300,data/floorfrontR/cases/case300.pt,3567795,176e897b682df935cbab7d26f6ceae8e95979a33d131f980512c7bc850357a4f,data/floorfrontR/cases_201_300.zip,cases/case300.pt
floorfrontR,case301,data/floorfrontR/cases/case301.pt,3567795,2315f0603436d24784ef972310311763a395b8808f111070288e0ad6f473ffff,data/floorfrontR/cases_301_400.zip,cases/case301.pt
floorfrontR,case302,data/floorfrontR/cases/case302.pt,3567795,fbe1945ac8167fa8752639e1010c324df0afeed41dd5aa7f05c961dca1efd5ce,data/floorfrontR/cases_301_400.zip,cases/case302.pt
floorfrontR,case303,data/floorfrontR/cases/case303.pt,3567795,8e6d84469dd410b54c784cfdedb503e0957d85d6c137f989aa1213b991d14f32,data/floorfrontR/cases_301_400.zip,cases/case303.pt
floorfrontR,case304,data/floorfrontR/cases/case304.pt,3567795,253bd840c8a649adfa514f53f4fea0bfcaf4212e12b3e570030aca88e5bd7ad3,data/floorfrontR/cases_301_400.zip,cases/case304.pt
floorfrontR,case305,data/floorfrontR/cases/case305.pt,3567795,6fa391cc1d9cb775ab907bc014364e0d296750afcb7836bb7d2e26d62e730433,data/floorfrontR/cases_301_400.zip,cases/case305.pt
floorfrontR,case306,data/floorfrontR/cases/case306.pt,3567795,c3e9cf8b85766f11a689ad7f2bbdd973fb9cb5c1e13d872ce9538e84daf0851c,data/floorfrontR/cases_301_400.zip,cases/case306.pt
floorfrontR,case307,data/floorfrontR/cases/case307.pt,3567795,a87b14aed6e12b6f388560da70c16731e2e8f5f86f938eabab27e074dbbc9e05,data/floorfrontR/cases_301_400.zip,cases/case307.pt
floorfrontR,case308,data/floorfrontR/cases/case308.pt,3567795,2edf44568de098ba6f4ce837a57b3b6c773b428d8af31d40da24b4e7ddeb872b,data/floorfrontR/cases_301_400.zip,cases/case308.pt
floorfrontR,case309,data/floorfrontR/cases/case309.pt,3567795,d0905d2792ef7ba2eb9346f5ca098f1eeb0d5c9c80fc5a7671486539984e151b,data/floorfrontR/cases_301_400.zip,cases/case309.pt
floorfrontR,case310,data/floorfrontR/cases/case310.pt,3567795,9149e66ef5d15cd8f9beed1c198550f83b48ff4ff041d4a6faf1887f5a8f289c,data/floorfrontR/cases_301_400.zip,cases/case310.pt
floorfrontR,case311,data/floorfrontR/cases/case311.pt,3567795,21d4748c1daa7a81f734f0bf8fa1f699cb8804dda7a41cb7bd43db6686e46acc,data/floorfrontR/cases_301_400.zip,cases/case311.pt
floorfrontR,case312,data/floorfrontR/cases/case312.pt,3567795,544e602e57c61c22367e762b35414458aa613473289867f34ca578ace4002daa,data/floorfrontR/cases_301_400.zip,cases/case312.pt
floorfrontR,case313,data/floorfrontR/cases/case313.pt,3567795,46b6ca1a6c3317d67eb9daa50a90e6555f46601d59ddfded57cbbff61ea533cf,data/floorfrontR/cases_301_400.zip,cases/case313.pt
floorfrontR,case314,data/floorfrontR/cases/case314.pt,3567795,a4f8234b539f78f5750afc83068582053fcaa6a1279c38d6ff2a88f6d38343e9,data/floorfrontR/cases_301_400.zip,cases/case314.pt
floorfrontR,case315,data/floorfrontR/cases/case315.pt,3567795,3d1a2531414249f95de91ebe619f4eb81ae3fb3f33feaf9398dc99616bba2f42,data/floorfrontR/cases_301_400.zip,cases/case315.pt
floorfrontR,case316,data/floorfrontR/cases/case316.pt,3567795,9cb37f9aca2e6cb1878d2a556236b55755fa5fb9b72f45b2495f6cb9715d1c6f,data/floorfrontR/cases_301_400.zip,cases/case316.pt
floorfrontR,case317,data/floorfrontR/cases/case317.pt,3567795,73f4edd79a2d23bf9fc91a463a8a00434de11075b77ba2e5c3f0b6c8ab81d069,data/floorfrontR/cases_301_400.zip,cases/case317.pt
floorfrontR,case318,data/floorfrontR/cases/case318.pt,3567795,6e18e118ab6951bed8b2e1372cdc6d34fbc1b6bb70f8eefcd2cfa526433cda18,data/floorfrontR/cases_301_400.zip,cases/case318.pt
floorfrontR,case319,data/floorfrontR/cases/case319.pt,3567795,43c0f90dc7ce96c82d7b28b7d9e44eb942cf9ec69433e4b754d8a99efa178fd2,data/floorfrontR/cases_301_400.zip,cases/case319.pt
floorfrontR,case320,data/floorfrontR/cases/case320.pt,3567795,ccb2bd4021d80f630283387158b38e95bdde270b407928a306a26be674cdac33,data/floorfrontR/cases_301_400.zip,cases/case320.pt
floorfrontR,case321,data/floorfrontR/cases/case321.pt,3567795,add0401084cb171bf6a187575212659684d33efd31c10081e1a9ad9b26eced03,data/floorfrontR/cases_301_400.zip,cases/case321.pt
floorfrontR,case322,data/floorfrontR/cases/case322.pt,3567795,e5a43144643ece1640dbdef1d58f6ace4c058c198fb60db2168e3e87d051514a,data/floorfrontR/cases_301_400.zip,cases/case322.pt
floorfrontR,case323,data/floorfrontR/cases/case323.pt,3567795,ceb105f4ee8decc9d3343d1e6e76b460b8fb7a5917b757d651cc87f31a71707c,data/floorfrontR/cases_301_400.zip,cases/case323.pt
floorfrontR,case324,data/floorfrontR/cases/case324.pt,3567795,b2d85f8653fa4bad72feafeabcc32930014a3b90323c1c74f0fe70457d140e5e,data/floorfrontR/cases_301_400.zip,cases/case324.pt
floorfrontR,case325,data/floorfrontR/cases/case325.pt,3567795,4e46b8ed7ed11694d1c11d8718c42f6f3b1aebd2db44700b87387935fb8aa205,data/floorfrontR/cases_301_400.zip,cases/case325.pt
floorfrontR,case326,data/floorfrontR/cases/case326.pt,3567795,d47defe557569e3042c8fb254b29308d50df30a28d1ff1c129649d857a365f8a,data/floorfrontR/cases_301_400.zip,cases/case326.pt
floorfrontR,case327,data/floorfrontR/cases/case327.pt,3567795,1d7638c76d77694c2c2264e5112b0bb6b1ebedaefef0d3f2682251e62b0cc6cf,data/floorfrontR/cases_301_400.zip,cases/case327.pt
floorfrontR,case328,data/floorfrontR/cases/case328.pt,3567795,8b15517e1eb8b176a7865289be209d58d47e4ec430735e77891026e48225770b,data/floorfrontR/cases_301_400.zip,cases/case328.pt
floorfrontR,case329,data/floorfrontR/cases/case329.pt,3567795,ee5564a9b0d296092f055ee90dd611c509838bb69d6e3e177ee7ac4273c263fb,data/floorfrontR/cases_301_400.zip,cases/case329.pt
floorfrontR,case330,data/floorfrontR/cases/case330.pt,3567795,dafc22b38363a0519d062d17c5f2afc7775a79b7c901372feec49dce61ed0078,data/floorfrontR/cases_301_400.zip,cases/case330.pt
floorfrontR,case331,data/floorfrontR/cases/case331.pt,3567795,03ae8c159d0dc7f95dc2637ea23d935dd55af18fbe6eeceff33e226b604d92c9,data/floorfrontR/cases_301_400.zip,cases/case331.pt
floorfrontR,case332,data/floorfrontR/cases/case332.pt,3567795,a9810096d8fc1a1da9f11ba0bdd42c9fc801f71901c4e6f6a63fcdab0c3f51fb,data/floorfrontR/cases_301_400.zip,cases/case332.pt
floorfrontR,case333,data/floorfrontR/cases/case333.pt,3567795,201ac14ffb641a3d4a6915513791266805a1af57f2db38e15a9a8ca2c9a8da40,data/floorfrontR/cases_301_400.zip,cases/case333.pt
floorfrontR,case334,data/floorfrontR/cases/case334.pt,3567795,8e583b8f99f0484490c9bcfa36c7e985db9e542a8ea1bfaf33218fabf0d00fb0,data/floorfrontR/cases_301_400.zip,cases/case334.pt
floorfrontR,case335,data/floorfrontR/cases/case335.pt,3567795,c96828c3839703902f2a3018cef983322492a49e22014bf11912c823e26749f8,data/floorfrontR/cases_301_400.zip,cases/case335.pt
floorfrontR,case336,data/floorfrontR/cases/case336.pt,3567795,c2495e2e1099b6c4a4532d3eb289e8aef58add903e48ad0b597a61ac68f3383d,data/floorfrontR/cases_301_400.zip,cases/case336.pt
floorfrontR,case337,data/floorfrontR/cases/case337.pt,3567795,22b632fdb799cc56386de5b10a339dba3975f328be5948bd71a5f365fd23d185,data/floorfrontR/cases_301_400.zip,cases/case337.pt
floorfrontR,case338,data/floorfrontR/cases/case338.pt,3567795,fa9a235dc7307bc1c065964efb969f45d98bd62705248800568d8f9363e9c192,data/floorfrontR/cases_301_400.zip,cases/case338.pt
floorfrontR,case339,data/floorfrontR/cases/case339.pt,3567795,fea07669c1b829eebe154f2aa62e3f8e57c73d2b3452d64e83ccac06cb488f23,data/floorfrontR/cases_301_400.zip,cases/case339.pt
floorfrontR,case340,data/floorfrontR/cases/case340.pt,3567795,5a25b7d59fe5dd4607d0c7c41271dcca1ce934e63873e2b03065f2e53512c6b0,data/floorfrontR/cases_301_400.zip,cases/case340.pt
floorfrontR,case341,data/floorfrontR/cases/case341.pt,3567795,ab48502c6c2712672c8b76fd8ce3e015fa1404864f6c275f2f2a68bac674fce0,data/floorfrontR/cases_301_400.zip,cases/case341.pt
floorfrontR,case342,data/floorfrontR/cases/case342.pt,3567795,8a3445fe8350a908e4fdb91b3744275e206061c0496e6bf86168040232d20007,data/floorfrontR/cases_301_400.zip,cases/case342.pt
floorfrontR,case343,data/floorfrontR/cases/case343.pt,3567795,c99f7e7d0cc89688f79cdcc55198c86f14214efbf73f0ca1c64197a5ffdc79eb,data/floorfrontR/cases_301_400.zip,cases/case343.pt
floorfrontR,case344,data/floorfrontR/cases/case344.pt,3567795,aadbcf039aa79234918c2853954fec500a9accde58b177d1fa7d57d6c0b2d8a7,data/floorfrontR/cases_301_400.zip,cases/case344.pt
floorfrontR,case345,data/floorfrontR/cases/case345.pt,3567795,6e02c94db6c63a9267ef196949150392cf3016fc4b6eec96f72141b4ff02eda6,data/floorfrontR/cases_301_400.zip,cases/case345.pt
floorfrontR,case346,data/floorfrontR/cases/case346.pt,3567795,4cafa756dd0e50ea06f71c0b94a92704e1c8789ed18d30578a791ef84c92c89d,data/floorfrontR/cases_301_400.zip,cases/case346.pt
floorfrontR,case347,data/floorfrontR/cases/case347.pt,3567795,186dff577dc5013db37a1582fdc99b3750ad9548b97bde294f0328f155732a0f,data/floorfrontR/cases_301_400.zip,cases/case347.pt
floorfrontR,case348,data/floorfrontR/cases/case348.pt,3567795,9f942900a925078cf5ecae4fd25ccf804509e2961e724f377a8326b0faa59a94,data/floorfrontR/cases_301_400.zip,cases/case348.pt
floorfrontR,case349,data/floorfrontR/cases/case349.pt,3567795,db6eed0124dd8000d622fda87405c9ba45ee73c1e2d5e97d372fdd5f7609f80f,data/floorfrontR/cases_301_400.zip,cases/case349.pt
floorfrontR,case350,data/floorfrontR/cases/case350.pt,3567795,2adca33af9b811823fdea7cc66d865b5b941b80d47c526e98fe1105a9f2b557c,data/floorfrontR/cases_301_400.zip,cases/case350.pt
floorfrontR,case351,data/floorfrontR/cases/case351.pt,3567795,38101323d5460c656e20d9b963007eccedfdac9958f84072c962b8ad8dd975dd,data/floorfrontR/cases_301_400.zip,cases/case351.pt
floorfrontR,case352,data/floorfrontR/cases/case352.pt,3567795,b6b1d638943907d0b8a5c27aaca43ec9be5e7d549271b7e3ff84327066976c0a,data/floorfrontR/cases_301_400.zip,cases/case352.pt
floorfrontR,case353,data/floorfrontR/cases/case353.pt,3567795,4b673e0770c16e88c231e3bc0911918d63aa9b48bf60df64eab2bec4100fa1bf,data/floorfrontR/cases_301_400.zip,cases/case353.pt
floorfrontR,case354,data/floorfrontR/cases/case354.pt,3567795,e864ffaf303d71614ee068a98e5561373672e1235348d04d4ec757372e92651b,data/floorfrontR/cases_301_400.zip,cases/case354.pt
floorfrontR,case355,data/floorfrontR/cases/case355.pt,3567795,a20d94233b431970e54e9c50de299dbb40f4b986b7399f4b59f20ac401fb2223,data/floorfrontR/cases_301_400.zip,cases/case355.pt
floorfrontR,case356,data/floorfrontR/cases/case356.pt,3567795,c474d748a0c1c9c24cbc5b7c401b9e25b2f735f7b00ea583b1f362122c74716f,data/floorfrontR/cases_301_400.zip,cases/case356.pt
floorfrontR,case357,data/floorfrontR/cases/case357.pt,3567795,5aa7efe5f981279e8b6b976a2b8aba747d1e0afefca26c0c6a91ff0fc5f8fa41,data/floorfrontR/cases_301_400.zip,cases/case357.pt
floorfrontR,case358,data/floorfrontR/cases/case358.pt,3567795,743642d23acaf2b016b76b2488a476db1c5106e498c277431e58cb76b129852e,data/floorfrontR/cases_301_400.zip,cases/case358.pt
floorfrontR,case359,data/floorfrontR/cases/case359.pt,3567795,b225dd83a7b8e93c0405b6001b5bc5e091f211c221b5f9b441a05b61c5d706b2,data/floorfrontR/cases_301_400.zip,cases/case359.pt
floorfrontR,case360,data/floorfrontR/cases/case360.pt,3567795,7db084e203c8d421a2c2032b2356cf1e187134ef4386f0473071d8f863d12856,data/floorfrontR/cases_301_400.zip,cases/case360.pt
floorfrontR,case361,data/floorfrontR/cases/case361.pt,3567795,3b800846b3527803b15438b113068a7bbf8cad3ae5f011e2e0d5062c3bf500ab,data/floorfrontR/cases_301_400.zip,cases/case361.pt
floorfrontR,case362,data/floorfrontR/cases/case362.pt,3567795,d5a13128a72871f458eadd81d536d8c22e362c255d4c5e014bd20728d8186416,data/floorfrontR/cases_301_400.zip,cases/case362.pt
floorfrontR,case363,data/floorfrontR/cases/case363.pt,3567795,2f33e25024b9085e0fe1356d8e9982fbaa5f27685f2cfc9b9d39316c4c310917,data/floorfrontR/cases_301_400.zip,cases/case363.pt
floorfrontR,case364,data/floorfrontR/cases/case364.pt,3567795,7affbddacfd18a99a0a6e6c1fde67edb6a63ea167690ec8746c72262b3c7d265,data/floorfrontR/cases_301_400.zip,cases/case364.pt
floorfrontR,case365,data/floorfrontR/cases/case365.pt,3567795,b7108e264552b97f07630e3c09a53b45d02b2af0e924d9c8e603bdf85e836e8e,data/floorfrontR/cases_301_400.zip,cases/case365.pt
floorfrontR,case366,data/floorfrontR/cases/case366.pt,3567795,27cd70e8df8e9d087bf70ebac31c582d2fcc971bb30762dbe17bf37724c216c7,data/floorfrontR/cases_301_400.zip,cases/case366.pt
floorfrontR,case367,data/floorfrontR/cases/case367.pt,3567795,a448464d2d88766f616a95c9ce1757ea107f16496403cd088a372bf5366f2ba3,data/floorfrontR/cases_301_400.zip,cases/case367.pt
floorfrontR,case368,data/floorfrontR/cases/case368.pt,3567795,00fc6f631ff3ead008fb4cff03603c937cdfbce77c25e2682c5d4cb0c1c9f068,data/floorfrontR/cases_301_400.zip,cases/case368.pt
floorfrontR,case369,data/floorfrontR/cases/case369.pt,3567795,e5ed77df519e9cbdab034704dfcebf7d65567540806369ba20f62e677a053230,data/floorfrontR/cases_301_400.zip,cases/case369.pt
floorfrontR,case370,data/floorfrontR/cases/case370.pt,3567795,d81ce998b56f3c10c7071768918afbb6f347771895fd267563c9f8a2c6aa352e,data/floorfrontR/cases_301_400.zip,cases/case370.pt
floorfrontR,case371,data/floorfrontR/cases/case371.pt,3567795,9257a0be4fcd00f6a8f8485de48f78f9684e3d8b3355c4ca42a20d5407d41bb7,data/floorfrontR/cases_301_400.zip,cases/case371.pt
floorfrontR,case372,data/floorfrontR/cases/case372.pt,3567795,f7b2cb372b56ad72f62c8b5b8dcab2fe29d25445b6115dcd6f8ddbe66b466749,data/floorfrontR/cases_301_400.zip,cases/case372.pt
floorfrontR,case373,data/floorfrontR/cases/case373.pt,3567795,186d6e5d1d3929461d3e25d68a9dc6e7f2b6be60731e631f9e8445060a51392f,data/floorfrontR/cases_301_400.zip,cases/case373.pt
floorfrontR,case374,data/floorfrontR/cases/case374.pt,3567795,e7aaf0120fc1cd2b9d6763c1c1188ff712a63ded25b9ded9c5fc65f791616737,data/floorfrontR/cases_301_400.zip,cases/case374.pt
floorfrontR,case375,data/floorfrontR/cases/case375.pt,3567795,6f13fb8ef4501e87c55c25128e0b2527245458226b8539e50ff593cbd9675a18,data/floorfrontR/cases_301_400.zip,cases/case375.pt
floorfrontR,case376,data/floorfrontR/cases/case376.pt,3567795,3c4787888b586a364a4a1d29ba54b6be046957f7c0c9f631ac4acc647209bb94,data/floorfrontR/cases_301_400.zip,cases/case376.pt
floorfrontR,case377,data/floorfrontR/cases/case377.pt,3567795,963898a6c871d5c6b00380a93d82069485f95aa1858f75b387046fa1b35f0173,data/floorfrontR/cases_301_400.zip,cases/case377.pt
floorfrontR,case378,data/floorfrontR/cases/case378.pt,3567795,10575d9ee4f11207b3ae9c67c55e49d5f483ba9c8bcd8a86deef5ec4f56089d7,data/floorfrontR/cases_301_400.zip,cases/case378.pt
floorfrontR,case379,data/floorfrontR/cases/case379.pt,3567795,8250f9dedf98de3d31a9b38726c4ffea6358d0f7daceba719161f423175b1eed,data/floorfrontR/cases_301_400.zip,cases/case379.pt
floorfrontR,case380,data/floorfrontR/cases/case380.pt,3567795,9734c23d86335ddb2fa1d751165bd72221b6b3ef40c4ae6f7867fff31b606692,data/floorfrontR/cases_301_400.zip,cases/case380.pt
floorfrontR,case381,data/floorfrontR/cases/case381.pt,3567795,66a4d53679472babe7f5ce9a2c5e8640718eadbe49265d0601024370a7f5f0d0,data/floorfrontR/cases_301_400.zip,cases/case381.pt
floorfrontR,case382,data/floorfrontR/cases/case382.pt,3567795,a8a9609877755d4d8b47176e0cf0e6ade1857045cabe786095e96ffaa0db5e85,data/floorfrontR/cases_301_400.zip,cases/case382.pt
floorfrontR,case383,data/floorfrontR/cases/case383.pt,3567795,06719c99273e718a8d728ad7e459b61755d56dd9ae9c49b5e65cca97d87ab975,data/floorfrontR/cases_301_400.zip,cases/case383.pt
floorfrontR,case384,data/floorfrontR/cases/case384.pt,3567795,a7f91deb2a04874b8a6b78b0720cb5506d01d2dd290e4a15af9a89279537e16f,data/floorfrontR/cases_301_400.zip,cases/case384.pt
floorfrontR,case385,data/floorfrontR/cases/case385.pt,3567795,ff6e96c5423de8bf397dd9f678dd605f6a91b940913c9c4aca573013bc7c012d,data/floorfrontR/cases_301_400.zip,cases/case385.pt
floorfrontR,case386,data/floorfrontR/cases/case386.pt,3567795,9b05a5d028ff704144c51dedec21927f8a9de98dd60e6e89dcaf13d1732d4e77,data/floorfrontR/cases_301_400.zip,cases/case386.pt
floorfrontR,case387,data/floorfrontR/cases/case387.pt,3567795,f4bbc261ab4b3af0cb051fcc1f8fa937bb5962035c1cd5aa06abebf60c11a419,data/floorfrontR/cases_301_400.zip,cases/case387.pt
floorfrontR,case388,data/floorfrontR/cases/case388.pt,3567795,718e525a3ee56b7e8839e87ce078c0bc834a3bb4d7f233ebcc74f108e35877ea,data/floorfrontR/cases_301_400.zip,cases/case388.pt
floorfrontR,case389,data/floorfrontR/cases/case389.pt,3567795,bf5be6e292df979529a09b8b535eea1cd5b5a4737a71bdb09520d83854839dcf,data/floorfrontR/cases_301_400.zip,cases/case389.pt
floorfrontR,case390,data/floorfrontR/cases/case390.pt,3567795,5a1e6bce08d7e86fa7fb300a314be9844c944513988d3d3dcf4d4350fa524dc6,data/floorfrontR/cases_301_400.zip,cases/case390.pt
floorfrontR,case391,data/floorfrontR/cases/case391.pt,3567795,cc2a4af0dac1630ee53cfb6fbba8fa465421760cdf25a55154d00135f8a4d459,data/floorfrontR/cases_301_400.zip,cases/case391.pt
floorfrontR,case392,data/floorfrontR/cases/case392.pt,3567795,c9530c58d631433b63cac2ac3d8de5787adf0ea9e84de7f61ba742287dcf0b4f,data/floorfrontR/cases_301_400.zip,cases/case392.pt
floorfrontR,case393,data/floorfrontR/cases/case393.pt,3567795,a94002a33efc14c10b604a5edd037bc8978f124a588e71db9b5ec91fe6cb66b2,data/floorfrontR/cases_301_400.zip,cases/case393.pt
floorfrontR,case394,data/floorfrontR/cases/case394.pt,3567795,e9086315685bcbd7cf36be5595ef290b3571ce9759a204a5e00945329e7703c6,data/floorfrontR/cases_301_400.zip,cases/case394.pt
floorfrontR,case395,data/floorfrontR/cases/case395.pt,3567795,b78553ef6e91bad79079470f090ae201a51488aa43b558f04e511e1b35f34ed0,data/floorfrontR/cases_301_400.zip,cases/case395.pt
floorfrontR,case396,data/floorfrontR/cases/case396.pt,3567795,e09e7ed04fa8d25860db9117140de087c5f6f0b3e31b6aae64c835de3335d978,data/floorfrontR/cases_301_400.zip,cases/case396.pt
floorfrontR,case397,data/floorfrontR/cases/case397.pt,3567795,fa9ab86d4341328c4a57ec8571eb2d42791b97f5dc5787191e89b6056c5d1200,data/floorfrontR/cases_301_400.zip,cases/case397.pt
floorfrontR,case398,data/floorfrontR/cases/case398.pt,3567795,cde341258f8dd3543e3bf37a5d330005b6987a6acaa205f1bed8d09c77d40662,data/floorfrontR/cases_301_400.zip,cases/case398.pt
floorfrontR,case399,data/floorfrontR/cases/case399.pt,3567795,1ae232311af8cef4bab82d6966eb6cb6363c8dcbb6eb8bd0d127975f3e3fa883,data/floorfrontR/cases_301_400.zip,cases/case399.pt
floorfrontR,case400,data/floorfrontR/cases/case400.pt,3567795,6dd439765b64294316d035117b590cf69659cd0741bf3e4dbdd927267e91a0f6,data/floorfrontR/cases_301_400.zip,cases/case400.pt
floorfrontR,case401,data/floorfrontR/cases/case401.pt,3567795,66d8b1481c90178798eab3bfa980c17a3f9a64d10dc780858c5c8b95f8ab5174,data/floorfrontR/cases_401_500.zip,cases/case401.pt
floorfrontR,case402,data/floorfrontR/cases/case402.pt,3567795,5269ddf6cfb0b214b80dd4c4c8d452f8d32cb02bc94dcd0a0e15a26cc6697ddd,data/floorfrontR/cases_401_500.zip,cases/case402.pt
floorfrontR,case403,data/floorfrontR/cases/case403.pt,3567795,388792eae2207adcaf2555cc9652ffbd6b211f44b7b6ccf546c45d284a0a79cb,data/floorfrontR/cases_401_500.zip,cases/case403.pt
floorfrontR,case404,data/floorfrontR/cases/case404.pt,3567795,ee81e6063eb7a6f01d07107e8399b7d7a9276838f8ff6a75981dc8b6c4bd7f91,data/floorfrontR/cases_401_500.zip,cases/case404.pt
floorfrontR,case405,data/floorfrontR/cases/case405.pt,3567795,8de8852ebb812499d9eb13094a5d6c9fe115572d9884769f2ac8a7a0c3974459,data/floorfrontR/cases_401_500.zip,cases/case405.pt
floorfrontR,case406,data/floorfrontR/cases/case406.pt,3567795,6a30bc96ce8f1a4a783516a19f1b03c7a58b5e40e160cbd6c22e3c6fa78c4ddc,data/floorfrontR/cases_401_500.zip,cases/case406.pt
floorfrontR,case407,data/floorfrontR/cases/case407.pt,3567795,fa76df4f4eacf0aca8c73cdb7fdf286b7a99167470e9db7d8777be52f3a033d3,data/floorfrontR/cases_401_500.zip,cases/case407.pt
floorfrontR,case408,data/floorfrontR/cases/case408.pt,3567795,ebb1cc06f0d5de4fcc4ab19df3afaa394d5dc5add6f618cb898dda140bd45ca9,data/floorfrontR/cases_401_500.zip,cases/case408.pt
floorfrontR,case409,data/floorfrontR/cases/case409.pt,3567795,e5867c83909f5a3d80f5d748068ff222ad6d21274c247d7d84943190c2ec6f39,data/floorfrontR/cases_401_500.zip,cases/case409.pt
floorfrontR,case410,data/floorfrontR/cases/case410.pt,3567795,dd691612f6fdc2785fac860c039f2351d91eeae7579efb41f86852ad6f986321,data/floorfrontR/cases_401_500.zip,cases/case410.pt
floorfrontR,case411,data/floorfrontR/cases/case411.pt,3567795,cd5d2b61317670e1ddce0dc074809e7182dd4c71ccfb51e5cb4285f77e567354,data/floorfrontR/cases_401_500.zip,cases/case411.pt
floorfrontR,case412,data/floorfrontR/cases/case412.pt,3567795,914708061f75f1853be67837fb8467fcfd79447a49c15839c173b45fb86b8ebf,data/floorfrontR/cases_401_500.zip,cases/case412.pt
floorfrontR,case413,data/floorfrontR/cases/case413.pt,3567795,979a796cf4aedc5fac73aaa53810b24f8ae3fc533b77d608e4ff64e723dac7e5,data/floorfrontR/cases_401_500.zip,cases/case413.pt
floorfrontR,case414,data/floorfrontR/cases/case414.pt,3567795,651148f6e3b4d3b12d3c2c42e742b6dcef8974b64ee0a672e02c5a805c86f37c,data/floorfrontR/cases_401_500.zip,cases/case414.pt
floorfrontR,case415,data/floorfrontR/cases/case415.pt,3567795,546eb0b97bf0f2df3314221ef8a6e30de976f21627e38771368983388f8571aa,data/floorfrontR/cases_401_500.zip,cases/case415.pt
floorfrontR,case416,data/floorfrontR/cases/case416.pt,3567795,319a73499abf0d705582833d017b6d28a375abfd8fa365aad534672d9b175bda,data/floorfrontR/cases_401_500.zip,cases/case416.pt
floorfrontR,case417,data/floorfrontR/cases/case417.pt,3567795,c4e2258612aeb302aea7983292fba1e7475ba3bd309a79fe6b3a3bfd41a217c0,data/floorfrontR/cases_401_500.zip,cases/case417.pt
floorfrontR,case418,data/floorfrontR/cases/case418.pt,3567795,6b5e0603e4ae4c92a312d6a88567063484276ff63ba45bd78a2eb3feacb6f3ef,data/floorfrontR/cases_401_500.zip,cases/case418.pt
floorfrontR,case419,data/floorfrontR/cases/case419.pt,3567795,cdb26df3e7d62fcabb8a7df347689156f200e4e6f4491964cc34c90543a7705c,data/floorfrontR/cases_401_500.zip,cases/case419.pt
floorfrontR,case420,data/floorfrontR/cases/case420.pt,3567795,809f78ba5d77bb9f42f4e3c4b053a7e6c39772dd242b00c4293eee3894051152,data/floorfrontR/cases_401_500.zip,cases/case420.pt
floorfrontR,case421,data/floorfrontR/cases/case421.pt,3567795,fb642c6e9083f954f1ea8f7211faed6f084e92de46bf5c2c72f155d55c40469a,data/floorfrontR/cases_401_500.zip,cases/case421.pt
floorfrontR,case422,data/floorfrontR/cases/case422.pt,3567795,f7a21b6dc016c3ab0b6892d99fd3144dd484364033fa6c738fce09bd9a6c2560,data/floorfrontR/cases_401_500.zip,cases/case422.pt
floorfrontR,case423,data/floorfrontR/cases/case423.pt,3567795,76b7a8d6b4e315a93c3fb8f0bdc4ca346b21bb9e694237fcf9403e8dfac18e01,data/floorfrontR/cases_401_500.zip,cases/case423.pt
floorfrontR,case424,data/floorfrontR/cases/case424.pt,3567795,42f2dca6a327612ed3d339e1db9c184087dd791d5f9b2d8589d5398d2bbbe011,data/floorfrontR/cases_401_500.zip,cases/case424.pt
floorfrontR,case425,data/floorfrontR/cases/case425.pt,3567795,20e6038b883d4586018dc832cc3a149e6ce0fa8024572a9158460e258199d7ca,data/floorfrontR/cases_401_500.zip,cases/case425.pt
floorfrontR,case426,data/floorfrontR/cases/case426.pt,3567795,e8541dc131a75df12de5828f9e3c49ecb238848ed46186399659018b1cd856c5,data/floorfrontR/cases_401_500.zip,cases/case426.pt
floorfrontR,case427,data/floorfrontR/cases/case427.pt,3567795,c6be901488d469b92b6c47927da30429cede540b158858ca9555c18398c2a048,data/floorfrontR/cases_401_500.zip,cases/case427.pt
floorfrontR,case428,data/floorfrontR/cases/case428.pt,3567795,752c836ac2b8138da700dfcedee785fb97405e68b50a63093381992f73e7b0a6,data/floorfrontR/cases_401_500.zip,cases/case428.pt
floorfrontR,case429,data/floorfrontR/cases/case429.pt,3567795,42cc0effc5eeeefc5a6012f3d2e2f9ffd0d6935765df374fb979bad16704945b,data/floorfrontR/cases_401_500.zip,cases/case429.pt
floorfrontR,case430,data/floorfrontR/cases/case430.pt,3567795,75a32c4132f6012e0cebce7544661b55c0563e1e2c8bf22c7d9739587ba8ec88,data/floorfrontR/cases_401_500.zip,cases/case430.pt
floorfrontR,case431,data/floorfrontR/cases/case431.pt,3567795,4b1c15472b424d8c1497c9ebc0eb0c5bbfc6491e45fcd84026ca0949da961099,data/floorfrontR/cases_401_500.zip,cases/case431.pt
floorfrontR,case432,data/floorfrontR/cases/case432.pt,3567795,3648bcb90783dce05839959fdf5546339a9a883d0239c56833c330a4b10b5a60,data/floorfrontR/cases_401_500.zip,cases/case432.pt
floorfrontR,case433,data/floorfrontR/cases/case433.pt,3567795,3ebe2a4f91623a44e926ac7dd368a6da6b3c28e9c65c14e0ae381c7e018f4fbe,data/floorfrontR/cases_401_500.zip,cases/case433.pt
floorfrontR,case434,data/floorfrontR/cases/case434.pt,3567795,e9da095cb38991c634713d844e381bef7fa3c17314b0a52d5d24a35999dd1103,data/floorfrontR/cases_401_500.zip,cases/case434.pt
floorfrontR,case435,data/floorfrontR/cases/case435.pt,3567795,07586c835a9efef72f727faddb5e67f022d5a373ec53b4cfd26a0c249be57e1e,data/floorfrontR/cases_401_500.zip,cases/case435.pt
floorfrontR,case436,data/floorfrontR/cases/case436.pt,3567795,78337caed4bc781c7ca7daa3608428b6bb73c35a62475d0e82b2ecf53abf1e83,data/floorfrontR/cases_401_500.zip,cases/case436.pt
floorfrontR,case437,data/floorfrontR/cases/case437.pt,3567795,0e3ffa18061277fb5a7162be9018094446c100c19170cc10024db2d3dac00525,data/floorfrontR/cases_401_500.zip,cases/case437.pt
floorfrontR,case438,data/floorfrontR/cases/case438.pt,3567795,4f7b82c7e4ac7ef22f1df0b6e93571f228fb2dc63981118e296e081e1a4fc87b,data/floorfrontR/cases_401_500.zip,cases/case438.pt
floorfrontR,case439,data/floorfrontR/cases/case439.pt,3567795,bb4594c0f437eadb72710cb2430bc6ff407291e613841238ab87442015caa7de,data/floorfrontR/cases_401_500.zip,cases/case439.pt
floorfrontR,case440,data/floorfrontR/cases/case440.pt,3567795,27edae9b4b8882a2b6066cc422fc8bc455b29c1fafd0a0c083a1a37a49eac0fa,data/floorfrontR/cases_401_500.zip,cases/case440.pt
floorfrontR,case441,data/floorfrontR/cases/case441.pt,3567795,c017b878149d3ce5ebfe01c5eaf3c34738c67303ebec3769bd1439a2e1de59fd,data/floorfrontR/cases_401_500.zip,cases/case441.pt
floorfrontR,case442,data/floorfrontR/cases/case442.pt,3567795,f84c9ec8f74d283cfaef3fb229755f7f1956d0537ff10abd4e23bebdaff28061,data/floorfrontR/cases_401_500.zip,cases/case442.pt
floorfrontR,case443,data/floorfrontR/cases/case443.pt,3567795,fba3f3e228f76e56b342b139d957336b676c4c99ab59d04f8d3449377aef0a73,data/floorfrontR/cases_401_500.zip,cases/case443.pt
floorfrontR,case444,data/floorfrontR/cases/case444.pt,3567795,2c714475431deb30d6006f1bb34de9beffd3e5d73c42c86454891b273516d950,data/floorfrontR/cases_401_500.zip,cases/case444.pt
floorfrontR,case445,data/floorfrontR/cases/case445.pt,3567795,de4fb449b27a54a9ea312afadecc249211fe131f3bd63dbe43470bdbf1e21b36,data/floorfrontR/cases_401_500.zip,cases/case445.pt
floorfrontR,case446,data/floorfrontR/cases/case446.pt,3567795,954c09052ea2ebbaa8a834ab74a6621c12d986d0bef767010de54c887b73a806,data/floorfrontR/cases_401_500.zip,cases/case446.pt
floorfrontR,case447,data/floorfrontR/cases/case447.pt,3567795,bb0f485aedf73cf5e8a541663f9a6a6d9dda0b7957d5daa97f671c2c7816a891,data/floorfrontR/cases_401_500.zip,cases/case447.pt
floorfrontR,case448,data/floorfrontR/cases/case448.pt,3567795,92d9c07a5c48a9c276373c681140df69fb50d5c9d925af44dc8462f14a24bc93,data/floorfrontR/cases_401_500.zip,cases/case448.pt
floorfrontR,case449,data/floorfrontR/cases/case449.pt,3567795,2bd316d68dfe142996d2497285b0615ebbd83fa76065a2b3d8de0bbe8cdd8646,data/floorfrontR/cases_401_500.zip,cases/case449.pt
floorfrontR,case450,data/floorfrontR/cases/case450.pt,3567795,2e036c0afdfb400581a8252b9d9bcfbf859c85d42a52cfda3155adb4e604dd67,data/floorfrontR/cases_401_500.zip,cases/case450.pt
floorfrontR,case451,data/floorfrontR/cases/case451.pt,3567795,33d424a764bbe8165929fb1d55121ffa083810916d9f4ad290d3a7a8d1dfde3c,data/floorfrontR/cases_401_500.zip,cases/case451.pt
floorfrontR,case452,data/floorfrontR/cases/case452.pt,3567795,b6232a9f92818e69508fcdc0286577b92b96c664bf5c58c4162dbb960d8aaeca,data/floorfrontR/cases_401_500.zip,cases/case452.pt
floorfrontR,case453,data/floorfrontR/cases/case453.pt,3567795,996447a3ecb67eee160420c575a4c1ed24eb8f56720ab265767481d56b850be0,data/floorfrontR/cases_401_500.zip,cases/case453.pt
floorfrontR,case454,data/floorfrontR/cases/case454.pt,3567795,f1e5e76d5c00297e8d05e024d3c9144b25636e4715a121e2570ab23c7fae558d,data/floorfrontR/cases_401_500.zip,cases/case454.pt
floorfrontR,case455,data/floorfrontR/cases/case455.pt,3567795,aaca82d5ae3903d9116a41c27142462ef7483d4edf356b7c7ff1927aa2e9877d,data/floorfrontR/cases_401_500.zip,cases/case455.pt
floorfrontR,case456,data/floorfrontR/cases/case456.pt,3567795,fe4c518f86403530f54f62913a0fc2afedd910fbf70e0299fc4972ab8e1cd7a4,data/floorfrontR/cases_401_500.zip,cases/case456.pt
floorfrontR,case457,data/floorfrontR/cases/case457.pt,3567795,87b607619860ababcfebaf46ac2aec7faed555c96804a30b0c4a2f63f5e45466,data/floorfrontR/cases_401_500.zip,cases/case457.pt
floorfrontR,case458,data/floorfrontR/cases/case458.pt,3567795,4dc4036827302b6210653b5bf089bbe93974d91ffd2f6f19c5f19ee870c27ad7,data/floorfrontR/cases_401_500.zip,cases/case458.pt
floorfrontR,case459,data/floorfrontR/cases/case459.pt,3567795,9bf03baab98d509b40347829301d4126f18e498444057238876560053006f68d,data/floorfrontR/cases_401_500.zip,cases/case459.pt
floorfrontR,case460,data/floorfrontR/cases/case460.pt,3567795,45c7002e686cfcfdc94db9a25da317caeb120f3eba0dbc4a4f14e97c52e82b3d,data/floorfrontR/cases_401_500.zip,cases/case460.pt
floorfrontR,case461,data/floorfrontR/cases/case461.pt,3567795,ba05d5e921de8146657e2f47ec02fa5a8e9a5323dc58dac8045f4a2488f144f5,data/floorfrontR/cases_401_500.zip,cases/case461.pt
floorfrontR,case462,data/floorfrontR/cases/case462.pt,3567795,4651c77f7d0981acba140666d623a19d9899bf3d6f61fc4c060497f39344bdbe,data/floorfrontR/cases_401_500.zip,cases/case462.pt
floorfrontR,case463,data/floorfrontR/cases/case463.pt,3567795,8918947acdaee20ea3c73ec39573439fc766615f684b91fa0831ad2e3a2252bf,data/floorfrontR/cases_401_500.zip,cases/case463.pt
floorfrontR,case464,data/floorfrontR/cases/case464.pt,3567795,edfb6af9840eb5b8b7a0385f10daff644680c59d1ce184e774aba32594c26811,data/floorfrontR/cases_401_500.zip,cases/case464.pt
floorfrontR,case465,data/floorfrontR/cases/case465.pt,3567795,c88967ac46cc53433a72c02c6257e5fd38d532326c2c2aaea9cf3effaa3d08da,data/floorfrontR/cases_401_500.zip,cases/case465.pt
floorfrontR,case466,data/floorfrontR/cases/case466.pt,3567795,17879a2cd785a92b7a0df79d3e352c717e5343edcc105174e4a6e694f5da2065,data/floorfrontR/cases_401_500.zip,cases/case466.pt
floorfrontR,case467,data/floorfrontR/cases/case467.pt,3567795,4d7514e9e6fef96e6b416429d6a7c55a5ef7c37fd4bb259a184e275b5cfe2517,data/floorfrontR/cases_401_500.zip,cases/case467.pt
floorfrontR,case468,data/floorfrontR/cases/case468.pt,3567795,9c328b64b382dc5601bbf72aedbb8bd3f2e164ebde75c1a42c6bcedab1402160,data/floorfrontR/cases_401_500.zip,cases/case468.pt
floorfrontR,case469,data/floorfrontR/cases/case469.pt,3567795,7ea55d4388af20a5b47404a2b00d3bd8ebdb8af6f21f963ef0beb2a1aec76d17,data/floorfrontR/cases_401_500.zip,cases/case469.pt
floorfrontR,case470,data/floorfrontR/cases/case470.pt,3567795,4313df0c20cbde141657b386e45c13ce257d02a7d6b0b54faeef2e7abe1e5190,data/floorfrontR/cases_401_500.zip,cases/case470.pt
floorfrontR,case471,data/floorfrontR/cases/case471.pt,3567795,893ea2a76b163cb53a78bea5ff3c8893fcb4b541ca96017b06166a58aa233930,data/floorfrontR/cases_401_500.zip,cases/case471.pt
floorfrontR,case472,data/floorfrontR/cases/case472.pt,3567795,89426b2547428595ad2014cdd60c9e479b8367801ca190ff2f20981b345140a6,data/floorfrontR/cases_401_500.zip,cases/case472.pt
floorfrontR,case473,data/floorfrontR/cases/case473.pt,3567795,a0fd2f2c41d8f278aa0312d035c76052bacb1685a6dcbdad0a2f7ed93309e473,data/floorfrontR/cases_401_500.zip,cases/case473.pt
floorfrontR,case474,data/floorfrontR/cases/case474.pt,3567795,2590d25a307924d99c53a3213b786dc1c984312954a399447b5f5c5d2e9ae862,data/floorfrontR/cases_401_500.zip,cases/case474.pt
floorfrontR,case475,data/floorfrontR/cases/case475.pt,3567795,86e9c7e84a22779dd1c692007a194086636ca85a04dd32014b94887848881dc9,data/floorfrontR/cases_401_500.zip,cases/case475.pt
floorfrontR,case476,data/floorfrontR/cases/case476.pt,3567795,38da6e73321bf7897fd1a5e85fe90011da01da3461e4ac4dce8462d6d6fb841c,data/floorfrontR/cases_401_500.zip,cases/case476.pt
floorfrontR,case477,data/floorfrontR/cases/case477.pt,3567795,1f06809281ca13735f105d9732ac1a648be9474033dd77280409041a8a407b8c,data/floorfrontR/cases_401_500.zip,cases/case477.pt
floorfrontR,case478,data/floorfrontR/cases/case478.pt,3567795,084c59bacf838e6900db4fa12a7f4f17a5d6e2f0babb245b9c702270a6b25371,data/floorfrontR/cases_401_500.zip,cases/case478.pt
floorfrontR,case479,data/floorfrontR/cases/case479.pt,3567795,4757f1b63b06d23746b0c331d04d910793955f5c2a2b48f70defb8195f242bf9,data/floorfrontR/cases_401_500.zip,cases/case479.pt
floorfrontR,case480,data/floorfrontR/cases/case480.pt,3567795,d2f56e0e15599cce080a3892eeb3259aa5c5147d4fccde34977ae53395c74164,data/floorfrontR/cases_401_500.zip,cases/case480.pt
floorfrontR,case481,data/floorfrontR/cases/case481.pt,3567795,b34d008a7cf77bf00feb7e24cacde4d5350b5b26ac17450927dc59f066f81cbe,data/floorfrontR/cases_401_500.zip,cases/case481.pt
floorfrontR,case482,data/floorfrontR/cases/case482.pt,3567795,dfdbbd48f316baa7daf392452578139d26ef44e1ec1779d2fb814060e927e2e2,data/floorfrontR/cases_401_500.zip,cases/case482.pt
floorfrontR,case483,data/floorfrontR/cases/case483.pt,3567795,f76f47c34bd3eb0e0f543d77fa873ff150de609b4a1bcc99ab23d259d3b3f728,data/floorfrontR/cases_401_500.zip,cases/case483.pt
floorfrontR,case484,data/floorfrontR/cases/case484.pt,3567795,272dc922e14d166ef8615ff2c1fb718a605b9572e6aae8495da08805b193e8e6,data/floorfrontR/cases_401_500.zip,cases/case484.pt
floorfrontR,case485,data/floorfrontR/cases/case485.pt,3567795,eba3cfc7c853cf35fdc52ad53db5f088ba442aa26cbe13a799eea33db5f5a08a,data/floorfrontR/cases_401_500.zip,cases/case485.pt
floorfrontR,case486,data/floorfrontR/cases/case486.pt,3567795,8a3b94e989a3df92c335bfac6df0b4b965df70ff415b465e43058fead034f0d6,data/floorfrontR/cases_401_500.zip,cases/case486.pt
floorfrontR,case487,data/floorfrontR/cases/case487.pt,3567795,a41ca34a863c403e375a251ab5fe5262e14188d1084335e959efef847e51267f,data/floorfrontR/cases_401_500.zip,cases/case487.pt
floorfrontR,case488,data/floorfrontR/cases/case488.pt,3567795,8350ce6c8541fdd81676df0c793beefb0085a78af207e515909b9a59b75ab92c,data/floorfrontR/cases_401_500.zip,cases/case488.pt
floorfrontR,case489,data/floorfrontR/cases/case489.pt,3567795,70c7a8a84032acfd3cd11a8b112dee271e04a5112b4c2953d9faf61a98e3bc95,data/floorfrontR/cases_401_500.zip,cases/case489.pt
floorfrontR,case490,data/floorfrontR/cases/case490.pt,3567795,86c5e6ec60c9236839fe140b53b0d6854cb66ff4f2cc12cf7d94f82d85d63894,data/floorfrontR/cases_401_500.zip,cases/case490.pt
floorfrontR,case491,data/floorfrontR/cases/case491.pt,3567795,8f6d8e21c20d19cae534a5864d8b2e950637f29292c4f30edf0f8fd9b961ec8b,data/floorfrontR/cases_401_500.zip,cases/case491.pt
floorfrontR,case492,data/floorfrontR/cases/case492.pt,3567795,fb1e69aedf3a2b2833586534ad5f932198b937f6d7c40cccc6649380f7ac5b5a,data/floorfrontR/cases_401_500.zip,cases/case492.pt
floorfrontR,case493,data/floorfrontR/cases/case493.pt,3567795,14366d1145dc51d63fd6489588ca95dfe11392227fc9b95948c9a16aa00e25b8,data/floorfrontR/cases_401_500.zip,cases/case493.pt
floorfrontR,case494,data/floorfrontR/cases/case494.pt,3567795,5320e46d336bd2e9f9c547aacb1804e7c3957d799080cb4a47e57eba793f89bf,data/floorfrontR/cases_401_500.zip,cases/case494.pt
floorfrontR,case495,data/floorfrontR/cases/case495.pt,3567795,46be2de8ea719aa0165bdde58706ab86682ee5817eceeab1f1bb1fc31d0c058b,data/floorfrontR/cases_401_500.zip,cases/case495.pt
floorfrontR,case496,data/floorfrontR/cases/case496.pt,3567795,4508995e9ed2a3b7254550e4bcb46acd72d7438c2e002d58153add20a7b4c576,data/floorfrontR/cases_401_500.zip,cases/case496.pt
floorfrontR,case497,data/floorfrontR/cases/case497.pt,3567795,421d504a3cdf2d7ba197b06e05c34df38200787f8c37499f53e88407858a830d,data/floorfrontR/cases_401_500.zip,cases/case497.pt
floorfrontR,case498,data/floorfrontR/cases/case498.pt,3567795,222cd021d34bde4e4ffbe008c031548fc6a6ad02625dc9e74dd0f344ceccc26a,data/floorfrontR/cases_401_500.zip,cases/case498.pt
floorfrontR,case499,data/floorfrontR/cases/case499.pt,3567795,724106307eca3331c3df3db7bdaa5bee8d3e636c92a2ce437ee3f7d65a973c8e,data/floorfrontR/cases_401_500.zip,cases/case499.pt
floorfrontR,case500,data/floorfrontR/cases/case500.pt,3567795,993a595229e65049ff6020d17ef60e00faa253c69b8babb3418127821fa68772,data/floorfrontR/cases_401_500.zip,cases/case500.pt
trunkfloor,case001,data/trunkfloor/cases/case001.pt,4294771,efa5234629266d9d4d679f5a05f3470275597d87f1260e28dd177c375a0bdd30,data/trunkfloor/cases_001_100.zip,cases/case001.pt
trunkfloor,case002,data/trunkfloor/cases/case002.pt,4294771,3e0503ec16b800cff7a8a36de71ac088f630672773f7059f1e7174b8e8454718,data/trunkfloor/cases_001_100.zip,cases/case002.pt
trunkfloor,case003,data/trunkfloor/cases/case003.pt,4294771,a9958eee02e8298872eacaa02a030b5af4533a53be7e8737efbde78ef6d0ed6a,data/trunkfloor/cases_001_100.zip,cases/case003.pt
trunkfloor,case004,data/trunkfloor/cases/case004.pt,4294771,539916b9f8f405be20362a84ed7c60e79fe84133a776319da729f2bfae19d215,data/trunkfloor/cases_001_100.zip,cases/case004.pt
trunkfloor,case005,data/trunkfloor/cases/case005.pt,4294771,dd38f5d00d0d7d6a834171e29132cc32baa27d7f62b6c193af8c29a6de8803d3,data/trunkfloor/cases_001_100.zip,cases/case005.pt
trunkfloor,case006,data/trunkfloor/cases/case006.pt,4294771,d5126640368fda2ea94388e8a6f37636857951e3424829f92e449e2ec06bcac5,data/trunkfloor/cases_001_100.zip,cases/case006.pt
trunkfloor,case007,data/trunkfloor/cases/case007.pt,4294771,7b73de2e82a7103954e6457b961511472d2ced9047cdc113c8359a6f8050e6d7,data/trunkfloor/cases_001_100.zip,cases/case007.pt
trunkfloor,case008,data/trunkfloor/cases/case008.pt,4294771,b08376282891d0097a5c6177da81c5f02e5bb88318a56cbd2782b74474356a7c,data/trunkfloor/cases_001_100.zip,cases/case008.pt
trunkfloor,case009,data/trunkfloor/cases/case009.pt,4294771,55889fb30e9173d2fe9b9494265143d197d63381238b8b4aff351a4ecd246ee6,data/trunkfloor/cases_001_100.zip,cases/case009.pt
trunkfloor,case010,data/trunkfloor/cases/case010.pt,4294771,7c1400a087b6abef2ab1543d90fe15d35967f8c0dc8518f7ef11f5bc1a8dd46c,data/trunkfloor/cases_001_100.zip,cases/case010.pt
trunkfloor,case011,data/trunkfloor/cases/case011.pt,4294771,e7b627236812e2f956ecc084ae1dea562a076285390dcbd85c7ae0c3f0f84514,data/trunkfloor/cases_001_100.zip,cases/case011.pt
trunkfloor,case012,data/trunkfloor/cases/case012.pt,4294771,80375945fc02a4c83eee7cd762ce4cab3ae93342ee76a9cc004f2c8427200400,data/trunkfloor/cases_001_100.zip,cases/case012.pt
trunkfloor,case013,data/trunkfloor/cases/case013.pt,4294771,c17a273a30d6f1e4a2a7773c36efa38a3546bdba50f226e1232361dd35564eee,data/trunkfloor/cases_001_100.zip,cases/case013.pt
trunkfloor,case014,data/trunkfloor/cases/case014.pt,4294771,e191ccd953fc41ae6f736c8fcbc26f0c361bd0d7207fb7726f62b3a4947f575e,data/trunkfloor/cases_001_100.zip,cases/case014.pt
trunkfloor,case015,data/trunkfloor/cases/case015.pt,4294771,e915b17a3ddb55135c0f5fadab7e9e01688e67b3d39bca0690a6ebf7f3196ac8,data/trunkfloor/cases_001_100.zip,cases/case015.pt
trunkfloor,case016,data/trunkfloor/cases/case016.pt,4294771,b185e40dffe115048ffc13c94f2ae599194e8088644a8134dd5ea651e02e8f3c,data/trunkfloor/cases_001_100.zip,cases/case016.pt
trunkfloor,case017,data/trunkfloor/cases/case017.pt,4294771,b0121fe4053cfa191b54bcf8dc36c5250bfb48752c9ca492801e8de059ad6ea5,data/trunkfloor/cases_001_100.zip,cases/case017.pt
trunkfloor,case018,data/trunkfloor/cases/case018.pt,4294771,6b1569e5748da239512b5ecf74f180b1803d10b6058eee283d53262f5adeb269,data/trunkfloor/cases_001_100.zip,cases/case018.pt
trunkfloor,case019,data/trunkfloor/cases/case019.pt,4294771,39752cb5306702e0ee54281fc5dca4c36e705d9cb6faa9c8211c89bb40a9f534,data/trunkfloor/cases_001_100.zip,cases/case019.pt
trunkfloor,case020,data/trunkfloor/cases/case020.pt,4294771,5b8879d7201b86aca08ef1311a6e7a2dc6b79a55eba0212c8198f39abd979af8,data/trunkfloor/cases_001_100.zip,cases/case020.pt
trunkfloor,case021,data/trunkfloor/cases/case021.pt,4294771,80a2b754e1370401385cf0c6894e3b5efe1b24542b347064e64742d82d8cb582,data/trunkfloor/cases_001_100.zip,cases/case021.pt
trunkfloor,case022,data/trunkfloor/cases/case022.pt,4294771,fcf57acf7a1bcb1bf6253440cde0f7d907c8953e878a0315f080d6cac7b86f70,data/trunkfloor/cases_001_100.zip,cases/case022.pt
trunkfloor,case023,data/trunkfloor/cases/case023.pt,4294771,f6063bb13927e1ddd20317d42c5e484d8dba9946722cc325ec32d5dae3fa1d99,data/trunkfloor/cases_001_100.zip,cases/case023.pt
trunkfloor,case024,data/trunkfloor/cases/case024.pt,4294771,2490bdceb89db212291a61d4302d738e0bdead47c5e9119939001dec453fe3f7,data/trunkfloor/cases_001_100.zip,cases/case024.pt
trunkfloor,case025,data/trunkfloor/cases/case025.pt,4294771,52fae2e3d951f113f33b6c63d9179e3ebc12bcfebc623801fc1feea11a544a73,data/trunkfloor/cases_001_100.zip,cases/case025.pt
trunkfloor,case026,data/trunkfloor/cases/case026.pt,4294771,13662a05be9684c9fb878e24391f3171131157b693ccc6e35a66d537dc58856b,data/trunkfloor/cases_001_100.zip,cases/case026.pt
trunkfloor,case027,data/trunkfloor/cases/case027.pt,4294771,c12dc51ba98eccd7756abca6ffd2624616da5689ec20dd0e650b19d2725e34ac,data/trunkfloor/cases_001_100.zip,cases/case027.pt
trunkfloor,case028,data/trunkfloor/cases/case028.pt,4294771,5a843ff471b02b9b9c61d4b21c85dff236f986fc5ee93e8ea18fbf2480251d98,data/trunkfloor/cases_001_100.zip,cases/case028.pt
trunkfloor,case029,data/trunkfloor/cases/case029.pt,4294771,c0b3ba77bd7748973a8afae2b3860f4a73f8913fc6d83a7419c40fd8b58855e7,data/trunkfloor/cases_001_100.zip,cases/case029.pt
trunkfloor,case030,data/trunkfloor/cases/case030.pt,4294771,80cd9cbf7d61e618f6c9d707c35b07dace4b5a04d559f0cd03f42512312168fb,data/trunkfloor/cases_001_100.zip,cases/case030.pt
trunkfloor,case031,data/trunkfloor/cases/case031.pt,4294771,1513928501edded608618c1fdfc5ff3469877de3bf755a4ebe88b18af7a28b14,data/trunkfloor/cases_001_100.zip,cases/case031.pt
trunkfloor,case032,data/trunkfloor/cases/case032.pt,4294771,65212916d10a614ae9f86c855ea0906b8c3f0ee103f56a4f394879ddf03998b7,data/trunkfloor/cases_001_100.zip,cases/case032.pt
trunkfloor,case033,data/trunkfloor/cases/case033.pt,4294771,160517f58e2170c20a16d43321ca1a086cfbeaab4afd4ac56e0b79e53f3aff2e,data/trunkfloor/cases_001_100.zip,cases/case033.pt
trunkfloor,case034,data/trunkfloor/cases/case034.pt,4294771,a01f1f945709e60b573a7e2e4bbaadd1aefd3d012d1df648bf9388065736504a,data/trunkfloor/cases_001_100.zip,cases/case034.pt
trunkfloor,case035,data/trunkfloor/cases/case035.pt,4294771,19a4fca114b62e51cfe6b1a004a49dc3e5d2ee4e8d21f91c03b838edc8ca4165,data/trunkfloor/cases_001_100.zip,cases/case035.pt
trunkfloor,case036,data/trunkfloor/cases/case036.pt,4294771,70591de92b135162ca060968c16f87fb72d26d47e3be68eaa2611496759f5adf,data/trunkfloor/cases_001_100.zip,cases/case036.pt
trunkfloor,case037,data/trunkfloor/cases/case037.pt,4294771,50eba8a18840eafc31c0ff7152db8048cef260545201cd356e1a5b402bc132a1,data/trunkfloor/cases_001_100.zip,cases/case037.pt
trunkfloor,case038,data/trunkfloor/cases/case038.pt,4294771,2e95ba27a767b3d8c6c7e2af0155a1f5f2ab6f21bbbfdfbc927963d08ac411d7,data/trunkfloor/cases_001_100.zip,cases/case038.pt
trunkfloor,case039,data/trunkfloor/cases/case039.pt,4294771,ebdad2d371e6542681951dd1bd99b8902f0ee980ec758e2bb73e3db8079ec805,data/trunkfloor/cases_001_100.zip,cases/case039.pt
trunkfloor,case040,data/trunkfloor/cases/case040.pt,4294771,751e9d07042ee85bacb76edaa93250c82035cee59f405f48ac7b2f73d9f6af1b,data/trunkfloor/cases_001_100.zip,cases/case040.pt
trunkfloor,case041,data/trunkfloor/cases/case041.pt,4294771,cb7e4eb129d8b3900b9d8e05ac805e47151d992a6b3760e24e65abfef3d5983d,data/trunkfloor/cases_001_100.zip,cases/case041.pt
trunkfloor,case042,data/trunkfloor/cases/case042.pt,4294771,77ceb34a41495ffd1992fed49661b744ac5d73e8af3b12cdd15b8d0afbc8439f,data/trunkfloor/cases_001_100.zip,cases/case042.pt
trunkfloor,case043,data/trunkfloor/cases/case043.pt,4294771,abe6e8b28e984f5656e7910dd04a8004174674b88198b2ec6185a24bd01d388b,data/trunkfloor/cases_001_100.zip,cases/case043.pt
trunkfloor,case044,data/trunkfloor/cases/case044.pt,4294771,a21aba1e0d7a4e0e1c3e3e2b5586cfaf964550b706c12cf51eb1f7a1df48610f,data/trunkfloor/cases_001_100.zip,cases/case044.pt
trunkfloor,case045,data/trunkfloor/cases/case045.pt,4294771,b03ae791abfcb0323494044e733658208bb538b4b02421b4b7adccc370ef7db1,data/trunkfloor/cases_001_100.zip,cases/case045.pt
trunkfloor,case046,data/trunkfloor/cases/case046.pt,4294771,44793dd0271d579254eb474c89604ff958a32a6d31a6567d50adf7dcf99df0b1,data/trunkfloor/cases_001_100.zip,cases/case046.pt
trunkfloor,case047,data/trunkfloor/cases/case047.pt,4294771,264815752c9e52579ba2da428bcfcfd3bb2fae865c2b389ffb46fa0bc139d0d4,data/trunkfloor/cases_001_100.zip,cases/case047.pt
trunkfloor,case048,data/trunkfloor/cases/case048.pt,4294771,c771263285bf2bfe74692d6bfd6cc6d08ffd0e6fa969c1a32dc0275fbf105f94,data/trunkfloor/cases_001_100.zip,cases/case048.pt
trunkfloor,case049,data/trunkfloor/cases/case049.pt,4294771,0c193d04b5113c3bc2663dd7388c02928ac15142e4cf8215f89a93185373c533,data/trunkfloor/cases_001_100.zip,cases/case049.pt
trunkfloor,case050,data/trunkfloor/cases/case050.pt,4294771,428171d9b9652eec2abe5e5e632ef8bfa06cb1f2f3175add6a62961bcf1ad9d1,data/trunkfloor/cases_001_100.zip,cases/case050.pt
trunkfloor,case051,data/trunkfloor/cases/case051.pt,4294771,f5046b3b1c11c9c4916c7aad3f64c8ea49c51652bd3d055a239d54a2e1e72948,data/trunkfloor/cases_001_100.zip,cases/case051.pt
trunkfloor,case052,data/trunkfloor/cases/case052.pt,4294771,f41ee751bf4e28aac93cc65239876200b3f2c202bfc99f30b2c82cc9ab8cf7f6,data/trunkfloor/cases_001_100.zip,cases/case052.pt
trunkfloor,case053,data/trunkfloor/cases/case053.pt,4294771,e42d19e5a12d578a8afd2f64c7d5c9a6d4145109eea0b0b054dc62350059a635,data/trunkfloor/cases_001_100.zip,cases/case053.pt
trunkfloor,case054,data/trunkfloor/cases/case054.pt,4294771,8ff782756cc64a3c83880fd6bb15c433e40b8b0436cb4585cde99d6559cf63ec,data/trunkfloor/cases_001_100.zip,cases/case054.pt
trunkfloor,case055,data/trunkfloor/cases/case055.pt,4294771,af0a2f726fdcceb6125f1c0b989e5fea451e0ea8e34a8d20eb46c6d236d357aa,data/trunkfloor/cases_001_100.zip,cases/case055.pt
trunkfloor,case056,data/trunkfloor/cases/case056.pt,4294771,340ed80ac9f103d9a4a8d96a4c510a3cb73c7b4db9c28a3c662d8e076b05b04c,data/trunkfloor/cases_001_100.zip,cases/case056.pt
trunkfloor,case057,data/trunkfloor/cases/case057.pt,4294771,7f5a9a695a718413be70cbf71a92b2598f42d3c0b5d68474e22a222d7370f9c0,data/trunkfloor/cases_001_100.zip,cases/case057.pt
trunkfloor,case058,data/trunkfloor/cases/case058.pt,4294771,cda6fc90824b30d46fcff140920163d8fb5780f4e8c8650064e78d9baf1d80c1,data/trunkfloor/cases_001_100.zip,cases/case058.pt
trunkfloor,case059,data/trunkfloor/cases/case059.pt,4294771,abfb331990021373d36917b091dd1c5550d2d33f2896cf7a076b007856a5fb29,data/trunkfloor/cases_001_100.zip,cases/case059.pt
trunkfloor,case060,data/trunkfloor/cases/case060.pt,4294771,4be8dd138441f772067e601f5cfae5a2110d2ceb0e7511cfbdb2ccdd9c954c0e,data/trunkfloor/cases_001_100.zip,cases/case060.pt
trunkfloor,case061,data/trunkfloor/cases/case061.pt,4294771,14105ced2ec7039a6771d662046de7679e270069596553e943b1dd69675c31bb,data/trunkfloor/cases_001_100.zip,cases/case061.pt
trunkfloor,case062,data/trunkfloor/cases/case062.pt,4294771,ad2645f2ab87c40108c067146c34e938bebe995476fa608307338e59a1fbefba,data/trunkfloor/cases_001_100.zip,cases/case062.pt
trunkfloor,case063,data/trunkfloor/cases/case063.pt,4294771,7b319cac9fc7fbdafa5d9b8ea3f1d51aa0c74851563452ee2e94a7ceae1b6053,data/trunkfloor/cases_001_100.zip,cases/case063.pt
trunkfloor,case064,data/trunkfloor/cases/case064.pt,4294771,be2b6567e83733df3a37155cdd00141515ba5ac6a3efb0d983b7cf7cc0c396e0,data/trunkfloor/cases_001_100.zip,cases/case064.pt
trunkfloor,case065,data/trunkfloor/cases/case065.pt,4294771,3eeeeb2e3c0723ed0c9cd9dcbf8343fff8ac9d2279ba919eb51a66e4aa5a7c13,data/trunkfloor/cases_001_100.zip,cases/case065.pt
trunkfloor,case066,data/trunkfloor/cases/case066.pt,4294771,fecd6374bfa3027d9d72ba69e3156fc4ebc3efecadeac35c6941e7db87622388,data/trunkfloor/cases_001_100.zip,cases/case066.pt
trunkfloor,case067,data/trunkfloor/cases/case067.pt,4294771,e43bdd09ec75cd1e84aa6df889fb9a222bfcf486edd4a7fe072cdc85146756bd,data/trunkfloor/cases_001_100.zip,cases/case067.pt
trunkfloor,case068,data/trunkfloor/cases/case068.pt,4294771,7f0c8eee6aef620651b8ad1d01d7da6d69b54d58c54479e9ac825219e6a8408b,data/trunkfloor/cases_001_100.zip,cases/case068.pt
trunkfloor,case069,data/trunkfloor/cases/case069.pt,4294771,2f9ed5ca48a93f0125ac92c04439d534ecba33294ce793ffa6f402955c0f8fed,data/trunkfloor/cases_001_100.zip,cases/case069.pt
trunkfloor,case070,data/trunkfloor/cases/case070.pt,4294771,6bcca89aefe4763e9e4cd97550aaa7dcc286eb931c6d8c0b68a8fd9c78d24a55,data/trunkfloor/cases_001_100.zip,cases/case070.pt
trunkfloor,case071,data/trunkfloor/cases/case071.pt,4294771,98d667c50f8e7a09026e2b225d5a9b86124a82b832608ff0207ba386f5ebf8e4,data/trunkfloor/cases_001_100.zip,cases/case071.pt
trunkfloor,case072,data/trunkfloor/cases/case072.pt,4294771,8b69c360c78d0ec01b9c4e11720fd07e9d803f721636f34264e0cd48ee5f3682,data/trunkfloor/cases_001_100.zip,cases/case072.pt
trunkfloor,case073,data/trunkfloor/cases/case073.pt,4294771,3c5d97ddf5f1b7baa8e7648350c1500183bb2d6e665c7f4b6d30f647f3cab8f7,data/trunkfloor/cases_001_100.zip,cases/case073.pt
trunkfloor,case074,data/trunkfloor/cases/case074.pt,4294771,f88cf75205e14220f5d6bb47a18a50154d8189d72c7436eac0e269a397ecbc15,data/trunkfloor/cases_001_100.zip,cases/case074.pt
trunkfloor,case075,data/trunkfloor/cases/case075.pt,4294771,aa23d3aeebf8b0303d3f9dfb55db255728475ae164e81be971343cce86f21b68,data/trunkfloor/cases_001_100.zip,cases/case075.pt
trunkfloor,case076,data/trunkfloor/cases/case076.pt,4294771,2d664ff3e2f04b10ce61a166a2493aa21104fc027030beac5b8e71805303a1d9,data/trunkfloor/cases_001_100.zip,cases/case076.pt
trunkfloor,case077,data/trunkfloor/cases/case077.pt,4294771,f9db4466f1844d5326fe9209f3424dff0f42e369bc4cd73c339780fe4a13604d,data/trunkfloor/cases_001_100.zip,cases/case077.pt
trunkfloor,case078,data/trunkfloor/cases/case078.pt,4294771,234313eb4e584631ea6dd4d10d518c4bbdb81c1253b6f796871c399143fbb7bd,data/trunkfloor/cases_001_100.zip,cases/case078.pt
trunkfloor,case079,data/trunkfloor/cases/case079.pt,4294771,93527dfa1d8af3b9c47859eafbcfb4911702665ec014502c28d53fec8d723adc,data/trunkfloor/cases_001_100.zip,cases/case079.pt
trunkfloor,case080,data/trunkfloor/cases/case080.pt,4294771,4cd15c5d0daa1ad2fec5e76da3b8b4367e58de49743dc298108ee97d0903154b,data/trunkfloor/cases_001_100.zip,cases/case080.pt
trunkfloor,case081,data/trunkfloor/cases/case081.pt,4294771,642c726bec5a617f240b210ad78bb4f977127d446cc1fded775ccc06281a714f,data/trunkfloor/cases_001_100.zip,cases/case081.pt
trunkfloor,case082,data/trunkfloor/cases/case082.pt,4294771,28ea7f8d83f7deb86dc540e70c74056b5ee71480695a982e1e9296554a08146c,data/trunkfloor/cases_001_100.zip,cases/case082.pt
trunkfloor,case083,data/trunkfloor/cases/case083.pt,4294771,93dcd22de5ab31aede1434fda50d44a552fee0aff7eb14f6791d5ed30a2b55a6,data/trunkfloor/cases_001_100.zip,cases/case083.pt
trunkfloor,case084,data/trunkfloor/cases/case084.pt,4294771,98ff533de85b6c1f6780680324699fd96339499654f20bf733ed3b199c3a4702,data/trunkfloor/cases_001_100.zip,cases/case084.pt
trunkfloor,case085,data/trunkfloor/cases/case085.pt,4294771,c4b62ed72f5edbb30747f9c7d9e90050ab2aaf7ddf691d74b2b855777c00feb3,data/trunkfloor/cases_001_100.zip,cases/case085.pt
trunkfloor,case086,data/trunkfloor/cases/case086.pt,4294771,15a11de71f21771436d087ae43b94607632074f72aeac7aa37622a89948d0e38,data/trunkfloor/cases_001_100.zip,cases/case086.pt
trunkfloor,case087,data/trunkfloor/cases/case087.pt,4294771,5cb35c2f92b4913cc00b684f624229ebfa52445796592644ee5da8c63ee9f045,data/trunkfloor/cases_001_100.zip,cases/case087.pt
trunkfloor,case088,data/trunkfloor/cases/case088.pt,4294771,1f5ad4f7023d33588781381f0828f776a60322e214f8e95572a6adf297bd7c2e,data/trunkfloor/cases_001_100.zip,cases/case088.pt
trunkfloor,case089,data/trunkfloor/cases/case089.pt,4294771,de0ef93c48dfb3909d3ee5508c7c39567fb81dbcb77f7d45968f152dd8a1eeb6,data/trunkfloor/cases_001_100.zip,cases/case089.pt
trunkfloor,case090,data/trunkfloor/cases/case090.pt,4294771,8fc1b98c8dfdf847ab3eb4405720bde39517c5c4f5d374bd3b5f0ab481afe35f,data/trunkfloor/cases_001_100.zip,cases/case090.pt
trunkfloor,case091,data/trunkfloor/cases/case091.pt,4294771,22fc86ff540db60ed9f2baba236271356948c0b81250a16e8601136ae867718b,data/trunkfloor/cases_001_100.zip,cases/case091.pt
trunkfloor,case092,data/trunkfloor/cases/case092.pt,4294771,a05420cf6556c7239ed0044bc03c685e19590d3a922049521f0c80c8be0af9e2,data/trunkfloor/cases_001_100.zip,cases/case092.pt
trunkfloor,case093,data/trunkfloor/cases/case093.pt,4294771,7d45e68bbb55a3211009635a001b75572f9ddefc10a4e6e1e48439f2ac19aa5c,data/trunkfloor/cases_001_100.zip,cases/case093.pt
trunkfloor,case094,data/trunkfloor/cases/case094.pt,4294771,cf4702ae8c9943f2c042eb21de1e4f48c6b31dca21354d4fa380466151b51e80,data/trunkfloor/cases_001_100.zip,cases/case094.pt
trunkfloor,case095,data/trunkfloor/cases/case095.pt,4294771,12f95dfac9d9f73cbe3322ab8abf904180b5905eb48cfffbdd74ea2fac84b5c2,data/trunkfloor/cases_001_100.zip,cases/case095.pt
trunkfloor,case096,data/trunkfloor/cases/case096.pt,4294771,d40e806bcab2f2743cbb56f5082255cc4de5ac3ee44b6e43bb575b7b2a50c35a,data/trunkfloor/cases_001_100.zip,cases/case096.pt
trunkfloor,case097,data/trunkfloor/cases/case097.pt,4294771,51dfc9a70c26e37faf96cf865993a381654980a3bc41f9f32df8f1c923c52dfb,data/trunkfloor/cases_001_100.zip,cases/case097.pt
trunkfloor,case098,data/trunkfloor/cases/case098.pt,4294771,2b01ac0344acf344d591148c589716e8c721efaf060ecde3aca62e3a8b33ef64,data/trunkfloor/cases_001_100.zip,cases/case098.pt
trunkfloor,case099,data/trunkfloor/cases/case099.pt,4294771,9cd545052ceb142094dfd12bdfe1696c1349d8ada2a1c3d670bc1f9fd7146c6c,data/trunkfloor/cases_001_100.zip,cases/case099.pt
trunkfloor,case100,data/trunkfloor/cases/case100.pt,4294771,5ce8c8a228b116142b5d9175449265ca44ceb5b2c54ae1e5856988fa9b3adc7d,data/trunkfloor/cases_001_100.zip,cases/case100.pt
trunkfloor,case101,data/trunkfloor/cases/case101.pt,4294771,9d0d9d736abb8fee8ec030e6f67d649e3240e9ae8d64812ebc4c0f350f181bf8,data/trunkfloor/cases_101_200.zip,cases/case101.pt
trunkfloor,case102,data/trunkfloor/cases/case102.pt,4294771,301c4a226f0695d94638e659d58c1cd16f932803a45091a63fab2352214e47c8,data/trunkfloor/cases_101_200.zip,cases/case102.pt
trunkfloor,case103,data/trunkfloor/cases/case103.pt,4294771,da0b1376c62bada79a5a7b6b6e1f63e79791b7ff10d1b819b689e3784f3e76c8,data/trunkfloor/cases_101_200.zip,cases/case103.pt
trunkfloor,case104,data/trunkfloor/cases/case104.pt,4294771,5bf7e9e732c8fa7a1b594caccc6ea807e07d2bc3e2c419389b7e21b998955b43,data/trunkfloor/cases_101_200.zip,cases/case104.pt
trunkfloor,case105,data/trunkfloor/cases/case105.pt,4294771,d33c19943f86e39579cda3a9bfa2131b55d56991afb99382c5176b4ebb09a420,data/trunkfloor/cases_101_200.zip,cases/case105.pt
trunkfloor,case106,data/trunkfloor/cases/case106.pt,4294771,8f7e17340b0a3c9026017ac51474bf49131c16302a5678c1e281ce72018e68b1,data/trunkfloor/cases_101_200.zip,cases/case106.pt
trunkfloor,case107,data/trunkfloor/cases/case107.pt,4294771,8956082ea77b543a1b20d8753ebb706902c699e865a8cb14d962746515d86c0e,data/trunkfloor/cases_101_200.zip,cases/case107.pt
trunkfloor,case108,data/trunkfloor/cases/case108.pt,4294771,140e827f3fb857580753b4cfa601287ca12ea25d1eff90fb73fcce8330ebf938,data/trunkfloor/cases_101_200.zip,cases/case108.pt
trunkfloor,case109,data/trunkfloor/cases/case109.pt,4294771,af7db4f94cf78fbd9cec1980d0aae79e8d355bbc3c40903a0c7ee005e6284db2,data/trunkfloor/cases_101_200.zip,cases/case109.pt
trunkfloor,case110,data/trunkfloor/cases/case110.pt,4294771,924d18cfe42849064a1d0d85d6269d30b9a7fca362ed0611d731550e535f240b,data/trunkfloor/cases_101_200.zip,cases/case110.pt
trunkfloor,case111,data/trunkfloor/cases/case111.pt,4294771,370df93f2725d1f65be0fef9e48b369c464e1fac51c0575724db89deddda421f,data/trunkfloor/cases_101_200.zip,cases/case111.pt
trunkfloor,case112,data/trunkfloor/cases/case112.pt,4294771,79d301a237260cf59cb072cc91a2aa98ae71950c166df277004d092d48d54a01,data/trunkfloor/cases_101_200.zip,cases/case112.pt
trunkfloor,case113,data/trunkfloor/cases/case113.pt,4294771,7ec5b0b895f0135aabb7fa0db076f77053092ab432974d8966613070c8dab50b,data/trunkfloor/cases_101_200.zip,cases/case113.pt
trunkfloor,case114,data/trunkfloor/cases/case114.pt,4294771,b41bd2e6a58c35f6650f6e00b11492d0f6250307500426a3fc1489d63fb81e82,data/trunkfloor/cases_101_200.zip,cases/case114.pt
trunkfloor,case115,data/trunkfloor/cases/case115.pt,4294771,2b5abe053bdf3a8641b6e8dbf5815fea402e0b945c5fb1379b0aaad84ab4469c,data/trunkfloor/cases_101_200.zip,cases/case115.pt
trunkfloor,case116,data/trunkfloor/cases/case116.pt,4294771,007538773d61905b045992618a04b77a0de8c70c1ec70ed121916b62b2cc4b5f,data/trunkfloor/cases_101_200.zip,cases/case116.pt
trunkfloor,case117,data/trunkfloor/cases/case117.pt,4294771,158b91c62503b1f045472c7f5803e3c805e544dfeb5459d6f74c7060dff1c5cf,data/trunkfloor/cases_101_200.zip,cases/case117.pt
trunkfloor,case118,data/trunkfloor/cases/case118.pt,4294771,c64aa3aeda607fd24201a20a40d290b7c29d34bd88904a3c464adf63d5210ea2,data/trunkfloor/cases_101_200.zip,cases/case118.pt
trunkfloor,case119,data/trunkfloor/cases/case119.pt,4294771,7c53689288b9b9b46b33747883525c4dc22072156f8a3ef4d7da373070be5719,data/trunkfloor/cases_101_200.zip,cases/case119.pt
trunkfloor,case120,data/trunkfloor/cases/case120.pt,4294771,6014e2baeea8375599ceabc23a46205e5e43239d3a2caeb79960b646f8b3fc79,data/trunkfloor/cases_101_200.zip,cases/case120.pt
trunkfloor,case121,data/trunkfloor/cases/case121.pt,4294771,fb17cf6231c5f6d7a63332185cc47d86c79301b65f4272dd45e0e236127b0475,data/trunkfloor/cases_101_200.zip,cases/case121.pt
trunkfloor,case122,data/trunkfloor/cases/case122.pt,4294771,b83404171599e22947dedd24a6b1a0b2ac3a39140d377d5c08462336a43ede04,data/trunkfloor/cases_101_200.zip,cases/case122.pt
trunkfloor,case123,data/trunkfloor/cases/case123.pt,4294771,0a0db3ef10f76eb907c8192d05a8c22af962899e330e56f78bccaad82195e922,data/trunkfloor/cases_101_200.zip,cases/case123.pt
trunkfloor,case124,data/trunkfloor/cases/case124.pt,4294771,ff448dad81542515b3d41621dad1001bd40afbf462f85931228b698e64818bab,data/trunkfloor/cases_101_200.zip,cases/case124.pt
trunkfloor,case125,data/trunkfloor/cases/case125.pt,4294771,72a8d1936b30ae4ee0e15942fb38cc62b52aaa0e146b54f519ef5472f33112f5,data/trunkfloor/cases_101_200.zip,cases/case125.pt
trunkfloor,case126,data/trunkfloor/cases/case126.pt,4294771,9e05cb0961f86c049f4c6d8a62d28021c5cc22a614f3995462ac9d01a03f82f8,data/trunkfloor/cases_101_200.zip,cases/case126.pt
trunkfloor,case127,data/trunkfloor/cases/case127.pt,4294771,b6fc746a90ee4c7055a4a31dbc34f291cf792ab5ec294c9fd9e6142ca51f8d48,data/trunkfloor/cases_101_200.zip,cases/case127.pt
trunkfloor,case128,data/trunkfloor/cases/case128.pt,4294771,996fcf6bf1a1f3ff4dc0659994ba6adf20172d054d1a86b49a54bc57a21223f5,data/trunkfloor/cases_101_200.zip,cases/case128.pt
trunkfloor,case129,data/trunkfloor/cases/case129.pt,4294771,c05dc35e66825007d5137695ebb1bce930f3a09f3d39c8277cb433a4d03e43cd,data/trunkfloor/cases_101_200.zip,cases/case129.pt
trunkfloor,case130,data/trunkfloor/cases/case130.pt,4294771,da1897fc3a6b993cf70e9941dc6d501b31f63021b1d32fc4d818f71cdcc27b8f,data/trunkfloor/cases_101_200.zip,cases/case130.pt
trunkfloor,case131,data/trunkfloor/cases/case131.pt,4294771,96d7e0f458126082f10c8075cfe91ef7674cb5c0d4d804845178b6e5c0156b1f,data/trunkfloor/cases_101_200.zip,cases/case131.pt
trunkfloor,case132,data/trunkfloor/cases/case132.pt,4294771,2643e41edc92f4adce26c6eeb768b485884932c933cb01c3eb3feeee70419cdb,data/trunkfloor/cases_101_200.zip,cases/case132.pt
trunkfloor,case133,data/trunkfloor/cases/case133.pt,4294771,46391a6df3756ddea44901d06a5c4f2567a8904258b6700d5e899410e44ecda4,data/trunkfloor/cases_101_200.zip,cases/case133.pt
trunkfloor,case134,data/trunkfloor/cases/case134.pt,4294771,46b100bbdc60c7237c3bcbb8848e7be3d27c08d2cf3501eee5d3bc46fdd164bf,data/trunkfloor/cases_101_200.zip,cases/case134.pt
trunkfloor,case135,data/trunkfloor/cases/case135.pt,4294771,b945b11e0eb6edb80c9e91c6f1128fcff29c237c2d0babd8a480bbdefe1b4c60,data/trunkfloor/cases_101_200.zip,cases/case135.pt
trunkfloor,case136,data/trunkfloor/cases/case136.pt,4294771,c4710756927a6e1ebc56de66a723cb5bb640d64992db4791bb58d51ca3ccdc38,data/trunkfloor/cases_101_200.zip,cases/case136.pt
trunkfloor,case137,data/trunkfloor/cases/case137.pt,4294771,bb5215c87a11120cb85c7e6532c47a9b9a1b6d8a1f9d43dd8743157f3a861e96,data/trunkfloor/cases_101_200.zip,cases/case137.pt
trunkfloor,case138,data/trunkfloor/cases/case138.pt,4294771,b5ad48e696bca3ec8aedf9ff723f6fefe82555e23a4afff9f3121aae691286f9,data/trunkfloor/cases_101_200.zip,cases/case138.pt
trunkfloor,case139,data/trunkfloor/cases/case139.pt,4294771,33a5e79e96f8296ccec633680eca8fbdbac9d6944fd3a4bd034da53caa71a27d,data/trunkfloor/cases_101_200.zip,cases/case139.pt
trunkfloor,case140,data/trunkfloor/cases/case140.pt,4294771,a52851613d6178ec53db174ff9e5952c4f57413f888265808e115dae350b60b7,data/trunkfloor/cases_101_200.zip,cases/case140.pt
trunkfloor,case141,data/trunkfloor/cases/case141.pt,4294771,af5337192bfe913ca52de82c9d75f1c900c13310703dde9ffa2b5b975f4eb19a,data/trunkfloor/cases_101_200.zip,cases/case141.pt
trunkfloor,case142,data/trunkfloor/cases/case142.pt,4294771,1ad987e4ddd5a5de47d4ce78daa0034ae7a579db0994aafb043b1c95d70f7fbf,data/trunkfloor/cases_101_200.zip,cases/case142.pt
trunkfloor,case143,data/trunkfloor/cases/case143.pt,4294771,93856499c8fb6c72376fddc684515becaa743388c611ea3ebe776506024412ac,data/trunkfloor/cases_101_200.zip,cases/case143.pt
trunkfloor,case144,data/trunkfloor/cases/case144.pt,4294771,144f0c6a1f69c33a46dab113911dc58b8f04bc063418b94c121cd5a35b4768f5,data/trunkfloor/cases_101_200.zip,cases/case144.pt
trunkfloor,case145,data/trunkfloor/cases/case145.pt,4294771,9347f54be522edb2626ef69b87944e38c85659990a978e1b37c4b8c66f1fdc55,data/trunkfloor/cases_101_200.zip,cases/case145.pt
trunkfloor,case146,data/trunkfloor/cases/case146.pt,4294771,db4ef080c4bc3dedc17a28c34ca2f95915a9daffd7b5e47ed8596142f1c626d6,data/trunkfloor/cases_101_200.zip,cases/case146.pt
trunkfloor,case147,data/trunkfloor/cases/case147.pt,4294771,2b861be11efd2d53073a38706ba13626b4b5cf68f308a2c35b0611a78b9be631,data/trunkfloor/cases_101_200.zip,cases/case147.pt
trunkfloor,case148,data/trunkfloor/cases/case148.pt,4294771,31d9b73ddebe7bc7116d5814c486f7843db6f6406f96b54a37a24586c91eaf7b,data/trunkfloor/cases_101_200.zip,cases/case148.pt
trunkfloor,case149,data/trunkfloor/cases/case149.pt,4294771,59ab4663becabe6a2aed83e41d978e09196bc7a2a4fd6c76e8054a6919e071bc,data/trunkfloor/cases_101_200.zip,cases/case149.pt
trunkfloor,case150,data/trunkfloor/cases/case150.pt,4294771,90c457840b54ba27e4aa00a6a93144f4d19120e577f5fbac7607d31370145695,data/trunkfloor/cases_101_200.zip,cases/case150.pt
trunkfloor,case151,data/trunkfloor/cases/case151.pt,4294771,ffe689a1252942297d7668d2f828bc46deaa5422697bcbacebb05c76ab1c22d4,data/trunkfloor/cases_101_200.zip,cases/case151.pt
trunkfloor,case152,data/trunkfloor/cases/case152.pt,4294771,a9d8b3bf962d31b35ecb187b659b5cae0c5e48d3bf0d7e5e970c03ccb05b5f4b,data/trunkfloor/cases_101_200.zip,cases/case152.pt
trunkfloor,case153,data/trunkfloor/cases/case153.pt,4294771,28999c0b16a3535b96b251315f95ab16a47e284ff8c786885769ce3ec39ae517,data/trunkfloor/cases_101_200.zip,cases/case153.pt
trunkfloor,case154,data/trunkfloor/cases/case154.pt,4294771,a09a6f941337523058408f9b886bcab6bafd4c246c4ab6c815d251a37abdc9d3,data/trunkfloor/cases_101_200.zip,cases/case154.pt
trunkfloor,case155,data/trunkfloor/cases/case155.pt,4294771,c148dc1f4720207a560f783a641d1336a1ab516fdb807e4ff015d80df8ded7ad,data/trunkfloor/cases_101_200.zip,cases/case155.pt
trunkfloor,case156,data/trunkfloor/cases/case156.pt,4294771,fcf225a95be276534cac454de904d2d59711df46a17a5ca68ad466bf6d11fb0c,data/trunkfloor/cases_101_200.zip,cases/case156.pt
trunkfloor,case157,data/trunkfloor/cases/case157.pt,4294771,ddab7656f4e8e8d870d98e8049f19abd6d4c95e60d154785c8596f13550dbcd0,data/trunkfloor/cases_101_200.zip,cases/case157.pt
trunkfloor,case158,data/trunkfloor/cases/case158.pt,4294771,f08d4782794527424f9eff70e1cf3f180fd80ef0b80665852dd5772d6bc58dbb,data/trunkfloor/cases_101_200.zip,cases/case158.pt
trunkfloor,case159,data/trunkfloor/cases/case159.pt,4294771,66c1e71be4d404bc578cda4d1b03c8cdd3203965d2771da6eb5bd1e45203189a,data/trunkfloor/cases_101_200.zip,cases/case159.pt
trunkfloor,case160,data/trunkfloor/cases/case160.pt,4294771,c43cfd847973bfcb4a7d0fd5c2b12ba7f03a0c19cda48bedd02cb8d73f4745ce,data/trunkfloor/cases_101_200.zip,cases/case160.pt
trunkfloor,case161,data/trunkfloor/cases/case161.pt,4294771,4325db258659632d4dd0ae6ec143f9c56e3af97becfb1d843d5b86ab9db21027,data/trunkfloor/cases_101_200.zip,cases/case161.pt
trunkfloor,case162,data/trunkfloor/cases/case162.pt,4294771,a11e8354f089434654fdc5c67455266c067edb99e06e2628a70a85de66af69fb,data/trunkfloor/cases_101_200.zip,cases/case162.pt
trunkfloor,case163,data/trunkfloor/cases/case163.pt,4294771,f6f0a3af589322bc568a47a5aeb83d0224bb70d6aaf1ffc6826e4b6614abba92,data/trunkfloor/cases_101_200.zip,cases/case163.pt
trunkfloor,case164,data/trunkfloor/cases/case164.pt,4294771,81e2a018116ee610f5b1f0232038b4367737892d5a2297eb2468191cf0cdeb13,data/trunkfloor/cases_101_200.zip,cases/case164.pt
trunkfloor,case165,data/trunkfloor/cases/case165.pt,4294771,63dc1444df406e3ff63dd0ed6730f9f37383a7d67edbe1f8c9a411d6cfb1d832,data/trunkfloor/cases_101_200.zip,cases/case165.pt
trunkfloor,case166,data/trunkfloor/cases/case166.pt,4294771,4c10da783e6918035599d7597891841ca4be98cd890ef42031882440af74e201,data/trunkfloor/cases_101_200.zip,cases/case166.pt
trunkfloor,case167,data/trunkfloor/cases/case167.pt,4294771,64e6f0a16a72b6a246da575e38392cb7c073e09b0b45489a0b181123516fae24,data/trunkfloor/cases_101_200.zip,cases/case167.pt
trunkfloor,case168,data/trunkfloor/cases/case168.pt,4294771,7374ab1ff199dbb82bfa611d65e02bc8de8bfdf540687876fcd7b54d40227429,data/trunkfloor/cases_101_200.zip,cases/case168.pt
trunkfloor,case169,data/trunkfloor/cases/case169.pt,4294771,11903ad0a7c89f00c205960c34b337794c659e5422c5b203354a2f45bdedef21,data/trunkfloor/cases_101_200.zip,cases/case169.pt
trunkfloor,case170,data/trunkfloor/cases/case170.pt,4294771,827c466736c3760cf8c8710be78ad1d53b29784aedc05843dd4d12b8661d6379,data/trunkfloor/cases_101_200.zip,cases/case170.pt
trunkfloor,case171,data/trunkfloor/cases/case171.pt,4294771,7aee479c8d56825b27ae71c0ee98eb4f9b8a1e3a0545e05b8761b0d84d548ca3,data/trunkfloor/cases_101_200.zip,cases/case171.pt
trunkfloor,case172,data/trunkfloor/cases/case172.pt,4294771,df4333cb0e8db0c0831207cacdbcae7244c64660f48c67dc50910d6883db7fa6,data/trunkfloor/cases_101_200.zip,cases/case172.pt
trunkfloor,case173,data/trunkfloor/cases/case173.pt,4294771,c5476fb37c0079d506ccea832087fdaedcff0450b7f6dce05b0e9ad23a7f44ef,data/trunkfloor/cases_101_200.zip,cases/case173.pt
trunkfloor,case174,data/trunkfloor/cases/case174.pt,4294771,fa32392e0104871f1f84081c070c57bd946ccc2bd6aaca1c5bc59ccb0a9366aa,data/trunkfloor/cases_101_200.zip,cases/case174.pt
trunkfloor,case175,data/trunkfloor/cases/case175.pt,4294771,34d71bf1d6ca22b042365b791a8929814ae1ae557f2955eea84fb25cca1dea0f,data/trunkfloor/cases_101_200.zip,cases/case175.pt
trunkfloor,case176,data/trunkfloor/cases/case176.pt,4294771,c8228318abe13f373c31b0280c73b206fbb0ebe98717f256e83c1623117f2922,data/trunkfloor/cases_101_200.zip,cases/case176.pt
trunkfloor,case177,data/trunkfloor/cases/case177.pt,4294771,b70ff23bed31a873cee56d038b7480cd0d4a388b4a432888465cc15061aa15b3,data/trunkfloor/cases_101_200.zip,cases/case177.pt
trunkfloor,case178,data/trunkfloor/cases/case178.pt,4294771,9a2770b27ffcf50b8f4d5453ea535af702d8281403d0e82515363aa0d8a5ba90,data/trunkfloor/cases_101_200.zip,cases/case178.pt
trunkfloor,case179,data/trunkfloor/cases/case179.pt,4294771,278b91962ccd79428d588a6160100345c0f9c2c4785ccfbb8210827a895aa131,data/trunkfloor/cases_101_200.zip,cases/case179.pt
trunkfloor,case180,data/trunkfloor/cases/case180.pt,4294771,d5d944ba95d240af7d5b6ff2ec54cce2cdb576f6549e54ea103577d5e057ec75,data/trunkfloor/cases_101_200.zip,cases/case180.pt
trunkfloor,case181,data/trunkfloor/cases/case181.pt,4294771,ee8c795699282c3441801fd03e0f767dce1bb5dd4ceabb77cb12db59e1923716,data/trunkfloor/cases_101_200.zip,cases/case181.pt
trunkfloor,case182,data/trunkfloor/cases/case182.pt,4294771,5cfd9e8d4c7ee82319d9e5d896b5a5987c8952af9898e2ada269360ef3a01139,data/trunkfloor/cases_101_200.zip,cases/case182.pt
trunkfloor,case183,data/trunkfloor/cases/case183.pt,4294771,25f0e93d309bdbb948ad1c3f13a5316eeffd80b51c972a63efecb1182e8917b7,data/trunkfloor/cases_101_200.zip,cases/case183.pt
trunkfloor,case184,data/trunkfloor/cases/case184.pt,4294771,06afdeaee75e5abe6424df6dbedb7105bc46c14a11185c421f7a7f19596bf0c0,data/trunkfloor/cases_101_200.zip,cases/case184.pt
trunkfloor,case185,data/trunkfloor/cases/case185.pt,4294771,5b967c754f01af88e58a77a61e0d8fb83ca7fa5d92745b4261c00586c6605ffd,data/trunkfloor/cases_101_200.zip,cases/case185.pt
trunkfloor,case186,data/trunkfloor/cases/case186.pt,4294771,c8552ec8d8d880e7c85d048400e06ec0a72420cdfc020fc67ef90a9f4ece1191,data/trunkfloor/cases_101_200.zip,cases/case186.pt
trunkfloor,case187,data/trunkfloor/cases/case187.pt,4294771,eaee0a11039b1db9894f296119620441d18fb604052412d8e9e9a1309cb2694c,data/trunkfloor/cases_101_200.zip,cases/case187.pt
trunkfloor,case188,data/trunkfloor/cases/case188.pt,4294771,83530e0c53a38702fb90e168631b531300b2ba67d48380d037ccc62c59344b20,data/trunkfloor/cases_101_200.zip,cases/case188.pt
trunkfloor,case189,data/trunkfloor/cases/case189.pt,4294771,825918df8472333c74661196df3f8eb25c490a6ef98af478c4a6bdb33ecf6ace,data/trunkfloor/cases_101_200.zip,cases/case189.pt
trunkfloor,case190,data/trunkfloor/cases/case190.pt,4294771,ee390d8c99d2db4806889f90302c9a2328e745bd8d99975f22cb62e91d271e15,data/trunkfloor/cases_101_200.zip,cases/case190.pt
trunkfloor,case191,data/trunkfloor/cases/case191.pt,4294771,daa43dd91ca303708bcdb2084c8dba299692fcede9d42c6a0eeef38c8e4570ac,data/trunkfloor/cases_101_200.zip,cases/case191.pt
trunkfloor,case192,data/trunkfloor/cases/case192.pt,4294771,5e4c5f0b04c9ee6c6d6d2d528d8cc994bc7d4f4b88a8ec3aeca6132dc84d44d0,data/trunkfloor/cases_101_200.zip,cases/case192.pt
trunkfloor,case193,data/trunkfloor/cases/case193.pt,4294771,6744a4daa15b4783cda1754774b04f2289f264bf2748c7faa479c55677917d0b,data/trunkfloor/cases_101_200.zip,cases/case193.pt
trunkfloor,case194,data/trunkfloor/cases/case194.pt,4294771,ec0d885ccba2973d20581aa4634bc18fcd308f8c80b4b51a344ef574b7c961fa,data/trunkfloor/cases_101_200.zip,cases/case194.pt
trunkfloor,case195,data/trunkfloor/cases/case195.pt,4294771,604f55947798d10fefb882170b070c1aa7a10d1937ab99efdb41d93125d921c2,data/trunkfloor/cases_101_200.zip,cases/case195.pt
trunkfloor,case196,data/trunkfloor/cases/case196.pt,4294771,f556ca9ce0989b6c800192a5b8fcafe1af729bd6ff09c1201f50f2d222f7059b,data/trunkfloor/cases_101_200.zip,cases/case196.pt
trunkfloor,case197,data/trunkfloor/cases/case197.pt,4294771,d6da1135aac7664402d4b3506d41a5ec0570e04cc019d39681cc926a34eb88fa,data/trunkfloor/cases_101_200.zip,cases/case197.pt
trunkfloor,case198,data/trunkfloor/cases/case198.pt,4294771,eac89c2707b39d2c8058f01df74887926b4c489ad7fbbbee1baed4c36fe431b6,data/trunkfloor/cases_101_200.zip,cases/case198.pt
trunkfloor,case199,data/trunkfloor/cases/case199.pt,4294771,6fd281b9ed82dac5048e8d72ebc37caee263b32f2288f14099ebf160211186a4,data/trunkfloor/cases_101_200.zip,cases/case199.pt
trunkfloor,case200,data/trunkfloor/cases/case200.pt,4294771,cf085081e5bd90cf91124eb98de9b1f0be57c0f42da1979fa698c9d16d9b478e,data/trunkfloor/cases_101_200.zip,cases/case200.pt
trunkfloor,case201,data/trunkfloor/cases/case201.pt,4294771,9214ea28773af9c71f2ffcd0ac024b6b886a5bbff875406108d66e5a9471b84f,data/trunkfloor/cases_201_300.zip,cases/case201.pt
trunkfloor,case202,data/trunkfloor/cases/case202.pt,4294771,f8050decd5f3570324bc13d25b8984946b8e427e04d234f15cca0c97dd09797e,data/trunkfloor/cases_201_300.zip,cases/case202.pt
trunkfloor,case203,data/trunkfloor/cases/case203.pt,4294771,36e674d2b96d4a99134d13978e2eb1cb236636ced2ae1b3209646b026ee1b67a,data/trunkfloor/cases_201_300.zip,cases/case203.pt
trunkfloor,case204,data/trunkfloor/cases/case204.pt,4294771,9dca066a18e804d21f5ba40cf2e8a4e725d468f81b75fbc106918ec6f80318aa,data/trunkfloor/cases_201_300.zip,cases/case204.pt
trunkfloor,case205,data/trunkfloor/cases/case205.pt,4294771,5f541c1dec974686a6a1e702bc27c3b0230750cdd01695a37180b03556a98258,data/trunkfloor/cases_201_300.zip,cases/case205.pt
trunkfloor,case206,data/trunkfloor/cases/case206.pt,4294771,4d71e58372e0482799b40b3d677513e1250a4f450e7bde7a9f5831a4a3ec59d5,data/trunkfloor/cases_201_300.zip,cases/case206.pt
trunkfloor,case207,data/trunkfloor/cases/case207.pt,4294771,a0b34df846816f6e074e90ccf4527b921274f3ff61e43a60b6ee65e3b5f9be7d,data/trunkfloor/cases_201_300.zip,cases/case207.pt
trunkfloor,case208,data/trunkfloor/cases/case208.pt,4294771,c771a1f47158da4d210a1ed5293bdfb9e2a8a4a94da3c8b3947edd50b59902f5,data/trunkfloor/cases_201_300.zip,cases/case208.pt
trunkfloor,case209,data/trunkfloor/cases/case209.pt,4294771,c37e0f6f256a478a51f240a4ff2d958c00b2e597623b83fb819f6ea128db77ba,data/trunkfloor/cases_201_300.zip,cases/case209.pt
trunkfloor,case210,data/trunkfloor/cases/case210.pt,4294771,a6351ae24c083c6534a8f943321f054ed87d29020f1edb5fbdc73c24db7de721,data/trunkfloor/cases_201_300.zip,cases/case210.pt
trunkfloor,case211,data/trunkfloor/cases/case211.pt,4294771,7f9b417bfafb55a096c2fb307d914007d88791b9c0b1154c370f48b7a40edca3,data/trunkfloor/cases_201_300.zip,cases/case211.pt
trunkfloor,case212,data/trunkfloor/cases/case212.pt,4294771,0226b0669074b4bef88f6e1c1bd92c9564157683dbb761fa91a579136f4cc5a9,data/trunkfloor/cases_201_300.zip,cases/case212.pt
trunkfloor,case213,data/trunkfloor/cases/case213.pt,4294771,2f6a3090c8c76192ec209516f72059ed77bcedd053a1b0a571d453c735dfc043,data/trunkfloor/cases_201_300.zip,cases/case213.pt
trunkfloor,case214,data/trunkfloor/cases/case214.pt,4294771,1668b6cbb580e6b69db6401f748966483e9348f00af472dde753fe27dd29f2d1,data/trunkfloor/cases_201_300.zip,cases/case214.pt
trunkfloor,case215,data/trunkfloor/cases/case215.pt,4294771,074583b0b6f9e72f12fe9618b88df30b3fae1ca60a646aac45077d2a9d9347f4,data/trunkfloor/cases_201_300.zip,cases/case215.pt
trunkfloor,case216,data/trunkfloor/cases/case216.pt,4294771,5477a90f3cea2e4005b98a9eb09f8cbe0b4c9156d9df770b047a074d61817ffb,data/trunkfloor/cases_201_300.zip,cases/case216.pt
trunkfloor,case217,data/trunkfloor/cases/case217.pt,4294771,b1d2bf188afb91240aeb15fffd5d13b9e3876517f4de7ac337be884f9fa49374,data/trunkfloor/cases_201_300.zip,cases/case217.pt
trunkfloor,case218,data/trunkfloor/cases/case218.pt,4294771,992d20ee546fd41d0e1695c64521cc71b5ac69b67be3cdccb341bf9cb4611ad2,data/trunkfloor/cases_201_300.zip,cases/case218.pt
trunkfloor,case219,data/trunkfloor/cases/case219.pt,4294771,194999d38ea53ab31af8ce466022dde9c88fbec29c670704bc94270b0ea6af65,data/trunkfloor/cases_201_300.zip,cases/case219.pt
trunkfloor,case220,data/trunkfloor/cases/case220.pt,4294771,65f61ad11f4bc985f07b32d6fb58d29fbfcb0c1808708ebf9fb0cec1cf4cca48,data/trunkfloor/cases_201_300.zip,cases/case220.pt
trunkfloor,case221,data/trunkfloor/cases/case221.pt,4294771,1782066b8d31405249951a727832bc5e5c3794073486957407390f6207077a9d,data/trunkfloor/cases_201_300.zip,cases/case221.pt
trunkfloor,case222,data/trunkfloor/cases/case222.pt,4294771,8925d8d41b74767104285769aedd82e01b46ea750c1f19d9f476afca6ba9c0f2,data/trunkfloor/cases_201_300.zip,cases/case222.pt
trunkfloor,case223,data/trunkfloor/cases/case223.pt,4294771,4e544427198dcaeaa2a886094c9fdbc382a95d27aa679e27228b1cb569bd024c,data/trunkfloor/cases_201_300.zip,cases/case223.pt
trunkfloor,case224,data/trunkfloor/cases/case224.pt,4294771,ad725e9f88467e0c9ead85ffefbcfaba5ae720e6d578ed5a41d84c1fbf3abf21,data/trunkfloor/cases_201_300.zip,cases/case224.pt
trunkfloor,case225,data/trunkfloor/cases/case225.pt,4294771,014c727b3d79c63f5555b5eec4620c15eb5f5357b88a6771ac778ef427558485,data/trunkfloor/cases_201_300.zip,cases/case225.pt
trunkfloor,case226,data/trunkfloor/cases/case226.pt,4294771,0e743668d9d5c15a95ec60f4ea9a3b0e97cbc0cc5fa6a84768819e195a46b9f2,data/trunkfloor/cases_201_300.zip,cases/case226.pt
trunkfloor,case227,data/trunkfloor/cases/case227.pt,4294771,42692f033d7d1b10e539303347d051940160fc6b4d3782ab9186fb8abd5a5003,data/trunkfloor/cases_201_300.zip,cases/case227.pt
trunkfloor,case228,data/trunkfloor/cases/case228.pt,4294771,7fdee905237421bbb2437675cb673241f4f3981e51dc1c486dbe43db7eb0b2f9,data/trunkfloor/cases_201_300.zip,cases/case228.pt
trunkfloor,case229,data/trunkfloor/cases/case229.pt,4294771,23ac8e779d5a38af8cebb0e076ebb8d1c9504432a238fef25c44806613e337d1,data/trunkfloor/cases_201_300.zip,cases/case229.pt
trunkfloor,case230,data/trunkfloor/cases/case230.pt,4294771,2b9fdb20c175cc34c41947a6b09c32a0d590cc2d9515611995e63234e9f60ab0,data/trunkfloor/cases_201_300.zip,cases/case230.pt
trunkfloor,case231,data/trunkfloor/cases/case231.pt,4294771,7e42d92f7e4478f7342d82d4ca832a860317e402f7e6d974cef47c6b78a6b2ce,data/trunkfloor/cases_201_300.zip,cases/case231.pt
trunkfloor,case232,data/trunkfloor/cases/case232.pt,4294771,6543ec2abf0b189d9efe53e1f6a2efd508a3701176780b4a14eb9631b3288809,data/trunkfloor/cases_201_300.zip,cases/case232.pt
trunkfloor,case233,data/trunkfloor/cases/case233.pt,4294771,db3efce5684aa672ba7436b026b6563da8eea05eaf37b4debcf13bee403c20c1,data/trunkfloor/cases_201_300.zip,cases/case233.pt
trunkfloor,case234,data/trunkfloor/cases/case234.pt,4294771,fed7653775266136c2e400fb9777d94247b30bacd4c36e6fb2b1b4286338b2f3,data/trunkfloor/cases_201_300.zip,cases/case234.pt
trunkfloor,case235,data/trunkfloor/cases/case235.pt,4294771,4e51d4c8bee8e2d4c6f13909e2ef1387bfb00fadd6511d60231817646fd92c5e,data/trunkfloor/cases_201_300.zip,cases/case235.pt
trunkfloor,case236,data/trunkfloor/cases/case236.pt,4294771,80217672c009be3d0a6c812a5849968444bba91d0ecfa7365d9caa8ca4bb817f,data/trunkfloor/cases_201_300.zip,cases/case236.pt
trunkfloor,case237,data/trunkfloor/cases/case237.pt,4294771,1a8c05bfc2f31f0a66d81061121e031a4cfed64f9b5fe7919c31965a36ad81a9,data/trunkfloor/cases_201_300.zip,cases/case237.pt
trunkfloor,case238,data/trunkfloor/cases/case238.pt,4294771,c575245a4118143220bc503d6a53afab65e94b2b9bd173582872f60a22b898fc,data/trunkfloor/cases_201_300.zip,cases/case238.pt
trunkfloor,case239,data/trunkfloor/cases/case239.pt,4294771,2cdf620199b4e047a451f8475694d0e0adee5498edbe9673294304db11e7b798,data/trunkfloor/cases_201_300.zip,cases/case239.pt
trunkfloor,case240,data/trunkfloor/cases/case240.pt,4294771,3d6c19a3bbd394a7daf6d4d5444895f2ae2ef513f439473fc64fb3e224ed5577,data/trunkfloor/cases_201_300.zip,cases/case240.pt
trunkfloor,case241,data/trunkfloor/cases/case241.pt,4294771,17c4b08c9d0fc216d8250bb0a6395f593e9578015e545ce78e12f5164488f523,data/trunkfloor/cases_201_300.zip,cases/case241.pt
trunkfloor,case242,data/trunkfloor/cases/case242.pt,4294771,42a7d3dc28ff286c5c8ad633626e900f1628f90fc2964ef0ffe0be93f6f58be4,data/trunkfloor/cases_201_300.zip,cases/case242.pt
trunkfloor,case243,data/trunkfloor/cases/case243.pt,4294771,0126cbce1b8aa890740f4ffbc09fe0c06068a7e043d25339c0f5944783cdb637,data/trunkfloor/cases_201_300.zip,cases/case243.pt
trunkfloor,case244,data/trunkfloor/cases/case244.pt,4294771,71e9b1cdd5f5aac016ce67898b6bdb898aae8a565ec6527a85dce25f37ea382c,data/trunkfloor/cases_201_300.zip,cases/case244.pt
trunkfloor,case245,data/trunkfloor/cases/case245.pt,4294771,5680bbcc8b46f889d88668e268711c668a18f4ad0cd27decccb455aaec4c9052,data/trunkfloor/cases_201_300.zip,cases/case245.pt
trunkfloor,case246,data/trunkfloor/cases/case246.pt,4294771,f8023723c2e52830beadf4011711acbb3908183c94974c664a41a2cb1807ca99,data/trunkfloor/cases_201_300.zip,cases/case246.pt
trunkfloor,case247,data/trunkfloor/cases/case247.pt,4294771,b9f91c71f43d5b519ceb4d807419b0b00c7a12d5889ec2fd2d44fe43a6738c4e,data/trunkfloor/cases_201_300.zip,cases/case247.pt
trunkfloor,case248,data/trunkfloor/cases/case248.pt,4294771,74434246ea326f89ce7bb2cfc96e3cb6d127f94f84d885eaa4a2162f76c308e6,data/trunkfloor/cases_201_300.zip,cases/case248.pt
trunkfloor,case249,data/trunkfloor/cases/case249.pt,4294771,e81571e97bd65b9f8a9384f2fbc8bfc4a5a7d2a8f21f7a1059f1a621370f09ef,data/trunkfloor/cases_201_300.zip,cases/case249.pt
trunkfloor,case250,data/trunkfloor/cases/case250.pt,4294771,3c938606f827795cdc6876363bcaa0d64554e66bf9cb5c5d8f47521dd448217c,data/trunkfloor/cases_201_300.zip,cases/case250.pt
trunkfloor,case251,data/trunkfloor/cases/case251.pt,4294771,1ada0474a91261eb2dc3927e7cf0d32261576b78a9c6ea6e77ac86bbd5858c7c,data/trunkfloor/cases_201_300.zip,cases/case251.pt
trunkfloor,case252,data/trunkfloor/cases/case252.pt,4294771,54f8eebffee69c263ed5802851594471edf1ec4041a1378bee6079d3ec69d3af,data/trunkfloor/cases_201_300.zip,cases/case252.pt
trunkfloor,case253,data/trunkfloor/cases/case253.pt,4294771,77b4e1026ddb09221e9ef765d8ce0f347c9e4a1f967fdb8021ea78c1491ae24a,data/trunkfloor/cases_201_300.zip,cases/case253.pt
trunkfloor,case254,data/trunkfloor/cases/case254.pt,4294771,d878ed72a5005e6241f89d805db695b316e5925c39c8e8f22d7da8a227e4d639,data/trunkfloor/cases_201_300.zip,cases/case254.pt
trunkfloor,case255,data/trunkfloor/cases/case255.pt,4294771,b10176d900553b7d33732e6e99eb5071d49a4fe5069f0250c294f17cedd3a9c5,data/trunkfloor/cases_201_300.zip,cases/case255.pt
trunkfloor,case256,data/trunkfloor/cases/case256.pt,4294771,acc4ce8308b328456bf5c7e9edcede795cc964fb6c2ff5e9db22d4a81f63675e,data/trunkfloor/cases_201_300.zip,cases/case256.pt
trunkfloor,case257,data/trunkfloor/cases/case257.pt,4294771,31a1c4987109d09b71effb8cb49e329d9e7180e90ad1fe1373365374fbc0eab1,data/trunkfloor/cases_201_300.zip,cases/case257.pt
trunkfloor,case258,data/trunkfloor/cases/case258.pt,4294771,4dc09c950ba6f8ba3dc0bcfe090cecf4f816c994a5894367671047e3336b2f57,data/trunkfloor/cases_201_300.zip,cases/case258.pt
trunkfloor,case259,data/trunkfloor/cases/case259.pt,4294771,f138889260c31509c04af32b33292b74d45eb6af61ccbc0e216da3c243e81be5,data/trunkfloor/cases_201_300.zip,cases/case259.pt
trunkfloor,case260,data/trunkfloor/cases/case260.pt,4294771,3e80940ec3c2eac945c2ac3fa793e83a57bb4aec2b1e940500f9a2effb0b1431,data/trunkfloor/cases_201_300.zip,cases/case260.pt
trunkfloor,case261,data/trunkfloor/cases/case261.pt,4294771,0f08914477000a802382e2c0cf4d9dd8c85c957476562db0d2429fb35ffc3acd,data/trunkfloor/cases_201_300.zip,cases/case261.pt
trunkfloor,case262,data/trunkfloor/cases/case262.pt,4294771,14ee65e369d3bf4842e4bbc67752e3ffc50375400586a8c1bf9f68cfa953d1d5,data/trunkfloor/cases_201_300.zip,cases/case262.pt
trunkfloor,case263,data/trunkfloor/cases/case263.pt,4294771,99c38acc991b49304dd500c1a0043624a5b0729231a422380a6136943efe161d,data/trunkfloor/cases_201_300.zip,cases/case263.pt
trunkfloor,case264,data/trunkfloor/cases/case264.pt,4294771,dac529f0a3d54c2275103c9125e57a4e9a2a7e2e91322b0da5b40739f6e6ba63,data/trunkfloor/cases_201_300.zip,cases/case264.pt
trunkfloor,case265,data/trunkfloor/cases/case265.pt,4294771,4b00bfe998baee4164e5a82be3127bb4f9ac66ec313be748829405a5a9313951,data/trunkfloor/cases_201_300.zip,cases/case265.pt
trunkfloor,case266,data/trunkfloor/cases/case266.pt,4294771,0c43636d96b2d9dbefa225ae60375dd3654f51f3c3ff7d124495ad3391f62579,data/trunkfloor/cases_201_300.zip,cases/case266.pt
trunkfloor,case267,data/trunkfloor/cases/case267.pt,4294771,e35f34a96ce790bc1840959892b4b7c6b2bc1c0add19040130037801e70a4897,data/trunkfloor/cases_201_300.zip,cases/case267.pt
trunkfloor,case268,data/trunkfloor/cases/case268.pt,4294771,772cd7ff4ac20a668e18e1413bbe4677216ac9e88013bfa40579fc8557d51937,data/trunkfloor/cases_201_300.zip,cases/case268.pt
trunkfloor,case269,data/trunkfloor/cases/case269.pt,4294771,9dd56a59f8deff7dccf592cec07101f970d546119dc7d35f5b884bef17e0a106,data/trunkfloor/cases_201_300.zip,cases/case269.pt
trunkfloor,case270,data/trunkfloor/cases/case270.pt,4294771,03dcdaf5f7e11be7112f0799d3486b233db3dded51fea89baa8e22a4f202b541,data/trunkfloor/cases_201_300.zip,cases/case270.pt
trunkfloor,case271,data/trunkfloor/cases/case271.pt,4294771,adb459fe96f98ad33b78fde88c222701f9b2bf1023f742d58982994431e3503e,data/trunkfloor/cases_201_300.zip,cases/case271.pt
trunkfloor,case272,data/trunkfloor/cases/case272.pt,4294771,19e9926e243ebe71b58d5e6d49785582688ba630a68595d657a2eaa60b1b0694,data/trunkfloor/cases_201_300.zip,cases/case272.pt
trunkfloor,case273,data/trunkfloor/cases/case273.pt,4294771,ed60966b0886dd9ce0e15a8421b819967ffbd09327054e940453c4a7e24e3be8,data/trunkfloor/cases_201_300.zip,cases/case273.pt
trunkfloor,case274,data/trunkfloor/cases/case274.pt,4294771,cbbb2d997c3f4a8af03c9a41c2a8e2c9204a5f660beb372f44208990735c6b0d,data/trunkfloor/cases_201_300.zip,cases/case274.pt
trunkfloor,case275,data/trunkfloor/cases/case275.pt,4294771,486b576358b52eaa9ffe0bcbbdf4f6367424740327d23023e0f743ab9ed1f85b,data/trunkfloor/cases_201_300.zip,cases/case275.pt
trunkfloor,case276,data/trunkfloor/cases/case276.pt,4294771,318085c90711156a6473bf2141a7547e4045b523f6c771fd4fd2f3cceb38688d,data/trunkfloor/cases_201_300.zip,cases/case276.pt
trunkfloor,case277,data/trunkfloor/cases/case277.pt,4294771,0bc78d4e1812ff1d0053e5b1e0dbe9e909438daf5aa77fc4758b2e26f428e1fa,data/trunkfloor/cases_201_300.zip,cases/case277.pt
trunkfloor,case278,data/trunkfloor/cases/case278.pt,4294771,518674a6688e6559cb6cb86c9b98726ff7baf7226270670d4665478f649150c1,data/trunkfloor/cases_201_300.zip,cases/case278.pt
trunkfloor,case279,data/trunkfloor/cases/case279.pt,4294771,dcdd83b2f2537033db1a18970e8fbb1e60ee27ff81e1621ecae0fd10fd9e3faf,data/trunkfloor/cases_201_300.zip,cases/case279.pt
trunkfloor,case280,data/trunkfloor/cases/case280.pt,4294771,ab0ff5e0d98f7842f7079b0f66c57d77deccabd582550498513a50665c3027b0,data/trunkfloor/cases_201_300.zip,cases/case280.pt
trunkfloor,case281,data/trunkfloor/cases/case281.pt,4294771,6fbd5b3407d04eff80f5c313292221ce5fa23c5196b9aa338a0d00c1d4ea3bdc,data/trunkfloor/cases_201_300.zip,cases/case281.pt
trunkfloor,case282,data/trunkfloor/cases/case282.pt,4294771,cf94cc752da05207ffb1615cc5e32f617f862d37decea2dc4cff234f51f56f7f,data/trunkfloor/cases_201_300.zip,cases/case282.pt
trunkfloor,case283,data/trunkfloor/cases/case283.pt,4294771,e34b8856c9d7698fbc484a59407e751b6dddae071a98ed83e763eb10ba39931f,data/trunkfloor/cases_201_300.zip,cases/case283.pt
trunkfloor,case284,data/trunkfloor/cases/case284.pt,4294771,bf11e130fa46931a06da6b6e52c636e199d6dd0fb9bdcad824e138a2faaa8859,data/trunkfloor/cases_201_300.zip,cases/case284.pt
trunkfloor,case285,data/trunkfloor/cases/case285.pt,4294771,2f11b2bd81a204030637ff6e8b7b1bc11a6ad966b604d6dd580ea0596c5e3e68,data/trunkfloor/cases_201_300.zip,cases/case285.pt
trunkfloor,case286,data/trunkfloor/cases/case286.pt,4294771,8e2d01c1a828e19544e569337b2538887497ede4c38f43664e81c53e9ec9ee9e,data/trunkfloor/cases_201_300.zip,cases/case286.pt
trunkfloor,case287,data/trunkfloor/cases/case287.pt,4294771,86a07b317d36f4e7bb5223b589332f13479fd4d73947e3e47c70e79aa985718a,data/trunkfloor/cases_201_300.zip,cases/case287.pt
trunkfloor,case288,data/trunkfloor/cases/case288.pt,4294771,e05604eea641c72da04ebaba2db142eee67ca06cfe4d8692a701252e2c19ea24,data/trunkfloor/cases_201_300.zip,cases/case288.pt
trunkfloor,case289,data/trunkfloor/cases/case289.pt,4294771,c8f14435bf7b4f5d250c41735832cc1ab769558e64516e822bf8e331a76e732b,data/trunkfloor/cases_201_300.zip,cases/case289.pt
trunkfloor,case290,data/trunkfloor/cases/case290.pt,4294771,c889bfa9f95d482b792a1595322e49f630342af59b3e5fa9ec9fabf384e3be1f,data/trunkfloor/cases_201_300.zip,cases/case290.pt
trunkfloor,case291,data/trunkfloor/cases/case291.pt,4294771,b3db0045ee589b93e51b1807d7089c9c270a750e7167a6f014ee1bfe8d8d5311,data/trunkfloor/cases_201_300.zip,cases/case291.pt
trunkfloor,case292,data/trunkfloor/cases/case292.pt,4294771,090304e546830fc3b144c91c3b79ce84070347987755ab1332090e93c2e3a22e,data/trunkfloor/cases_201_300.zip,cases/case292.pt
trunkfloor,case293,data/trunkfloor/cases/case293.pt,4294771,06628d4e95e947f9fdd513e3c46b1f6f7a875850afe666e616a107e6db291412,data/trunkfloor/cases_201_300.zip,cases/case293.pt
trunkfloor,case294,data/trunkfloor/cases/case294.pt,4294771,03988c08e58f4f99cba57d415b25d96d0ac10421d54afdd75321ec4681c44480,data/trunkfloor/cases_201_300.zip,cases/case294.pt
trunkfloor,case295,data/trunkfloor/cases/case295.pt,4294771,3aa396735f12e5fc275304e47562405618181eb2b66a4cb542f6264e75b1bd70,data/trunkfloor/cases_201_300.zip,cases/case295.pt
trunkfloor,case296,data/trunkfloor/cases/case296.pt,4294771,cd97768f7dde1072d70e75358310724bb9777584dcb856100e5f5f8bf9f9e0fe,data/trunkfloor/cases_201_300.zip,cases/case296.pt
trunkfloor,case297,data/trunkfloor/cases/case297.pt,4294771,b073c7a6006b6c07d930fb2330fe09272e8e69a61c0bf90429f198ce9adec531,data/trunkfloor/cases_201_300.zip,cases/case297.pt
trunkfloor,case298,data/trunkfloor/cases/case298.pt,4294771,e188ec36c1e584d495806d322a387fd9d4f2601283e30656582cd341c192b967,data/trunkfloor/cases_201_300.zip,cases/case298.pt
trunkfloor,case299,data/trunkfloor/cases/case299.pt,4294771,37190bb92cfad099d8289194f2d242c0d9d3009d38300bd846b7f6a575b2213f,data/trunkfloor/cases_201_300.zip,cases/case299.pt
trunkfloor,case300,data/trunkfloor/cases/case300.pt,4294771,652c5ef51aace1ab0f66b3c1a96c4ce510ae1edc2ec87a3ca662e29af035eb7d,data/trunkfloor/cases_201_300.zip,cases/case300.pt
trunkfloor,case301,data/trunkfloor/cases/case301.pt,4294771,a04ce03566b9578322aca77d8cbb1d5ede8538d02112e6b8c6a5aeb997ea823b,data/trunkfloor/cases_301_400.zip,cases/case301.pt
trunkfloor,case302,data/trunkfloor/cases/case302.pt,4294771,16d5327177d726e06eefeaa5c53a7dcdf77127f729f610cb44f7785f7beca831,data/trunkfloor/cases_301_400.zip,cases/case302.pt
trunkfloor,case303,data/trunkfloor/cases/case303.pt,4294771,2785dff8b74f9d3fa30fa282cab04ce4898f6292cfcb289b1c0ded5b23e1bc8f,data/trunkfloor/cases_301_400.zip,cases/case303.pt
trunkfloor,case304,data/trunkfloor/cases/case304.pt,4294771,9acb54296e6d164b5a5ce7aee7902008d85a854e686915828cdfe0b7c735bf0c,data/trunkfloor/cases_301_400.zip,cases/case304.pt
trunkfloor,case305,data/trunkfloor/cases/case305.pt,5287159,06bdd28194d0aac830b6d742953c3d45d0072cc498d08fc6acc034290424924c,data/trunkfloor/cases_301_400.zip,cases/case305.pt
trunkfloor,case306,data/trunkfloor/cases/case306.pt,4294771,f8b1c7f93f09ed8ad211504609d1c4e9d228094af824d3cd2602ceb7954bbb76,data/trunkfloor/cases_301_400.zip,cases/case306.pt
trunkfloor,case307,data/trunkfloor/cases/case307.pt,4294771,d45c5916063267179e799ebdee2c18b78800fc7a3f4b35da1b8f7f94781b1cd4,data/trunkfloor/cases_301_400.zip,cases/case307.pt
trunkfloor,case308,data/trunkfloor/cases/case308.pt,4294771,1f915c6b42c1fb99cc2e19b1658edf9a29d9d8e0cc1c599da36613135e80cc2b,data/trunkfloor/cases_301_400.zip,cases/case308.pt
trunkfloor,case309,data/trunkfloor/cases/case309.pt,4294771,99dbc389bb9373eb28f6d2bb174894b8c320f16e395875b95681f48547090957,data/trunkfloor/cases_301_400.zip,cases/case309.pt
trunkfloor,case310,data/trunkfloor/cases/case310.pt,4294771,22531644333450300982112db64c397196e834f44cbb89f2f07166a5057c1cd6,data/trunkfloor/cases_301_400.zip,cases/case310.pt
trunkfloor,case311,data/trunkfloor/cases/case311.pt,4294771,ace860dc30a20b3766821a123fac2ac341c903fc2a71ee3a08387c20c12deae3,data/trunkfloor/cases_301_400.zip,cases/case311.pt
trunkfloor,case312,data/trunkfloor/cases/case312.pt,4294771,836dabb2a0d173200a49ad1c10f18916b282759871f13f45274845bf4e2c72dc,data/trunkfloor/cases_301_400.zip,cases/case312.pt
trunkfloor,case313,data/trunkfloor/cases/case313.pt,4294771,465c3fe9d0dd5d5abf6314b6548fc91b1defc2774201f726dd1f35f670abb853,data/trunkfloor/cases_301_400.zip,cases/case313.pt
trunkfloor,case314,data/trunkfloor/cases/case314.pt,4294771,f5a32af1a2d52b529ac70fa5d464a3ac3e472f24f48a48442b048b9fd89135fe,data/trunkfloor/cases_301_400.zip,cases/case314.pt
trunkfloor,case315,data/trunkfloor/cases/case315.pt,4294771,dc57edfc4dbdb0a0cdd4acc25b6cc9577e77a5cc93355aac06313fa588fab546,data/trunkfloor/cases_301_400.zip,cases/case315.pt
trunkfloor,case316,data/trunkfloor/cases/case316.pt,4294771,a51daf905e2972adc14fb605411de35ae359798406c68cb1bbdec24e3d39252d,data/trunkfloor/cases_301_400.zip,cases/case316.pt
trunkfloor,case317,data/trunkfloor/cases/case317.pt,4294771,ed4c455cce33fc0ad761f8daca0669c4d33a76c503e95450b52062c741299b6c,data/trunkfloor/cases_301_400.zip,cases/case317.pt
trunkfloor,case318,data/trunkfloor/cases/case318.pt,4294771,4b1e517ec55de4ae4089bab0b75779055668f1d86bb0ca4185d5603612ce7b96,data/trunkfloor/cases_301_400.zip,cases/case318.pt
trunkfloor,case319,data/trunkfloor/cases/case319.pt,4294771,f846be71da82b28de463af063dc9345ad3b39aa228084534df7bec072a4f39da,data/trunkfloor/cases_301_400.zip,cases/case319.pt
trunkfloor,case320,data/trunkfloor/cases/case320.pt,4294771,2358a21e4113ed64b1821786f7e052ab9f71f3ac937a935f4d01e246ef7af070,data/trunkfloor/cases_301_400.zip,cases/case320.pt
trunkfloor,case321,data/trunkfloor/cases/case321.pt,4294771,fe8b05a5bb49b424c7f36db31449f7ce6165b005d870e4bc51bce8def2238aac,data/trunkfloor/cases_301_400.zip,cases/case321.pt
trunkfloor,case322,data/trunkfloor/cases/case322.pt,4294771,4f9b4a8143f6211f85ecaf9840e2506a58a2485f3282db542322a7ec641f51e7,data/trunkfloor/cases_301_400.zip,cases/case322.pt
trunkfloor,case323,data/trunkfloor/cases/case323.pt,4294771,78c653702c8c76c56a43fc906809c2d2726bba20fcdca412aaa225f5a988fb4f,data/trunkfloor/cases_301_400.zip,cases/case323.pt
trunkfloor,case324,data/trunkfloor/cases/case324.pt,4294771,eedba4b56f3afa0c0ae3dfd99f2dca3c330518303ba10c13e06865d62d354545,data/trunkfloor/cases_301_400.zip,cases/case324.pt
trunkfloor,case325,data/trunkfloor/cases/case325.pt,4294771,1d9d3a6c6e1868458a14392f7c5290ad97b6a4290bd1cb97ac004d50623b4d51,data/trunkfloor/cases_301_400.zip,cases/case325.pt
trunkfloor,case326,data/trunkfloor/cases/case326.pt,4294771,d82b4687029f1188e9d87c11d192e2604b4e25669e13d41efd2653be48e7f337,data/trunkfloor/cases_301_400.zip,cases/case326.pt
trunkfloor,case327,data/trunkfloor/cases/case327.pt,4294771,e3228bdadd1deecb295e2a2d52eb225d2241f0d43704c06de909f8f028870c4e,data/trunkfloor/cases_301_400.zip,cases/case327.pt
trunkfloor,case328,data/trunkfloor/cases/case328.pt,4294771,8358961c15fc54aef53147bbcd58c9f93a9f33dbe3e22b650fefedf6a84a9136,data/trunkfloor/cases_301_400.zip,cases/case328.pt
trunkfloor,case329,data/trunkfloor/cases/case329.pt,4294771,6276f21fa224a3b197ebfca39c73401390e58865884812aa4985756be1fbd4e7,data/trunkfloor/cases_301_400.zip,cases/case329.pt
trunkfloor,case330,data/trunkfloor/cases/case330.pt,4294771,d54a702e18b276538ebc3269963cd0e689e4eb3977dc220323ec1a1c92e82733,data/trunkfloor/cases_301_400.zip,cases/case330.pt
trunkfloor,case331,data/trunkfloor/cases/case331.pt,4294771,27d7bcac951c1930f7a884c2c368cc5de1274cb02061bccdaa5d9a92e31aa028,data/trunkfloor/cases_301_400.zip,cases/case331.pt
trunkfloor,case332,data/trunkfloor/cases/case332.pt,4294771,3238618b65337d5c3a4ce3895338448a85535b4973da7d8ecef7e73e976254e1,data/trunkfloor/cases_301_400.zip,cases/case332.pt
trunkfloor,case333,data/trunkfloor/cases/case333.pt,4294771,439498c8d49fb3765214e260206562d8f7e67d88cceb5812b81c41b4462f7835,data/trunkfloor/cases_301_400.zip,cases/case333.pt
trunkfloor,case334,data/trunkfloor/cases/case334.pt,4294771,9fc5ddcf3d15bb3a7777becd8b3c1de624f5eb7f08f8b469912b5324b06ef716,data/trunkfloor/cases_301_400.zip,cases/case334.pt
trunkfloor,case335,data/trunkfloor/cases/case335.pt,4294771,e6c02b17d7aea2ed3d93664036121e6610462ac77629f6b8f6654d3b7113f972,data/trunkfloor/cases_301_400.zip,cases/case335.pt
trunkfloor,case336,data/trunkfloor/cases/case336.pt,4294771,cdfd0c250f14fa9a7854e12a75016d0b190350ea6b10f02e70bacc8244e457ca,data/trunkfloor/cases_301_400.zip,cases/case336.pt
trunkfloor,case337,data/trunkfloor/cases/case337.pt,4294771,6834f244f254fd95d377153330cff37ece236a4cf01fe3dd4c088f42eb8ad9fe,data/trunkfloor/cases_301_400.zip,cases/case337.pt
trunkfloor,case338,data/trunkfloor/cases/case338.pt,4294771,2792ffca815d80b734dbc2faab8071e9bacf2806869ee139a04f39be5e4d88db,data/trunkfloor/cases_301_400.zip,cases/case338.pt
trunkfloor,case339,data/trunkfloor/cases/case339.pt,4294771,3ae0065c813da76dd868a479a83138262558bfae96cd0e33d995131dc4887f38,data/trunkfloor/cases_301_400.zip,cases/case339.pt
trunkfloor,case340,data/trunkfloor/cases/case340.pt,4294771,cb8e5c366ec58f97b3afbdb6733bff71417d5a493374dbc151b146f7cdc81b27,data/trunkfloor/cases_301_400.zip,cases/case340.pt
trunkfloor,case341,data/trunkfloor/cases/case341.pt,4294771,f9612b22b5c44687ed4f6be68a5270739253851d10fff86269f686b5bd1b6eb6,data/trunkfloor/cases_301_400.zip,cases/case341.pt
trunkfloor,case342,data/trunkfloor/cases/case342.pt,4294771,107ade07130835f6960972ede4cc01da487548f5ad310f9178368ae5593db7e3,data/trunkfloor/cases_301_400.zip,cases/case342.pt
trunkfloor,case343,data/trunkfloor/cases/case343.pt,4294771,40f2bc83f0e80a2f31e77f4592c3dafd483052d8a017fa54e5a00f7ebc381a63,data/trunkfloor/cases_301_400.zip,cases/case343.pt
trunkfloor,case344,data/trunkfloor/cases/case344.pt,4294771,d2ac57243408efc7fbabb844cc096eab7161f9831c8ddf5c6e84b69a827105fd,data/trunkfloor/cases_301_400.zip,cases/case344.pt
trunkfloor,case345,data/trunkfloor/cases/case345.pt,4294771,1e442511c042ad99933b52982df3059d150d1226fa471e3589962135e40424c4,data/trunkfloor/cases_301_400.zip,cases/case345.pt
trunkfloor,case346,data/trunkfloor/cases/case346.pt,4294771,5f16a2103c85153cc5b73bd3edfd95953ac70ec25c17d25d734aa32a2b4ec52b,data/trunkfloor/cases_301_400.zip,cases/case346.pt
trunkfloor,case347,data/trunkfloor/cases/case347.pt,4294771,4da5fb83e9085f426ad3c01aa778e771eb58def73e9595ca6a01410cc2135d93,data/trunkfloor/cases_301_400.zip,cases/case347.pt
trunkfloor,case348,data/trunkfloor/cases/case348.pt,4294771,a93209e329326502a6a242dc42576dfeffade5b27b5918a69da026594734d8ca,data/trunkfloor/cases_301_400.zip,cases/case348.pt
trunkfloor,case349,data/trunkfloor/cases/case349.pt,4294771,c474942c06c498de6c41cb810e3946512d5dc5374b3ff0ee6a4674d8db688bb7,data/trunkfloor/cases_301_400.zip,cases/case349.pt
trunkfloor,case350,data/trunkfloor/cases/case350.pt,4294771,04900ff51f17345548c31f39ff430f2e17592ed033aabe4bb69c90fd35f1bfab,data/trunkfloor/cases_301_400.zip,cases/case350.pt
trunkfloor,case351,data/trunkfloor/cases/case351.pt,4294771,44c37328c9fa67d804090f5ccf12cc12960aa16a682b7781be832876dfb4692d,data/trunkfloor/cases_301_400.zip,cases/case351.pt
trunkfloor,case352,data/trunkfloor/cases/case352.pt,4294771,cc86edec6b990192043510416a05f3a8e00b3aa15080d1a5462bba9fd7f71e92,data/trunkfloor/cases_301_400.zip,cases/case352.pt
trunkfloor,case353,data/trunkfloor/cases/case353.pt,4294771,64f3c987c9b0f19218e37453e51913c9bd12aff460a4b14a23fda0ec35377eda,data/trunkfloor/cases_301_400.zip,cases/case353.pt
trunkfloor,case354,data/trunkfloor/cases/case354.pt,4294771,c733443de2f10ed98d77bb9a3a3e1cf12298d96973d97f8aab333deacf7605e9,data/trunkfloor/cases_301_400.zip,cases/case354.pt
trunkfloor,case355,data/trunkfloor/cases/case355.pt,4294771,b2b63ff8c9e419dfad09ab0f8e4d41a61a2dc78a3c28770751b2a192b3f48712,data/trunkfloor/cases_301_400.zip,cases/case355.pt
trunkfloor,case356,data/trunkfloor/cases/case356.pt,4294771,9746d6b3a0834d25a364a7109171e8336c6a457ab713a6fc33573c36fe7f944b,data/trunkfloor/cases_301_400.zip,cases/case356.pt
trunkfloor,case357,data/trunkfloor/cases/case357.pt,4294771,0a0922632c97a084551df1f3642392dd45e5afaf1608e5e733e49d49348c8ef0,data/trunkfloor/cases_301_400.zip,cases/case357.pt
trunkfloor,case358,data/trunkfloor/cases/case358.pt,4294771,554bbbd6a42517ec0967cd9cb9bdf145d91e9fd4537e4b81481706edd9770cb9,data/trunkfloor/cases_301_400.zip,cases/case358.pt
trunkfloor,case359,data/trunkfloor/cases/case359.pt,4294771,6d4fd602f500644f5913f21fc1821d21d5e805d31f938f6cb8ed7e6cb5e6b501,data/trunkfloor/cases_301_400.zip,cases/case359.pt
trunkfloor,case360,data/trunkfloor/cases/case360.pt,4294771,7ca847c5798ab5e2e70f205f03f7b712a1a43b935ad17dbd16e1d8cb67063c33,data/trunkfloor/cases_301_400.zip,cases/case360.pt
trunkfloor,case361,data/trunkfloor/cases/case361.pt,4294771,beaac5cd610a5c9addda5fe485f0ffb2577234085f2f376030c952cd2df5b2b2,data/trunkfloor/cases_301_400.zip,cases/case361.pt
trunkfloor,case362,data/trunkfloor/cases/case362.pt,4294771,a7978bae773921a12b3c96f2ee6123f1ef2095a1911b07a6d608c864217539ed,data/trunkfloor/cases_301_400.zip,cases/case362.pt
trunkfloor,case363,data/trunkfloor/cases/case363.pt,4294771,c30b2285c305fda9af670ab3f7dd259d6872284e41fbc291158522a9b3ea07fd,data/trunkfloor/cases_301_400.zip,cases/case363.pt
trunkfloor,case364,data/trunkfloor/cases/case364.pt,4294771,c6f5db24218af00874ef1b616735e0924a51c32e5f8bbafe9d4658ad9298d594,data/trunkfloor/cases_301_400.zip,cases/case364.pt
trunkfloor,case365,data/trunkfloor/cases/case365.pt,4294771,3716573207ceacac9f2b52d0844c1f4b65b60adda6db841e7e676b75aeaba1a7,data/trunkfloor/cases_301_400.zip,cases/case365.pt
trunkfloor,case366,data/trunkfloor/cases/case366.pt,4294771,c3f4d8b733188fce16028f44244958b22e51a81d9062507a5bd7efd5dcc392ab,data/trunkfloor/cases_301_400.zip,cases/case366.pt
trunkfloor,case367,data/trunkfloor/cases/case367.pt,4294771,1cfce220ca75930136117f3f8d655bfb5108211029abb30f53cd8f0877b434e0,data/trunkfloor/cases_301_400.zip,cases/case367.pt
trunkfloor,case368,data/trunkfloor/cases/case368.pt,4294771,20047f2267e51cc5c4d62822103437cc0cad26d4be250015a85643982de7af98,data/trunkfloor/cases_301_400.zip,cases/case368.pt
trunkfloor,case369,data/trunkfloor/cases/case369.pt,4294771,c22ca6f763295e1bcf27a5b0b9a4eb4fe16b07ad999fe2d53bd8edfa3873298d,data/trunkfloor/cases_301_400.zip,cases/case369.pt
trunkfloor,case370,data/trunkfloor/cases/case370.pt,4294771,0249008980e026b00b006cb782d3bfacba126e9610894f285c5a7556355f92fa,data/trunkfloor/cases_301_400.zip,cases/case370.pt
trunkfloor,case371,data/trunkfloor/cases/case371.pt,4294771,31f62568ac80550f07761b7c56dffde8cce92ed49313bc24dcfe6459cc9a5b13,data/trunkfloor/cases_301_400.zip,cases/case371.pt
trunkfloor,case372,data/trunkfloor/cases/case372.pt,4294771,bc0245dba98eb969a59c0e344ec1ecbbfb5c7db00d263ee97c6a6908f2172bf1,data/trunkfloor/cases_301_400.zip,cases/case372.pt
trunkfloor,case373,data/trunkfloor/cases/case373.pt,4294771,bb8d8c60d5812153da8b50f6c7b7db2e39f8652ec106f0877b7ab95d18159776,data/trunkfloor/cases_301_400.zip,cases/case373.pt
trunkfloor,case374,data/trunkfloor/cases/case374.pt,4294771,c6cf16bcfe86565de2eacf78b648697c57b50c5d2ce60e95005f6f47f105f04f,data/trunkfloor/cases_301_400.zip,cases/case374.pt
trunkfloor,case375,data/trunkfloor/cases/case375.pt,4294771,52e541515a2fa2928c4ce58f34ba7306185312f80388057b7ae08c60763744c0,data/trunkfloor/cases_301_400.zip,cases/case375.pt
trunkfloor,case376,data/trunkfloor/cases/case376.pt,4294771,41c6a76963b0b262c4b3888fe6620ac50f7b7e8a0d1ecca6773e82da53b5b77b,data/trunkfloor/cases_301_400.zip,cases/case376.pt
trunkfloor,case377,data/trunkfloor/cases/case377.pt,4294771,3747756109d72b722280fecd8d25b1c1e5dd054e8159fc6f1e421f52a84319bd,data/trunkfloor/cases_301_400.zip,cases/case377.pt
trunkfloor,case378,data/trunkfloor/cases/case378.pt,4294771,a66bfc05a8d8d468240f1fa1414e84e5a85b35587136ee7ba4ca9960ec145812,data/trunkfloor/cases_301_400.zip,cases/case378.pt
trunkfloor,case379,data/trunkfloor/cases/case379.pt,4294771,a80ee425ba7d836fdd5426dbde54ee3c47bb8c125a678f4a3fbba906fcf7f168,data/trunkfloor/cases_301_400.zip,cases/case379.pt
trunkfloor,case380,data/trunkfloor/cases/case380.pt,4294771,ab1a53d1927469c0b4f3ea7253f4f9af8405c801da0cf2d89d184927f4e8b4e3,data/trunkfloor/cases_301_400.zip,cases/case380.pt
trunkfloor,case381,data/trunkfloor/cases/case381.pt,4294771,e807a1d4be58bf9ed2be299a35f5dfcfbd703e95a2f386c7402fdc0990fef7e4,data/trunkfloor/cases_301_400.zip,cases/case381.pt
trunkfloor,case382,data/trunkfloor/cases/case382.pt,4294771,d21e8fcc579e809bc5275e5a6239050c4bccc1d225cc6ca6511be1ffdee1fde4,data/trunkfloor/cases_301_400.zip,cases/case382.pt
trunkfloor,case383,data/trunkfloor/cases/case383.pt,4294771,6bf9d4e35ed286dad1ffd9dbaa7060896dfbe54e96a268d08230ef50887bbaf5,data/trunkfloor/cases_301_400.zip,cases/case383.pt
trunkfloor,case384,data/trunkfloor/cases/case384.pt,4294771,2bf4ac86928913556cb840cd13e211c2b3161571a63ced8f7a7454eee4bcd228,data/trunkfloor/cases_301_400.zip,cases/case384.pt
trunkfloor,case385,data/trunkfloor/cases/case385.pt,4294771,2b5cf8164ae52337b784a8c160d1e995d949dc8d3f2489d5722901699e78967e,data/trunkfloor/cases_301_400.zip,cases/case385.pt
trunkfloor,case386,data/trunkfloor/cases/case386.pt,4294771,4693ddc2a0f9d88ebcf7d67e4cebb06a47ca514a427a503b05d48bfe334253fc,data/trunkfloor/cases_301_400.zip,cases/case386.pt
trunkfloor,case387,data/trunkfloor/cases/case387.pt,4294771,4fb82baef113ac6de477333422840d357013a93553e47756bd939a70a2eff2ff,data/trunkfloor/cases_301_400.zip,cases/case387.pt
trunkfloor,case388,data/trunkfloor/cases/case388.pt,4294771,2f7e3cb05d3cff4b40a47e3d2967f4152f963201d007bdfdcb4d49f018930552,data/trunkfloor/cases_301_400.zip,cases/case388.pt
trunkfloor,case389,data/trunkfloor/cases/case389.pt,4294771,114ca0a6b951a609f073b68bf1190b6e810cfe32b45595db28bdf115bc253fad,data/trunkfloor/cases_301_400.zip,cases/case389.pt
trunkfloor,case390,data/trunkfloor/cases/case390.pt,4294771,65cf19043a397477b94c3c12146fb953489dfe6eb5de9b4190a14c291206d843,data/trunkfloor/cases_301_400.zip,cases/case390.pt
trunkfloor,case391,data/trunkfloor/cases/case391.pt,4294771,d41c25f173df7ca9d8a5f2a6cc0015b1bccf27fd4752d93d4048908d69ce15f8,data/trunkfloor/cases_301_400.zip,cases/case391.pt
trunkfloor,case392,data/trunkfloor/cases/case392.pt,4294771,0198f77a054d70442f5453f4457af0b74b9e93e073e0f1a561cbd067565a081b,data/trunkfloor/cases_301_400.zip,cases/case392.pt
trunkfloor,case393,data/trunkfloor/cases/case393.pt,4294771,60075fd06f9e7fe658d34a750fed9ab2a84fe303ddbc91a641f396233e026c8d,data/trunkfloor/cases_301_400.zip,cases/case393.pt
trunkfloor,case394,data/trunkfloor/cases/case394.pt,4294771,3c6622ad4e885b26bc5050d9670acfd3744f020861c5bac7960e1cb70f92b845,data/trunkfloor/cases_301_400.zip,cases/case394.pt
trunkfloor,case395,data/trunkfloor/cases/case395.pt,4294771,a599e95cd79edb6ad7bf92bc7869354ce5f7b7efc388ec56646e59547e5d04eb,data/trunkfloor/cases_301_400.zip,cases/case395.pt
trunkfloor,case396,data/trunkfloor/cases/case396.pt,4294771,0ac08158edd6c3c0f3d71b278e7240558b5e48e9fc4f785ea37c8d8aea17bdf3,data/trunkfloor/cases_301_400.zip,cases/case396.pt
trunkfloor,case397,data/trunkfloor/cases/case397.pt,4294771,1256be529ae89e32c6cc090a3dcddc4a6068ac72b21671d47485c19740645cb7,data/trunkfloor/cases_301_400.zip,cases/case397.pt
trunkfloor,case398,data/trunkfloor/cases/case398.pt,4294771,3866ab1eae0832cdb4412e7db958b84e57f4070ae8ca084ab95882848214b45e,data/trunkfloor/cases_301_400.zip,cases/case398.pt
trunkfloor,case399,data/trunkfloor/cases/case399.pt,4294771,6898f56f443376ed9eb8b9ad6285d0536ebbf9f3ea109f9a10ac5ec8938dfeb8,data/trunkfloor/cases_301_400.zip,cases/case399.pt
trunkfloor,case400,data/trunkfloor/cases/case400.pt,4294771,b74e3f5c84d71dc9b337c3fb21c1a887dfee5d7c7181c3ef3b0238cde89ff55f,data/trunkfloor/cases_301_400.zip,cases/case400.pt
trunkfloor,case401,data/trunkfloor/cases/case401.pt,4294771,3a17629922a87dc438bda12fe44ecdbb670ad1b4f32d1428d04192873a9a9f58,data/trunkfloor/cases_401_500.zip,cases/case401.pt
trunkfloor,case402,data/trunkfloor/cases/case402.pt,4294771,f5085df4661086555a36804efc02c8332aac697054ed9f3a251f01177adbbeb8,data/trunkfloor/cases_401_500.zip,cases/case402.pt
trunkfloor,case403,data/trunkfloor/cases/case403.pt,4294771,3fc90d7ca52bf5e2e137ade6cafe6177a547cdb49b47789a6d55ae57e7ace7d4,data/trunkfloor/cases_401_500.zip,cases/case403.pt
trunkfloor,case404,data/trunkfloor/cases/case404.pt,4294771,d1ee3fa8cb735312e7dc88a1687f27fcb5836b9bc109ff593459c94bb316a31b,data/trunkfloor/cases_401_500.zip,cases/case404.pt
trunkfloor,case405,data/trunkfloor/cases/case405.pt,4294771,6fd415579654dbdae5aaeba7baa687e4ae9116f7691db778aad4187a24a28071,data/trunkfloor/cases_401_500.zip,cases/case405.pt
trunkfloor,case406,data/trunkfloor/cases/case406.pt,4294771,ae1115e944e801092300b775392e34305e33ee7dad8bc1c70de892c42f665f1c,data/trunkfloor/cases_401_500.zip,cases/case406.pt
trunkfloor,case407,data/trunkfloor/cases/case407.pt,4294771,fd11ab129ef2b8f17889d8b1b1d5b4e435cf5a866f451c09e26354eb96a28cd7,data/trunkfloor/cases_401_500.zip,cases/case407.pt
trunkfloor,case408,data/trunkfloor/cases/case408.pt,4294771,3dbe56ac5e53699bae4f6e23de2c4064caa3532ffa85bbf6f13463520da1bda6,data/trunkfloor/cases_401_500.zip,cases/case408.pt
trunkfloor,case409,data/trunkfloor/cases/case409.pt,4294771,4ea611d9cd20c4e1fc56c633b304c204db08adb20679c4a9378cc845bc42b9c2,data/trunkfloor/cases_401_500.zip,cases/case409.pt
trunkfloor,case410,data/trunkfloor/cases/case410.pt,4294771,2f4e53b0f21ed4926fb5f75d1d9fe1831e261df12710664e02c34963eca8db4e,data/trunkfloor/cases_401_500.zip,cases/case410.pt
trunkfloor,case411,data/trunkfloor/cases/case411.pt,4294771,ad86fd3011bfe8fc4be4c5e53cfad9b649d6419c43e005be1d5db15cfc7082a3,data/trunkfloor/cases_401_500.zip,cases/case411.pt
trunkfloor,case412,data/trunkfloor/cases/case412.pt,4294771,4842888efa9b7c5d4f46149176999bd1883d59aeac2187ea36085e93afc63f01,data/trunkfloor/cases_401_500.zip,cases/case412.pt
trunkfloor,case413,data/trunkfloor/cases/case413.pt,4294771,8ef8359d64dc8155050bf41db6da4937b5047943f190ce23bb8b741c4e07beeb,data/trunkfloor/cases_401_500.zip,cases/case413.pt
trunkfloor,case414,data/trunkfloor/cases/case414.pt,4294771,1c0f987171db1d666caf9d6e997fd279d508c9968549fb9d7b4a17773d77428e,data/trunkfloor/cases_401_500.zip,cases/case414.pt
trunkfloor,case415,data/trunkfloor/cases/case415.pt,4294771,64af5804c2589145e5ea65c777a07f7d7ac54456050195b13350475be9347bc8,data/trunkfloor/cases_401_500.zip,cases/case415.pt
trunkfloor,case416,data/trunkfloor/cases/case416.pt,4294771,b97d12da009e9956ed36e751d5af37ad5ca95460db3fe75be21001f7ccb3aa06,data/trunkfloor/cases_401_500.zip,cases/case416.pt
trunkfloor,case417,data/trunkfloor/cases/case417.pt,4294771,7362170086cbc548c150bf9b08a08f41739eab846242b22065d16c02bf1ed788,data/trunkfloor/cases_401_500.zip,cases/case417.pt
trunkfloor,case418,data/trunkfloor/cases/case418.pt,4294771,ebac8e0116f4a3f67fdd7a53c24c4efc5006a152cc166cfc7c63d6cf4fe4d4e6,data/trunkfloor/cases_401_500.zip,cases/case418.pt
trunkfloor,case419,data/trunkfloor/cases/case419.pt,4294771,427754ba0d4ea9661a244e05adf6bc28cd48d28f1152e24cd11a23e7ab95fec8,data/trunkfloor/cases_401_500.zip,cases/case419.pt
trunkfloor,case420,data/trunkfloor/cases/case420.pt,4294771,095e5214af9bf58fab8a6dcf0e40fa59214cb574184af0a139841b1d0a1c62a7,data/trunkfloor/cases_401_500.zip,cases/case420.pt
trunkfloor,case421,data/trunkfloor/cases/case421.pt,4294771,cc73b76c9b9f9a1573e0f6096cc69d61d470c339a10af835be8d98b29c50ba6c,data/trunkfloor/cases_401_500.zip,cases/case421.pt
trunkfloor,case422,data/trunkfloor/cases/case422.pt,4294771,150254b72ca3f4ac60d2fac512af40591a00aba9fa848a6a2e7b3ed022b363db,data/trunkfloor/cases_401_500.zip,cases/case422.pt
trunkfloor,case423,data/trunkfloor/cases/case423.pt,4294771,05a6f57e00418a33be8a53e0be8383615ee23e4daa619689b8946dbbb5e8d2ea,data/trunkfloor/cases_401_500.zip,cases/case423.pt
trunkfloor,case424,data/trunkfloor/cases/case424.pt,4294771,3f3eb39a59847ccb92444ab48c4f6e6ead5b237a5b5965247b9574a3cb794056,data/trunkfloor/cases_401_500.zip,cases/case424.pt
trunkfloor,case425,data/trunkfloor/cases/case425.pt,4294771,2832e47b59bd7b51409e5abdd4e84842ba378d5d0cd798dc4f1b055ed5c4f7b4,data/trunkfloor/cases_401_500.zip,cases/case425.pt
trunkfloor,case426,data/trunkfloor/cases/case426.pt,4294771,4480e3d2e05b1644c756b5c55f6866e4bacbd693c484870bb94a7fed830b45f1,data/trunkfloor/cases_401_500.zip,cases/case426.pt
trunkfloor,case427,data/trunkfloor/cases/case427.pt,4294771,d06c57f0d9d22a465c5e7ce092f9a397a4d17bd925b4c480544e82fb6f061c78,data/trunkfloor/cases_401_500.zip,cases/case427.pt
trunkfloor,case428,data/trunkfloor/cases/case428.pt,4294771,f0fa79884eb115b385ca4d8d36752ec1b0ebb55eb0579a9eb9af4f742ad47f5e,data/trunkfloor/cases_401_500.zip,cases/case428.pt
trunkfloor,case429,data/trunkfloor/cases/case429.pt,4294771,7347f31f6adae173963c9c2e33c782aeb6eb654a0f06148e726bd7157920c94b,data/trunkfloor/cases_401_500.zip,cases/case429.pt
trunkfloor,case430,data/trunkfloor/cases/case430.pt,4294771,f3116c5bcc3d8624de9e3f6846b93e7b1f8af551f968730d2ea8572f6f7c22ef,data/trunkfloor/cases_401_500.zip,cases/case430.pt
trunkfloor,case431,data/trunkfloor/cases/case431.pt,4294771,57c1494e26439e58485669fca2d4baed49d49dfd26a12c86b66da950154c68f3,data/trunkfloor/cases_401_500.zip,cases/case431.pt
trunkfloor,case432,data/trunkfloor/cases/case432.pt,4294771,13892294156f2269d1627bc5f838ce894c65f48ba925530ac001da703fa8bc3b,data/trunkfloor/cases_401_500.zip,cases/case432.pt
trunkfloor,case433,data/trunkfloor/cases/case433.pt,4294771,a53828f1202caa4c2aa01a21a3f2d3347bccf0ca261f137d68dd63c8d21fd29b,data/trunkfloor/cases_401_500.zip,cases/case433.pt
trunkfloor,case434,data/trunkfloor/cases/case434.pt,4294771,f4a9ed27f97f8eab414fa00bb75120752ad14b9ed44055a0183a84167190d0d1,data/trunkfloor/cases_401_500.zip,cases/case434.pt
trunkfloor,case435,data/trunkfloor/cases/case435.pt,4294771,4ba56199cf38350552af8679d251b6f552f441f2a33d0a5f4c66480d6205e27f,data/trunkfloor/cases_401_500.zip,cases/case435.pt
trunkfloor,case436,data/trunkfloor/cases/case436.pt,4294771,03c485b4cef0059b66563d755ff9f86318517ef25fa5eaaaca89d8d340026d82,data/trunkfloor/cases_401_500.zip,cases/case436.pt
trunkfloor,case437,data/trunkfloor/cases/case437.pt,4294771,9708b8dcb240b335adcbd91247c357136dc733ac57ab1e67c4797ff0d605dae2,data/trunkfloor/cases_401_500.zip,cases/case437.pt
trunkfloor,case438,data/trunkfloor/cases/case438.pt,4294771,9e708ad091db1a3a5d80fcfdbd9173d0b9b4b9c4fb61c69d901b3b0afe63857f,data/trunkfloor/cases_401_500.zip,cases/case438.pt
trunkfloor,case439,data/trunkfloor/cases/case439.pt,4294771,b83485ac801161a78e4d05888e639a8c7b287322dce03fa9189d107c66db5bb0,data/trunkfloor/cases_401_500.zip,cases/case439.pt
trunkfloor,case440,data/trunkfloor/cases/case440.pt,4294771,ce3aaeb51d6a107b0861befe017931dcffa1fc9b5275cb25b41db2d83d158102,data/trunkfloor/cases_401_500.zip,cases/case440.pt
trunkfloor,case441,data/trunkfloor/cases/case441.pt,4294771,047458135c4652b3fbd08e5788dd7c36b22366fc5109e81595d8bdf4ed3ce4b2,data/trunkfloor/cases_401_500.zip,cases/case441.pt
trunkfloor,case442,data/trunkfloor/cases/case442.pt,4294771,dca354b029c8072d060ee7e35d39dcf4ff16d108c77462a8fdf8abcf3048729f,data/trunkfloor/cases_401_500.zip,cases/case442.pt
trunkfloor,case443,data/trunkfloor/cases/case443.pt,4294771,e7c7e8ed6273d389f54616e502a1470607403eaf4f6e117e9fa30f211ef222f8,data/trunkfloor/cases_401_500.zip,cases/case443.pt
trunkfloor,case444,data/trunkfloor/cases/case444.pt,4294771,1a44dcb034805b75bc0db0575c9ec6865bed1070271d6c2b54a56d13daff3230,data/trunkfloor/cases_401_500.zip,cases/case444.pt
trunkfloor,case445,data/trunkfloor/cases/case445.pt,4294771,439b79977f3d44adbef44b645657778f4e9a3bae2f0d2b892b16e5852c33ed89,data/trunkfloor/cases_401_500.zip,cases/case445.pt
trunkfloor,case446,data/trunkfloor/cases/case446.pt,4294771,c1df9e80138fd6b6f63aeb2850d629307aead8ab1a2d8c7592c9f76392540c68,data/trunkfloor/cases_401_500.zip,cases/case446.pt
trunkfloor,case447,data/trunkfloor/cases/case447.pt,4294771,fe98bb5df3433c7eb9f8f3a7c38c1065c6986a11754209ec4b0e3fedd055a350,data/trunkfloor/cases_401_500.zip,cases/case447.pt
trunkfloor,case448,data/trunkfloor/cases/case448.pt,4294771,1cdeb7e76db205d045d280aa21ed730ab8c2c72baf80e4a0560eca308bb16803,data/trunkfloor/cases_401_500.zip,cases/case448.pt
trunkfloor,case449,data/trunkfloor/cases/case449.pt,4294771,87d0f7413e5ed88b3d6215897b6b53b35ddfb14984ababbe8d97dbaaad895f93,data/trunkfloor/cases_401_500.zip,cases/case449.pt
trunkfloor,case450,data/trunkfloor/cases/case450.pt,4294771,4febf8201f3549fc06dc6cae7c9cbb2646c59ff52f239303390050b2938b7c3d,data/trunkfloor/cases_401_500.zip,cases/case450.pt
trunkfloor,case451,data/trunkfloor/cases/case451.pt,4294771,eda3938a006e566ef355d727e6ba0c09e271e0cddbf21b6a0711bec1bb933394,data/trunkfloor/cases_401_500.zip,cases/case451.pt
trunkfloor,case452,data/trunkfloor/cases/case452.pt,4294771,5aacd2dab2c8280a90fc01cf54cddf9fbe44774906151ce3341cda8ef06c636b,data/trunkfloor/cases_401_500.zip,cases/case452.pt
trunkfloor,case453,data/trunkfloor/cases/case453.pt,4294771,2d4e8df04b36fde29b92be7e3a3cb8d228bafae7bac3bc6ae06f3777d623c707,data/trunkfloor/cases_401_500.zip,cases/case453.pt
trunkfloor,case454,data/trunkfloor/cases/case454.pt,4294771,da47f8a3a6757842cb47d02944b8351dc4576340a2a0384618cd4d5473ebe1e4,data/trunkfloor/cases_401_500.zip,cases/case454.pt
trunkfloor,case455,data/trunkfloor/cases/case455.pt,4294771,3da4f1c467c709bcfb60ec1f99bcdae2a8fd43ee6cc79613f11ca9063d14a14a,data/trunkfloor/cases_401_500.zip,cases/case455.pt
trunkfloor,case456,data/trunkfloor/cases/case456.pt,4294771,3e1a2d0a0366be950d84c938646c9d6f5f1d774636f641106d25c0e442de3196,data/trunkfloor/cases_401_500.zip,cases/case456.pt
trunkfloor,case457,data/trunkfloor/cases/case457.pt,4294771,8df395669e5711e6b6b472b40bb356163896c68971c9ff1afa7c76a80c3431b5,data/trunkfloor/cases_401_500.zip,cases/case457.pt
trunkfloor,case458,data/trunkfloor/cases/case458.pt,4294771,5c6cc8bf55fb3dac2dba113b37c17317df013708a573403a984e802dcd3abbde,data/trunkfloor/cases_401_500.zip,cases/case458.pt
trunkfloor,case459,data/trunkfloor/cases/case459.pt,4294771,bdaac003c08c00c1b613b6db6d43e6214872f25a4afe4bb4ccd46295b937080b,data/trunkfloor/cases_401_500.zip,cases/case459.pt
trunkfloor,case460,data/trunkfloor/cases/case460.pt,4294771,e2a77aafb2e839505d61df11846834b4582eb0ae43583ebcf902582140d6b94a,data/trunkfloor/cases_401_500.zip,cases/case460.pt
trunkfloor,case461,data/trunkfloor/cases/case461.pt,4294771,0672956d120fb45bfc5f4847ab6a4b69b45fa754a8532a4f0ad886c27c545ceb,data/trunkfloor/cases_401_500.zip,cases/case461.pt
trunkfloor,case462,data/trunkfloor/cases/case462.pt,4294771,95cff8270c39d3c8b0853f2f1fabc912afd4438311457a458f71a4f805d40515,data/trunkfloor/cases_401_500.zip,cases/case462.pt
trunkfloor,case463,data/trunkfloor/cases/case463.pt,4294771,9d4000ea7e59e0a52851e17af52042d055ab8a27a5dc188761877ac2e41ef7b9,data/trunkfloor/cases_401_500.zip,cases/case463.pt
trunkfloor,case464,data/trunkfloor/cases/case464.pt,4294771,0833914aa1f27e716885909da47d73a389f1f42c96b8e76da35369f7175c7bd7,data/trunkfloor/cases_401_500.zip,cases/case464.pt
trunkfloor,case465,data/trunkfloor/cases/case465.pt,4294771,efe3ecfa512a94250648be9345bade11aa9f684a8d206d2d706dbae7d4b84fdf,data/trunkfloor/cases_401_500.zip,cases/case465.pt
trunkfloor,case466,data/trunkfloor/cases/case466.pt,4294771,71b7191033bb8a8774f7d34a92e3f595344bb0b825132f155055537fe080bc4a,data/trunkfloor/cases_401_500.zip,cases/case466.pt
trunkfloor,case467,data/trunkfloor/cases/case467.pt,4294771,53414be2f3d47f69e11d4e5e6cea16e4b24142b5d8e55f89713f344548db3429,data/trunkfloor/cases_401_500.zip,cases/case467.pt
trunkfloor,case468,data/trunkfloor/cases/case468.pt,4294771,fb8be01b7b661b3c9afe0a065eea2a7f6e30566f0df8b00f71b674eb7e24165c,data/trunkfloor/cases_401_500.zip,cases/case468.pt
trunkfloor,case469,data/trunkfloor/cases/case469.pt,4294771,598c774e0f5f6ae4cacc064f048f37aeee3777276a8c235301e5586830ff8b68,data/trunkfloor/cases_401_500.zip,cases/case469.pt
trunkfloor,case470,data/trunkfloor/cases/case470.pt,4294771,49715acfbc1d218dac0f6e4fa50ed5519c75c02c018604a9e7d78eb630d881ef,data/trunkfloor/cases_401_500.zip,cases/case470.pt
trunkfloor,case471,data/trunkfloor/cases/case471.pt,4294771,3a3c25022830e6d36289504c6b431c3def0b6f4697d3569d5ec2d00f1b88f61d,data/trunkfloor/cases_401_500.zip,cases/case471.pt
trunkfloor,case472,data/trunkfloor/cases/case472.pt,4294771,943450b3a31864da006b175e3da1f2c5e91a9d9a74b798289ca575d44cf0e5e4,data/trunkfloor/cases_401_500.zip,cases/case472.pt
trunkfloor,case473,data/trunkfloor/cases/case473.pt,4294771,1d28741d927ccbf5845abf077847002c37dddc2c99310b63836ea9b43af054e3,data/trunkfloor/cases_401_500.zip,cases/case473.pt
trunkfloor,case474,data/trunkfloor/cases/case474.pt,4294771,c35c446a9987e7be7749b8c6405fca98ef0dfabcbad38531973b0adb634922f5,data/trunkfloor/cases_401_500.zip,cases/case474.pt
trunkfloor,case475,data/trunkfloor/cases/case475.pt,4294771,eecbf0ffb106c52f7e105060c4e32642986f1ab4086b6392ecb19402f8fbd591,data/trunkfloor/cases_401_500.zip,cases/case475.pt
trunkfloor,case476,data/trunkfloor/cases/case476.pt,4294771,3cedc24c5feb2868fc591d762e55e8b8026c0ee71025c16cd82845474eca0a2c,data/trunkfloor/cases_401_500.zip,cases/case476.pt
trunkfloor,case477,data/trunkfloor/cases/case477.pt,4294771,5c9b94557a1e0b96cb077f188092a89f5f1eb7e4af1ca53ae86cd536aca56780,data/trunkfloor/cases_401_500.zip,cases/case477.pt
trunkfloor,case478,data/trunkfloor/cases/case478.pt,4294771,ad8f29de12177ccdba30c90364b7043b9fbe6711e61efd7787af996ba17c0729,data/trunkfloor/cases_401_500.zip,cases/case478.pt
trunkfloor,case479,data/trunkfloor/cases/case479.pt,4294771,61d6a71e64fd7bd73b6cafa49e4b00668e556d79a339a9307938280ec1193b9c,data/trunkfloor/cases_401_500.zip,cases/case479.pt
trunkfloor,case480,data/trunkfloor/cases/case480.pt,4294771,dac37332f8441b7ff0322763490357603933881410fc9b29cf52678f9e9e2e37,data/trunkfloor/cases_401_500.zip,cases/case480.pt
trunkfloor,case481,data/trunkfloor/cases/case481.pt,4294771,c6ec1972a8a02a5ed557b3ab561a6f0eafaab12bee2343754874dfcfde1de138,data/trunkfloor/cases_401_500.zip,cases/case481.pt
trunkfloor,case482,data/trunkfloor/cases/case482.pt,4294771,f97ac362e8b37d7205c745120437cb1b51ee6b4410b119c5fe074f140d623b14,data/trunkfloor/cases_401_500.zip,cases/case482.pt
trunkfloor,case483,data/trunkfloor/cases/case483.pt,4294771,88978fbeed4623df94b44d1c06cd145610ab9e314499cbf3b467cb883e95f434,data/trunkfloor/cases_401_500.zip,cases/case483.pt
trunkfloor,case484,data/trunkfloor/cases/case484.pt,4294771,2a03cb56355b08f5e42980618bfe820b5ecf20d25d9d5d5e5ac67a2ec066d71e,data/trunkfloor/cases_401_500.zip,cases/case484.pt
trunkfloor,case485,data/trunkfloor/cases/case485.pt,4294771,eb5d737de84c3c52e39dc73d673fc44da7a1d1dc157b371daffab0cedd00f8bd,data/trunkfloor/cases_401_500.zip,cases/case485.pt
trunkfloor,case486,data/trunkfloor/cases/case486.pt,4294771,afdfbe40af893620f27b5a07ed3a83b053191d64bb5bbc22d303014c15718b63,data/trunkfloor/cases_401_500.zip,cases/case486.pt
trunkfloor,case487,data/trunkfloor/cases/case487.pt,4294771,8a9070f6f318c165de1e7735e03a9beb9181c638db3e74e90d27bd54ec52fb8c,data/trunkfloor/cases_401_500.zip,cases/case487.pt
trunkfloor,case488,data/trunkfloor/cases/case488.pt,4294771,f980ee38d136222421ba44dcbe4b259058fa985acab9d58f45480aa16129e65e,data/trunkfloor/cases_401_500.zip,cases/case488.pt
trunkfloor,case489,data/trunkfloor/cases/case489.pt,4294771,3ff2ce97b783e586df62a973f759ea48b7ebe286b4f8607711820f00386aa368,data/trunkfloor/cases_401_500.zip,cases/case489.pt
trunkfloor,case490,data/trunkfloor/cases/case490.pt,4294771,215ef5c685f5f0ba171934dbc307e201df688834b82ca4fa8b20dbb9efb0c8b4,data/trunkfloor/cases_401_500.zip,cases/case490.pt
trunkfloor,case491,data/trunkfloor/cases/case491.pt,4294771,e7e44297164e74f5282483b76583303147dba61e7ce619e11b627cc84d45309e,data/trunkfloor/cases_401_500.zip,cases/case491.pt
trunkfloor,case492,data/trunkfloor/cases/case492.pt,4294771,7c96d5b859912a52bebff71be9507f25017bf26b59c110c87b4f7087949fc351,data/trunkfloor/cases_401_500.zip,cases/case492.pt
trunkfloor,case493,data/trunkfloor/cases/case493.pt,4294771,f257da537feb66c90c0c5e94693bc850acfbc6459fe885cd3ace1cbb30832238,data/trunkfloor/cases_401_500.zip,cases/case493.pt
trunkfloor,case494,data/trunkfloor/cases/case494.pt,4294771,a5f1d8f8771783cfb31fd2062fad5d1659e8da00987b68d86f6d521b6454fa23,data/trunkfloor/cases_401_500.zip,cases/case494.pt
trunkfloor,case495,data/trunkfloor/cases/case495.pt,4294771,1e9717f1f60dcf037305da22f3fe0fb560c1aef750b99b727c6db694e72f6096,data/trunkfloor/cases_401_500.zip,cases/case495.pt
trunkfloor,case496,data/trunkfloor/cases/case496.pt,4294771,08f5bc9ff2dfa6593c5c767e1815c488f6fb77babf4be55c4348cebece706b4d,data/trunkfloor/cases_401_500.zip,cases/case496.pt
trunkfloor,case497,data/trunkfloor/cases/case497.pt,4294771,068092620be57ed4afcbdf52307723061442fc63ce53eca88b02b04b0e69b0cf,data/trunkfloor/cases_401_500.zip,cases/case497.pt
trunkfloor,case498,data/trunkfloor/cases/case498.pt,4294771,a9ca5ffc6bf9e6f7ffd91af812f31f161a114ba4b1861ea153655d8e480b8a37,data/trunkfloor/cases_401_500.zip,cases/case498.pt
trunkfloor,case499,data/trunkfloor/cases/case499.pt,4294771,61ff5a697292f4e4124881e87e661f99c93fe8ae7217500ed21cabafba78e558,data/trunkfloor/cases_401_500.zip,cases/case499.pt
trunkfloor,case500,data/trunkfloor/cases/case500.pt,4294771,1f3131a543b422a5b09921701afd0725ec95a0bc119392d00ad0a209e6874e98,data/trunkfloor/cases_401_500.zip,cases/case500.pt
