case,key_file,panel_pid,impact_element_id,impact_x,impact_y,impact_z,ball_center_x,ball_center_y,ball_center_z,velocity_vx,velocity_vy,velocity_vz,impact_speed,mass_ratio,impactor_mass,impactor_density,theta_deg,phi_deg,material_index,material_name,material_young_mpa,material_poisson,min_boundary_distance_mm,lhs_u_x,lhs_u_y,lhs_u_v,lhs_u_m,lhs_u_theta,lhs_u_phi,lhs_u_material
case001,cases_floorfrontR_lhs_500\case001\case001.key,2000395,3372421,-2368.99075000,-272.70885000,310.52435000,-2371.74198664,-270.68324659,293.36108610,575.37008145,-423.61735791,3589.37809896,3659.80020409,1.20564287,0.0120564287,6.2753711532E-05,11.25802754,323.63756846,1,titanium_rigid,110000.0,0.3400,150.36104849,0.3317660456,0.8299402073,0.5564938091,0.9112857457,0.7505351692,0.8989932457,0.3544607344
case002,cases_floorfrontR_lhs_500\case002\case002.key,2000395,3377297,-1666.36900000,-207.39212500,302.42537500,-1668.29945279,-209.90512263,285.21467499,522.11104893,679.66636583,4654.81294961,4733.05714228,1.19726441,0.0119726441,6.2317612393E-05,10.43260891,52.46898902,0,aluminum_rigid,70000.0,0.3300,81.70558831,0.9878668071,0.9873361261,0.8663165446,0.8945288143,0.6955072607,0.1457471917,0.1027871841
case003,cases_floorfrontR_lhs_500\case003\case003.key,2000395,3372977,-1882.20650000,-306.08710000,308.19597500,-1881.88865780,-306.51113634,290.70400057,-58.73366381,78.35714523,3232.32012363,3233.80315837,0.85047913,0.0085047913,4.4267438795E-05,1.73529414,126.85389179,1,titanium_rigid,110000.0,0.3400,181.05679319,0.7863200316,0.7495075107,0.4335189972,0.2009582630,0.1156862763,0.3523719216,0.3943458939
case004,cases_floorfrontR_lhs_500\case004\case004.key,2000395,3372439,-2326.11025000,-283.70307500,309.10987500,-2326.94244597,-281.30924203,291.79436133,224.59527108,-646.05403740,4673.15709221,4722.94675637,1.07859180,0.0107859180,5.6140703051E-05,8.32689280,289.16957891,1,titanium_rigid,110000.0,0.3400,161.21354593,0.3718074031,0.8034470519,0.8633979263,0.6571835947,0.5551261870,0.8032488303,0.4868786038
case005,cases_floorfrontR_lhs_500\case005\case005.key,2000395,2636120,-2458.57950000,-524.40277500,294.63750000,-2458.34051526,-524.13938600,277.14111430,-40.07035921,-44.16219963,2933.60346187,2934.20946850,1.22037939,0.0122037939,6.3520747172E-05,1.16449663,227.78112211,2,steel_rigid,210000.0,0.3000,81.61282191,0.2481090180,0.2234248534,0.3470337082,0.9407587770,0.0776331089,0.6327253392,0.9485429844
case006,cases_floorfrontR_lhs_500\case006\case006.key,2000395,3367700,-2468.36650000,-465.37895000,294.44227500,-2471.68307850,-463.71703642,277.33998421,329.08815617,-164.90370295,1696.97817714,1736.44095191,0.92106375,0.0092106375,4.7941368141E-05,12.23847679,333.38488083,2,steel_rigid,210000.0,0.3000,105.70631541,0.2389700209,0.3656565585,0.0012675592,0.3421274982,0.8158984524,0.9260691134,0.9612744383
case007,cases_floorfrontR_lhs_500\case007\case007.key,2000395,3376960,-2149.60975000,-267.32595000,314.91667500,-2147.55625472,-269.71972998,297.70322170,-209.28473745,243.96531101,1754.33228016,1783.53607296,1.21649853,0.0121649853,6.3318748467E-05,10.38270933,130.62452056,2,steel_rigid,210000.0,0.3000,142.35373465,0.5366217039,0.8429115633,0.0148627560,0.9329970592,0.6921806221,0.3628458904,0.8561879485
case008,cases_floorfrontR_lhs_500\case008\case008.key,2000395,3371515,-2472.02300000,-306.36607500,306.74470000,-2475.03008986,-309.38915330,289.77212188,413.19476663,415.39168857,2332.14861897,2404.62000138,0.99070745,0.0099070745,5.1566322960E-05,14.10244770,45.15191421,2,steel_rigid,210000.0,0.3000,185.50246577,0.2355556199,0.7488352552,0.1941543262,0.4814149072,0.9401631797,0.1254219839,0.8731842515
case009,cases_floorfrontR_lhs_500\case009\case009.key,2000395,3376555,-2069.99400000,-389.16480000,291.99407500,-2067.15989598,-390.80775470,274.80342189,-567.55266476,329.01520464,3442.56981881,3504.51908106,1.22589731,0.0122589731,6.3807955112E-05,10.78905282,149.89875837,2,steel_rigid,210000.0,0.3000,263.36146012,0.6109660495,0.5493123704,0.5116679891,0.9517946249,0.7192701881,0.4163854399,0.8124548246
case010,cases_floorfrontR_lhs_500\case010\case010.key,2000395,3372350,-2474.55250000,-213.02575000,313.71537500,-2470.69310706,-213.48643460,296.65246622,-867.13570686,103.50748692,3833.72662697,3931.93311036,1.13533058,0.0113533058,5.9093956521E-05,12.83254371,173.19297619,0,aluminum_rigid,70000.0,0.3300,92.26079298,0.2331935995,0.9737605896,0.6350518491,0.7706611535,0.8555029143,0.4810916005,0.1430964951
case011,cases_floorfrontR_lhs_500\case011\case011.key,2000395,3369119,-1937.82550000,-573.72317500,294.27920000,-1937.10412250,-573.47157515,276.79588475,-171.45049518,-59.79798203,4155.27661850,4159.24210010,1.17196735,0.0117196735,6.1000900441E-05,2.50214809,199.22759465,0,aluminum_rigid,70000.0,0.3300,81.94098057,0.7343835974,0.1045758194,0.7006703329,0.8439346951,0.1668098729,0.5534099851,0.1792998125
case012,cases_floorfrontR_lhs_500\case012\case012.key,2000395,3377048,-2106.72175000,-327.97812500,295.43690000,-2106.80375781,-327.83936789,277.93764227,19.89307901,-33.65906325,4244.88966722,4245.06972310,1.04280518,0.0104280518,5.4278009502E-05,0.52771618,300.58380980,0,aluminum_rigid,70000.0,0.3300,204.10539118,0.5766700649,0.6967559682,0.7254466450,0.5856103555,0.0351810786,0.8349550272,0.2558342910
case013,cases_floorfrontR_lhs_500\case013\case013.key,2000395,3373658,-1683.63325000,-330.97260000,294.40135000,-1681.47927329,-332.23361637,277.08025817,-620.33486321,363.16660781,4988.39057618,5039.91526398,0.75719933,0.0075719933,3.9412224904E-05,8.19982129,149.65374084,2,steel_rigid,210000.0,0.3000,111.90586689,0.9717456330,0.6895400806,0.9548988955,0.0143986515,0.5466547526,0.4157048357,0.7388060625
case014,cases_floorfrontR_lhs_500\case014\case014.key,2000395,3368805,-2045.53200000,-523.61107500,290.25940000,-2045.08273773,-523.01282322,272.77539994,-92.21778830,-122.80010756,3588.85201041,3592.13623622,1.12219263,0.0112219263,5.8410126182E-05,2.45025244,233.09496989,0,aluminum_rigid,70000.0,0.3300,170.52802521,0.6338084065,0.2253326397,0.5369608950,0.7443852520,0.1633501624,0.6474860275,0.0081235290
case015,cases_floorfrontR_lhs_500\case015\case015.key,2000395,3368506,-2287.11500000,-508.08825000,296.31202500,-2288.21139156,-511.68757322,279.22130243,198.76188753,652.51165939,3098.33128628,3172.52809493,0.80527552,0.0080527552,4.1914590726E-05,12.41588186,73.05871494,1,titanium_rigid,110000.0,0.3400,185.87021865,0.4082207553,0.2627385154,0.4158304018,0.1105510365,0.8277254572,0.2029408748,0.5532588445
case016,cases_floorfrontR_lhs_500\case016\case016.key,2000395,3377030,-2108.71125000,-304.80922500,305.27115000,-2109.60227757,-305.29788465,287.80068116,165.08760131,90.53777077,3236.88951081,3242.36097762,1.16929443,0.0116929443,6.0861775300E-05,3.32904698,28.74135894,1,titanium_rigid,110000.0,0.3400,180.95278691,0.5748122908,0.7525868492,0.4359894280,0.8385888684,0.2219364656,0.0798371082,0.6173981469
case017,cases_floorfrontR_lhs_500\case017\case017.key,2000395,3368956,-2063.13400000,-575.74182500,287.24870000,-2064.58075224,-575.50556250,269.81020557,148.36347298,-24.22856087,1788.30592234,1794.61327732,0.83051357,0.0083051357,4.3228231438E-05,4.80510751,350.72515895,1,titanium_rigid,110000.0,0.3400,118.35629151,0.6173718450,0.0997114103,0.0180604709,0.1610271446,0.3203405006,0.9742365526,0.3997841175
case018,cases_floorfrontR_lhs_500\case018\case018.key,2000395,3376971,-2148.95275000,-283.11662500,314.66200000,-2146.93560770,-283.85381834,297.29428043,-514.88619917,188.17248370,4433.20191890,4466.96719659,1.20006679,0.0120006679,6.2463476639E-05,7.04920850,159.92445038,0,aluminum_rigid,70000.0,0.3300,158.15801769,0.5372352036,0.8048602403,0.7895029579,0.9001335884,0.4699472336,0.4442345844,0.0546473517
case019,cases_floorfrontR_lhs_500\case019\case019.key,2000395,3369483,-1824.41300000,-524.78252500,297.05542500,-1824.85045032,-525.50549638,279.57583835,102.82056037,169.93089079,4108.49145784,4113.28951503,1.04080751,0.0104080751,5.4174031104E-05,2.76769307,58.82300830,2,steel_rigid,210000.0,0.3000,89.19030738,0.8402869908,0.2225097570,0.6874049580,0.5816150280,0.1845128713,0.1633972453,0.9874097366
case020,cases_floorfrontR_lhs_500\case020\case020.key,2000395,3371906,-2231.14875000,-266.70142500,313.35337500,-2233.17339823,-267.58898694,295.99356413,370.19541108,162.28565196,3174.14265330,3199.77543880,1.13437390,0.0113437390,5.9044161316E-05,7.25715049,23.67160453,0,aluminum_rigid,70000.0,0.3300,141.07715876,0.4604814478,0.8444165022,0.4236960361,0.7687477931,0.4838100328,0.0657544570,0.1462293484
case021,cases_floorfrontR_lhs_500\case021\case021.key,2000395,3377163,-2017.18025000,-235.29327500,310.36412500,-2017.54939895,-235.32320681,292.86804449,96.40385996,7.81674193,4569.13046310,4570.15404494,0.88138986,0.0088138986,4.5876342143E-05,1.21266712,4.63558904,2,steel_rigid,210000.0,0.3000,110.17328730,0.6602829709,0.9201017823,0.8192904492,0.2627797173,0.0808444749,0.0128766362,0.7706302953
case022,cases_floorfrontR_lhs_500\case022\case022.key,2000395,3369493,-1872.02150000,-527.65717500,296.49675000,-1871.56377150,-524.49151207,279.29154547,-77.06288311,-532.96901917,2896.65741300,2946.28899323,1.10627540,0.0110627540,5.7581634439E-05,10.53150793,261.77252765,2,steel_rigid,210000.0,0.3000,86.59327172,0.7958306769,0.2155826158,0.3505207682,0.7125507950,0.7021005286,0.7271459101,0.7203664373
case023,cases_floorfrontR_lhs_500\case023\case023.key,2000395,3372864,-1950.21850000,-314.72930000,298.16062500,-1948.20702432,-314.77072918,280.77665971,-379.16472171,7.80943185,3276.89090322,3298.76353578,0.99250530,0.0099250530,5.1659900742E-05,6.60165503,178.82007949,1,titanium_rigid,110000.0,0.3400,190.01086211,0.7228111451,0.7286821094,0.4522714517,0.4850105953,0.4401103351,0.4967224430,0.5026165206
case024,cases_floorfrontR_lhs_500\case024\case024.key,2000395,3368705,-2046.99100000,-455.28102500,290.16535000,-2046.82128899,-456.01904401,272.68174265,-21.11527770,91.82360300,2175.29331835,2177.33287530,0.76727244,0.0076727244,3.9936530321E-05,2.48014482,102.95030450,1,titanium_rigid,110000.0,0.3400,238.84274471,0.6324460077,0.3899898695,0.1285421539,0.0345448730,0.1653429880,0.2859730681,0.4894240600
case025,cases_floorfrontR_lhs_500\case025\case025.key,2000395,3036900,-2674.33725000,-300.54345000,314.47927500,-2670.53225713,-301.61993068,297.43189342,-481.43310789,136.20352475,2156.94856233,2214.21686789,0.98102818,0.0098102818,5.1062517019E-05,13.05946050,164.20311979,2,steel_rigid,210000.0,0.3000,130.01583364,0.0466367123,0.7628662313,0.1391896504,0.4620563696,0.8706306998,0.4561197772,0.6920862301
case026,cases_floorfrontR_lhs_500\case026\case026.key,2000395,3377309,-1658.15150000,-213.65770000,302.11735000,-1657.11257370,-209.72874809,285.09577636,-211.62822110,-800.32347082,3467.27707757,3564.73203685,0.86889766,0.0086889766,4.5226123251E-05,13.42828572,255.18838082,1,titanium_rigid,110000.0,0.3400,83.72444781,0.9955402217,0.9722377583,0.5290499803,0.2377953218,0.8952190478,0.7088566134,0.4567308404
case027,cases_floorfrontR_lhs_500\case027\case027.key,2000395,3367048,-2371.99350000,-374.86297500,291.98372500,-2373.21347337,-373.94891294,274.55024699,202.05273998,-151.38751992,2887.34334926,2898.36076213,1.11475346,0.0111475346,5.8022917799E-05,4.99733990,323.15770422,1,titanium_rigid,110000.0,0.3400,237.69447133,0.3289621094,0.5837759613,0.3366850732,0.7295069279,0.3331559935,0.8976602895,0.5974356188
case028,cases_floorfrontR_lhs_500\case028\case028.key,2000395,3373635,-1692.23900000,-307.48225000,295.25210000,-1692.75799174,-307.48925764,277.75979888,62.63371831,0.84570589,2111.03140118,2111.96052867,1.16140705,0.0116140705,6.0451236791E-05,1.69960621,0.77358387,0,aluminum_rigid,70000.0,0.3300,119.80471347,0.9637096746,0.7461455706,0.1096707741,0.8228140938,0.1133070807,0.0021488441,0.1996162282
case029,cases_floorfrontR_lhs_500\case029\case029.key,2000395,3377184,-2018.39400000,-274.29082500,306.51362500,-2016.74509283,-271.77533839,289.27403590,-228.18963663,-348.11418533,2385.75927893,2421.79712885,0.93435711,0.0093435711,4.8633287318E-05,9.89664995,236.75506790,2,steel_rigid,210000.0,0.3000,148.76159733,0.6591495840,0.8261280687,0.1991129381,0.3687142101,0.6597766634,0.6576529664,0.8784920454
case030,cases_floorfrontR_lhs_500\case030\case030.key,2000395,3367975,-2475.82675000,-614.05917500,295.46342500,-2479.19435475,-615.95951569,278.39597225,967.93278323,546.20484998,4905.60747580,5029.93223788,1.10582916,0.0110582916,5.7558407971E-05,12.76538744,29.43605426,2,steel_rigid,210000.0,0.3000,80.49134581,0.2320037183,0.0073767975,0.9520170428,0.7116583274,0.8510258290,0.0817668174,0.7573031897
case031,cases_floorfrontR_lhs_500\case031\case031.key,2000395,3367229,-2648.51225000,-568.37897500,300.09227500,-2649.85918428,-568.37179868,282.64418867,160.47275425,-0.85498140,2078.75209908,2084.93705547,0.77172915,0.0077172915,4.0168502069E-05,4.41435135,359.69473720,1,titanium_rigid,110000.0,0.3400,84.54332634,0.0707518242,0.1174539187,0.1018697657,0.0434582928,0.2942900898,0.9991520478,0.5662696818
case032,cases_floorfrontR_lhs_500\case032\case032.key,2000395,2989019,-1879.46400000,-441.17035000,290.78575000,-1879.50788711,-440.48590141,273.29919505,7.73529105,-120.63699537,3082.08019844,3084.44994594,1.15014722,0.0115014722,5.9865162777E-05,2.24609237,273.66880516,2,steel_rigid,210000.0,0.3000,173.39425722,0.7888809491,0.4239928397,0.3904044184,0.8002944391,0.1497394914,0.7601911254,0.9362947360
case033,cases_floorfrontR_lhs_500\case033\case033.key,2000395,3372783,-1984.94525000,-239.01237500,310.80700000,-1988.75078762,-239.59007693,293.73555765,1071.24561767,162.62108666,4805.55170683,4926.18919635,1.06073750,0.0106073750,5.5211387109E-05,12.70613674,8.63191565,2,steel_rigid,210000.0,0.3000,114.50076341,0.6903836731,0.9111397414,0.9220689923,0.6214750090,0.8470757830,0.0239775435,0.8339010724
case034,cases_floorfrontR_lhs_500\case034\case034.key,2000395,3369520,-1950.58175000,-506.28002500,293.09005000,-1950.55709274,-506.00815421,275.59217932,-3.02480337,-33.35146650,2146.53306181,2146.79427407,1.05906258,0.0105906258,5.5124207379E-05,0.89380669,264.81775073,1,titanium_rigid,110000.0,0.3400,138.24830186,0.7224719460,0.2670958563,0.1197264150,0.6181251635,0.0595871127,0.7356048631,0.5615500767
case035,cases_floorfrontR_lhs_500\case035\case035.key,2000395,3365882,-2123.48100000,-403.17400000,299.05177500,-2123.49317869,-403.17059977,281.55177957,1.80459312,-0.50383294,2593.08492636,2593.08560324,0.84961902,0.0084961902,4.4222670173E-05,0.04139848,344.40054525,2,steel_rigid,210000.0,0.3000,278.90962013,0.5610204544,0.5155539279,0.2485596845,0.1992380470,0.0027598985,0.9566681812,0.8358235347
case036,cases_floorfrontR_lhs_500\case036\case036.key,2000395,3372895,-1867.75100000,-312.82890000,306.29030000,-1868.46042913,-311.73629082,288.83885549,123.57811332,-190.32567950,3039.93239093,3048.39045330,1.23004875,0.0123004875,6.4024037278E-05,4.26911882,302.99558958,2,steel_rigid,210000.0,0.3000,187.65143687,0.7998184246,0.7332615674,0.3799949347,0.9600974939,0.2846079216,0.8416544155,0.9466569164
case037,cases_floorfrontR_lhs_500\case037\case037.key,2000395,3368008,-2450.79000000,-607.00707500,294.27142500,-2451.09773366,-605.44170068,276.84429376,54.20759228,-275.74225149,3069.80659015,3082.64249521,0.84713119,0.0084713119,4.4093178233E-05,5.23046271,281.12183041,2,steel_rigid,210000.0,0.3000,87.47029495,0.2553827708,0.0243704811,0.3898826521,0.1942623721,0.3486975143,0.7808939734,0.9575762464
case038,cases_floorfrontR_lhs_500\case038\case038.key,2000395,3368174,-2160.94050000,-558.64112500,288.31675000,-2163.42897770,-558.91749584,270.99678759,600.57516444,66.70000047,4180.04118837,4223.49189116,0.81626018,0.0081626018,4.2486342392E-05,8.22570698,6.33731056,0,aluminum_rigid,70000.0,0.3300,135.30752912,0.5260411694,0.1409195448,0.7192176586,0.1325203609,0.5483804655,0.0176036404,0.2862279933
case039,cases_floorfrontR_lhs_500\case039\case039.key,2000395,3371056,-2598.23750000,-257.05340000,317.62150000,-2596.32840976,-260.90149869,300.65690419,-223.73244405,450.97109879,1988.13570949,2050.88145386,1.16354053,0.0116354053,6.0562284646E-05,14.20931053,116.38658893,2,steel_rigid,210000.0,0.3000,135.49703788,0.1176978542,0.8676656740,0.0920387558,0.8270810623,0.9472873689,0.3232960804,0.9934678397
case040,cases_floorfrontR_lhs_500\case040\case040.key,2000395,3371271,-2568.81225000,-220.57642500,316.50592500,-2570.54311987,-219.78046095,299.10993320,181.18690599,-83.32126240,1821.00687093,1831.89441608,0.90117003,0.0090117003,4.6905900139E-05,6.24982312,335.30402049,0,aluminum_rigid,70000.0,0.3300,97.40284328,0.1451748416,0.9555654729,0.0288226137,0.3023400630,0.4166548745,0.9314000569,0.0721173952
case041,cases_floorfrontR_lhs_500\case041\case041.key,2000395,3080936,-1821.73225000,-462.97052500,290.35292500,-1822.97444503,-462.50624382,272.90324321,195.20332929,-72.95893916,2742.11044497,2750.01764340,1.15965352,0.0115965352,6.0359965690E-05,4.34595600,339.50633397,2,steel_rigid,210000.0,0.3000,128.81966203,0.8427902468,0.3714602216,0.2938620835,0.8193070390,0.2897304001,0.9430731499,0.8096398037
case042,cases_floorfrontR_lhs_500\case042\case042.key,2000395,3366704,-1797.88600000,-455.83385000,290.40637500,-1797.26723041,-454.39397494,272.97669101,-152.30992190,-354.42475127,4290.31071439,4307.61897602,0.93889848,0.0093889848,4.8869665656E-05,5.13796618,246.74494654,1,titanium_rigid,110000.0,0.3400,116.75975612,0.8650576230,0.3886577084,0.7435030675,0.3777969512,0.3425310784,0.6854026293,0.5892128872
case043,cases_floorfrontR_lhs_500\case043\case043.key,2000395,3372323,-2451.30475000,-232.02765000,313.54532500,-2450.63243028,-229.34653523,296.26500065,-106.08540420,-423.05340195,2726.66432516,2761.32697013,1.19357323,0.0119357323,6.2125486418E-05,9.08792880,255.92271260,0,aluminum_rigid,70000.0,0.3300,110.88331840,0.2549021027,0.9279710692,0.2971268064,0.8871464522,0.6058619201,0.7108964239,0.3050326305
case044,cases_floorfrontR_lhs_500\case044\case044.key,2000395,3376897,-2090.13675000,-217.28295000,313.79887500,-2093.63930429,-215.89422113,296.70930082,365.48930545,-144.91297149,1783.28615978,1826.11383253,0.85592071,0.0085592071,4.4550672730E-05,12.43335710,338.37215338,2,steel_rigid,210000.0,0.3000,93.36250393,0.5921569625,0.9635018709,0.0271539022,0.2118414113,0.8288904731,0.9399226483,0.8940072704
case045,cases_floorfrontR_lhs_500\case045\case045.key,2000395,3373776,-1710.63950000,-258.23977500,301.82555000,-1710.26488513,-256.95035574,284.37713856,-111.17292505,-382.65568739,5178.09379343,5193.40352062,0.83622946,0.0083622946,4.3525743384E-05,4.40050044,253.79983831,0,aluminum_rigid,70000.0,0.3300,132.38549685,0.9465274822,0.8648068261,0.9992071593,0.1724589197,0.2933666958,0.7049995509,0.2814907393
case046,cases_floorfrontR_lhs_500\case046\case046.key,2000395,3375926,-2242.91425000,-365.53692500,290.12332500,-2244.92697949,-363.22822221,272.89344365,437.47478888,-501.80576698,3744.98349473,3803.69486085,0.82869111,0.0082869111,4.3133372442E-05,10.07989713,311.08195189,2,steel_rigid,210000.0,0.3000,240.14414678,0.4494949483,0.6062492590,0.5980326379,0.1573822264,0.6719931418,0.8641165330,0.9097087412
case047,cases_floorfrontR_lhs_500\case047\case047.key,2000395,3369127,-1953.84175000,-599.35705000,290.88982500,-1957.55381444,-601.20885952,273.88860801,414.74378388,206.90009553,1899.52226551,1955.25059595,0.86358523,0.0086358523,4.4949611264E-05,13.71233401,26.51288549,2,steel_rigid,210000.0,0.3000,85.99439927,0.7194277925,0.0428050048,0.0644324921,0.2271704616,0.9141556005,0.0736469041,0.9200586697
case048,cases_floorfrontR_lhs_500\case048\case048.key,2000395,3368009,-2459.13675000,-614.12505000,294.60065000,-2456.50726429,-616.29286162,277.43567410,-580.73246270,478.76988915,3790.95375633,3864.94517201,1.03341121,0.0103341121,5.3789053227E-05,11.22928043,140.49700482,2,steel_rigid,210000.0,0.3000,80.51759994,0.2475886639,0.0072180563,0.6157140879,0.5668224103,0.7486186951,0.3902694578,0.7299971173
case049,cases_floorfrontR_lhs_500\case049\case049.key,2000395,3376810,-2138.97575000,-209.67927500,314.72065000,-2134.63896283,-208.61228725,297.80013540,-741.80798745,-182.50838773,2894.25613471,2993.37718558,0.93125893,0.0093125893,4.8472027179E-05,14.78582682,193.82205998,0,aluminum_rigid,70000.0,0.3300,85.15645552,0.5465516207,0.9818247034,0.3641139648,0.3625178551,0.9857217880,0.5383946111,0.2152567680
case050,cases_floorfrontR_lhs_500\case050\case050.key,2000395,3366442,-2288.32225000,-447.46870000,289.90745000,-2288.25764827,-447.29985631,272.40838378,-9.95236500,-26.01159502,2695.85801853,2696.00187476,0.88879487,0.0088879487,4.6261772754E-05,0.59189382,249.06251768,1,titanium_rigid,110000.0,0.3400,246.43729510,0.4070934380,0.4088154929,0.2782690669,0.2775897312,0.0394595880,0.6918403269,0.6483493963
case051,cases_floorfrontR_lhs_500\case051\case051.key,2000395,3372959,-1909.84350000,-318.08462500,301.37530000,-1910.49577123,-318.87666575,283.90540550,78.97091414,95.89290269,2115.09180116,2118.73669469,0.92583373,0.0092583373,4.8189645818E-05,3.36127340,50.52743748,0,aluminum_rigid,70000.0,0.3300,193.28044356,0.7605128932,0.7205966694,0.1116268857,0.3516674666,0.2240848935,0.1403539930,0.2674903279
case052,cases_floorfrontR_lhs_500\case052\case052.key,2000395,3372536,-2394.69675000,-222.76007500,311.61070000,-2396.46488771,-220.47346045,294.35106261,364.98656669,-472.01277912,3562.80834454,3612.42502447,1.02256430,0.0102256430,5.3224471840E-05,9.50715123,307.71319240,1,titanium_rigid,110000.0,0.3400,100.78189440,0.3077620546,0.9503034578,0.5428177664,0.5451286010,0.6338100820,0.8547588678,0.4464237321
case053,cases_floorfrontR_lhs_500\case053\case053.key,2000395,3373799,-1680.54725000,-231.82270000,300.95655000,-1677.18296348,-230.94750363,283.80529327,-857.27956519,-223.01547644,4370.44283163,4459.30876932,0.78228749,0.0078228749,4.0718063768E-05,11.45764591,194.58190286,0,aluminum_rigid,70000.0,0.3300,104.63287832,0.9746273071,0.9284649442,0.7872921594,0.0645749767,0.7638430606,0.5405052857,0.1804656839
case054,cases_floorfrontR_lhs_500\case054\case054.key,2000395,3371577,-2386.50750000,-304.75672500,304.30205000,-2388.24142772,-305.24580773,286.89503151,477.90353759,134.80052530,4797.70616234,4823.33363899,0.87442746,0.0087442746,4.5513949266E-05,5.90893729,15.75197546,2,steel_rigid,210000.0,0.3000,182.65448471,0.3154090896,0.7527133602,0.8923771366,0.2488549190,0.3939291530,0.0437554874,0.9645924521
case055,cases_floorfrontR_lhs_500\case055\case055.key,2000395,2871922,-2300.13850000,-396.38175000,295.90287500,-2297.72090554,-396.56299074,278.57162032,-374.39509378,28.06742192,2683.96409620,2710.09644406,0.79270714,0.0079270714,4.1260406541E-05,7.96313481,175.71270481,2,steel_rigid,210000.0,0.3000,273.08292432,0.3960595487,0.5319214422,0.2823378205,0.0854142763,0.5308756538,0.4880908467,0.8149418962
case056,cases_floorfrontR_lhs_500\case056\case056.key,2000395,2989307,-2645.81225000,-560.38862500,299.93365000,-2647.33074336,-564.30273331,282.94471436,378.30624438,975.13209958,4232.49822180,4359.82103116,0.89428851,0.0089428851,4.6547716762E-05,13.88094478,68.79604553,0,aluminum_rigid,70000.0,0.3300,80.79341195,0.0732730557,0.1367085350,0.7585725098,0.2885770130,0.9253963189,0.1911001265,0.1757664923
case057,cases_floorfrontR_lhs_500\case057\case057.key,2000395,3371384,-2542.98075000,-301.36675000,315.43587500,-2541.36772410,-299.86727399,298.07500753,-266.38080532,-247.62877508,2867.03509274,2890.01193193,0.79346835,0.0079346835,4.1300027793E-05,7.22971389,222.91066946,2,steel_rigid,210000.0,0.3000,177.93346952,0.1692960232,0.7608822975,0.3342749724,0.0869367067,0.4819809259,0.6191963040,0.7080083018
case058,cases_floorfrontR_lhs_500\case058\case058.key,2000395,3368128,-2327.25000000,-584.97895000,290.30602500,-2326.59226858,-585.86680367,272.84094254,-164.19441796,221.64155831,4359.93930150,4368.65602903,0.88056083,0.0088056083,4.5833191003E-05,3.62003424,126.53144016,2,steel_rigid,210000.0,0.3000,108.79738055,0.3707431166,0.0774523981,0.7611229552,0.2611216524,0.2413356161,0.3514762227,0.9016876203
case059,cases_floorfrontR_lhs_500\case059\case059.key,2000395,3371352,-2551.47300000,-337.42580000,298.97380000,-2551.08966195,-338.97055546,281.54632794,-49.80711570,200.71008706,2264.35155637,2273.77511171,0.78913220,0.0078913220,4.1074331018E-05,5.21820787,103.93668212,2,steel_rigid,210000.0,0.3000,201.02923882,0.1613660499,0.6739895866,0.1563826425,0.0782644003,0.3478805248,0.2887130059,0.7252397627
case060,cases_floorfrontR_lhs_500\case060\case060.key,2000395,3367847,-2449.92000000,-540.53807500,294.47532500,-2447.82667807,-538.66535717,277.20219757,-612.54298516,-547.99032897,5054.42230429,5120.80922701,1.21154526,0.0121154526,6.3060930946E-05,9.23591459,221.81630216,2,steel_rigid,210000.0,0.3000,86.06368748,0.2561951676,0.1845430759,0.9782509821,0.9230905263,0.6157276394,0.6161563949,0.6898868496
case061,cases_floorfrontR_lhs_500\case061\case061.key,2000395,3376046,-1824.58650000,-347.96845000,291.16102500,-1827.70703700,-347.15288511,273.96081853,697.54058457,-182.30503515,3844.80045687,3911.81397131,0.95183234,0.0095183234,4.9542873098E-05,10.62066428,345.35314053,1,titanium_rigid,110000.0,0.3400,220.66403494,0.8401249784,0.6485846067,0.6292439512,0.4036646724,0.7080442852,0.9593142793,0.4554195975
case062,cases_floorfrontR_lhs_500\case062\case062.key,2000395,3367144,-2639.99700000,-476.77110000,300.16547500,-2643.82389823,-474.76086633,283.20776848,801.74708751,-421.15020992,3552.69228573,3666.30445663,1.22644173,0.0122644173,6.3836292161E-05,14.30091162,332.28747614,0,aluminum_rigid,70000.0,0.3300,103.44937968,0.0787032746,0.3382045098,0.5583714259,0.9528834644,0.9533941082,0.9230207670,0.2907724916
case063,cases_floorfrontR_lhs_500\case063\case063.key,2000395,3367738,-2467.70500000,-498.76520000,295.15447500,-2468.69754384,-498.93387578,277.68345885,232.05068637,39.43536635,4084.61684062,4091.39308840,1.04673851,0.0104673851,5.4482739557E-05,3.29804536,9.64486553,0,aluminum_rigid,70000.0,0.3300,83.96835919,0.2395877226,0.2852045840,0.6810840012,0.5934770243,0.2198696907,0.0267912932,0.1770962586
case064,cases_floorfrontR_lhs_500\case064\case064.key,2000395,3368651,-1974.95850000,-455.54680000,290.59895000,-1973.87680163,-452.90347815,273.33358646,-224.12009622,-547.67721463,3577.25874223,3625.87372337,1.05824947,0.0105824947,5.5081885145E-05,9.39296697,247.74467410,2,steel_rigid,210000.0,0.3000,193.72366396,0.6997091946,0.3893494225,0.5467000731,0.6164989489,0.6261977979,0.6881796503,0.8387999411
case065,cases_floorfrontR_lhs_500\case065\case065.key,2000395,3369603,-1911.13400000,-507.39832500,295.91807500,-1912.81447244,-503.64347714,278.90845625,424.78727994,-949.14475886,4299.66568475,4423.62351552,1.22869587,0.0122869587,6.3953620207E-05,13.59580503,294.11077911,1,titanium_rigid,110000.0,0.3400,116.69178064,0.7593078379,0.2644010510,0.7769907091,0.9573917467,0.9063870017,0.8169743864,0.3598176338
case066,cases_floorfrontR_lhs_500\case066\case066.key,2000395,3376320,-2133.60700000,-380.63062500,290.44487500,-2137.23487497,-382.77639560,273.46005261,587.66800223,347.58659894,2751.31770474,2834.76969735,1.13066418,0.0113066418,5.8851070602E-05,13.93696839,30.60294061,1,titanium_rigid,110000.0,0.3400,256.14438101,0.5515649027,0.5698774602,0.3183279055,0.7613283613,0.9291312259,0.0850081684,0.4906930173
case067,cases_floorfrontR_lhs_500\case067\case067.key,2000395,3376065,-1856.61425000,-361.72752500,290.56432500,-1853.16287878,-360.06968314,273.48833024,-909.25773893,-436.75555241,4498.64109271,4610.34453479,1.06991134,0.0106991134,5.5688885350E-05,12.63819380,205.65697417,2,steel_rigid,210000.0,0.3000,227.06843013,0.8102178040,0.6154288989,0.8308924496,0.6398226840,0.8425462530,0.5712693727,0.9111341180
case068,cases_floorfrontR_lhs_500\case068\case068.key,2000395,3368042,-2366.75750000,-551.88550000,291.75480000,-2366.85872413,-551.78001340,274.25541069,18.36931037,-19.14282927,3175.64322500,3175.75404777,1.23761224,0.0123761224,6.4417716897E-05,0.47866313,313.81870006,0,aluminum_rigid,70000.0,0.3300,142.11623378,0.3338514308,0.1571988026,0.4167616546,0.9752244725,0.0319108752,0.8717186113,0.3190296599
case069,cases_floorfrontR_lhs_500\case069\case069.key,2000395,3367968,-2433.81775000,-577.66010000,293.84520000,-2435.79185726,-576.05647837,276.53100645,307.70429987,-249.95666796,2698.76511675,2727.72678753,1.15331439,0.0115331439,6.0030014072E-05,8.35668463,320.91209461,1,titanium_rigid,110000.0,0.3400,104.31601988,0.2712312784,0.0950888782,0.2874272647,0.8066287828,0.5571123087,0.8914224850,0.4108086935
case070,cases_floorfrontR_lhs_500\case070\case070.key,2000395,3368498,-2263.66300000,-528.38657500,298.65170000,-2263.61519148,-531.63912691,281.45668269,-8.99729359,612.11193029,3236.00530934,3293.40133124,0.76005869,0.0076005869,3.9561054976E-05,10.71245346,90.84211694,0,aluminum_rigid,70000.0,0.3300,165.30683290,0.4301199849,0.2138249560,0.4507235158,0.0201173862,0.7141635643,0.2523392137,0.2217696568
case071,cases_floorfrontR_lhs_500\case071\case071.key,2000395,3366466,-2255.07225000,-462.04332500,290.11982500,-2256.74919451,-460.45336336,272.77307086,376.14819876,-356.63744559,3890.97567984,3925.34959923,1.24053005,0.0124053005,6.4569588941E-05,7.58805411,316.52516602,1,titanium_rigid,110000.0,0.3400,231.69794866,0.4381419365,0.3736945267,0.6331513522,0.9810600938,0.5058702743,0.8792365723,0.4137912728
case072,cases_floorfrontR_lhs_500\case072\case072.key,2000395,3372564,-2350.03550000,-213.07702500,310.61865000,-2348.21067375,-210.53050835,293.40135457,-527.14708947,-735.62556442,4973.65004838,5055.31639255,1.24149983,0.0124149983,6.4620066206E-05,10.31267683,234.37472907,2,steel_rigid,210000.0,0.3000,90.49632877,0.3494662576,0.9736370305,0.9593448205,0.9829996621,0.6875117890,0.6510409141,0.6997179510
case073,cases_floorfrontR_lhs_500\case073\case073.key,2000395,3373433,-1905.17225000,-260.80940000,308.32697500,-1908.79245025,-260.50685322,291.20819538,720.72846259,-60.23259972,3408.09647803,3483.99183214,0.88468450,0.0088468450,4.6047828368E-05,11.98114212,355.22278772,1,titanium_rigid,110000.0,0.3400,135.94605543,0.7648748570,0.8586147139,0.5057422800,0.2693690055,0.7987428078,0.9867299659,0.3903215475
case074,cases_floorfrontR_lhs_500\case074\case074.key,2000395,3377517,-2640.24750000,-403.97657500,301.58360000,-2639.64695267,-402.23017360,284.18131782,-135.12672081,-392.95069825,3915.61695417,3937.60404481,1.02803387,0.0102803387,5.3509163083E-05,6.05770035,251.02308308,2,steel_rigid,210000.0,0.3000,159.56483073,0.0784693604,0.5136199358,0.6366889076,0.5560677457,0.4038466901,0.6972863419,0.7235310249
case075,cases_floorfrontR_lhs_500\case075\case075.key,2000395,3367765,-2426.62475000,-482.39372500,293.33902500,-2426.57870858,-482.50113704,275.83941521,-7.39926969,17.26207742,2812.34422846,2812.40693852,1.13980344,0.0113980344,5.9326768829E-05,0.38262028,113.20205776,1,titanium_rigid,110000.0,0.3400,127.54598978,0.2779480257,0.3246554804,0.3118723300,0.7796068714,0.0255080184,0.3144501604,0.4811024816
case076,cases_floorfrontR_lhs_500\case076\case076.key,2000395,3376462,-2436.45950000,-397.08385000,299.84642500,-2438.11424712,-396.85994845,282.42627345,478.54966450,-64.75189524,5037.87410327,5060.96612020,1.21216082,0.0121216082,6.3092970494E-05,5.47541598,352.29418675,0,aluminum_rigid,70000.0,0.3300,178.45297567,0.2687644402,0.5302295681,0.9609757571,0.9243216328,0.3650277321,0.9785949632,0.1561754903
case077,cases_floorfrontR_lhs_500\case077\case077.key,2000395,3376058,-1848.74650000,-368.41515000,290.63147500,-1850.54452034,-369.79151323,273.27858627,353.83990577,270.86024879,3414.94719527,3443.89783527,0.76540235,0.0076540235,3.9839192462E-05,7.43440628,37.43362735,0,aluminum_rigid,70000.0,0.3300,217.03379439,0.8175646258,0.5993135030,0.4941681347,0.0308047056,0.4956270856,0.1039822982,0.0161528140
case078,cases_floorfrontR_lhs_500\case078\case078.key,2000395,3371866,-2213.07350000,-252.49720000,318.02090000,-2212.98343918,-249.24860881,300.82530334,-20.62450490,-743.94818578,3937.90175072,4007.61206601,0.91449267,0.0091449267,4.7599343215E-05,10.70224430,268.41199359,0,aluminum_rigid,70000.0,0.3300,126.50790552,0.4773599252,0.8786449031,0.6568984920,0.3289853301,0.7134829533,0.7455888711,0.2466274140
case079,cases_floorfrontR_lhs_500\case079\case079.key,2000395,3367423,-2637.08475000,-511.81982500,299.90927500,-2638.94638205,-515.20038605,282.84011764,448.51405730,814.46231820,4112.39000227,4216.19084698,0.98467604,0.0098467604,5.1252388077E-05,12.74010493,61.15898121,0,aluminum_rigid,70000.0,0.3300,81.49399487,0.0814227029,0.2537464131,0.7171100277,0.4693520875,0.8493403288,0.1698860589,0.0456610549
case080,cases_floorfrontR_lhs_500\case080\case080.key,2000395,3368055,-2356.21000000,-551.98790000,291.32220000,-2354.34413930,-550.02665669,274.03283655,-407.10673869,-427.91799360,3772.31610098,3818.27427926,1.02345269,0.0102345269,5.3270712738E-05,8.89860742,226.42768260,2,steel_rigid,210000.0,0.3000,141.93974558,0.3437005748,0.1569520458,0.6022413554,0.5469053886,0.5932404946,0.6289657850,0.9456226061
case081,cases_floorfrontR_lhs_500\case081\case081.key,2000395,3372382,-2386.41100000,-241.06090000,311.21165000,-2386.30351281,-240.86268491,293.71310271,-15.76589720,-29.07359232,2566.63414597,2566.84722501,0.93350323,0.0093350323,4.8588843072E-05,0.73826281,241.53010727,0,aluminum_rigid,70000.0,0.3300,118.96069300,0.3154992003,0.9062033415,0.2409853136,0.3670064581,0.0492175205,0.6709169646,0.0211872475
case082,cases_floorfrontR_lhs_500\case082\case082.key,2000395,3375985,-2149.97125000,-363.77495000,290.11690000,-2147.41036456,-360.59682638,273.09951489,-702.78615887,-872.17540415,4670.09673650,4802.54118659,0.83791139,0.0083791139,4.3613287895E-05,13.48721030,231.13864196,1,titanium_rigid,110000.0,0.3400,238.73695085,0.5362841390,0.6104951497,0.8863748698,0.1758227817,0.8991473533,0.6420517832,0.4382289669
case083,cases_floorfrontR_lhs_500\case083\case083.key,2000395,3366495,-2247.09625000,-462.03210000,290.07795000,-2243.80636179,-463.37670628,272.94264523,-844.05521089,344.97279797,4396.24156362,4489.80793755,0.94080840,0.0094080840,4.8969077363E-05,11.71765646,157.76973309,0,aluminum_rigid,70000.0,0.3300,231.67154012,0.4455898409,0.3737215760,0.7960965150,0.3816168055,0.7811770975,0.4382492586,0.0717094586
case084,cases_floorfrontR_lhs_500\case084\case084.key,2000395,3369126,-1946.14275000,-590.02437500,292.20660000,-1944.90797132,-589.87596340,274.75084749,-308.88659052,-37.12596825,4366.65125168,4377.72000214,1.21310321,0.0121310321,6.3142021854E-05,4.07525217,186.85366738,2,steel_rigid,210000.0,0.3000,82.00485533,0.7266170373,0.0652942671,0.7637395001,0.9262064113,0.2716834781,0.5190379649,0.9129312520
case085,cases_floorfrontR_lhs_500\case085\case085.key,2000395,3371362,-2537.89825000,-335.34570000,301.72465000,-2537.95693725,-335.58094174,284.22632959,15.50288042,62.14167935,4622.37280243,4622.81648481,1.08030512,0.0108030512,5.6229881466E-05,0.79382335,75.99199714,2,steel_rigid,210000.0,0.3000,203.48993494,0.1740420079,0.6790020738,0.8344927932,0.6606102388,0.0529215567,0.2110888809,0.7644062454
case086,cases_floorfrontR_lhs_500\case086\case086.key,2000395,3372815,-1981.97950000,-274.54565000,310.28432500,-1981.82851264,-275.06490770,292.79268202,-29.81837664,102.54779881,3454.41093439,3456.06135511,0.89173207,0.0089173207,4.6414654116E-05,1.77076743,106.21313089,0,aluminum_rigid,70000.0,0.3300,150.04629001,0.6931530591,0.8255140083,0.4976794420,0.2834641351,0.1180511621,0.2950364747,0.0743730577
case087,cases_floorfrontR_lhs_500\case087\case087.key,2000395,3368595,-2295.51125000,-501.83320000,295.31067500,-2293.74116125,-505.62073297,278.31740045,-318.40790790,681.31072402,3056.79192515,3147.94294296,1.08795916,0.0108795916,5.6628274129E-05,13.82160625,115.04885199,1,titanium_rigid,110000.0,0.3400,192.03569319,0.4003804258,0.2778115207,0.4087332765,0.6759183143,0.9214404164,0.3195801444,0.6548438067
case088,cases_floorfrontR_lhs_500\case088\case088.key,2000395,3373605,-1692.51875000,-253.62010000,295.80235000,-1691.90206806,-253.69856091,278.31339499,-73.87192535,9.39878109,2094.99046056,2096.31353291,0.78715636,0.0078715636,4.0971488630E-05,2.03574864,172.74917170,2,steel_rigid,210000.0,0.3000,118.82340516,0.9634484470,0.8759390130,0.1051538734,0.0743127235,0.1357165759,0.4798588103,0.9552983083
case089,cases_floorfrontR_lhs_500\case089\case089.key,2000395,3372233,-2505.74250000,-222.04657500,314.48622500,-2507.34904986,-219.06237156,297.31754633,418.59640519,-777.55248566,4473.40438721,4559.73218840,1.06764787,0.0106764787,5.5571071519E-05,11.16685529,298.29585982,0,aluminum_rigid,70000.0,0.3300,101.75660002,0.2040687073,0.9520228028,0.8162819169,0.6352957356,0.7444570195,0.8285996106,0.2291353887
case090,cases_floorfrontR_lhs_500\case090\case090.key,2000395,3369158,-1953.27325000,-606.77600000,290.17215000,-1954.42023511,-605.49974271,272.75647911,289.21651559,-321.81297086,4391.42549104,4412.68938681,0.97766554,0.0097766554,5.0887491185E-05,5.62706486,311.94634926,1,titanium_rigid,110000.0,0.3400,83.64240916,0.7199586518,0.0249273104,0.7738342966,0.4553310734,0.3751376575,0.8665176368,0.3732933570
case091,cases_floorfrontR_lhs_500\case091\case091.key,2000395,3368432,-2184.23475000,-535.14850000,299.09037500,-2181.93946070,-538.76572211,282.12283684,-391.74789532,617.36842931,2895.93009527,2986.80787928,0.89731847,0.0089731847,4.6705426381E-05,14.17001182,122.39695494,2,steel_rigid,210000.0,0.3000,158.73127453,0.5042892450,0.1975305169,0.3622175686,0.2946369407,0.9446674550,0.3399915415,0.9028713000
case092,cases_floorfrontR_lhs_500\case092\case092.key,2000395,3370915,-2697.55950000,-300.60467500,315.14585000,-2693.22086818,-300.40449901,298.19338105,-582.52587628,-26.87660518,2276.12119126,2349.63538145,1.00753807,0.0100753807,5.2442356465E-05,14.37016868,182.64164189,1,titanium_rigid,110000.0,0.3400,106.80859970,0.0249520207,0.7627186954,0.1782816262,0.5150761370,0.9580112454,0.5073378941,0.6267155903
case093,cases_floorfrontR_lhs_500\case093\case093.key,2000395,3368416,-2159.44975000,-491.81072500,294.93825000,-2158.63096165,-496.08642198,277.98838272,-168.60421038,880.44793930,3490.30246691,3603.58533464,0.85689462,0.0085689462,4.4601365115E-05,14.40444962,100.84079487,2,steel_rigid,210000.0,0.3000,202.13708326,0.5274332160,0.3019630173,0.5402659665,0.2137892455,0.9602966412,0.2801133191,0.7793254012
case094,cases_floorfrontR_lhs_500\case094\case094.key,2000395,3369655,-1832.89425000,-516.35945000,298.33030000,-1831.50787977,-517.90686328,280.95406653,-371.87650694,415.07429324,4660.95769476,4694.15652036,1.10203545,0.0110203545,5.7360945077E-05,6.81830615,131.85803816,2,steel_rigid,210000.0,0.3000,97.73962580,0.8323672893,0.2428071254,0.8550868971,0.7040708963,0.4545537434,0.3662723282,0.8371410443
case095,cases_floorfrontR_lhs_500\case095\case095.key,2000395,3366700,-1807.23725000,-434.31915000,290.65530000,-1807.07636636,-436.70010418,273.31877285,-29.46975582,436.12973953,3175.60713143,3205.55116468,1.00322427,0.0100322427,5.2217823144E-05,7.83754551,93.86566128,0,aluminum_rigid,70000.0,0.3300,139.36956028,0.8563255246,0.4405024078,0.4253633454,0.5064485358,0.5225030338,0.2607379480,0.1451150976
case096,cases_floorfrontR_lhs_500\case096\case096.key,2000395,2644280,-1824.98650000,-515.89610000,298.41575000,-1827.31305853,-516.88307767,281.09919721,371.98698670,157.80512058,2768.69556256,2798.02642812,0.99467495,0.0099467495,5.1772831260E-05,8.30336782,22.98773252,2,steel_rigid,210000.0,0.3000,98.06751267,0.8397514626,0.2439236755,0.3077210323,0.4893499043,0.5535578546,0.0638548126,0.6871497206
case097,cases_floorfrontR_lhs_500\case097\case097.key,2000395,3373153,-1767.40525000,-339.66505000,292.46467500,-1767.67014788,-338.81906634,274.98714254,51.94586537,-165.89544967,3427.30392777,3431.70976140,0.79170085,0.0079170085,4.1208029004E-05,2.90364071,287.38659643,2,steel_rigid,210000.0,0.3000,195.30554989,0.8935202251,0.6685935902,0.4906497392,0.0834016908,0.1935760475,0.7982961012,0.9716791100
case098,cases_floorfrontR_lhs_500\case098\case098.key,2000395,3377472,-2644.39000000,-363.13690000,300.02282500,-2645.58773080,-358.90053903,283.08562669,276.42740747,-977.72077436,3908.98007901,4038.87054538,1.06194628,0.0106194628,5.5274304047E-05,14.57025452,285.78699464,0,aluminum_rigid,70000.0,0.3300,160.55308333,0.0746011377,0.6120326803,0.6659220419,0.6238925666,0.9713503013,0.7938527629,0.1140572775
case099,cases_floorfrontR_lhs_500\case099\case099.key,2000395,3371435,-2477.14275000,-338.76785000,297.62615000,-2477.47105464,-338.86843314,280.12951892,58.36432125,17.88115598,3110.46169799,3111.06060764,0.90233195,0.0090233195,4.6966378117E-05,1.12427102,17.03356385,1,titanium_rigid,110000.0,0.3400,211.97605397,0.2307748515,0.6707556034,0.3980862584,0.3046639046,0.0749514014,0.0473154551,0.4300530101
case100,cases_floorfrontR_lhs_500\case100\case100.key,2000395,3368447,-2191.31200000,-492.28295000,295.83880000,-2192.00604960,-491.31520124,278.37936824,191.53712215,-267.06997964,4818.28575306,4829.48138430,0.95904323,0.0095904323,4.9918199909E-05,3.90207496,305.64731631,1,titanium_rigid,110000.0,0.3400,201.55691794,0.4976805838,0.3008250808,0.8941518387,0.4180864518,0.2601383308,0.8490203231,0.4758604687
case101,cases_floorfrontR_lhs_500\case101\case101.key,2000395,3371164,-2681.90575000,-241.96030000,320.04155000,-2683.84144636,-241.61211545,302.65241986,571.94319728,-102.87862693,5137.99316770,5170.75205595,1.03998074,0.0103998074,5.4130997732E-05,6.45289954,349.80293022,1,titanium_rigid,110000.0,0.3400,85.34654264,0.0395693270,0.9040360270,0.9926682417,0.5799614883,0.4301933028,0.9716748062,0.6110353075
case102,cases_floorfrontR_lhs_500\case102\case102.key,2000395,3366143,-2170.54700000,-417.92495000,297.14545000,-2170.65000666,-417.93912748,279.64575890,27.30745003,3.75850361,4639.23353949,4639.31542979,1.01833305,0.0101833305,5.3004235223E-05,0.34042979,7.83675575,0,aluminum_rigid,70000.0,0.3300,276.01044646,0.5170707212,0.4800080654,0.8392556306,0.5366660989,0.0226953192,0.0217687660,0.2454524236
case103,cases_floorfrontR_lhs_500\case103\case103.key,2000395,3370859,-2639.30775000,-337.63157500,308.09217500,-2641.58816371,-339.72217268,290.86779940,282.47523902,258.96269474,2133.58637095,2167.72801343,1.09450911,0.0109450911,5.6969199007E-05,10.18237538,42.51342936,0,aluminum_rigid,70000.0,0.3300,165.53298693,0.0793468890,0.6734937236,0.1257694678,0.6890182135,0.6788250257,0.1180928593,0.3215015071
case104,cases_floorfrontR_lhs_500\case104\case104.key,2000395,3370479,-2723.71275000,-466.02275000,305.76127500,-2719.80550766,-467.66610081,288.78238059,-972.75392727,409.13151003,4227.09542350,4356.83078795,1.15299999,0.0115299999,6.0013649540E-05,14.01732317,157.18881793,0,aluminum_rigid,70000.0,0.3300,81.40670659,0.0005303924,0.3641051719,0.7577093005,0.8059999823,0.9344882114,0.4366356054,0.1870914125
case105,cases_floorfrontR_lhs_500\case105\case105.key,2000395,3372866,-1940.90475000,-315.62975000,297.71255000,-1938.95830515,-313.76559703,280.42133009,-237.96207100,-227.90149940,2113.93325183,2139.45760273,1.06231882,0.0106231882,5.5293694407E-05,8.85922762,223.76285946,2,steel_rigid,210000.0,0.3000,190.90392204,0.7315082263,0.7265122646,0.1176084994,0.6246376333,0.5906151749,0.6215634985,0.8223434502
case106,cases_floorfrontR_lhs_500\case106\case106.key,2000395,3368665,-1975.49275000,-448.01065000,290.72752500,-1975.59077693,-450.78723421,273.44947618,15.53055786,439.89852855,2737.38798707,2772.55205639,0.93998836,0.0093998836,4.8926394256E-05,9.13497621,87.97802009,1,titanium_rigid,110000.0,0.3400,200.22637805,0.6992103176,0.4075095377,0.3003672112,0.3799767246,0.6089984143,0.2443833891,0.6281220263
case107,cases_floorfrontR_lhs_500\case107\case107.key,2000395,3377529,-2619.85000000,-412.16540000,305.48132500,-2618.48062058,-411.06310367,288.06984193,-146.17134286,-117.66215582,1858.54980898,1867.99835034,1.22497080,0.0122497080,6.3759729968E-05,5.76520825,218.83269132,0,aluminum_rigid,70000.0,0.3300,142.62305587,0.0975163302,0.4938870476,0.0392449266,0.9499415934,0.3843472165,0.6078685870,0.2081686838
case108,cases_floorfrontR_lhs_500\case108\case108.key,2000395,3366248,-1799.80925000,-427.62805000,291.60945000,-1798.98779409,-429.17080869,274.19695145,-102.67718659,192.83581863,2176.46053455,2187.39770414,0.85239160,0.0085239160,4.4366982538E-05,5.73201545,118.03347550,2,steel_rigid,210000.0,0.3000,140.44877842,0.8632617125,0.4566261775,0.1314476211,0.2047831907,0.3821343634,0.3278707653,0.8742713106
case109,cases_floorfrontR_lhs_500\case109\case109.key,2000395,3368641,-2144.50675000,-522.45087500,296.85500000,-2146.18476633,-524.93162121,279.61318573,389.29372769,575.52415951,4000.03862814,4059.93678414,1.12083584,0.0112083584,5.8339505546E-05,9.85417151,55.92495204,2,steel_rigid,210000.0,0.3000,171.47931678,0.5413868314,0.2281284128,0.6720033441,0.7416716828,0.6569447674,0.1553470890,0.8764085565
case110,cases_floorfrontR_lhs_500\case110\case110.key,2000395,3366721,-1774.08950000,-448.77730000,290.49742500,-1775.21733841,-447.25987075,273.09985652,332.86117568,-447.84188985,5134.57872776,5164.80954461,0.86546888,0.0086546888,4.5047655002E-05,6.20222445,306.62179864,1,titanium_rigid,110000.0,0.3400,108.29687345,0.8872785431,0.4056621153,0.9909527856,0.2309377522,0.4134816301,0.8517272184,0.5831213125
case111,cases_floorfrontR_lhs_500\case111\case111.key,2000395,3368452,-2191.80750000,-513.63510000,297.93077500,-2190.63430145,-514.13922524,280.47742395,-223.25921417,95.93483097,3321.36572445,3330.24300075,0.92953443,0.0092953443,4.8382267341E-05,4.18442759,156.74672816,0,aluminum_rigid,70000.0,0.3300,180.21165727,0.4972178911,0.2493720836,0.4613587947,0.3590688700,0.2789618395,0.4354075782,0.1223258809
case112,cases_floorfrontR_lhs_500\case112\case112.key,2000395,3365973,-1762.07400000,-410.67995000,299.48037500,-1762.46176065,-408.41534403,282.13185341,86.43465388,-504.79705707,3867.11099650,3900.87662936,1.11822008,0.0111822008,5.8203355132E-05,7.54410520,279.71633314,1,titanium_rigid,110000.0,0.3400,137.06401590,0.8984984899,0.4974665866,0.6260866111,0.7364401588,0.5029403464,0.7769898143,0.4452089108
case113,cases_floorfrontR_lhs_500\case113\case113.key,2000395,3369669,-1801.31400000,-514.53907500,298.60917500,-1798.77645676,-512.97351925,281.36504819,-694.25378614,-428.32492096,4717.87047330,4787.87555815,1.03217501,0.0103217501,5.3724709052E-05,9.80983232,211.67281259,1,titanium_rigid,110000.0,0.3400,84.69794247,0.8618565928,0.2471937445,0.8821412656,0.5643500116,0.6539888212,0.5879800350,0.5198471378
case114,cases_floorfrontR_lhs_500\case114\case114.key,2000395,3368166,-2138.97100000,-565.34945000,285.92947500,-2137.95637450,-565.61302311,268.46090138,-233.32562490,60.61188138,4017.11357151,4024.34045451,0.80305267,0.0080305267,4.1798891628E-05,3.43424123,165.43792479,0,aluminum_rigid,70000.0,0.3300,128.59209378,0.5465560562,0.1247542674,0.6617275640,0.1061053459,0.2289494155,0.4595497911,0.2242156816
case115,cases_floorfrontR_lhs_500\case115\case115.key,2000395,3377449,-2670.99325000,-362.22807500,300.58862500,-2669.59294122,-362.43121917,283.14592258,-252.62045579,36.64789671,3146.72269725,3157.05937486,1.11782914,0.0111782914,5.8183006687E-05,4.63772836,171.74562979,0,aluminum_rigid,70000.0,0.3300,133.94912991,0.0497593041,0.6142227066,0.4113649649,0.7356582781,0.3091818906,0.4770711938,0.1511399191
case116,cases_floorfrontR_lhs_500\case116\case116.key,2000395,3365768,-2580.86025000,-403.26430000,306.79250000,-2580.38349371,-403.18578144,289.29917161,-134.99894492,-22.23342004,4953.43414792,4955.32328894,1.22216722,0.0122216722,6.3613803929E-05,1.58214987,189.35227667,0,aluminum_rigid,70000.0,0.3300,138.58001725,0.1339245465,0.5153363290,0.9304792844,0.9443344449,0.1054766582,0.5259785463,0.1280424205
case117,cases_floorfrontR_lhs_500\case117\case117.key,2000395,3371864,-2213.48850000,-245.78595000,315.62535000,-2212.11095890,-244.02628833,298.26862302,-175.01385976,-223.56151764,2205.13766940,2223.34022235,0.80603196,0.0080603196,4.1953963754E-05,7.33664598,231.94458675,1,titanium_rigid,110000.0,0.3400,119.79595023,0.4769724026,0.8948172289,0.1418233372,0.1120639291,0.4891097322,0.6442905188,0.5143233934
case118,cases_floorfrontR_lhs_500\case118\case118.key,2000395,3366099,-2347.50600000,-417.93865000,297.87175000,-2348.56631657,-416.26374469,280.48438617,246.86922648,-389.96144040,4048.22971635,4074.45434093,1.14024019,0.0114024019,5.9349501972E-05,6.50415312,302.33628953,1,titanium_rigid,110000.0,0.3400,228.81555376,0.3518282780,0.4799750520,0.6761942037,0.7804803832,0.4336102083,0.8398230265,0.3377771709
case119,cases_floorfrontR_lhs_500\case119\case119.key,2000395,3376520,-2204.28725000,-389.60917500,292.09210000,-2201.05530160,-388.36307437,274.93833240,-704.41955077,-271.59395364,3738.75067525,3814.21378411,1.08583163,0.0108583163,5.6517536598E-05,11.41618781,201.08449898,0,aluminum_rigid,70000.0,0.3300,263.72900039,0.4855644325,0.5482415450,0.6010691909,0.6716632699,0.7610791875,0.5585680527,0.0583788846
case120,cases_floorfrontR_lhs_500\case120\case120.key,2000395,3368420,-2159.81675000,-506.47882500,296.52922500,-2159.69064162,-505.85914842,279.04065451,-33.00784119,-162.19529811,4577.49088128,4580.48246373,0.80000961,0.0080000961,4.1640500235E-05,2.07088578,258.49700316,2,steel_rigid,210000.0,0.3000,187.46802114,0.5270905152,0.2666168012,0.8222720082,0.1000192213,0.1380590520,0.7180472310,0.9636110348
case121,cases_floorfrontR_lhs_500\case121\case121.key,2000395,3369013,-2030.78100000,-583.21857500,289.29182500,-2032.21280633,-584.03847099,271.86977859,229.26911699,131.28649148,2789.71890466,2802.20128433,0.97949495,0.0097949495,5.0982712296E-05,5.41000922,29.79676881,0,aluminum_rigid,70000.0,0.3300,110.95618126,0.6475827343,0.0816944332,0.3089262101,0.4589899057,0.3606672816,0.0827688023,0.1918598455
case122,cases_floorfrontR_lhs_500\case122\case122.key,2000395,3368277,-2181.56000000,-607.84705000,291.28632500,-2182.73456082,-609.19363267,273.87778911,203.28476649,233.05710496,3012.94756359,3028.77753086,0.99721647,0.0099721647,5.1905117210E-05,5.86048133,48.90333732,0,aluminum_rigid,70000.0,0.3300,86.02047936,0.5067868983,0.0223463650,0.3743331690,0.4944329380,0.3906987554,0.1358426037,0.2604892381
case123,cases_floorfrontR_lhs_500\case123\case123.key,2000395,3367260,-2678.99975000,-588.14430000,301.83325000,-2675.72656378,-587.72590613,284.64717428,-477.03915895,-60.97736115,2504.72492747,2550.47673192,1.17896523,0.0117896523,6.1365140216E-05,10.86882068,187.28431095,2,steel_rigid,210000.0,0.3000,109.19024081,0.0422829191,0.0698247473,0.2362595571,0.8579304598,0.7245880456,0.5202341971,0.7664738784
case124,cases_floorfrontR_lhs_500\case124\case124.key,2000395,3368787,-2094.19725000,-488.21760000,290.23477500,-2096.07557556,-489.50002213,272.88319621,437.10926860,298.43527156,4037.92402181,4072.46344734,0.75614638,0.0075614638,3.9357419032E-05,7.46747903,34.32321073,1,titanium_rigid,110000.0,0.3400,205.93775094,0.5883653106,0.3106214920,0.6756194819,0.0122927582,0.4978319350,0.0953422520,0.4426743642
case125,cases_floorfrontR_lhs_500\case125\case125.key,2000395,3373072,-1810.89425000,-323.19365000,301.44920000,-1807.39529191,-324.93224222,284.39092959,-826.74576292,410.80050536,4030.58636688,4134.95974256,0.83443418,0.0083443418,4.3432299049E-05,12.90074042,153.57774450,2,steel_rigid,210000.0,0.3000,197.70286023,0.8529106567,0.7082852792,0.6936606168,0.1688683592,0.8600493612,0.4266048458,0.9065245169
case126,cases_floorfrontR_lhs_500\case126\case126.key,2000395,3371167,-2662.96025000,-231.81837500,319.41632500,-2661.56707803,-233.83510147,302.08883568,-258.54340290,374.26199617,3215.61741354,3247.63176534,1.05369056,0.0105369056,5.4844593601E-05,8.05163366,124.63704974,0,aluminum_rigid,70000.0,0.3300,92.86248526,0.0572604346,0.9284753663,0.4375109741,0.6073811182,0.5367755775,0.3462140271,0.0625346114
case127,cases_floorfrontR_lhs_500\case127\case127.key,2000395,3365988,-1698.08900000,-403.37255000,299.09125000,-1695.16382974,-405.46393548,281.96467750,-394.56276522,282.09737023,2310.12460820,2360.49452603,1.03849030,0.0103849030,5.4053420178E-05,11.85760736,144.43667404,2,steel_rigid,210000.0,0.3000,124.39267560,0.9582470064,0.5150754753,0.1814163927,0.5769806024,0.7905071574,0.4012129835,0.9977911632
case128,cases_floorfrontR_lhs_500\case128\case128.key,2000395,3371596,-2343.59800000,-288.28925000,308.37940000,-2345.63038616,-290.72988585,291.17002165,344.10374891,413.22459269,2913.72363590,2962.92885174,1.15678027,0.0115678027,6.0210412797E-05,10.45647861,50.21489875,0,aluminum_rigid,70000.0,0.3300,165.56658393,0.3554775271,0.7923955911,0.3553242839,0.8135605302,0.6970985738,0.1394858299,0.1215324695
case129,cases_floorfrontR_lhs_500\case129\case129.key,2000395,3376647,-1705.54000000,-389.41437500,292.19195000,-1703.89077696,-386.19166266,275.07049596,-269.43730282,-526.50181238,2797.17071234,2859.01462265,1.16608541,0.0116608541,6.0694745747E-05,11.93888847,242.89890359,0,aluminum_rigid,70000.0,0.3300,131.93298103,0.9512893414,0.5487109611,0.3253268158,0.8321708260,0.7959258981,0.6747191766,0.2274355998
case130,cases_floorfrontR_lhs_500\case130\case130.key,2000395,3365716,-2236.85750000,-243.65882500,312.85600000,-2235.56498802,-240.52976714,295.68659670,-334.77204559,-810.45368895,4447.02745909,4532.65493131,0.94426160,0.0094426160,4.9148816086E-05,11.15459843,247.55607292,0,aluminum_rigid,70000.0,0.3300,118.22529492,0.4551506774,0.8999430339,0.8084653824,0.3885231925,0.7436398956,0.6876557581,0.1319955825
case131,cases_floorfrontR_lhs_500\case131\case131.key,2000395,3376393,-1993.95750000,-344.49792500,290.81105000,-1993.56807129,-344.61245195,273.31575838,-106.28500545,31.25732052,4774.91036244,4776.19539925,0.90548263,0.0090548263,4.7130370877E-05,1.32911974,163.61193584,0,aluminum_rigid,70000.0,0.3300,219.87098673,0.6819681293,0.6569476481,0.8787694926,0.3109652594,0.0886079828,0.4544775996,0.2427299933
case132,cases_floorfrontR_lhs_500\case132\case132.key,2000395,3377368,-2684.68350000,-443.47417500,300.32787500,-2686.02021813,-442.53496856,282.90429684,167.56695994,-117.73609063,2184.16728871,2193.74730043,0.84165887,0.0084165887,4.3808344060E-05,5.35655444,324.90731124,1,titanium_rigid,110000.0,0.3400,120.39542192,0.0369754934,0.4184412348,0.1332805925,0.1833177353,0.3571036294,0.9025203090,0.5482821620
case133,cases_floorfrontR_lhs_500\case133\case133.key,2000395,3366428,-2313.27200000,-440.47020000,290.49550000,-2313.95009932,-440.05876043,273.01348356,180.43157958,-109.47760637,4651.68999335,4656.47513635,0.82153686,0.0082153686,4.2760993487E-05,2.59772782,328.75254465,2,steel_rigid,210000.0,0.3000,247.57534073,0.3837956252,0.4256800148,0.8442092135,0.1430737171,0.1731818544,0.9132015129,0.9594303557
case134,cases_floorfrontR_lhs_500\case134\case134.key,2000395,3373193,-1847.47925000,-243.39177500,306.66397500,-1844.88711268,-245.75129859,289.51861200,-486.28720916,442.64867299,3216.48497422,3283.01518225,0.99307469,0.0099307469,5.1689537622E-05,11.55438353,137.68960127,2,steel_rigid,210000.0,0.3000,118.19798379,0.8187479705,0.9005865533,0.4477252915,0.4861493803,0.7702922355,0.3824711146,0.6800742036
case135,cases_floorfrontR_lhs_500\case135\case135.key,2000395,3367216,-2653.73625000,-558.90577500,299.87402500,-2655.01485121,-559.99521898,282.45483183,184.64690853,157.33010495,2515.56165381,2527.23122743,1.11070118,0.0111070118,5.7811996661E-05,5.50820240,40.43296389,2,steel_rigid,210000.0,0.3000,88.58183492,0.0658737082,0.1402818087,0.2295491549,0.7214023693,0.3672134935,0.1123137886,0.9184187525
case136,cases_floorfrontR_lhs_500\case136\case136.key,2000395,3368045,-2358.83450000,-547.19205000,291.45572500,-2359.16094179,-546.87193071,273.96169861,43.56397211,-42.72022799,2334.59472154,2335.39190531,1.07542351,0.0107542351,5.5975793473E-05,1.49709488,315.56025826,0,aluminum_rigid,70000.0,0.3300,146.77357969,0.3412498445,0.1685087676,0.1741698869,0.6508470115,0.0998063250,0.8765562730,0.3242949696
case137,cases_floorfrontR_lhs_500\case137\case137.key,2000395,3372505,-2419.95775000,-222.66377500,312.45930000,-2420.45217606,-223.34145495,294.97941748,137.12774713,187.95272535,4847.99876371,4853.57829430,1.00640468,0.0100640468,5.2383363480E-05,2.74755918,53.88601921,2,steel_rigid,210000.0,0.3000,101.05145393,0.2841735999,0.9505355151,0.9011080206,0.5128093556,0.1831706118,0.1496833867,0.7939437678
case138,cases_floorfrontR_lhs_500\case138\case138.key,2000395,2488053,-2318.41100000,-261.23472500,305.72657500,-2322.77364460,-260.61403876,288.79045736,555.69033907,-79.05969348,2157.23209602,2229.05641565,1.18044083,0.0118044083,6.1441945389E-05,14.58431241,351.90270372,2,steel_rigid,210000.0,0.3000,138.64182730,0.3789968814,0.8575897939,0.1434734608,0.8608816672,0.9722874940,0.9775075103,0.9833211414
case139,cases_floorfrontR_lhs_500\case139\case139.key,2000395,3373730,-1714.67550000,-309.18340000,299.46022500,-1714.09040915,-312.02537044,282.20244783,-99.58194941,483.70087584,2937.25853803,2978.48465182,0.89584711,0.0089584711,4.6628841834E-05,9.54395439,101.63323343,2,steel_rigid,210000.0,0.3000,142.30312128,0.9427587081,0.7420462519,0.3598148586,0.2916942107,0.6362636263,0.2823145373,0.7606621061
case140,cases_floorfrontR_lhs_500\case140\case140.key,2000395,3372950,-1932.83075000,-331.75767500,294.04530000,-1932.07995634,-331.44801972,276.56415523,-93.19336840,-38.43641788,2169.87282523,2172.21325837,1.17766075,0.0117766075,6.1297242016E-05,2.65995029,202.41307559,1,titanium_rigid,110000.0,0.3400,207.02337909,0.7390476422,0.6876482589,0.1270642471,0.8553214992,0.1773300194,0.5622585433,0.3800445021
case141,cases_floorfrontR_lhs_500\case141\case141.key,2000395,3367920,-2458.67600000,-578.82365000,294.87195000,-2456.90499952,-581.50589642,277.66965040,-524.30046861,794.07265671,5092.69977035,5180.83326469,0.98691043,0.0098691043,5.1368687879E-05,10.58341708,123.43549104,1,titanium_rigid,110000.0,0.3400,80.23068476,0.2480189074,0.0922850325,0.9955784373,0.4738208599,0.7055611384,0.3428763640,0.5052540774
case142,cases_floorfrontR_lhs_500\case142\case142.key,2000395,3367918,-2450.24025000,-571.12340000,294.56332500,-2450.54022652,-574.29694788,277.35609954,68.30578573,722.62883275,3918.15019844,3984.81606700,0.89914570,0.0089914570,4.6800533579E-05,10.49524557,84.60021616,1,titanium_rigid,110000.0,0.3400,86.84136084,0.2558961215,0.1108405850,0.6503178508,0.2982913959,0.6996830381,0.2350006004,0.6221744750
case143,cases_floorfrontR_lhs_500\case143\case143.key,2000395,3367790,-2450.50900000,-515.75427500,294.33502500,-2450.08766417,-515.39686462,276.84374906,-103.06930046,-87.43153464,4278.80432416,4280.93844834,1.20138724,0.0120138724,6.2532205993E-05,1.80923935,220.30724577,0,aluminum_rigid,70000.0,0.3300,91.90186966,0.2556451656,0.2442654360,0.7358010590,0.9027744858,0.1206159565,0.6119645716,0.1006290733
case144,cases_floorfrontR_lhs_500\case144\case144.key,2000395,3373125,-1791.63375000,-318.62437500,302.04982500,-1792.33740873,-317.15981381,284.62541899,181.65405183,-378.08594568,4498.22312035,4517.73819708,1.12337757,0.0112337757,5.8471802341E-05,5.32744150,295.66228461,2,steel_rigid,210000.0,0.3000,193.07505134,0.8708959079,0.7192960156,0.8041592902,0.7467551332,0.3551627666,0.8212841239,0.9735079155
case145,cases_floorfrontR_lhs_500\case145\case145.key,2000395,3371472,-2314.50450000,-278.60542500,306.72292500,-2313.14250383,-279.62582986,289.30587185,-193.92009715,145.28455676,2479.82828754,2491.63820451,1.17371432,0.0117371432,6.1091830560E-05,5.58072023,143.15952098,0,aluminum_rigid,70000.0,0.3300,155.90766664,0.3826447298,0.8157310313,0.2192743294,0.8474286479,0.3720480150,0.3976653360,0.2995216996
case146,cases_floorfrontR_lhs_500\case146\case146.key,2000395,3368236,-2311.35525000,-561.71342500,287.31870000,-2313.28590928,-561.80106404,269.92574527,316.41324288,14.36304784,2850.50876542,2868.05227623,1.04845870,0.0104845870,5.4572275434E-05,6.34050689,2.59906151,0,aluminum_rigid,70000.0,0.3300,131.88205646,0.3855854661,0.1335161197,0.3279357629,0.5969174038,0.4227004593,0.0072196153,0.2529729717
case147,cases_floorfrontR_lhs_500\case147\case147.key,2000395,3371822,-2129.82175000,-333.98010000,297.46922500,-2130.06912950,-338.06253442,280.45386333,70.94817700,1170.83783729,4879.98757767,5018.98133522,0.92704037,0.0092704037,4.8252451117E-05,13.51558603,86.53234080,0,aluminum_rigid,70000.0,0.3300,209.61612858,0.5550995291,0.6822928063,0.9488557880,0.3540807346,0.9010390685,0.2403676133,0.2121570567
case148,cases_floorfrontR_lhs_500\case148\case148.key,2000395,3369477,-1801.07825000,-521.93597500,297.82535000,-1800.62436369,-522.70664103,280.34822034,-92.91711156,157.76651619,3577.82195400,3582.50384477,0.96503259,0.0096503259,5.0229946466E-05,2.92955897,120.49609886,0,aluminum_rigid,70000.0,0.3300,82.12612029,0.8620767337,0.2293691847,0.5341802618,0.4300651860,0.1953039315,0.3347113857,0.1349112309
case149,cases_floorfrontR_lhs_500\case149\case149.key,2000395,3372683,-2030.16050000,-215.12565000,312.06767500,-2030.25282390,-216.04048158,294.59184714,12.20845185,120.97276480,2310.91631048,2314.11271336,1.13367854,0.0113367854,5.9007968230E-05,3.01180005,84.23727748,0,aluminum_rigid,70000.0,0.3300,88.94299703,0.6481621507,0.9687003896,0.1680271105,0.7673570886,0.2007866697,0.2339924374,0.0808065823
case150,cases_floorfrontR_lhs_500\case150\case150.key,2000395,3366281,-1704.17600000,-425.74800000,292.55432500,-1704.48100969,-425.15205506,275.06713487,89.67269787,-175.20752009,5141.22529348,5144.99138835,0.96295438,0.0096295438,5.0121775276E-05,2.19238805,297.10375245,0,aluminum_rigid,70000.0,0.3300,113.63378674,0.9525630302,0.4611565975,0.9852317740,0.4259087522,0.1461592037,0.8252882013,0.3062745026
case151,cases_floorfrontR_lhs_500\case151\case151.key,2000395,3368268,-2158.65575000,-607.78517500,290.98467500,-2159.44641476,-604.31127660,273.85117334,160.63048875,-705.75296187,3480.82130265,3555.27865829,0.82730489,0.0082730489,4.3061219633E-05,11.74668931,282.82218119,2,steel_rigid,210000.0,0.3000,86.17475342,0.5281746448,0.0224954673,0.5263210237,0.1546097842,0.7831126208,0.7856171700,0.8011401372
case152,cases_floorfrontR_lhs_500\case152\case152.key,2000395,3371695,-2256.81700000,-318.98427500,298.39045000,-2258.24115436,-316.84437387,281.08026203,316.84692163,-476.08679418,3851.18348771,3893.41300960,1.10965493,0.0110965493,5.7757539114E-05,8.44644196,303.64469607,1,titanium_rigid,110000.0,0.3400,194.17125819,0.4365127074,0.7184287524,0.6239320486,0.7193098603,0.5630961304,0.8434574891,0.5083872509
case153,cases_floorfrontR_lhs_500\case153\case153.key,2000395,3366703,-1789.10350000,-470.20447500,290.58030000,-1788.43065944,-470.04366293,273.09397892,-161.44389457,-38.58585348,4195.73362891,4199.01579944,1.14344571,0.0114344571,5.9516349386E-05,2.26554524,193.44180176,2,steel_rigid,210000.0,0.3000,100.15951397,0.8732586286,0.3540283279,0.7121520162,0.7868914269,0.1510363496,0.5373383382,0.7546646013
case154,cases_floorfrontR_lhs_500\case154\case154.key,2000395,3370493,-2713.95100000,-489.62572500,305.58467500,-2715.98602115,-489.51477016,288.20375506,275.09320133,-14.99882298,2349.54458315,2365.64176965,1.11678867,0.0111678867,5.8128850181E-05,6.68782194,356.87916964,1,titanium_rigid,110000.0,0.3400,91.12665971,0.0096458113,0.3072282856,0.1829022747,0.7335773364,0.4458547961,0.9913310268,0.3338072040
case155,cases_floorfrontR_lhs_500\case155\case155.key,2000395,3375991,-1776.55150000,-368.38682500,290.65467500,-1776.35799499,-368.14726473,273.15738473,-37.37597272,-46.27165933,3379.64496199,3380.16835363,0.95094313,0.0095094313,4.9496589715E-05,1.00829464,231.07042608,1,titanium_rigid,110000.0,0.3400,181.75656614,0.8849795535,0.5993817587,0.4757710094,0.4018862523,0.0672196430,0.6418622947,0.3771076142
case156,cases_floorfrontR_lhs_500\case156\case156.key,2000395,3365942,-1882.69025000,-402.69502500,299.04837500,-1881.89018028,-403.00515465,281.56942457,-221.48728987,85.85473755,4838.78500209,4844.61226023,1.18287092,0.0118287092,6.1568431443E-05,2.81050129,158.81226035,1,titanium_rigid,110000.0,0.3400,212.00299183,0.7858683109,0.5167081302,0.8985197483,0.8657418422,0.1873667525,0.4411451676,0.4773255995
case157,cases_floorfrontR_lhs_500\case157\case157.key,2000395,3371297,-2570.22675000,-242.17502500,319.83900000,-2571.17227656,-242.40946450,302.36613482,277.51866593,68.80963604,5128.40829799,5136.37255725,1.09520214,0.0109520214,5.7005271351E-05,3.19108372,13.92542581,2,steel_rigid,210000.0,0.3000,119.04675233,0.1438539964,0.9035185969,0.9827437306,0.6904042786,0.2127389150,0.0386817384,0.9525791811
case158,cases_floorfrontR_lhs_500\case158\case158.key,2000395,3372093,-2529.89550000,-240.97387500,315.27962500,-2529.94162451,-237.52493108,298.12291616,8.22080382,-614.70773394,3057.85245020,3119.03747765,0.94819555,0.0094819555,4.9353578485E-05,11.36743371,270.76620036,2,steel_rigid,210000.0,0.3000,118.21239274,0.1815148913,0.9064130486,0.4003889835,0.3963911041,0.7578289139,0.7521283343,0.6856266312
case159,cases_floorfrontR_lhs_500\case159\case159.key,2000395,3039428,-2165.03400000,-380.27535000,290.39702500,-2162.86918900,-380.24979369,273.03145734,-229.19545293,-2.70572800,1838.54810172,1852.78088261,0.95667866,0.0095667866,4.9795124359E-05,7.10638757,180.67636418,0,aluminum_rigid,70000.0,0.3300,254.81735387,0.5222187024,0.5707335784,0.0348520200,0.4133573241,0.4737591710,0.5018787894,0.1973645040
case160,cases_floorfrontR_lhs_500\case160\case160.key,2000395,3376599,-1898.35475000,-395.99217500,296.01690000,-1898.96005888,-396.22973824,278.52898518,128.68687532,50.50524191,3717.87890329,3720.44817608,1.18970472,0.0118970472,6.1924130440E-05,2.12946303,21.42832649,0,aluminum_rigid,70000.0,0.3300,220.62498413,0.7712409665,0.5328602142,0.5740013787,0.8794094309,0.1419642022,0.0595231291,0.0345578935
case161,cases_floorfrontR_lhs_500\case161\case161.key,2000395,3377409,-2624.36525000,-447.55942500,299.12880000,-2627.52544001,-448.66426435,281.95199794,552.05574364,193.00513731,3000.62724479,3057.08691229,0.86750395,0.0086750395,4.5153580649E-05,11.02868076,19.27022292,2,steel_rigid,210000.0,0.3000,114.39821727,0.0933000375,0.4085968699,0.3825053873,0.2350079020,0.7352453841,0.0535283970,0.7404167018
case162,cases_floorfrontR_lhs_500\case162\case162.key,2000395,3369479,-1816.44425000,-524.39815000,297.10117500,-1816.09285243,-523.66241296,279.62017930,-42.80942173,-89.63202870,2129.64283624,2131.95805707,1.05293874,0.0105293874,5.4805461225E-05,2.67044614,244.47025278,2,steel_rigid,210000.0,0.3000,89.36883915,0.8477281253,0.2234359984,0.1154435660,0.6058774726,0.1780297425,0.6790840355,0.8923139559
case163,cases_floorfrontR_lhs_500\case163\case163.key,2000395,3369074,-2095.96775000,-591.25175000,289.72540000,-2095.94207656,-591.06552813,272.22640968,-5.63575268,-40.87884388,3841.32373852,3841.54537988,1.14132990,0.0114132990,5.9406221265E-05,0.61547744,262.15041216,0,aluminum_rigid,70000.0,0.3300,103.06627309,0.5867120364,0.0623366200,0.6089591466,0.7826597988,0.0410318295,0.7281955893,0.1116324224
case164,cases_floorfrontR_lhs_500\case164\case164.key,2000395,3371367,-2521.28925000,-299.67407500,315.20172500,-2521.73888296,-295.56970795,298.19578482,103.08743209,-941.00900020,3898.95507738,4012.22826526,0.90951744,0.0090951744,4.7340382840E-05,13.64694543,276.25181614,1,titanium_rigid,110000.0,0.3400,177.46852672,0.1895513165,0.7649611936,0.6582310745,0.3190348834,0.9097963622,0.7673661559,0.6431226219
case165,cases_floorfrontR_lhs_500\case165\case165.key,2000395,3376177,-1745.22375000,-375.20222500,290.62452500,-1745.45739885,-374.79776998,273.13075970,52.30690683,-90.54524067,3916.32469671,3917.72045751,0.76984175,0.0076984175,4.0070263208E-05,1.52946415,300.01451451,1,titanium_rigid,110000.0,0.3400,166.88387486,0.9142330752,0.5829584591,0.6309490077,0.0396835046,0.1019642764,0.8333736514,0.5567770968
case166,cases_floorfrontR_lhs_500\case166\case166.key,2000395,3371434,-2481.17525000,-335.76942500,300.21062500,-2483.56133510,-332.90187006,283.11285536,377.17347670,-453.28042434,2702.68031360,2766.26171071,0.99831106,0.0099831106,5.1962090643E-05,12.30811084,309.76375501,0,aluminum_rigid,70000.0,0.3300,213.62701895,0.2270093456,0.6779810094,0.2985513440,0.4966221189,0.8205407226,0.8604548750,0.2500008819
case167,cases_floorfrontR_lhs_500\case167\case167.key,2000395,3367884,-2449.99200000,-556.16610000,294.53192500,-2449.18592769,-558.23590507,277.17346440,-134.13797753,344.43493937,2888.61033758,2912.16381868,0.82058277,0.0082058277,4.2711333122E-05,7.29206329,111.27810699,1,titanium_rigid,110000.0,0.3400,85.19083269,0.2561279348,0.1468836961,0.3406696743,0.1411655378,0.4861375524,0.3091058527,0.5306444067
case168,cases_floorfrontR_lhs_500\case168\case168.key,2000395,3366573,-2143.19875000,-462.57232500,290.14680000,-2145.18117732,-464.75071774,272.89644966,521.88433755,573.47325726,4541.24474674,4606.96632160,0.86946959,0.0086946959,4.5255892035E-05,9.68950834,47.69651185,2,steel_rigid,210000.0,0.3000,231.36665304,0.5426082279,0.3724197776,0.8299172430,0.2389391752,0.6459672225,0.1324903107,0.8989011154
case169,cases_floorfrontR_lhs_500\case169\case169.key,2000395,3369482,-1832.35925000,-525.18725000,296.99515000,-1832.22468219,-525.43119278,279.49736776,-14.57799808,26.42680675,1895.56956120,1895.80981522,1.21082436,0.0121082436,6.3023407918E-05,0.91217920,118.88274359,2,steel_rigid,210000.0,0.3000,88.92090983,0.8328668666,0.2215344775,0.0472734087,0.9216487192,0.0608119468,0.3302298433,0.7865960895
case170,cases_floorfrontR_lhs_500\case170\case170.key,2000395,3373365,-1929.34425000,-223.88860000,308.96962500,-1929.13975892,-223.87227948,291.47082741,-42.04344881,-3.35550604,3597.75987539,3598.00709171,1.01076041,0.0101076041,5.2610079466E-05,0.67165720,184.56312904,1,titanium_rigid,110000.0,0.3400,99.10630570,0.7423032990,0.9475840130,0.5386556657,0.5215208248,0.0447771468,0.5126753584,0.6615523128
case171,cases_floorfrontR_lhs_500\case171\case171.key,2000395,3371903,-2237.79975000,-266.62885000,312.75910000,-2241.11316864,-266.93402768,295.57835137,940.74736949,86.64618884,4877.96617998,4968.60817818,0.84316240,0.0084316240,4.3886602827E-05,10.96093100,5.26229906,1,titanium_rigid,110000.0,0.3400,141.18884093,0.4542708143,0.8445913887,0.9343143033,0.1863247964,0.7307287336,0.0146174974,0.4925308869
case172,cases_floorfrontR_lhs_500\case172\case172.key,2000395,3368872,-2021.90875000,-478.92937500,290.43510000,-2021.87917794,-478.80276930,272.93558296,-4.81332406,-20.60709348,2848.32495654,2848.40356664,0.78192588,0.0078192588,4.0699242302E-05,0.42567392,256.85278833,1,titanium_rigid,110000.0,0.3400,206.70882394,0.6558675476,0.3330036416,0.3222636664,0.0638517695,0.0283782611,0.7134799676,0.5364746645
case173,cases_floorfrontR_lhs_500\case173\case173.key,2000395,3369091,-1936.58400000,-548.47277500,292.16177500,-1932.91316149,-550.94185754,275.23018984,-617.34279576,415.23763984,2847.46716118,2943.06025406,1.10176532,0.0110176532,5.7346884908E-05,14.64312921,146.07440035,1,titanium_rigid,110000.0,0.3400,96.94719331,0.7355428970,0.1654225613,0.3495887111,0.7035306401,0.9762086139,0.4057622232,0.6348284600
case174,cases_floorfrontR_lhs_500\case174\case174.key,2000395,3371686,-2257.01025000,-304.01280000,304.13110000,-2259.66075045,-302.22847479,286.92525707,719.23296559,-484.18988601,4668.93316501,4748.75486878,1.23325619,0.0123325619,6.4190984701E-05,10.52006617,326.05143657,0,aluminum_rigid,70000.0,0.3300,179.23542661,0.4363322525,0.7545060214,0.8708480901,0.9665123804,0.7013377448,0.9056984349,0.2655452120
case175,cases_floorfrontR_lhs_500\case175\case175.key,2000395,2991355,-2600.39000000,-289.19317500,315.78347500,-2602.74637690,-290.29689785,298.47800524,607.10386604,284.36639804,4458.63206467,4508.75140595,1.01441881,0.0101441881,5.2800498927E-05,8.55096810,25.09831019,2,steel_rigid,210000.0,0.3000,167.40164394,0.1156878725,0.7902173724,0.8015650258,0.5288376149,0.5700645401,0.0697175283,0.9900042178
case176,cases_floorfrontR_lhs_500\case176\case176.key,2000395,3366599,-1919.79675000,-441.09072500,290.85002500,-1918.04211211,-442.79362447,273.52168465,-200.62055028,194.70491901,1981.27556069,2000.90266082,0.98275657,0.0098275657,5.1152479563E-05,8.03171635,135.85730730,1,titanium_rigid,110000.0,0.3400,181.74037230,0.7512186536,0.4241847148,0.0776111142,0.4655131436,0.5354477568,0.3773814092,0.3928846109
case177,cases_floorfrontR_lhs_500\case177\case177.key,2000395,3376042,-1832.65450000,-347.22182500,291.18295000,-1829.47609837,-348.92633396,274.05862776,-469.06112483,251.54747020,2527.16767486,2582.60932497,0.78075712,0.0078075712,4.0638407975E-05,11.89340890,151.79629041,0,aluminum_rigid,70000.0,0.3300,222.00296605,0.8325911653,0.6503837742,0.2455354421,0.0615142353,0.7928939263,0.4216563623,0.0778781182
case178,cases_floorfrontR_lhs_500\case178\case178.key,2000395,3366114,-2275.06400000,-417.85412500,297.08332500,-2276.28987990,-417.77455954,279.62649574,347.93699562,-22.58277141,4954.70780071,4966.96079358,0.91036597,0.0091036597,4.7384548812E-05,4.02534098,356.28643926,1,titanium_rigid,110000.0,0.3400,275.74812529,0.4194738517,0.4801787348,0.9338387441,0.3207319428,0.2683560656,0.9896845535,0.5471264329
case179,cases_floorfrontR_lhs_500\case179\case179.key,2000395,3367932,-2433.55675000,-562.82142500,293.95150000,-2434.55314512,-564.14680019,276.53023204,271.01023239,360.48976162,4738.42334013,4759.83772460,0.87956827,0.0087956827,4.5781528579E-05,5.43697471,53.06476089,2,steel_rigid,210000.0,0.3000,102.05618945,0.2714749974,0.1308461346,0.8740474364,0.2591365448,0.3624649803,0.1474021136,0.7693402327
case180,cases_floorfrontR_lhs_500\case180\case180.key,2000395,3369093,-1945.90275000,-554.29670000,293.03850000,-1945.91784463,-554.38275163,275.53871808,2.92565396,16.67859746,3391.82200655,3391.86427487,0.76102284,0.0076102284,3.9611238875E-05,0.28603974,80.05075895,1,titanium_rigid,110000.0,0.3400,99.90184434,0.7268411468,0.1513884525,0.4791473326,0.0220456820,0.0190693160,0.2223632193,0.3831521224
case181,cases_floorfrontR_lhs_500\case181\case181.key,2000395,3376478,-2372.07775000,-390.07857500,293.77760000,-2368.34477330,-391.27140272,276.72204234,-800.13335963,255.67297415,3655.72082529,3750.98344643,0.99990276,0.0099990276,5.2044938869E-05,12.94046156,162.27934599,1,titanium_rigid,110000.0,0.3400,226.95693001,0.3288834376,0.5471104159,0.5828161561,0.4998055281,0.8626974375,0.4507759611,0.5516601191
case182,cases_floorfrontR_lhs_500\case182\case182.key,2000395,3367778,-2458.83450000,-515.90437500,294.59817500,-2457.83025643,-519.12161209,277.42578785,-212.24375970,679.95306872,3629.33069919,3698.57065814,0.94672909,0.0094672909,4.9277248972E-05,11.10398674,107.33547771,0,aluminum_rigid,70000.0,0.3300,84.01490604,0.2478709017,0.2439037350,0.5676858804,0.3934581738,0.7402657827,0.2981541048,0.0120747320
case183,cases_floorfrontR_lhs_500\case183\case183.key,2000395,3371841,-2180.54875000,-273.38692500,319.21610000,-2177.53235506,-272.76342581,301.98930081,-500.63580176,-103.48313913,2859.15889542,2904.50246262,0.97562273,0.0097562273,5.0781163189E-05,10.13739151,191.67875811,1,titanium_rigid,110000.0,0.3400,147.63970768,0.5077311928,0.8283062270,0.3384580303,0.4512454636,0.6758261008,0.5324409947,0.6210998559
case184,cases_floorfrontR_lhs_500\case184\case184.key,2000395,3367450,-2615.13750000,-479.26030000,300.14555000,-2614.62278442,-479.11855712,282.65369541,-88.70459104,-24.42755620,3014.49550228,3015.89925946,1.23189175,0.0123189175,6.4119965417E-05,1.74820379,195.39654249,2,steel_rigid,210000.0,0.3000,83.97270499,0.1019168129,0.3322062004,0.3706155306,0.9637834934,0.1165469194,0.5427681736,0.7425938848
case185,cases_floorfrontR_lhs_500\case185\case185.key,2000395,3369584,-1782.36850000,-484.41945000,295.33880000,-1780.66126830,-486.03385984,277.99725910,-193.80444817,183.26733737,1968.60670357,1986.59493466,1.05465801,0.0105465801,5.4894949493E-05,7.71623503,136.60068964,0,aluminum_rigid,70000.0,0.3300,85.20184087,0.8795477004,0.3197740224,0.0734808275,0.6093160228,0.5144156684,0.3794463601,0.0407919252
case186,cases_floorfrontR_lhs_500\case186\case186.key,2000395,3365793,-2484.37425000,-410.91497500,304.20975000,-2487.60649070,-413.96812447,287.28400339,856.03452432,808.60356495,4482.65608790,4634.74275818,1.00535624,0.0100535624,5.2328792357E-05,14.71855565,43.36789827,2,steel_rigid,210000.0,0.3000,142.00251027,0.2240221532,0.4969002389,0.8379356133,0.5107124825,0.9812370435,0.1204663841,0.8285623137
case187,cases_floorfrontR_lhs_500\case187\case187.key,2000395,3367866,-2449.91675000,-548.44995000,294.50872500,-2448.09454402,-547.56275085,277.12647995,-189.57753545,-92.30187415,1808.40322432,1820.65414059,1.14292026,0.0114292026,5.9488999384E-05,6.65046506,205.96061329,2,steel_rigid,210000.0,0.3000,85.30530357,0.2561982024,0.1654775635,0.0255778241,0.7858405143,0.4433643371,0.5721128147,0.9944876208
case188,cases_floorfrontR_lhs_500\case188\case188.key,2000395,3366616,-1935.02975000,-456.03375000,290.53785000,-1936.25108389,-454.81893866,273.12283990,243.25543881,-241.95633032,3468.58132263,3485.50892496,1.04579554,0.0104579554,5.4433657961E-05,5.64908587,315.15340365,1,titanium_rigid,110000.0,0.3400,173.33977181,0.7369942392,0.3881760026,0.5061802272,0.5915910840,0.3766057246,0.8754261212,0.6535240675
case189,cases_floorfrontR_lhs_500\case189\case189.key,2000395,3368685,-2040.22150000,-432.28930000,290.86085000,-2041.56804331,-428.98455363,273.72855673,328.90724831,-807.21877021,4184.74132187,4274.55752704,1.07240593,0.0107240593,5.5818728410E-05,11.76610683,292.16880160,2,steel_rigid,210000.0,0.3000,252.56762362,0.6387672952,0.4453938059,0.7339590448,0.6448118505,0.7844071221,0.8115800044,0.9811653908
case190,cases_floorfrontR_lhs_500\case190\case190.key,2000395,3369674,-1783.32800000,-491.68842500,296.91542500,-1782.85334510,-490.36224710,279.47220411,-130.77019860,-365.36975921,4805.70927207,4821.35224947,1.17901577,0.0117901577,6.1367770941E-05,4.61668668,250.30710512,1,titanium_rigid,110000.0,0.3400,80.94422822,0.8786517295,0.3022577278,0.8918051585,0.8580315443,0.3077791118,0.6952975142,0.5818572533
case191,cases_floorfrontR_lhs_500\case191\case191.key,2000395,3376355,-2078.24675000,-373.76607500,290.46422500,-2078.37025909,-373.74495831,272.96467359,26.19439947,-4.47852922,3711.38867708,3711.48381596,0.80738116,0.0080738116,4.2024189561E-05,0.41024547,350.29779291,2,steel_rigid,210000.0,0.3000,248.82635785,0.6032597188,0.5864191983,0.5714135897,0.1147623270,0.0273496980,0.9730494247,0.8260466328
case192,cases_floorfrontR_lhs_500\case192\case192.key,2000395,3376236,-1657.77575000,-366.79227500,290.51860000,-1659.20242667,-368.76405317,273.18866392,155.08623157,214.34123926,1883.84273437,1902.32945462,0.84584629,0.0084584629,4.4026299490E-05,7.99423721,54.11244659,2,steel_rigid,210000.0,0.3000,84.83458421,0.9958910931,0.6032241997,0.0491554674,0.1916925837,0.5329491475,0.1503123516,0.6835996836
case193,cases_floorfrontR_lhs_500\case193\case193.key,2000395,3377232,-1712.54975000,-212.33947500,303.46760000,-1712.64900497,-211.92832536,285.97271205,15.52799467,-64.32251866,2736.99684902,2737.79660613,1.05681978,0.0105681978,5.5007469800E-05,1.38492632,283.57200795,2,steel_rigid,210000.0,0.3000,86.46818423,0.9447437110,0.9754143296,0.2903341723,0.6136395696,0.0923284213,0.7877000221,0.7914471010
case194,cases_floorfrontR_lhs_500\case194\case194.key,2000395,3368892,-1998.13600000,-533.73635000,290.05420000,-1997.08244825,-532.88322621,272.60678734,-245.79567170,-199.03543836,4070.51528536,4082.78401417,1.15826909,0.0115826909,6.0287906318E-05,4.44291521,218.99915923,1,titanium_rigid,110000.0,0.3400,154.29556537,0.6780662902,0.2009334224,0.6785987743,0.8165381871,0.2961943472,0.6083309979,0.6032757363
case195,cases_floorfrontR_lhs_500\case195\case195.key,2000395,3372375,-2403.12550000,-241.05360000,311.67365000,-2403.29727810,-241.18793063,294.17500869,46.15379174,36.09230701,4701.58108644,4701.94614384,1.16536816,0.0116536816,6.0657412805E-05,0.71397366,38.02543974,2,steel_rigid,210000.0,0.3000,119.19554521,0.2998913769,0.9062209326,0.8573355688,0.8307363230,0.0475982438,0.1056262215,0.7484430568
case196,cases_floorfrontR_lhs_500\case196\case196.key,2000395,3371865,-2207.46750000,-245.50060000,315.69642500,-2209.91031886,-249.27275576,298.78330947,283.17166955,437.26846234,1960.56909802,2028.60077164,0.96788757,0.0096788757,5.0378548149E-05,14.88045340,57.07321887,2,steel_rigid,210000.0,0.3000,119.63822674,0.4825947487,0.8955048465,0.0856068738,0.4357751450,0.9920302268,0.1585367191,0.8631001983
case197,cases_floorfrontR_lhs_500\case197\case197.key,2000395,3376317,-2126.36550000,-372.18092500,290.39760000,-2129.84754704,-371.18607436,273.27639617,879.39662394,-251.25114109,4323.98777638,4419.65336293,1.01318515,0.0101318515,5.2736287312E-05,11.94284784,344.05490752,2,steel_rigid,210000.0,0.3000,247.85791419,0.5583269388,0.5902389878,0.7758446243,0.5263703098,0.7961898561,0.9557080764,0.7958787769
case198,cases_floorfrontR_lhs_500\case198\case198.key,2000395,3371268,-2578.81225000,-220.17115000,316.79982500,-2578.01707941,-222.13516348,299.42857419,-110.31272834,272.46440840,2409.88548653,2427.74665278,1.07428347,0.0107428347,5.5916454558E-05,6.95436493,112.04155974,2,steel_rigid,210000.0,0.3000,98.05973986,0.1358369473,0.9565420778,0.2008304185,0.6485669379,0.4636243288,0.3112265548,0.9419828966
case199,cases_floorfrontR_lhs_500\case199\case199.key,2000395,3377235,-1735.37725000,-235.11542500,304.13710000,-1731.46051491,-234.23089272,287.10399139,-441.13726420,-99.62383005,1918.41898038,1971.00440833,0.92832979,0.0092832979,4.8319565822E-05,13.26468253,192.72586209,2,steel_rigid,210000.0,0.3000,109.10096061,0.9234276328,0.9205303535,0.0689802281,0.3566595897,0.8843121685,0.5353496169,0.8422312824
case200,cases_floorfrontR_lhs_500\case200\case200.key,2000395,3376069,-1840.69050000,-347.16640000,291.15152500,-1841.04638575,-346.20867219,273.68137609,48.83159778,-131.41121720,2397.10437686,2401.20028872,1.18648989,0.0118648989,6.1756798698E-05,3.34703683,290.38475557,2,steel_rigid,210000.0,0.3000,221.94880876,0.8250872334,0.6505173337,0.1931671397,0.8729797770,0.2231357885,0.8066243210,0.8164464915
case201,cases_floorfrontR_lhs_500\case201\case201.key,2000395,2885624,-2053.78625000,-505.83415000,290.31825000,-2051.88356761,-503.87118262,273.03309571,-451.68077352,-465.99192157,4103.35003581,4154.35259800,0.85732706,0.0085732706,4.4623873684E-05,8.98725924,225.89345790,1,titanium_rigid,110000.0,0.3400,188.28778630,0.6261006751,0.2681702964,0.6992588545,0.2146541281,0.5991506162,0.6274818275,0.4038872355
case202,cases_floorfrontR_lhs_500\case202\case202.key,2000395,3370904,-2705.34325000,-285.86382500,319.80300000,-2703.55372114,-284.75859633,302.42985820,-216.88342340,-133.94909913,2105.55222709,2120.92691093,0.81253961,0.0081253961,4.2292686941E-05,6.90304297,211.69984065,0,aluminum_rigid,70000.0,0.3300,98.81956891,0.0176836373,0.7982402196,0.1122591469,0.1250792292,0.4602028646,0.5880551129,0.0956935148
case203,cases_floorfrontR_lhs_500\case203\case203.key,2000395,3366132,-2209.41850000,-424.99875000,292.84807500,-2210.28291077,-428.83048538,275.79461207,250.18721485,1109.02274592,4935.79968195,5065.04132202,0.78672695,0.0078672695,4.0949137832E-05,12.97105152,77.28730860,1,titanium_rigid,110000.0,0.3400,268.79641241,0.4807729255,0.4629620906,0.9621521671,0.0734539032,0.8647367678,0.2146869683,0.6254533285
case204,cases_floorfrontR_lhs_500\case204\case204.key,2000395,3365745,-1792.76625000,-506.67822500,298.23340000,-1793.66956414,-506.56997841,280.75706439,219.25162298,-26.27351881,4241.84100261,4247.58480355,0.77319190,0.0077319190,4.0244638268E-05,2.97999299,353.16667504,0,aluminum_rigid,70000.0,0.3300,80.18851590,0.8698383914,0.2661363003,0.7261726866,0.0463837951,0.1986661997,0.9810185418,0.3109479205
case205,cases_floorfrontR_lhs_500\case205\case205.key,2000395,3375958,-2181.16725000,-348.39970000,290.11660000,-2181.14324701,-344.88572483,272.97304721,-3.50823475,-513.59632974,2505.67103530,2557.76872191,0.79092620,0.0079092620,4.1167708580E-05,11.58393573,269.60863443,0,aluminum_rigid,70000.0,0.3300,222.64869633,0.5071536441,0.6475454090,0.2383645743,0.0818523950,0.7722623819,0.7489128734,0.1605751788
case206,cases_floorfrontR_lhs_500\case206\case206.key,2000395,3368838,-1974.52700000,-506.70722500,290.50717500,-1978.41402871,-505.36671853,273.49705889,1121.33935432,-386.71251877,4907.11905082,5048.44192783,1.08852662,0.0108852662,5.6657810795E-05,13.58887602,340.97239492,1,titanium_rigid,110000.0,0.3400,153.34713577,0.7001121248,0.2660664180,0.9573603325,0.6770532486,0.9059250681,0.9471455414,0.6191986810
case207,cases_floorfrontR_lhs_500\case207\case207.key,2000395,3377388,-2649.65200000,-439.55330000,299.58810000,-2646.69187463,-437.30507925,282.48742278,-472.07644628,-358.54294402,2727.19088960,2790.87430068,1.09042672,0.0109042672,5.6756710587E-05,12.26337347,217.21673842,2,steel_rigid,210000.0,0.3000,136.56133254,0.0696875377,0.4278894997,0.3056563900,0.6808534327,0.8175582311,0.6033798289,0.7121670697
case208,cases_floorfrontR_lhs_500\case208\case208.key,2000395,3366642,-1862.90050000,-448.56365000,290.68512500,-1861.68609479,-444.91636549,273.61255824,-152.63567692,-458.41843806,2145.80995004,2199.53300860,1.10326821,0.0110326821,5.7425110276E-05,12.68938867,251.58422891,0,aluminum_rigid,70000.0,0.3300,164.84557767,0.8043477703,0.4061769549,0.1349507833,0.7065364179,0.8459592447,0.6988450803,0.0568228386
case209,cases_floorfrontR_lhs_500\case209\case209.key,2000395,3371819,-2136.35300000,-331.04267500,298.97412500,-2136.40383006,-332.32429436,281.52119206,13.14666354,331.47747509,4514.01900384,4526.19240845,0.79548145,0.0079548145,4.1404809319E-05,4.20314661,87.72879361,1,titanium_rigid,110000.0,0.3400,206.48046503,0.5490007169,0.6893712185,0.8065998119,0.0909628941,0.2802097739,0.2436910934,0.4727529538
case210,cases_floorfrontR_lhs_500\case210\case210.key,2000395,3366673,-1838.68625000,-448.50970000,290.75817500,-1838.96658463,-450.74740607,273.40409525,75.71248316,604.35731179,4686.97169388,4726.38168155,0.91127080,0.0091127080,4.7431645108E-05,7.40420816,82.85931895,0,aluminum_rigid,70000.0,0.3300,151.09982261,0.8269587809,0.4063069601,0.8643895042,0.3225415988,0.4936138775,0.2301647748,0.1676931194
case211,cases_floorfrontR_lhs_500\case211\case211.key,2000395,3367282,-2641.57425000,-593.80530000,300.23420000,-2640.32069201,-591.79930219,282.89480655,-350.23900598,-560.46763454,4844.55604955,4889.42886725,0.81933463,0.0081933463,4.2646367737E-05,7.76842434,237.99853265,1,titanium_rigid,110000.0,0.3400,84.81948246,0.0772304553,0.0561832443,0.9114571944,0.1386692694,0.5178949560,0.6611070352,0.3603982241
case212,cases_floorfrontR_lhs_500\case212\case212.key,2000395,3373097,-1796.66475000,-294.44420000,307.30245000,-1796.13035898,-294.77245437,289.81369146,-121.28599746,74.50098694,3969.26862320,3971.81999761,1.14753206,0.0114753206,5.9729043728E-05,2.05377659,148.43930925,0,aluminum_rigid,70000.0,0.3300,168.87687842,0.8661980133,0.7775638001,0.6465662070,0.7950641202,0.1369184393,0.4123314146,0.2771894098
case213,cases_floorfrontR_lhs_500\case213\case213.key,2000395,3371431,-2491.91275000,-317.76842500,306.07670000,-2495.06902584,-315.04615766,289.08031264,886.25088397,-764.38561154,4772.41663813,4913.82606127,1.20772675,0.0120772675,6.2862177174E-05,13.77888135,319.22244433,2,steel_rigid,210000.0,0.3000,197.22843498,0.2169827816,0.7213586272,0.9185000610,0.9154534937,0.9185920901,0.8867290120,0.7768426086
case214,cases_floorfrontR_lhs_500\case214\case214.key,2000395,3369120,-1945.81450000,-582.42467500,292.79580000,-1945.81586189,-580.05806182,275.45656299,0.29794723,-517.75658125,3793.39730870,3828.56828434,0.94566202,0.0094566202,4.9221708187E-05,7.77221256,270.03297132,1,titanium_rigid,110000.0,0.3400,84.82517452,0.7269235537,0.0836075209,0.6052129801,0.3913240418,0.5181475043,0.7500915870,0.5210695293
case215,cases_floorfrontR_lhs_500\case215\case215.key,2000395,3372380,-2411.33175000,-257.12537500,311.87260000,-2412.78503599,-254.98722741,294.56461674,279.56067100,-411.30374792,3329.44199312,3366.37920137,0.93727610,0.0093727610,4.8785220976E-05,8.49544342,304.20370979,0,aluminum_rigid,70000.0,0.3300,135.38605499,0.2922284675,0.8674922334,0.4717904221,0.3745521989,0.5663628947,0.8450103050,0.2071905961
case216,cases_floorfrontR_lhs_500\case216\case216.key,2000395,3367137,-2676.63250000,-507.23102500,300.23517500,-2677.03444649,-508.32094545,282.77377436,47.08115092,127.66552246,2045.30417428,2049.82542811,1.19017355,0.0119017355,6.1948533085E-05,3.80617275,69.75677385,2,steel_rigid,210000.0,0.3000,119.97004042,0.0444934321,0.2648041995,0.0917339073,0.8803470926,0.2537448498,0.1937688162,0.7823547210
case217,cases_floorfrontR_lhs_500\case217\case217.key,2000395,3377557,-2303.33950000,-585.07995000,291.76765000,-2303.06486233,-583.79935451,274.31672884,-45.25043405,-210.99619213,2875.28571079,2883.37214275,1.17088704,0.0117088704,6.0944670182E-05,4.29207498,257.89564633,0,aluminum_rigid,70000.0,0.3300,108.84682737,0.3930704887,0.0772090150,0.3323582295,0.8417740704,0.2861383318,0.7163767954,0.0069879820
case218,cases_floorfrontR_lhs_500\case218\case218.key,2000395,3371165,-2690.70575000,-250.79715000,320.30462500,-2686.31312740,-251.80305763,303.39477531,-499.72168023,114.43592973,1923.72968545,1990.86745978,0.98339701,0.0098339701,5.1185814444E-05,14.92203362,167.10170097,1,titanium_rigid,110000.0,0.3400,85.97054114,0.0313519800,0.8827415710,0.0747141999,0.4667940228,0.9948022413,0.4641713916,0.4351416625
case219,cases_floorfrontR_lhs_500\case219\case219.key,2000395,3372806,-2003.97575000,-284.46570000,310.12365000,-2003.64264203,-284.25013154,292.62814860,-89.23878797,-57.75025043,4687.00091660,4688.20607961,1.23830942,0.0123830942,6.4454005191E-05,1.29917150,212.90863943,1,titanium_rigid,110000.0,0.3400,159.91447297,0.6726131934,0.8016093287,0.8533691520,0.9766188354,0.0866114332,0.5914128873,0.5842229573
case220,cases_floorfrontR_lhs_500\case220\case220.key,2000395,3367163,-2670.58625000,-474.82802500,301.00750000,-2671.50216687,-472.85851874,283.64281914,243.53556586,-523.67724583,4617.14106272,4653.12142789,1.01130827,0.0101130827,5.2638595536E-05,7.12981839,294.94073475,2,steel_rigid,210000.0,0.3000,128.90144609,0.0501393564,0.3428868032,0.8432410808,0.5226165432,0.4753212258,0.8192798188,0.7981176845
case221,cases_floorfrontR_lhs_500\case221\case221.key,2000395,3368944,-2039.28250000,-567.68037500,285.63050000,-2042.62574572,-570.10688847,268.62506733,352.15299731,255.59114200,1791.22762391,1843.32172071,0.88591806,0.0088591806,4.6112035237E-05,13.65398611,35.97198473,0,aluminum_rigid,70000.0,0.3300,126.46119720,0.6396441235,0.1191373587,0.0321213939,0.2718361282,0.9102657404,0.0999221798,0.2729281008
case222,cases_floorfrontR_lhs_500\case222\case222.key,2000395,3373711,-1723.35600000,-277.93195000,300.04422500,-1724.43344023,-280.89437759,282.83047627,304.36469114,836.85232084,4862.68951547,4943.55226492,1.14948477,0.0114948477,5.9830682107E-05,10.37734100,70.01358245,1,titanium_rigid,110000.0,0.3400,150.05149339,0.9346529490,0.8173539268,0.9270812808,0.7989695334,0.6918227332,0.1944821735,0.4331998895
case223,cases_floorfrontR_lhs_500\case223\case223.key,2000395,3375953,-2188.72325000,-348.91947500,290.04065000,-2189.55784033,-349.67141554,272.57674309,206.17646850,185.75873536,4314.26834195,4323.18474857,1.08658733,0.0108658733,5.6556870672E-05,3.68048741,42.01789128,0,aluminum_rigid,70000.0,0.3300,223.03404905,0.5000979312,0.6462928896,0.7479965210,0.6731746656,0.2453658275,0.1167163647,0.2758630276
case224,cases_floorfrontR_lhs_500\case224\case224.key,2000395,3369076,-2079.32900000,-583.10485000,289.40345000,-2080.95663495,-582.26292574,271.99965823,329.75584734,-170.57230687,3525.97621137,3545.46782158,1.07955356,0.0107955356,5.6190762840E-05,6.01068379,332.64889909,2,steel_rigid,210000.0,0.3000,110.96908650,0.6022491252,0.0819684802,0.5234888778,0.6591071216,0.4007122527,0.9240247197,0.9264565842
case225,cases_floorfrontR_lhs_500\case225\case225.key,2000395,3377073,-2038.32250000,-292.93462500,308.33812500,-2036.80806722,-291.43612434,290.96829515,-357.08497193,-353.32837181,4095.59625490,4126.28880456,1.10035662,0.0110035662,5.7273562042E-05,6.99268350,224.69702804,1,titanium_rigid,110000.0,0.3400,166.19632038,0.6405405614,0.7812014740,0.6911575314,0.7007132389,0.4661789000,0.6241584112,0.3421810915
case226,cases_floorfrontR_lhs_500\case226\case226.key,2000395,3376344,-2102.04975000,-381.11615000,290.45562500,-2101.32914352,-380.63933753,272.97697013,-141.62105692,-93.70812920,3435.08646034,3439.28142601,0.80165733,0.0080165733,4.1726263915E-05,2.83016745,213.49189609,0,aluminum_rigid,70000.0,0.3300,257.13053475,0.5810327291,0.5687074742,0.4928354915,0.1033146557,0.1886778298,0.5930330447,0.2037813494
case227,cases_floorfrontR_lhs_500\case227\case227.key,2000395,3366804,-1659.81775000,-463.07167500,290.34090000,-1659.83721963,-463.05076847,272.84092332,4.76398844,-5.11558249,4282.03853977,4282.04424555,0.93274843,0.0093274843,4.8549555881E-05,0.09353402,312.96181867,0,aluminum_rigid,70000.0,0.3300,86.37800520,0.9939842951,0.3712164770,0.7361202753,0.3654968638,0.0062356014,0.8693383852,0.3086163986
case228,cases_floorfrontR_lhs_500\case228\case228.key,2000395,3376232,-1681.54875000,-381.77917500,290.50467500,-1681.24452647,-382.00605465,273.00879052,-74.96237888,55.90441418,4311.08369873,4312.09778637,0.88918596,0.0088918596,4.6282129399E-05,1.24262357,143.28566577,0,aluminum_rigid,70000.0,0.3300,108.09369816,0.9736921170,0.5671097605,0.7447959893,0.2783719270,0.0828415712,0.3980157383,0.2415204917
case229,cases_floorfrontR_lhs_500\case229\case229.key,2000395,3376023,-1800.51550000,-361.84050000,290.68780000,-1796.55753828,-362.61344309,273.65879245,-695.14511380,135.75361549,2990.84029622,3073.56168815,1.20926977,0.0120926977,6.2942491497E-05,13.32307482,168.94988590,2,steel_rigid,210000.0,0.3000,197.13126233,0.8626022237,0.6151566592,0.3872612477,0.9185395388,0.8882049883,0.4693052386,0.7142057165
case230,cases_floorfrontR_lhs_500\case230\case230.key,2000395,2988603,-2380.07150000,-410.81542500,301.25787500,-2378.45787152,-407.37123439,284.17619610,-180.05928237,-384.32544991,1906.08612183,1952.76514216,1.12835212,0.0112835212,5.8730727851E-05,12.55285242,244.89656641,1,titanium_rigid,110000.0,0.3400,207.15491511,0.3214189584,0.4971401279,0.0637150031,0.7567042402,0.8368568279,0.6802682400,0.3530574953
case231,cases_floorfrontR_lhs_500\case231\case231.key,2000395,3368734,-2078.33700000,-470.65435000,290.32120000,-2078.60416940,-470.79289375,272.82378802,45.07062168,23.37188702,2951.75729968,2952.19388968,1.00439507,0.0100439507,5.2278763186E-05,0.98538838,27.40951408,2,steel_rigid,210000.0,0.3000,223.42306713,0.6031754443,0.3529442489,0.3522253658,0.5087901320,0.0656925585,0.0761375391,0.8209752583
case232,cases_floorfrontR_lhs_500\case232\case232.key,2000395,3373767,-1750.24150000,-266.13560000,303.67462500,-1748.24370526,-263.16145743,286.54531409,-554.69726441,-825.78490839,4756.03508644,4858.95868613,1.12945904,0.0112945904,5.8788342992E-05,11.81389525,236.10990358,0,aluminum_rigid,70000.0,0.3300,140.04471919,0.9095475533,0.8457799899,0.9026612067,0.7589180785,0.7875930165,0.6558608433,0.1497858792
case233,cases_floorfrontR_lhs_500\case233\case233.key,2000395,3373773,-1715.99075000,-258.50992500,302.35620000,-1713.89555973,-258.35393412,284.98277649,-453.54516086,-33.76729570,3760.81937816,3788.21934929,0.95715948,0.0095715948,4.9820150677E-05,6.89536469,184.25792349,0,aluminum_rigid,70000.0,0.3300,132.63130793,0.9415305416,0.8641558365,0.5935652404,0.4143189501,0.4596909793,0.5118275652,0.1132892496
case234,cases_floorfrontR_lhs_500\case234\case234.key,2000395,3368694,-2016.35000000,-432.53417500,290.86717500,-2016.21232977,-432.27577947,273.36962435,-32.56456447,-61.12096721,4138.87662527,4139.45599598,0.80244733,0.0080244733,4.1767383476E-05,0.95862628,241.95181047,0,aluminum_rigid,70000.0,0.3300,236.80716529,0.6610582496,0.4448037224,0.6949585739,0.1048946581,0.0639084186,0.6720883624,0.0853205281
case235,cases_floorfrontR_lhs_500\case235\case235.key,2000395,2783253,-1920.24525000,-285.37047500,306.43245000,-1916.61529354,-285.97869849,289.32387086,-406.73565696,68.15128073,1917.01174687,1960.87034996,1.01743642,0.0101743642,5.2957565761E-05,12.14097076,170.48806857,1,titanium_rigid,110000.0,0.3400,160.60215754,0.7507998490,0.7994290618,0.0660547761,0.5348728438,0.8093980509,0.4735779682,0.5333657533
case236,cases_floorfrontR_lhs_500\case236\case236.key,2000395,3365696,-2252.26125000,-235.50672500,312.21927500,-2249.51096982,-236.82285700,294.98692880,-373.86459186,178.91091821,2342.51191053,2378.89594154,1.11952568,0.0111952568,5.8271311697E-05,10.03368354,154.42680138,1,titanium_rigid,110000.0,0.3400,110.56948666,0.4407668185,0.9195874247,0.1867284263,0.7390513621,0.6689122359,0.4289633372,0.4793985053
case237,cases_floorfrontR_lhs_500\case237\case237.key,2000395,3369414,-1903.44125000,-542.44452500,292.03752500,-1904.02489753,-539.72148677,274.76053399,125.45651729,-585.32397999,3713.73308072,3761.66942914,0.81092170,0.0081092170,4.2208474630E-05,9.15676503,282.09756008,0,aluminum_rigid,70000.0,0.3300,81.90955404,0.7664912465,0.1799490389,0.5859009351,0.1218434056,0.6104510018,0.7836043335,0.0504964912
case238,cases_floorfrontR_lhs_500\case238\case238.key,2000395,3377140,-2001.74500000,-328.88457500,294.68995000,-1998.01331611,-327.75827077,277.62958734,-772.23856745,-233.07857549,3530.48929150,3621.46830233,1.23607463,0.0123607463,6.4337684261E-05,12.87002257,196.79496854,0,aluminum_rigid,70000.0,0.3300,204.29598486,0.6746962441,0.6945716650,0.5454283370,0.9721492512,0.8580015047,0.5466526904,0.1693674800
case239,cases_floorfrontR_lhs_500\case239\case239.key,2000395,3367723,-2403.69350000,-433.96015000,292.82542500,-2403.58022457,-434.66473330,275.33998160,-16.05501882,99.86364874,2478.28776077,2480.35093024,1.23496849,0.0123496849,6.4280109998E-05,2.33710715,99.13325472,0,aluminum_rigid,70000.0,0.3300,174.17334581,0.2993609846,0.4413675022,0.2160159725,0.9699369836,0.1558071436,0.2753701520,0.2237233173
case240,cases_floorfrontR_lhs_500\case240\case240.key,2000395,3367734,-2403.28850000,-442.08490000,292.48580000,-2402.95117428,-442.07623013,274.98905355,-94.31321543,-2.42401822,4891.93176067,4892.84142493,0.90081918,0.0090081918,4.6887638496E-05,1.10485263,181.47227982,1,titanium_rigid,110000.0,0.3400,169.40580841,0.2997391693,0.4217890177,0.9124423154,0.3016383668,0.0736568422,0.5040896662,0.3654696222
case241,cases_floorfrontR_lhs_500\case241\case241.key,2000395,3367042,-2380.03950000,-374.89795000,292.21492500,-2379.09343414,-377.66283677,274.96063972,-239.87263376,701.03012825,4374.78089186,4437.08124480,1.21841545,0.0121841545,6.3418524285E-05,9.61266177,108.88949232,1,titanium_rigid,110000.0,0.3400,232.13949578,0.3214488397,0.5836916808,0.7808756228,0.9368309043,0.6408441178,0.3024708120,0.4218752437
case242,cases_floorfrontR_lhs_500\case242\case242.key,2000395,3367743,-2395.10225000,-442.04780000,292.09667500,-2395.45948483,-441.18467520,274.62162425,36.91798205,-89.19854113,1805.93702075,1808.51536904,0.96494560,0.0096494560,5.0225418482E-05,3.05984150,292.48395384,0,aluminum_rigid,70000.0,0.3300,175.98230996,0.3073834030,0.4218784188,0.0220736610,0.4298912001,0.2039894330,0.8124554273,0.0370498606
case243,cases_floorfrontR_lhs_500\case243\case243.key,2000395,3368421,-2207.87525000,-520.66675000,298.75672500,-2205.62858520,-519.35829612,281.45093274,-409.96659730,-238.76387043,3157.92403321,3193.36264716,0.76314579,0.0076314579,3.9721738588E-05,8.54386403,210.21645119,0,aluminum_rigid,70000.0,0.3300,173.15655963,0.4822139961,0.2324276791,0.4218448218,0.0262915884,0.5695909353,0.5839345866,0.0679787672
case244,cases_floorfrontR_lhs_500\case244\case244.key,2000395,3368206,-2223.92300000,-542.25687500,297.41690000,-2221.92897795,-541.51082722,280.04688881,-278.56421494,-104.22262662,2426.58477271,2444.74416594,1.19113902,0.0119113902,6.1998785772E-05,6.98780505,200.51294385,0,aluminum_rigid,70000.0,0.3300,151.58174596,0.4672287768,0.1804012255,0.2057371802,0.8822780316,0.4658536700,0.5569803996,0.1061759240
case245,cases_floorfrontR_lhs_500\case245\case245.key,2000395,3365752,-1816.42925000,-507.62952500,298.06027500,-1818.33855879,-511.37380183,281.07248730,538.83994724,1056.69964829,4794.24735220,4938.80251777,0.77930625,0.0077930625,4.0562890303E-05,13.89660229,62.98172633,1,titanium_rigid,110000.0,0.3400,101.28877313,0.8477421322,0.2638439206,0.9257101463,0.0586124996,0.9264401524,0.1749492398,0.4537945259
case246,cases_floorfrontR_lhs_500\case246\case246.key,2000395,3368878,-2013.95825000,-487.92992500,290.47405000,-2013.36461248,-491.92700580,273.44698509,-152.13637360,1024.36479153,4363.66605316,4484.86901991,0.96052171,0.0096052171,4.9995155042E-05,13.35064716,98.44769081,0,aluminum_rigid,70000.0,0.3300,194.77914990,0.6632916404,0.3113147122,0.7946707716,0.4210434214,0.8900431437,0.2734658078,0.2327689007
case247,cases_floorfrontR_lhs_500\case247\case247.key,2000395,3366877,-2617.61425000,-352.23640000,299.59882500,-2619.66604878,-348.58781529,282.60682831,313.05232969,-556.68126664,2592.54670013,2670.05509046,0.78335959,0.0078335959,4.0773866577E-05,13.83910805,299.35142929,0,aluminum_rigid,70000.0,0.3300,187.41384982,0.0996040499,0.6382999834,0.2707788720,0.0667191768,0.9226072035,0.8315317480,0.3148565073
case248,cases_floorfrontR_lhs_500\case248\case248.key,2000395,2989979,-2321.48550000,-537.21990000,292.00137500,-2323.85233577,-535.54515880,274.74323691,434.12163941,-307.17864148,3165.46305962,3209.82502598,0.91572112,0.0091572112,4.7663284058E-05,9.53682480,324.71728791,0,aluminum_rigid,70000.0,0.3300,156.36970252,0.3761259458,0.1925389943,0.4265971034,0.3314422309,0.6357883199,0.9019924664,0.3228253730
case249,cases_floorfrontR_lhs_500\case249\case249.key,2000395,3377483,-2654.56575000,-381.64912500,300.21812500,-2653.54221806,-379.93711848,282.83217044,-138.60303730,-231.83380587,2354.34384168,2369.78746733,0.95474111,0.0095474111,4.9694274521E-05,6.54475962,239.12668944,1,titanium_rigid,110000.0,0.3400,150.60180982,0.0650991299,0.5674231464,0.1840990351,0.4094822102,0.4363173081,0.6642408040,0.5739419618
case250,cases_floorfrontR_lhs_500\case250\case250.key,2000395,3366258,-1759.50800000,-427.90977500,291.56262500,-1758.57210815,-426.26273327,274.16545971,-93.32497082,-164.23919288,1734.80509080,1745.05953071,0.90699079,0.0090699079,4.7208870395E-05,6.21443111,240.39363796,2,steel_rigid,210000.0,0.3000,120.06604790,0.9008945936,0.4559472953,0.0037555298,0.3139815714,0.4142954071,0.6677601054,0.9166462831
case251,cases_floorfrontR_lhs_500\case251\case251.key,2000395,3366213,-1896.72075000,-425.78987500,292.87342500,-1896.75411708,-427.40390906,275.44804751,6.69879345,324.03435346,3498.32823638,3513.30949185,0.75838363,0.0075838363,3.9473868008E-05,5.29307412,88.81568752,1,titanium_rigid,110000.0,0.3400,190.97291340,0.7727667784,0.4610556899,0.5142055633,0.0167672626,0.3528716083,0.2467102431,0.3880139321
case252,cases_floorfrontR_lhs_500\case252\case252.key,2000395,3368942,-2055.21400000,-567.80197500,285.70082500,-2054.99093640,-571.45415334,268.58761852,-37.87881045,620.18262678,2906.02274805,2971.70481492,1.16872773,0.0116872773,6.0832278416E-05,12.06872464,93.49510487,2,steel_rigid,210000.0,0.3000,126.30831269,0.6247674573,0.1188443351,0.3578576874,0.8374554627,0.8045816426,0.2597086246,0.8304881305
case253,cases_floorfrontR_lhs_500\case253\case253.key,2000395,3366142,-2162.50750000,-417.92262500,297.14620000,-2163.52028183,-415.98342229,279.78348806,159.19616211,-304.81750291,2729.19301366,2750.77291573,0.94217854,0.0094217854,4.9040393235E-05,7.18156880,297.57658556,0,aluminum_rigid,70000.0,0.3300,276.03371316,0.5245779213,0.4800136680,0.2940801119,0.3843570888,0.4787712536,0.8266016265,0.0038455926
case254,cases_floorfrontR_lhs_500\case254\case254.key,2000395,3367205,-2662.71800000,-544.72150000,300.11615000,-2663.06256524,-543.84329353,282.64159627,65.79663143,-167.69836437,3336.86231575,3341.72142052,0.79634563,0.0079634563,4.1449790246E-05,3.09017646,291.42261258,1,titanium_rigid,110000.0,0.3400,97.75358949,0.0574866451,0.1744621354,0.4646723306,0.0926912678,0.2060117638,0.8095072572,0.4293828966
case255,cases_floorfrontR_lhs_500\case255\case255.key,2000395,3370877,-2610.40800000,-342.64890000,300.77210000,-2610.85827377,-343.95379519,283.32662775,53.06361051,153.77855514,2055.90421771,2062.33017317,1.21903898,0.0121903898,6.3450978678E-05,4.52418358,70.96223316,1,titanium_rigid,110000.0,0.3400,194.47492150,0.1063331700,0.6614033061,0.0953437179,0.9380779511,0.3016122389,0.1971173143,0.5990675198
case256,cases_floorfrontR_lhs_500\case256\case256.key,2000395,3369103,-1954.66900000,-558.42760000,292.66930000,-1955.81348564,-557.38057795,275.23818135,206.61865453,-189.02315509,3146.91085059,3159.34628097,0.85433752,0.0085433752,4.4468267955E-05,5.08524616,317.54645479,1,titanium_rigid,110000.0,0.3400,104.43047604,0.7186553152,0.1414340832,0.4120251381,0.2086750415,0.3390164103,0.8820734855,0.3786225204
case257,cases_floorfrontR_lhs_500\case257\case257.key,2000395,3376223,-1666.13975000,-359.26507500,290.68817500,-1663.95079118,-361.94059529,273.53299938,-524.42749111,640.99716186,4110.01140223,4192.62391366,0.97026482,0.0097026482,5.0502283945E-05,11.39287415,129.28808261,2,steel_rigid,210000.0,0.3000,93.47324599,0.9880808783,0.6213627478,0.7103068369,0.4405296425,0.7595249432,0.3591335628,0.7593280156
case258,cases_floorfrontR_lhs_500\case258\case258.key,2000395,3371262,-2599.56525000,-221.78797500,317.24947500,-2597.63521232,-224.11083800,300.01203720,-483.12148551,581.45239104,4314.82589148,4380.54970598,1.15489415,0.0115489415,6.0112240423E-05,9.93754712,129.72276616,1,titanium_rigid,110000.0,0.3400,100.20699551,0.1164580153,0.9526459600,0.7645563656,0.8097882968,0.6625031416,0.3603410171,0.5265936339
case259,cases_floorfrontR_lhs_500\case259\case259.key,2000395,3368324,-2279.52575000,-601.31895000,293.35077500,-2281.15132849,-600.04152989,275.97332719,465.45496187,-365.76611398,4975.71747669,5010.80807650,0.91864222,0.0091864222,4.7815327375E-05,6.78473538,321.83885388,1,titanium_rigid,110000.0,0.3400,92.69920667,0.4153075167,0.0380773481,0.9464963703,0.3372844332,0.4523156923,0.8939968163,0.6312255046
case260,cases_floorfrontR_lhs_500\case260\case260.key,2000395,3371826,-2214.26075000,-266.16792500,318.28997500,-2212.97685849,-265.50207234,300.84984132,-239.97393975,-124.45544248,3259.75952384,3270.94922036,0.89882821,0.0089882821,4.6784008308E-05,4.74060498,207.41218737,0,aluminum_rigid,70000.0,0.3300,140.18001106,0.4762512837,0.8457020952,0.4442421467,0.2976564191,0.3160403322,0.5761449649,0.0230160640
case261,cases_floorfrontR_lhs_500\case261\case261.key,2000395,3369615,-1895.11400000,-499.08810000,295.69790000,-1898.80943898,-501.69223399,278.79191831,537.16282225,378.53255648,2457.42519053,2543.77069741,0.85104280,0.0085104280,4.4296777939E-05,14.97113442,35.17191943,2,steel_rigid,210000.0,0.3000,119.06393334,0.7742671445,0.2844264810,0.2343236908,0.2020856077,0.9980756280,0.0976997762,0.8852235488
case262,cases_floorfrontR_lhs_500\case262\case262.key,2000395,3367690,-2476.68775000,-457.08765000,294.45547500,-2477.65638642,-460.77818764,277.37649156,245.93679785,937.02755162,4336.35409897,4443.25020820,1.18511781,0.0118511781,6.1685382255E-05,12.59339286,75.29358012,1,titanium_rigid,110000.0,0.3400,106.35752259,0.2311997257,0.3856363842,0.7826564499,0.8702356294,0.8395595239,0.2091488337,0.5016788804
case263,cases_floorfrontR_lhs_500\case263\case263.key,2000395,3373430,-1854.50300000,-215.20147500,306.80507500,-1858.07596005,-215.89701714,289.68782704,552.41681612,107.53805424,2646.50471183,2705.68216196,0.88644053,0.0088644053,4.6139229462E-05,12.00527509,11.01590022,1,titanium_rigid,110000.0,0.3400,89.86953246,0.8121892670,0.9685176715,0.2810635264,0.2728810552,0.8003516727,0.0305997228,0.4094281812
case264,cases_floorfrontR_lhs_500\case264\case264.key,2000395,3366624,-1911.32675000,-448.62175000,290.85107500,-1914.42559214,-446.91158558,273.71274034,876.21332745,-483.55766047,4845.95101756,4948.21372525,0.83130107,0.0083130107,4.3269220511E-05,11.66871005,331.10692084,2,steel_rigid,210000.0,0.3000,172.04165831,0.7591278500,0.4060369494,0.9284269291,0.1626021330,0.7779140031,0.9197414468,0.6962878574
case265,cases_floorfrontR_lhs_500\case265\case265.key,2000395,3366623,-1887.53350000,-441.18820000,290.81157500,-1887.79205567,-443.08714658,273.41683008,45.03983429,330.79235447,3030.12663914,3048.46184455,1.16036771,0.0116036771,6.0397139214E-05,6.28721126,82.24643381,0,aluminum_rigid,70000.0,0.3300,174.31744477,0.7813457353,0.4239498260,0.3800155436,0.8207354165,0.4191474173,0.2284623161,0.1702377695
case266,cases_floorfrontR_lhs_500\case266\case266.key,2000395,3368531,-2238.62825000,-477.24720000,291.66010000,-2239.20091067,-481.14413243,274.60911829,154.00960091,1048.02902996,4585.63861902,4706.39621675,0.97393736,0.0097393736,5.0693439712E-05,13.00719406,81.64012427,2,steel_rigid,210000.0,0.3000,216.47547380,0.4534971698,0.3370572355,0.8586201948,0.4478747247,0.8671462705,0.2267781230,0.6732338550
case267,cases_floorfrontR_lhs_500\case267\case267.key,2000395,3373406,-1905.12125000,-235.79395000,308.10660000,-1905.33928159,-235.66534701,290.60843085,58.21708616,-34.33856204,4672.22387879,4672.71273881,1.23903519,0.0123903519,6.4491781412E-05,0.82879885,329.46634480,2,steel_rigid,210000.0,0.3000,110.93151746,0.7649224803,0.9188952889,0.8488966077,0.9780703712,0.0552532565,0.9151842911,0.7198986469
case268,cases_floorfrontR_lhs_500\case268\case268.key,2000395,3372903,-1854.13350000,-326.74885000,297.11822500,-1855.31369292,-325.54077782,279.69990975,252.47244830,-258.43651056,3726.20832555,3743.68271259,0.77534400,0.0077534400,4.0356655309E-05,5.53806646,314.33119185,2,steel_rigid,210000.0,0.3000,201.41442776,0.8125343022,0.6997181937,0.5807086148,0.0506880042,0.3692044305,0.8731421996,0.8487388667
case269,cases_floorfrontR_lhs_500\case269\case269.key,2000395,3367024,-2404.24775000,-374.86952500,292.90410000,-2407.67335316,-376.14256442,275.78993588,605.13166728,224.88199402,3023.21144051,3091.36922091,0.91910913,0.0091910913,4.7839630393E-05,12.05371977,20.38631953,0,aluminum_rigid,70000.0,0.3300,215.86988817,0.2988434318,0.5837601775,0.3924018420,0.3382182668,0.8035813182,0.0566286654,0.2355400813
case270,cases_floorfrontR_lhs_500\case270\case270.key,2000395,3368520,-2286.28525000,-477.58425000,291.57065000,-2283.99116114,-475.62751073,274.33236912,-476.21229603,-406.18448433,3578.36240186,3632.69066468,0.89041023,0.0089041023,4.6345852580E-05,9.92153969,220.46246487,0,aluminum_rigid,70000.0,0.3300,216.38502801,0.4089955671,0.3362450347,0.5486679555,0.2808204642,0.6614359790,0.6123957357,0.0984498086
case271,cases_floorfrontR_lhs_500\case271\case271.key,2000395,3377586,-2239.74250000,-577.64915000,287.35735000,-2236.86620285,-580.57319430,270.34479935,-749.02200965,761.45593732,4430.27066653,4557.20827856,0.86471737,0.0086471737,4.5008539077E-05,13.55490943,134.52836419,1,titanium_rigid,110000.0,0.3400,116.06765845,0.4524566949,0.0951152648,0.8155533266,0.2294347388,0.9036606286,0.3736899005,0.6143131602
case272,cases_floorfrontR_lhs_500\case272\case272.key,2000395,3371430,-2498.14475000,-311.40282500,308.36645000,-2497.23239493,-310.08004847,290.94038130,-238.60102850,-345.93531585,4557.30235606,4576.63702494,0.84053837,0.0084053837,4.3750022295E-05,5.26848537,235.40491115,2,steel_rigid,210000.0,0.3000,190.92793235,0.2111634059,0.7366980285,0.8211619252,0.1810767452,0.3512323580,0.6539025310,0.9047117377
case273,cases_floorfrontR_lhs_500\case273\case273.key,2000395,3370059,-2722.60425000,-498.43992500,305.70610000,-2721.64551583,-500.97610396,288.41741511,-210.95409058,558.04553578,3804.09804235,3850.59454684,1.24720385,0.0124720385,6.4916960572E-05,8.91295824,110.70774904,1,titanium_rigid,110000.0,0.3400,82.60283982,0.0015654980,0.2859884101,0.6115714174,0.9944077069,0.5941972161,0.3075215251,0.4265409212
case274,cases_floorfrontR_lhs_500\case274\case274.key,2000395,3368647,-1989.96975000,-470.64115000,290.39485000,-1990.66499364,-474.47029046,273.33307050,124.53740873,685.90520276,3056.23767213,3134.73511192,0.94385755,0.0094385755,4.9127785257E-05,12.84917997,79.70911287,2,steel_rigid,210000.0,0.3000,190.59326510,0.6856918481,0.3529760574,0.4049205023,0.3877150915,0.8566119979,0.2214142024,0.9516684174
case275,cases_floorfrontR_lhs_500\case275\case275.key,2000395,3372132,-2467.10500000,-248.88642500,313.67512500,-2466.86091882,-249.39036429,296.18408531,-32.53308924,67.16905405,2331.34549871,2332.53979989,1.08366824,0.0108366824,5.6404931717E-05,1.83357451,115.84306009,1,titanium_rigid,110000.0,0.3400,127.98560239,0.2401479963,0.8873459096,0.1733465546,0.6673364733,0.1222383004,0.3217862780,0.4687632092
case276,cases_floorfrontR_lhs_500\case276\case276.key,2000395,2887800,-1766.68800000,-287.91835000,302.69782500,-1766.01399668,-287.62853471,285.21321100,-170.50964098,-73.31759243,4423.26494638,4427.15730384,0.80975819,0.0080975819,4.2147913672E-05,2.40277628,203.26726434,0,aluminum_rigid,70000.0,0.3300,162.17211507,0.8941899855,0.7932893613,0.7780108264,0.1195163755,0.1601850855,0.5646312898,0.0286214740
case277,cases_floorfrontR_lhs_500\case277\case277.key,2000395,3367288,-2641.21150000,-605.13502500,300.22792500,-2640.61097029,-602.46354636,282.94346476,-109.30959381,-486.26777406,3146.15130143,3185.38426989,1.00114447,0.0100114447,5.2109569825E-05,9.00179380,257.33090551,0,aluminum_rigid,70000.0,0.3300,89.48396050,0.0775691874,0.0288816233,0.4195416616,0.5022889462,0.6001195864,0.7148080709,0.0053090924
case278,cases_floorfrontR_lhs_500\case278\case278.key,2000395,3371513,-2453.54750000,-289.79155000,311.23542500,-2453.50990282,-287.57672604,293.87618708,-10.39884798,-612.58904610,4801.32019770,4840.25300126,1.12671608,0.0112671608,5.8645571904E-05,7.27198499,269.02748362,0,aluminum_rigid,70000.0,0.3300,168.65950292,0.2528078464,0.7887754480,0.8972613381,0.7534321577,0.4847989995,0.7472985656,0.0182172298
case279,cases_floorfrontR_lhs_500\case279\case279.key,2000395,3368133,-2339.64325000,-598.88237500,290.47220000,-2340.73693039,-597.41943021,273.06778517,206.78142343,-276.59799887,3290.64113536,3308.71335896,0.82933738,0.0082933738,4.3167010399E-05,5.99117118,306.78135930,0,aluminum_rigid,70000.0,0.3300,94.98444944,0.3591704308,0.0439488452,0.4551437196,0.1586747512,0.3994114120,0.8521704425,0.1652746496
case280,cases_floorfrontR_lhs_500\case280\case280.key,2000395,3377502,-2717.90050000,-392.83625000,303.74692500,-2717.51370378,-392.62644409,286.25245816,-87.95383057,-47.70789512,3978.07754953,3979.33573724,1.14826192,0.0114826192,5.9767032740E-05,1.44084247,208.47627872,1,titanium_rigid,110000.0,0.3400,87.13003565,0.0059578100,0.5404651533,0.6487358151,0.7965238324,0.0960561647,0.5791007742,0.4258632890
case281,cases_floorfrontR_lhs_500\case281\case281.key,2000395,3371387,-2566.65975000,-289.07995000,319.72747500,-2565.45181026,-289.19456935,302.26959013,-138.22658388,13.11608590,1997.73523422,2002.55454014,0.90713959,0.0090713959,4.7216615435E-05,3.97580282,174.57953012,0,aluminum_rigid,70000.0,0.3300,165.79004979,0.1471848233,0.7904902146,0.0780879709,0.3142791714,0.2650535210,0.4849431392,0.2364256240
case282,cases_floorfrontR_lhs_500\case282\case282.key,2000395,3376865,-2114.95850000,-217.36670000,314.32090000,-2114.00820918,-220.91206806,297.21016323,-271.06829547,1011.30817475,4880.79874462,4991.83519666,1.06881374,0.0106881374,5.5631754936E-05,12.10733684,105.00470902,0,aluminum_rigid,70000.0,0.3300,93.47332793,0.5689786748,0.9633000557,0.9410193691,0.6376274711,0.8071557896,0.2916797473,0.2049542223
case283,cases_floorfrontR_lhs_500\case283\case283.key,2000395,3367038,-2347.13225000,-343.77542500,291.42620000,-2345.70149037,-345.41788659,274.06229356,-250.89726212,288.02120756,3044.92557710,3068.79087300,0.78531539,0.0078531539,4.0875666081E-05,7.15021742,131.05934741,1,titanium_rigid,110000.0,0.3400,221.08269641,0.3521772818,0.6586886807,0.3858840314,0.0706307812,0.4766811616,0.3640537428,0.6501845875
case284,cases_floorfrontR_lhs_500\case284\case284.key,2000395,3377303,-1658.38725000,-206.25810000,302.22150000,-1657.77499058,-206.60419237,284.73563833,-166.49501768,94.11477245,4755.02501833,4758.86972991,0.79792630,0.0079792630,4.1532063815E-05,2.30328059,150.52179171,2,steel_rigid,210000.0,0.3000,80.55214869,0.9953200808,0.9900688244,0.8737680003,0.0958525961,0.1535520395,0.4181160881,0.9740451617
case285,cases_floorfrontR_lhs_500\case285\case285.key,2000395,3368281,-2173.91675000,-595.84672500,294.83117500,-2174.93266744,-595.50417777,277.36404664,163.85085407,-55.24726194,2817.16189274,2822.46355021,0.75145022,0.0075145022,3.9112984123E-05,3.51234604,341.36691290,0,aluminum_rigid,70000.0,0.3300,98.08486069,0.5139240843,0.0512639536,0.3147754251,0.0029004466,0.2341564024,0.9482414247,0.0495675846
case286,cases_floorfrontR_lhs_500\case286\case286.key,2000395,3376535,-2156.00250000,-396.04667500,295.83802500,-2152.95812763,-398.87796958,278.83903774,-661.45163698,615.15616463,3693.37471533,3802.22989346,1.03054405,0.0103054405,5.3639817955E-05,13.74309667,137.07688947,1,titanium_rigid,110000.0,0.3400,270.73124669,0.5306522216,0.5327288837,0.5976097380,0.5610881058,0.9162064444,0.3807691374,0.4065052601
case287,cases_floorfrontR_lhs_500\case287\case287.key,2000395,3376149,-1968.98400000,-352.67250000,290.68082500,-1969.17241506,-352.24369488,273.18709395,28.83669343,-65.62809714,2677.39406718,2678.35352278,0.93037526,0.0093037526,4.8426032520E-05,1.53365999,293.72047262,0,aluminum_rigid,70000.0,0.3300,228.03321268,0.7052881196,0.6372490985,0.2731744242,0.3607505291,0.1022439991,0.8158902017,0.0787553640
case288,cases_floorfrontR_lhs_500\case288\case288.key,2000395,3366091,-2379.77675000,-418.14035000,298.69517500,-2378.94725365,-418.85808264,281.22958610,-215.32503869,186.31282394,4533.80968446,4542.74229904,1.08275026,0.0108275026,5.6357150788E-05,3.59367723,139.13157089,2,steel_rigid,210000.0,0.3000,202.69803657,0.3216941928,0.4794890087,0.8113773560,0.6655005106,0.2395784821,0.3864765858,0.9982498954
case289,cases_floorfrontR_lhs_500\case289\case289.key,2000395,3367145,-2631.37750000,-478.70122500,299.87400000,-2630.74589290,-478.34840332,282.38896099,-87.03314046,-48.61753212,2409.37420094,2411.43576985,0.97678262,0.0097678262,5.0841535586E-05,2.36935237,209.18813694,1,titanium_rigid,110000.0,0.3400,95.84789470,0.0867520726,0.3335534224,0.1961218700,0.4535652483,0.1579568249,0.5810781582,0.6407927639
case290,cases_floorfrontR_lhs_500\case290\case290.key,2000395,3376000,-1775.80575000,-347.11492500,291.22537500,-1776.20017153,-344.99675701,273.85851587,101.00016740,-542.40275088,4447.16010387,4481.25370487,0.84837684,0.0084837684,4.4158014587E-05,7.07212667,280.54817103,2,steel_rigid,210000.0,0.3000,201.65558857,0.8856759270,0.6506413747,0.7936271196,0.1967536825,0.4714751113,0.7793004751,0.7892674507
case291,cases_floorfrontR_lhs_500\case291\case291.key,2000395,3369118,-1969.15325000,-597.21637500,289.83845000,-1965.49548807,-598.50611730,272.77365166,-500.69311534,176.54650710,2335.91666626,2395.48928961,1.02437132,0.0102437132,5.3318527355E-05,12.80465952,160.57713447,2,steel_rigid,210000.0,0.3000,97.01739849,0.7051300757,0.0479634617,0.1915185155,0.5487426457,0.8536439681,0.4460475957,0.7174681070
case292,cases_floorfrontR_lhs_500\case292\case292.key,2000395,3376992,-2084.16125000,-256.89475000,313.44172500,-2085.78256523,-260.91721036,296.48763553,194.70119161,483.05092755,2035.98989580,2101.54743188,1.20443170,0.0120443170,6.2690669766E-05,14.34877537,68.04733392,0,aluminum_rigid,70000.0,0.3300,132.97753392,0.5977368213,0.8680479783,0.1066647706,0.9088633916,0.9565850246,0.1890203720,0.0112373738
case293,cases_floorfrontR_lhs_500\case293\case293.key,2000395,3369507,-1966.42000000,-489.22627500,290.93660000,-1963.47366836,-488.23154618,273.71511213,-316.46905414,-106.84502855,1849.78089540,1879.69622102,1.18788860,0.0118788860,6.1829601383E-05,10.23571850,198.65550722,2,steel_rigid,210000.0,0.3000,161.39293821,0.7076823557,0.3081908538,0.0426218126,0.8757771905,0.6823812334,0.5518208534,0.9157032414
case294,cases_floorfrontR_lhs_500\case294\case294.key,2000395,3372140,-2495.83250000,-280.96607500,314.11487500,-2492.50267650,-283.58142252,297.13482103,-702.50906614,551.77259167,3582.36460629,3692.06015028,0.87277101,0.0087277101,4.5427731001E-05,14.00164071,141.85280066,0,aluminum_rigid,70000.0,0.3300,160.44721267,0.2133225605,0.8100424932,0.5658064577,0.2455420173,0.9334427140,0.3940355574,0.1189606508
case295,cases_floorfrontR_lhs_500\case295\case295.key,2000395,3376358,-2046.98625000,-351.61090000,290.40890000,-2044.65900031,-349.79414467,273.15974614,-352.93293284,-275.51525226,2615.87507446,2653.91648597,0.90448560,0.0090448560,4.7078475634E-05,9.71275539,217.97719265,2,steel_rigid,210000.0,0.3000,224.92774702,0.6324504432,0.6398072719,0.2661200560,0.3089712059,0.6475170259,0.6054922018,0.8710699403
case296,cases_floorfrontR_lhs_500\case296\case296.key,2000395,3377455,-2654.77125000,-353.92955000,300.17797500,-2658.26116696,-351.95065530,283.14405427,1015.93211458,-576.06605112,4958.65870355,5094.33668842,1.07076792,0.0107076792,5.5733470027E-05,13.25308934,330.44537456,0,aluminum_rigid,70000.0,0.3300,150.39058437,0.0649072362,0.6342199427,0.9706090149,0.6415358320,0.8835392896,0.9179038182,0.0338415861
case297,cases_floorfrontR_lhs_500\case297\case297.key,2000395,3367150,-2622.67075000,-487.17370000,299.81390000,-2622.32761102,-484.32139921,282.55132094,-71.64152855,-595.51143885,3604.13015596,3653.69957215,1.01280693,0.0101280693,5.2716600607E-05,9.44866266,263.14013997,0,aluminum_rigid,70000.0,0.3300,83.69946390,0.0948823437,0.3131370131,0.5547327075,0.5256138562,0.6299108438,0.7309448332,0.1856384394
case298,cases_floorfrontR_lhs_500\case298\case298.key,2000395,3376920,-2054.28375000,-208.98362500,312.70470000,-2054.78733386,-207.23976009,295.29908773,65.88223016,-228.14414517,2277.11934703,2289.46778528,1.17420327,0.0117420327,6.1117280244E-05,5.95349198,286.10737323,1,titanium_rigid,110000.0,0.3400,82.52253687,0.6256361149,0.9835010347,0.1609127292,0.8484065415,0.3968994650,0.7947427034,0.3974720529
case299,cases_floorfrontR_lhs_500\case299\case299.key,2000395,3377008,-2066.96725000,-273.46055000,312.46650000,-2069.26634145,-271.31650361,295.25117998,333.36145149,-310.88037690,2496.17041511,2537.44816841,0.77056922,0.0077056922,4.0108127965E-05,10.34874218,316.99854805,1,titanium_rigid,110000.0,0.3400,147.88960551,0.6137923967,0.8281288104,0.2324985331,0.0411384424,0.6899161453,0.8805515224,0.3685591206
case300,cases_floorfrontR_lhs_500\case300\case300.key,2000395,3377105,-2054.38975000,-336.47162500,292.20595000,-2055.35060372,-337.07100717,274.74263127,126.13014659,78.68019870,2292.38948249,2297.20458971,1.06318598,0.0106318598,5.5338830423E-05,3.71036524,31.95598453,2,steel_rigid,210000.0,0.3000,209.93222722,0.6255371332,0.6762888943,0.1631461533,0.6263719663,0.2473576824,0.0887666237,0.7333198721
case301,cases_floorfrontR_lhs_500\case301\case301.key,2000395,3081352,-2485.27575000,-480.85472500,296.07287500,-2484.60473299,-481.55538013,278.59978659,-99.88555475,104.29739423,2600.99087522,2604.99685287,1.04925653,0.0104925653,5.4613802247E-05,3.17792732,133.76218629,0,aluminum_rigid,70000.0,0.3300,82.81528714,0.2231803421,0.3283640607,0.2519981677,0.5985130546,0.2118618213,0.3715616286,0.1391615221
case302,cases_floorfrontR_lhs_500\case302\case302.key,2000395,2781205,-2101.66000000,-524.58545000,290.32835000,-2103.56435788,-522.98611233,273.00595005,479.26696323,-402.50297265,4359.50306416,4404.19940869,1.22180837,0.0122180837,6.3595125430E-05,8.16973784,319.97543803,2,steel_rigid,210000.0,0.3000,169.96761953,0.5813966735,0.2229846553,0.7713834499,0.9436167312,0.5446491892,0.8888206612,0.9686069277
case303,cases_floorfrontR_lhs_500\case303\case303.key,2000395,3367204,-2654.16475000,-535.84527500,299.81032500,-2653.31411830,-536.59865833,282.34725427,-98.89055023,87.58489985,2030.17671839,2034.46994657,1.22920349,0.0122920349,6.3980041516E-05,3.72289149,138.46948683,1,titanium_rigid,110000.0,0.3400,90.51525821,0.0654735795,0.1958514746,0.0873011595,0.9584069747,0.2481927661,0.3846374634,0.3717126312
case304,cases_floorfrontR_lhs_500\case304\case304.key,2000395,3366194,-1954.08925000,-417.84387500,297.29700000,-1950.32010736,-419.25089787,280.26573903,-715.37158285,267.04857730,3232.48050702,3321.44572023,0.92378671,0.0092378671,4.8083098012E-05,13.29102096,159.52937104,2,steel_rigid,210000.0,0.3000,215.99955919,0.7191966796,0.4802034345,0.4588192374,0.3475734106,0.8860680638,0.4431371418,0.9850197681
case305,cases_floorfrontR_lhs_500\case305\case305.key,2000395,3371980,-2297.30100000,-210.73247500,311.00325000,-2296.50436288,-208.18057309,293.70865067,-180.27516270,-577.48317481,3913.68496441,3960.16615209,0.84442978,0.0084442978,4.3952570302E-05,8.78709324,252.66299991,0,aluminum_rigid,70000.0,0.3300,87.43390524,0.3987091762,0.9792867718,0.6432020300,0.1888595697,0.5858062157,0.7018416664,0.0274363916
case306,cases_floorfrontR_lhs_500\case306\case306.key,2000395,3376217,-1674.35500000,-359.37110000,290.73780000,-1675.11764069,-357.80995455,273.32426492,98.50837098,-201.64921249,2249.26232155,2260.43077647,0.88221042,0.0088221042,4.5919052346E-05,5.69793577,296.03613552,1,titanium_rigid,110000.0,0.3400,101.68229499,0.9804095647,0.6211072558,0.1525304629,0.2644208394,0.3798623850,0.8223225987,0.4656976272
case307,cases_floorfrontR_lhs_500\case307\case307.key,2000395,3372138,-2488.02575000,-272.14525000,314.10522500,-2485.95024138,-272.36631839,296.73014535,-311.12538452,33.13885976,2604.58004754,2623.30600826,0.84242225,0.0084242225,4.3848077885E-05,6.85005234,173.92018437,1,titanium_rigid,110000.0,0.3400,151.51727648,0.2206124211,0.8312983332,0.2572835681,0.1848444913,0.4566701561,0.4831116232,0.5741707621
case308,cases_floorfrontR_lhs_500\case308\case308.key,2000395,3371403,-2505.18675000,-317.03280000,309.01042500,-2506.96233389,-319.57567629,291.78744378,302.62856945,433.40504370,2935.46601363,2982.68079086,0.87649692,0.0087649692,4.5621664716E-05,10.20816727,55.07501800,0,aluminum_rigid,70000.0,0.3300,196.68514035,0.2045876608,0.7231312876,0.3610261802,0.2529938412,0.6805444849,0.1529861611,0.0603371769
case309,cases_floorfrontR_lhs_500\case309\case309.key,2000395,3372428,-2368.77550000,-280.59227500,310.28655000,-2369.54973046,-283.85357974,293.11056506,112.04207647,471.95683405,2485.60748276,2532.49703622,1.11316640,0.0111316640,5.7940311375E-05,11.04265687,76.64526002,1,titanium_rigid,110000.0,0.3400,158.24378336,0.3319670438,0.8109432517,0.2310692637,0.7263328098,0.7361771247,0.2129035001,0.4975397276
case310,cases_floorfrontR_lhs_500\case310\case310.key,2000395,2988827,-1752.44175000,-422.37840000,294.35462500,-1753.58187356,-422.61278621,276.89337701,145.36967317,29.88504736,2226.36914410,2231.31015857,0.89259187,0.0089259187,4.6459406700E-05,3.81369446,11.61699498,2,steel_rigid,210000.0,0.3000,122.85280400,0.9074929832,0.4692764365,0.1441240607,0.2851837349,0.2542462974,0.0322694305,0.7077920415
case311,cases_floorfrontR_lhs_500\case311\case311.key,2000395,3369668,-1809.19475000,-514.98720000,298.55657500,-1810.03768927,-511.65636754,281.39717499,194.05714812,-766.80713816,3950.34892436,4028.76010555,0.78830474,0.0078830474,4.1031261846E-05,11.32264355,284.20176349,0,aluminum_rigid,70000.0,0.3300,91.95831654,0.8544976318,0.2461138826,0.6630034080,0.0766094850,0.7548429036,0.7894493430,0.2388309439
case312,cases_floorfrontR_lhs_500\case312\case312.key,2000395,3366801,-1658.86050000,-470.55250000,290.52932500,-1662.60478318,-471.88709988,273.48675516,688.11718955,245.27020875,3132.05083735,3216.11647638,0.91612818,0.0091612818,4.7684471991E-05,13.12899759,19.61793226,1,titanium_rigid,110000.0,0.3400,82.98145770,0.9948781650,0.3531896803,0.4284132896,0.3322563685,0.8752665057,0.0544942563,0.3384231260
case313,cases_floorfrontR_lhs_500\case313\case313.key,2000395,3368292,-2212.97950000,-602.81760000,293.92930000,-2215.04147804,-601.81550599,276.58011978,408.44588911,-198.49929027,3436.60368230,3466.47874388,1.20331948,0.0120331948,6.2632778768E-05,7.52766292,334.08086221,1,titanium_rigid,110000.0,0.3400,90.98479008,0.4774477014,0.0344660006,0.5006866845,0.9066389536,0.5018441948,0.9280023950,0.5387216188
case314,cases_floorfrontR_lhs_500\case314\case314.key,2000395,3366600,-1943.47950000,-448.34642500,290.73870000,-1940.33586538,-449.11028598,273.54032572,-348.27484547,84.62610851,1905.36174746,1938.77805200,0.85993143,0.0085993143,4.4759430957E-05,10.65316261,166.34257871,1,titanium_rigid,110000.0,0.3400,183.89193210,0.7291039520,0.4067004094,0.0596772761,0.2198628610,0.7102108410,0.4620627186,0.6398094078
case315,cases_floorfrontR_lhs_500\case315\case315.key,2000395,3368490,-2271.50700000,-521.93225000,297.97125000,-2271.44036102,-521.92221100,280.47137976,-14.23769940,-2.14487525,3738.92113095,3738.94885442,0.88741852,0.0088741852,4.6190134093E-05,0.22064140,188.56705044,2,steel_rigid,210000.0,0.3000,171.63291453,0.4227953407,0.2293781610,0.5793420670,0.2748370449,0.0147094266,0.5237973623,0.8860330840
case316,cases_floorfrontR_lhs_500\case316\case316.key,2000395,3368146,-2325.70775000,-613.47320000,290.36885000,-2325.42661925,-614.95965259,272.93436050,-79.94157686,422.68362648,4957.62415330,4976.25254074,0.79993104,0.0079993104,4.1636410444E-05,4.95917722,100.70977332,2,steel_rigid,210000.0,0.3000,80.27399100,0.3721832534,0.0087888413,0.9365210418,0.0998620728,0.3306118146,0.2797493703,0.7501627966
case317,cases_floorfrontR_lhs_500\case317\case317.key,2000395,3366797,-1687.35775000,-433.38347500,290.57247500,-1687.42529977,-431.98677938,273.12843079,18.94675090,-391.75326891,4892.80644745,4908.50125143,1.13862772,0.0113862772,5.9265573078E-05,4.58307446,272.76889493,2,steel_rigid,210000.0,0.3000,107.48791371,0.9682677342,0.4427571355,0.9169629201,0.7772554497,0.3055382976,0.7576913748,0.6700212921
case318,cases_floorfrontR_lhs_500\case318\case318.key,2000395,3377217,-1735.61475000,-210.13600000,304.17152500,-1735.35509573,-210.17850584,286.67350303,-44.64318396,7.30816458,3008.49048197,3008.83057071,1.09978505,0.0109978505,5.7243812036E-05,0.86146767,170.70304623,0,aluminum_rigid,70000.0,0.3300,84.13345521,0.9232058578,0.9807241178,0.3685749749,0.6995701071,0.0574311778,0.4741751284,0.2893844416
case319,cases_floorfrontR_lhs_500\case319\case319.key,2000395,3082152,-1946.02650000,-574.11392500,293.34402500,-1946.53546412,-572.41169035,275.93444853,72.67356607,-243.05733302,2485.86481505,2498.77613904,0.87361181,0.0087361181,4.5471494739E-05,5.82702021,286.64654009,2,steel_rigid,210000.0,0.3000,88.78196377,0.7267255903,0.1036342159,0.2213348746,0.2472236211,0.3884680139,0.7962403892,0.6684757004
case320,cases_floorfrontR_lhs_500\case320\case320.key,2000395,3366621,-1895.60900000,-441.16737500,290.83555000,-1898.03036145,-442.62001594,273.56485682,259.20011247,155.50123448,1848.78041425,1873.32708098,1.18367218,0.0118367218,6.1610136719E-05,9.28543926,30.96069540,1,titanium_rigid,110000.0,0.3400,175.64609122,0.7738049188,0.4240000087,0.0407831994,0.8673443504,0.6190292839,0.0860019317,0.3511966782
case321,cases_floorfrontR_lhs_500\case321\case321.key,2000395,3371735,-2229.42350000,-310.88005000,301.87302500,-2231.62933009,-312.35180450,284.57509876,356.31014800,237.73411458,2794.15295874,2826.79415375,0.91245616,0.0091245616,4.7493343215E-05,8.71550092,33.71166096,1,titanium_rigid,110000.0,0.3400,185.19775427,0.4620924680,0.7379577771,0.3160255633,0.3249123233,0.5810333946,0.0936435027,0.5938568697
case322,cases_floorfrontR_lhs_500\case322\case322.key,2000395,3376548,-2092.16450000,-396.29992500,295.96950000,-2091.85577157,-396.20937201,278.47245777,-35.55370566,-10.42824058,2014.98994056,2015.33056216,1.19888914,0.0119888914,6.2402179833E-05,1.05343244,196.34691559,2,steel_rigid,210000.0,0.3000,272.34758073,0.5902634710,0.5321186187,0.0817760925,0.8977782837,0.0702288295,0.5454080989,0.7021902097
case323,cases_floorfrontR_lhs_500\case323\case323.key,2000395,2988635,-2123.25650000,-410.65922500,299.48490000,-2125.09315827,-410.95869877,282.08412410,391.42170925,63.82272389,3708.38796646,3729.53423424,1.17674944,0.0117674944,6.1249808537E-05,6.10425420,9.26078717,2,steel_rigid,210000.0,0.3000,283.33030307,0.5612300902,0.4975165284,0.5766242990,0.8534988871,0.4069502802,0.0257244088,0.9788886553
case324,cases_floorfrontR_lhs_500\case324\case324.key,2000395,3368773,-2086.16300000,-488.18287500,290.24937500,-2083.90112384,-486.16886920,273.01343299,-440.50281481,-392.22979440,3356.71824064,3408.14381864,1.11121706,0.0111121706,5.7838847995E-05,9.96588501,221.68231029,2,steel_rigid,210000.0,0.3000,205.93341161,0.5958676083,0.3107051700,0.4838468343,0.7224341209,0.6643923337,0.6157841953,0.9387225923
case325,cases_floorfrontR_lhs_500\case325\case325.key,2000395,3371252,-2618.77275000,-225.37597500,317.87532500,-2615.57290939,-226.85926256,300.73441260,-643.54034112,298.31341657,3447.31815074,3519.53654585,1.12496347,0.0112496347,5.8554348785E-05,11.62690796,155.12989765,0,aluminum_rigid,70000.0,0.3300,101.46084938,0.0985222549,0.9439998352,0.5160031598,0.7499269466,0.7751271974,0.4309163824,0.2953445175
case326,cases_floorfrontR_lhs_500\case326\case326.key,2000395,2487605,-1817.08700000,-515.43915000,298.48157500,-1819.06670997,-516.90939080,281.15618495,478.77662306,355.56568201,4190.00351915,4232.23150354,1.18848252,0.0118848252,6.1860515085E-05,8.10055670,36.59959753,0,aluminum_rigid,70000.0,0.3300,98.31805485,0.8471279322,0.2450248034,0.7217405686,0.8769650369,0.5400371135,0.1016655487,0.1083937848
case327,cases_floorfrontR_lhs_500\case327\case327.key,2000395,3372003,-2282.46900000,-212.25302500,311.39740000,-2282.47103507,-212.25236752,293.89740013,0.22367386,-0.07226331,1923.41826028,1923.41827465,1.24208484,0.0124208484,6.4650515696E-05,0.00700201,342.09568047,0,aluminum_rigid,70000.0,0.3300,88.49072826,0.4125591410,0.9756226511,0.0552432882,0.9841696713,0.0004668008,0.9502657791,0.2307724431
case328,cases_floorfrontR_lhs_500\case328\case328.key,2000395,2780245,-2574.57225000,-355.28320000,297.88600000,-2573.18414591,-353.41189319,280.54179700,-344.67461785,-464.65676708,4306.67021866,4345.35555227,0.98937556,0.0098937556,5.1496997645E-05,7.65104702,233.43259418,2,steel_rigid,210000.0,0.3000,184.75881742,0.1397962145,0.6309580065,0.7543966838,0.4787511103,0.5100698010,0.6484238727,0.8619443041
case329,cases_floorfrontR_lhs_500\case329\case329.key,2000395,3369476,-1808.71650000,-523.19007500,297.46062500,-1808.81163182,-524.27551465,279.99457878,13.68682811,156.16463767,2512.87925783,2517.76426373,1.18482030,0.0118482030,6.1669896651E-05,3.56970961,84.99119141,1,titanium_rigid,110000.0,0.3400,88.95307109,0.8549442166,0.2263471376,0.2268162766,0.8696406014,0.2379806405,0.2360866428,0.4144917356
case330,cases_floorfrontR_lhs_500\case330\case330.key,2000395,3367208,-2654.03075000,-543.52345000,299.82910000,-2652.95257980,-544.89797900,282.41651205,-255.61906196,325.88158524,4128.28084967,4149.00502364,1.13294881,0.0113294881,5.8969985617E-05,5.72908419,128.11037020,2,steel_rigid,210000.0,0.3000,89.22504046,0.0655987073,0.1773491169,0.6977151421,0.7658976222,0.3819389461,0.3558621394,0.6765791718
case331,cases_floorfrontR_lhs_500\case331\case331.key,2000395,3367223,-2645.32850000,-527.92712500,299.84190000,-2645.33577375,-527.85289219,282.34205896,0.95666051,-9.76327636,2301.62093121,2301.64183742,1.19633675,0.0119633675,6.2269328015E-05,0.24420621,275.59629669,0,aluminum_rigid,70000.0,0.3300,83.90101135,0.0737247763,0.2149321082,0.1644270770,0.8926735068,0.0162804143,0.7655452686,0.0831343432
case332,cases_floorfrontR_lhs_500\case332\case332.key,2000395,3367171,-2672.80625000,-517.04962500,300.21127500,-2674.67709644,-516.98663405,282.81167829,452.55014999,-15.23725528,4208.89173645,4233.17888370,0.77733944,0.0077733944,4.0460518038E-05,6.14045329,358.07159331,2,steel_rigid,210000.0,0.3000,113.39914581,0.0480663439,0.2411439874,0.7220140538,0.0546788872,0.4093635529,0.9946433147,0.7800970575
case333,cases_floorfrontR_lhs_500\case333\case333.key,2000395,2994427,-2662.27700000,-371.23047500,300.43197500,-2665.96252465,-369.68484152,283.39443042,1027.73796125,-431.01223141,4751.05527238,4880.01465795,1.17514073,0.0117514073,6.1166074973E-05,13.20123621,337.24782205,0,aluminum_rigid,70000.0,0.3300,142.63528458,0.0578984462,0.5925293192,0.9087395450,0.8502814591,0.8800824138,0.9367995057,0.1821591873
case334,cases_floorfrontR_lhs_500\case334\case334.key,2000395,3368580,-2302.51000000,-540.89912500,296.48917500,-2302.23420134,-542.07233646,279.03072404,-28.48170961,121.15747190,1802.93310736,1807.22387390,1.20878115,0.0120878115,6.2917058771E-05,3.94898114,103.22889987,2,steel_rigid,210000.0,0.3000,153.02082523,0.3938450671,0.1836730415,0.0217008383,0.9175622967,0.2632654090,0.2867469441,0.8663547152
case335,cases_floorfrontR_lhs_500\case335\case335.key,2000395,3368965,-1990.79775000,-576.12385000,287.72720000,-1990.79434414,-576.14898885,270.22721839,-0.65935087,4.86670720,3387.87459749,3387.87815718,0.93536145,0.0093536145,4.8685563641E-05,0.08305770,97.71556413,1,titanium_rigid,110000.0,0.3400,118.33722409,0.6849186704,0.0987908317,0.4779966390,0.3707229065,0.0055371799,0.2714321226,0.5681282706
case336,cases_floorfrontR_lhs_500\case336\case336.key,2000395,3368846,-1990.18050000,-497.24465000,290.36540000,-1988.72734490,-496.23495800,272.95509092,-214.99616409,-149.38522866,2575.87760325,2589.14748982,0.86165005,0.0086165005,4.4848885293E-05,5.80334650,214.79263220,0,aluminum_rigid,70000.0,0.3300,171.06761340,0.6854950520,0.2888687047,0.2474228486,0.2233001073,0.3868897667,0.5966462006,0.2008188116
case337,cases_floorfrontR_lhs_500\case337\case337.key,2000395,3375995,-1768.50625000,-368.23515000,290.55952500,-1770.80343164,-366.99234714,273.25552553,596.79590112,-322.87375031,4495.48950308,4546.40942707,1.10780778,0.0110780778,5.7661395149E-05,8.58328255,331.58607960,1,titanium_rigid,110000.0,0.3400,179.31686416,0.8924921229,0.5997472551,0.8124359652,0.7156155677,0.5722188369,0.9210724433,0.3859892353
case338,cases_floorfrontR_lhs_500\case338\case338.key,2000395,3376908,-2099.72450000,-233.08247500,314.17515000,-2099.40320045,-232.85500205,296.67957848,-45.40371723,-32.14482508,2472.34704557,2472.97284681,1.02903342,0.0102903342,5.3561189615E-05,1.28900714,215.29764754,1,titanium_rigid,110000.0,0.3400,109.07860825,0.5832040230,0.9254292218,0.2138861023,0.5580668440,0.0859338097,0.5980490209,0.4376382393
case339,cases_floorfrontR_lhs_500\case339\case339.key,2000395,3367900,-2450.10625000,-563.71717500,294.55172500,-2449.98601802,-565.27450204,277.12157076,-17.97983801,232.88718951,2606.55567041,2617.00060767,1.03632189,0.0103632189,5.3940554524E-05,5.12074545,94.41470981,1,titanium_rigid,110000.0,0.3400,85.71328740,0.2560212493,0.1286876156,0.2554633549,0.5726437858,0.3413830302,0.2622630828,0.5234441290
case340,cases_floorfrontR_lhs_500\case340\case340.key,2000395,3373426,-1913.69225000,-260.88270000,308.43142500,-1917.75124997,-262.15863933,291.45654656,827.97840972,260.27352142,3462.63438187,3569.75173022,1.08135688,0.0108135688,5.6284625677E-05,14.07150477,17.45044661,2,steel_rigid,210000.0,0.3000,136.07988122,0.7569189711,0.8584380804,0.5304990417,0.6627137628,0.9381003182,0.0484734628,0.7314084686
case341,cases_floorfrontR_lhs_500\case341\case341.key,2000395,3367279,-2650.61675000,-594.58777500,300.62552500,-2653.44923348,-592.05998623,283.54227820,678.02930287,-605.09262277,4089.32373998,4189.08456206,1.20660548,0.0120660548,6.2803814976E-05,12.52921144,318.25337103,1,titanium_rigid,110000.0,0.3400,93.50500564,0.0687866644,0.0542976879,0.7092851136,0.9132109501,0.8352807628,0.8840371418,0.4833570265
case342,cases_floorfrontR_lhs_500\case342\case342.key,2000395,3377144,-2001.66850000,-336.64820000,292.16932500,-2001.97109115,-337.13595918,274.67874097,54.29673872,87.52315523,3138.49780121,3140.18739675,1.04345468,0.0104345468,5.4311815915E-05,1.87962278,58.18577714,2,steel_rigid,210000.0,0.3000,212.05890659,0.6747676790,0.6758633956,0.4064944421,0.5869093531,0.1253081853,0.1616271587,0.8058652424
case343,cases_floorfrontR_lhs_500\case343\case343.key,2000395,3371888,-2251.97800000,-258.94390000,312.14370000,-2250.89293165,-262.56397552,295.05663823,-109.40511821,365.00446269,1722.85184844,1764.48752598,1.14646430,0.0114646430,5.9673466669E-05,12.47150472,106.68538633,1,titanium_rigid,110000.0,0.3400,133.96542741,0.4410313144,0.8631100723,0.0093639115,0.7929285944,0.8314336482,0.2963482954,0.6011039372
case344,cases_floorfrontR_lhs_500\case344\case344.key,2000395,3372902,-1861.78100000,-327.67297500,299.95965000,-1861.61082225,-326.15282572,282.52663002,-17.87467839,-159.66940453,1831.08326986,1838.11853916,1.03402867,0.0103402867,5.3821192181E-05,5.01452560,263.61244438,0,aluminum_rigid,70000.0,0.3300,202.45536954,0.8053931475,0.6974912985,0.0306193641,0.5680573365,0.3343017064,0.7322567899,0.2978402296
case345,cases_floorfrontR_lhs_500\case345\case345.key,2000395,3371790,-2180.71125000,-314.29612500,306.14945000,-2177.72731793,-317.48907428,289.20391300,-698.22618284,747.13523298,3965.17659278,4094.91834726,0.92284527,0.0092284527,4.8034096121E-05,14.46133136,133.06192882,2,steel_rigid,210000.0,0.3000,188.54882510,0.5075794521,0.7297259458,0.6821016562,0.3456905330,0.9640887573,0.3696164690,0.6904887670
case346,cases_floorfrontR_lhs_500\case346\case346.key,2000395,3368263,-2120.13025000,-593.47150000,291.36867500,-2121.33089127,-597.27669590,274.32963322,245.35994094,777.61998147,3482.05445438,3576.25468325,1.05090111,0.0105090111,5.4699402743E-05,13.17975448,72.48811824,1,titanium_rigid,110000.0,0.3400,100.57822115,0.5641493493,0.0569876135,0.5323762834,0.6018022187,0.8786502988,0.2013558840,0.3412516879
case347,cases_floorfrontR_lhs_500\case347\case347.key,2000395,3376459,-2460.52825000,-397.13512500,300.61735000,-2458.24974343,-399.40870362,283.41591843,-662.79187897,661.35839370,5003.70254715,5090.55273817,0.81497736,0.0081497736,4.2419571380E-05,10.59887937,135.06202666,1,titanium_rigid,110000.0,0.3400,165.17489872,0.2462892959,0.5301060090,0.9695166820,0.1299547120,0.7065919579,0.3751722963,0.6587832982
case348,cases_floorfrontR_lhs_500\case348\case348.key,2000395,3367848,-2337.53000000,-448.88865000,290.62180000,-2338.84534864,-450.18610684,273.21960291,228.08609253,224.98359178,3017.60233897,3034.56170778,0.87060168,0.0087060168,4.5314817612E-05,6.06033954,44.60765987,2,steel_rigid,210000.0,0.3000,222.05314905,0.3611437613,0.4053937915,0.3760029179,0.2412033664,0.4040226358,0.1239101663,0.7348383814
case349,cases_floorfrontR_lhs_500\case349\case349.key,2000395,3377405,-2655.98225000,-468.29035000,300.60560000,-2654.88901176,-470.95298820,283.34393183,-307.67832740,749.36645860,4858.08215368,4925.15768827,0.89346830,0.0089346830,4.6505025021E-05,9.46681202,112.32229813,0,aluminum_rigid,70000.0,0.3300,121.08516864,0.0637764172,0.3586408595,0.9217712215,0.2869366002,0.6311208015,0.3120063837,0.2797260739
case350,cases_floorfrontR_lhs_500\case350\case350.key,2000395,3365660,-2532.72475000,-382.42542500,296.73367500,-2530.79461790,-385.12741147,279.55159541,-484.83213578,678.71513818,4315.98664169,4395.84543972,1.24381171,0.0124381171,6.4740399272E-05,10.93798920,125.53966820,1,titanium_rigid,110000.0,0.3400,157.02306539,0.1788729675,0.5655524700,0.7689718656,0.9876234110,0.7291992797,0.3487213006,0.4058998889
case351,cases_floorfrontR_lhs_500\case351\case351.key,2000395,3365748,-1807.81350000,-499.59510000,297.54220000,-1808.43364751,-497.27517128,280.20774449,107.22211384,-401.11047336,2997.08848393,3025.71075519,0.87724191,0.0087724191,4.5660441182E-05,7.88712865,284.96599453,2,steel_rigid,210000.0,0.3000,96.79918972,0.8557874284,0.2832047459,0.3734478667,0.2544838110,0.5258085770,0.7915722070,0.7742591957
case352,cases_floorfrontR_lhs_500\case352\case352.key,2000395,3371337,-2595.86250000,-329.19140000,302.95932500,-2595.90103273,-328.01088948,285.49923021,5.42483505,-166.19832640,2458.12170761,2463.73976750,1.14458899,0.0114458899,5.9575857080E-05,3.87004448,271.86951244,0,aluminum_rigid,70000.0,0.3300,207.56385930,0.1199156041,0.6938322984,0.2112207406,0.7891779858,0.2580029656,0.7551930901,0.1943914574
case353,cases_floorfrontR_lhs_500\case353\case353.key,2000395,3369088,-1945.26600000,-542.42687500,292.30780000,-1945.75134605,-543.42665868,274.84312503,138.27886039,284.84613775,4975.82156167,4985.88593723,1.19961061,0.0119961061,6.2439731994E-05,3.64110296,64.10569597,2,steel_rigid,210000.0,0.3000,107.36239372,0.7274357372,0.1799915708,0.9393019651,0.8992212102,0.2427401972,0.1780713777,0.7272405458
case354,cases_floorfrontR_lhs_500\case354\case354.key,2000395,3369047,-2055.05850000,-582.99407500,289.26945000,-2055.85142833,-582.74849869,271.78914803,91.42368770,-28.31465443,2015.45789845,2017.72905781,0.93688916,0.0093688916,4.8765080761E-05,2.71875928,342.79182463,0,aluminum_rigid,70000.0,0.3300,111.11823986,0.6249126615,0.0822354185,0.0824684789,0.3737783193,0.1812506184,0.9521995129,0.1269487800
case355,cases_floorfrontR_lhs_500\case355\case355.key,2000395,3369114,-1937.68025000,-564.54095000,294.75322500,-1936.70980900,-563.43189708,277.31538552,-215.46721144,-246.24324388,3871.72703500,3885.52854678,1.02009479,0.0102009479,5.3095933946E-05,4.83063857,228.81349855,0,aluminum_rigid,70000.0,0.3300,87.09076721,0.7345192303,0.1267025372,0.6216559992,0.5401895848,0.3220425713,0.6355930515,0.1054655444
case356,cases_floorfrontR_lhs_500\case356\case356.key,2000395,3366080,-2420.21600000,-425.85142500,295.42727500,-2420.39407644,-428.39412872,278.11390021,23.88192128,341.00328190,2321.90545244,2346.93385388,1.00829278,0.0100829278,5.2481639370E-05,8.37510908,85.99387221,1,titanium_rigid,110000.0,0.3400,167.52223210,0.2839324487,0.4609073708,0.1775017620,0.5165855666,0.5583406054,0.2388718673,0.6564827202
case357,cases_floorfrontR_lhs_500\case357\case357.key,2000395,3372376,-2411.41700000,-249.08430000,311.87730000,-2411.36585685,-248.89552391,294.37839295,-7.98251086,-29.46449556,2731.25945142,2731.43004083,0.88348193,0.0088348193,4.5985234420E-05,0.64035512,254.84132437,1,titanium_rigid,110000.0,0.3400,127.34636958,0.2921488619,0.8868690835,0.2884963023,0.2669638586,0.0426903411,0.7078925677,0.6454050056
case358,cases_floorfrontR_lhs_500\case358\case358.key,2000395,3367967,-2425.42925000,-569.90670000,293.57675000,-2425.28552400,-569.95078625,276.07739575,-41.71111377,12.79438940,5078.53518127,5078.72258553,1.22783857,0.0122783857,6.3908997517E-05,0.49221116,162.94722607,1,titanium_rigid,110000.0,0.3400,111.01965791,0.2790643710,0.1137725081,0.9661016095,0.9556771380,0.0328140771,0.4526311835,0.4849470885
case359,cases_floorfrontR_lhs_500\case359\case359.key,2000395,3377093,-2024.62825000,-299.91480000,305.55547500,-2021.68359081,-299.42011193,288.31209175,-727.77207246,-122.26208112,4261.69955512,4325.12234556,0.94123861,0.0094123861,4.8991469819E-05,9.82411049,189.53635805,0,aluminum_rigid,70000.0,0.3300,173.88338772,0.6533281072,0.7643811105,0.7485558574,0.3824772265,0.6549406995,0.5264898835,0.0878393545
case360,cases_floorfrontR_lhs_500\case360\case360.key,2000395,3372234,-2498.00875000,-231.76660000,314.35800000,-2498.05557831,-231.84608141,296.85824315,9.93885227,16.86915302,3714.15264194,3714.20424812,1.00200364,0.0100200364,5.2154289544E-05,0.30203418,59.49454931,1,titanium_rigid,110000.0,0.3400,111.33441994,0.2112904013,0.9286001302,0.5721989112,0.5040072831,0.0201356119,0.1652626370,0.3748873848
case361,cases_floorfrontR_lhs_500\case361\case361.key,2000395,3366238,-1809.65850000,-416.87505000,297.96990000,-1813.52292343,-418.15118318,280.94968509,1053.01610527,347.73332140,4637.83556797,4768.57212762,1.04748774,0.0104748774,5.4521736855E-05,13.44742814,18.27456758,2,steel_rigid,210000.0,0.3000,154.91173904,0.8540645869,0.4825380449,0.8765688426,0.5949754796,0.8964952096,0.0507626877,0.8112123749
case362,cases_floorfrontR_lhs_500\case362\case362.key,2000395,3367982,-2328.67775000,-496.23627500,290.88447500,-2324.96151584,-493.73809323,273.96706706,-921.12323572,-619.21105357,4193.22810570,4337.63210642,1.15116026,0.0115116026,5.9917891581E-05,14.82562968,213.91036585,2,steel_rigid,210000.0,0.3000,197.54772587,0.3694098988,0.2912986200,0.7521671160,0.8023205219,0.9883753120,0.5941954607,0.8522093115
case363,cases_floorfrontR_lhs_500\case363\case363.key,2000395,3373066,-1823.20550000,-327.69702500,297.91345000,-1826.20649305,-325.72654811,280.78565792,323.76723636,-212.58824866,1847.86096051,1888.01724468,0.91362998,0.0091362998,4.7554440711E-05,11.83815937,326.71076578,1,titanium_rigid,110000.0,0.3400,202.51287662,0.8414145416,0.6974333444,0.0450238863,0.3272599697,0.7892106244,0.9075299049,0.6465556682
case364,cases_floorfrontR_lhs_500\case364\case364.key,2000395,3372415,-2377.39125000,-272.79227500,310.81130000,-2377.50176034,-273.51649496,293.32664121,22.06357912,144.59175289,3490.84199822,3493.90489755,0.98838334,0.0098838334,5.1445352622E-05,2.39927585,81.32403390,0,aluminum_rigid,70000.0,0.3300,150.56575351,0.3239217475,0.8297391752,0.5086039368,0.4767666714,0.1599517235,0.2259000942,0.1591106264
case365,cases_floorfrontR_lhs_500\case365\case365.key,2000395,3371284,-2541.99250000,-269.75635000,319.43817500,-2544.27919692,-269.23914049,302.09592856,484.09111375,-109.49266061,3671.33366638,3704.72991445,0.96892590,0.0096892590,5.0432592994E-05,7.69901169,347.25517656,0,aluminum_rigid,70000.0,0.3300,146.37199417,0.1702188406,0.8370549463,0.5694639053,0.4378517961,0.5132674461,0.9645977127,0.0312544188
case366,cases_floorfrontR_lhs_500\case366\case366.key,2000395,3371285,-2537.19975000,-266.88020000,317.22080000,-2536.52675560,-264.70428263,299.86964839,-192.61701126,-622.76699491,4966.05464257,5008.65638231,0.96113529,0.0096113529,5.0027092089E-05,7.47823293,252.81356648,0,aluminum_rigid,70000.0,0.3300,143.71507931,0.1746942598,0.8439857021,0.9458752294,0.4222705894,0.4985488622,0.7022599069,0.0157254634
case367,cases_floorfrontR_lhs_500\case367\case367.key,2000395,3373708,-1722.26625000,-269.57487500,300.34417500,-1718.68368205,-272.06967242,283.39745872,-533.86340392,371.76714147,2525.34823521,2607.79689596,1.05736298,0.0105736298,5.5035742957E-05,14.44586229,145.14775498,2,steel_rigid,210000.0,0.3000,143.65681134,0.9356705460,0.8374922527,0.2528064709,0.6147259542,0.9630574863,0.4031882083,0.9424709680
case368,cases_floorfrontR_lhs_500\case368\case368.key,2000395,3367275,-2642.21875000,-582.12517500,300.25257500,-2645.89371939,-582.80937729,283.15647991,720.16472607,134.07958050,3350.23324397,3429.38439892,0.90388296,0.0090388296,4.7047107841E-05,12.33380378,10.54652308,2,steel_rigid,210000.0,0.3000,81.65669202,0.0766286280,0.0843292361,0.4899784645,0.3077659113,0.8222535853,0.0292958974,0.7454177379
case369,cases_floorfrontR_lhs_500\case369\case369.key,2000395,3376608,-1857.39950000,-389.42002500,292.16197500,-1859.93511157,-391.55129239,274.97830911,417.48317826,350.90874817,2829.25489397,2881.33864874,1.05149030,0.0105149030,5.4730070158E-05,10.91058408,40.04818845,1,titanium_rigid,110000.0,0.3400,205.92142309,0.8094845459,0.5486973461,0.3317712101,0.6029806017,0.7273722717,0.1112449679,0.5453280852
case370,cases_floorfrontR_lhs_500\case370\case370.key,2000395,3368930,-2006.30150000,-560.18330000,287.58625000,-2009.80359777,-560.13444717,270.44031974,355.33933666,-4.95683826,1739.70685340,1775.63243668,1.19486620,0.0119486620,6.2192785784E-05,11.54510750,359.20079917,0,aluminum_rigid,70000.0,0.3300,134.05075168,0.6704414326,0.1372033136,0.0125811716,0.8897324029,0.7696738335,0.9977799977,0.0245536033
case371,cases_floorfrontR_lhs_500\case371\case371.key,2000395,3369473,-1807.50850000,-529.24360000,295.52070000,-1810.98354738,-527.90308931,278.42166269,404.67183613,-156.10346073,1991.19553167,2037.88793381,0.84667435,0.0084667435,4.4069399850E-05,12.28862563,338.90571903,1,titanium_rigid,110000.0,0.3400,84.39540278,0.8560722342,0.2117597539,0.0882878479,0.1933486974,0.8192417087,0.9414047751,0.4598328409
case372,cases_floorfrontR_lhs_500\case372\case372.key,2000395,3371147,-2663.20600000,-207.02095000,319.28187500,-2666.21930835,-205.69168378,302.09458248,740.51992712,-326.66690957,4223.77371530,4300.62151675,0.75934295,0.0075934295,3.9523800705E-05,10.84767267,336.19619758,1,titanium_rigid,110000.0,0.3400,80.98557730,0.0570309558,0.9882305590,0.7414830740,0.0186859061,0.7231781780,0.9338783266,0.5624556737
case373,cases_floorfrontR_lhs_500\case373\case373.key,2000395,3370941,-2665.65700000,-300.48370000,314.31102500,-2668.93961095,-301.82186416,297.17382038,464.89974530,189.51748667,2427.05644747,2478.43734037,0.94996760,0.0094996760,4.9445813474E-05,11.68698902,22.17838253,2,steel_rigid,210000.0,0.3000,138.69299970,0.0547422379,0.7630102129,0.2154635664,0.3999351959,0.7791326012,0.0616066182,0.7003243628
case374,cases_floorfrontR_lhs_500\case374\case374.key,2000395,3366513,-2215.17175000,-462.01502500,289.80335000,-2211.00394403,-460.35375037,272.88828098,-1031.71140208,-411.23698769,4187.20777642,4332.00337490,1.01985451,0.0101985451,5.3083427423E-05,14.85552747,201.73207379,2,steel_rigid,210000.0,0.3000,231.80430198,0.4754006015,0.3737627222,0.7505422404,0.5397090268,0.9903684977,0.5603668716,0.8839011332
case375,cases_floorfrontR_lhs_500\case375\case375.key,2000395,3369496,-1887.21825000,-535.75145000,293.48675000,-1885.71068814,-535.27801656,276.05823549,-154.27255892,-48.44762272,1783.50328996,1790.81857816,1.23250985,0.0123250985,6.4152137645E-05,5.18054562,197.43433021,2,steel_rigid,210000.0,0.3000,81.65523684,0.7816401124,0.1960775679,0.0169650351,0.9650196982,0.3453697082,0.5484286950,0.9343380944
case376,cases_floorfrontR_lhs_500\case376\case376.key,2000395,3366470,-2271.59500000,-454.67820000,289.87065000,-2271.56669488,-455.28715668,272.38127121,-5.40059783,116.18851843,3336.96153116,3338.98805010,0.82424253,0.0082424253,4.2901823625E-05,1.99630778,92.66126904,1,titanium_rigid,110000.0,0.3400,238.88620288,0.4227131672,0.3914425172,0.4638832742,0.1484850576,0.1330871853,0.2573924140,0.5554615357
case377,cases_floorfrontR_lhs_500\case377\case377.key,2000395,3373013,-1843.63050000,-333.20637500,293.53715000,-1841.71779783,-332.85876325,276.14546416,-518.21691931,-94.18000072,4712.00693158,4741.35296843,0.81334227,0.0081334227,4.2334465055E-05,6.37801405,190.30043083,1,titanium_rigid,110000.0,0.3400,207.96362266,0.8223418925,0.6841572775,0.8687113445,0.1266845362,0.4252009366,0.5286123079,0.4018311331
case378,cases_floorfrontR_lhs_500\case378\case378.key,2000395,3365866,-2187.69100000,-403.03572500,299.00865000,-2187.40926562,-403.44603988,281.51572951,-42.43859113,61.80710174,2635.01708338,2636.08349291,1.15710035,0.0115710035,6.0227073134E-05,1.62980144,124.47464860,1,titanium_rigid,110000.0,0.3400,277.15288383,0.5010618353,0.5158871339,0.2609721119,0.8142006968,0.1086534296,0.3457629128,0.6043718148
case379,cases_floorfrontR_lhs_500\case379\case379.key,2000395,3370923,-2711.30275000,-323.06012500,308.19192500,-2708.02656611,-322.88386404,291.00223183,-954.84900575,-51.37153576,5009.96341632,5100.40283618,0.97456162,0.0097456162,5.0725932400E-05,10.80582941,183.07958349,2,steel_rigid,210000.0,0.3000,93.35129814,0.0121187192,0.7086070389,0.9723601617,0.4491232430,0.7203886275,0.5085543986,0.8441171415
case380,cases_floorfrontR_lhs_500\case380\case380.key,2000395,3372913,-1925.75425000,-285.95067500,305.60627500,-1926.71249414,-288.22023679,288.28054681,262.89270751,622.65054915,4753.28508075,4801.09626449,0.75587877,0.0075587877,3.9343489864E-05,8.09269620,67.10977565,0,aluminum_rigid,70000.0,0.3300,161.17275362,0.7456556031,0.7980309342,0.8859577566,0.0117575356,0.5395130802,0.1864160435,0.1245435895
case381,cases_floorfrontR_lhs_500\case381\case381.key,2000395,3376590,-1929.36750000,-389.94470000,292.28397500,-1930.66664220,-389.47033931,274.83871170,371.11553245,-135.50681269,4983.44844138,4999.08463647,1.02774350,0.0102774350,5.3494049134E-05,4.53284835,339.94115485,1,titanium_rigid,110000.0,0.3400,233.42444153,0.7422815884,0.5474330190,0.9431121031,0.5554869984,0.3021898902,0.9442809857,0.6095640268
case382,cases_floorfrontR_lhs_500\case382\case382.key,2000395,3368926,-2038.22900000,-559.03340000,287.90755000,-2037.18334646,-558.55236340,270.44544210,-217.37629263,-100.00057228,3630.12042850,3637.99764877,0.75363355,0.0075363355,3.9226626519E-05,3.77112834,204.70405694,2,steel_rigid,210000.0,0.3000,135.12169830,0.6406278707,0.1399742665,0.5501999506,0.0072671093,0.2514085560,0.5686223804,0.8971425518
case383,cases_floorfrontR_lhs_500\case383\case383.key,2000395,3377361,-2702.69200000,-451.27515000,301.05972500,-2704.93083821,-452.71973134,283.76374893,264.80796608,170.86390834,2045.75401368,2069.88579843,1.00039920,0.0100039920,5.2070778423E-05,8.75753738,32.83160627,1,titanium_rigid,110000.0,0.3400,102.46274130,0.0201593465,0.3996429618,0.0975248401,0.5007984024,0.5838358252,0.0911989063,0.3566283304
case384,cases_floorfrontR_lhs_500\case384\case384.key,2000395,3365923,-1962.72550000,-410.41372500,299.63682500,-1962.34921902,-411.10193614,282.15441161,-110.73278402,202.52827018,5144.76264193,5149.93806676,1.01562250,0.0101562250,5.2863151155E-05,2.56889295,118.66773156,1,titanium_rigid,110000.0,0.3400,226.42223092,0.7111322407,0.4981081180,0.9866597577,0.5312450012,0.1712595299,0.3296325877,0.6066216108
case385,cases_floorfrontR_lhs_500\case385\case385.key,2000395,3371343,-2576.77300000,-326.59162500,302.99032500,-2579.14910142,-323.59620102,285.91310107,332.12726364,-418.69507819,2387.02423055,2446.11912322,0.87118762,0.0087118762,4.5345315393E-05,12.61978719,308.42299053,0,aluminum_rigid,70000.0,0.3300,203.70638402,0.1377411774,0.7000970641,0.2061340964,0.2423752312,0.8413191461,0.8567305292,0.1339473612
case386,cases_floorfrontR_lhs_500\case386\case386.key,2000395,3368957,-2055.10325000,-575.70897500,287.22822500,-2053.80847886,-573.41754627,269.92727352,-340.15658280,-601.99408549,4545.22993089,4597.52308362,0.83323898,0.0083323898,4.3370088671E-05,8.64989013,240.53139284,0,aluminum_rigid,70000.0,0.3300,118.40255107,0.6248708744,0.0997905700,0.8271912138,0.1664779509,0.5766593421,0.6681427579,0.2937930615
case387,cases_floorfrontR_lhs_500\case387\case387.key,2000395,3377228,-1727.85850000,-219.06625000,303.94977500,-1727.58127993,-218.63691963,286.45723875,-55.59004709,-86.09223521,3507.72191529,3509.21859697,1.18163939,0.0118163939,6.1504330090E-05,1.67344937,237.14953267,0,aluminum_rigid,70000.0,0.3300,93.09684544,0.9304485621,0.9592045927,0.5130246231,0.8632787739,0.1115632912,0.6587487019,0.3311508982
case388,cases_floorfrontR_lhs_500\case388\case388.key,2000395,3371398,-2518.78050000,-314.80107500,310.22357500,-2519.36574034,-314.81582348,292.73336985,79.81074797,2.01128859,2385.18479080,2386.52053983,0.95394757,0.0095394757,4.9652970977E-05,1.91706896,1.44358955,1,titanium_rigid,110000.0,0.3400,192.77769681,0.1918939607,0.7285091507,0.1889294593,0.4078951384,0.1278045970,0.0040099710,0.4678361621
case389,cases_floorfrontR_lhs_500\case389\case389.key,2000395,3365958,-1818.48275000,-402.76562500,299.04352500,-1816.66316525,-406.81003505,282.11479620,-193.76040431,430.67327761,1802.67357269,1863.50599033,0.82634179,0.0082634179,4.3011089965E-05,14.68007705,114.22303538,0,aluminum_rigid,70000.0,0.3300,171.54059762,0.8458245956,0.5165380029,0.0379480934,0.1526835721,0.9786718036,0.3172862094,0.2623126133
case390,cases_floorfrontR_lhs_500\case390\case390.key,2000395,3372156,-2435.90975000,-249.08257500,312.56905000,-2434.09238421,-246.90186087,295.30082289,-506.45869734,-607.71565439,4812.26392475,4876.85378191,1.09891822,0.0109891822,5.7198693344E-05,9.33534592,230.19281617,0,aluminum_rigid,70000.0,0.3300,127.70121078,0.2692777909,0.8868732403,0.9078270783,0.6978364397,0.6223563947,0.6394244894,0.1932902702
case391,cases_floorfrontR_lhs_500\case391\case391.key,2000395,3366439,-2280.73025000,-439.91870000,290.17922500,-2280.58418281,-441.39826814,272.74249530,-23.20771527,235.07945575,2770.41443846,2780.46706677,1.12727978,0.0112727978,5.8674912532E-05,4.87359571,95.63813356,1,titanium_rigid,110000.0,0.3400,253.85716442,0.4141827673,0.4270089830,0.3026520790,0.7545595594,0.3249063806,0.2656614821,0.5138648582
case392,cases_floorfrontR_lhs_500\case392\case392.key,2000395,3366947,-2516.40800000,-382.75915000,296.24467500,-2517.73681877,-383.81010924,278.82687590,291.27687079,230.37010524,3817.97889904,3835.99732460,0.87880047,0.0087880047,4.5741564324E-05,5.55554982,38.34037890,2,steel_rigid,210000.0,0.3000,159.35745720,0.1941093762,0.5647482816,0.6073575603,0.2576009346,0.3703699877,0.1065010525,0.9238924957
case393,cases_floorfrontR_lhs_500\case393\case393.key,2000395,3369610,-1927.02100000,-516.70875000,295.90390000,-1929.41834248,-519.22785861,278.75289884,563.89482689,592.53624748,4034.20075839,4116.29109022,0.83912917,0.0083912917,4.3676673405E-05,11.46185746,46.41875909,1,titanium_rigid,110000.0,0.3400,116.17620050,0.7444727253,0.2419654054,0.6882714385,0.1782583441,0.7641238310,0.1289409975,0.6620910585
case394,cases_floorfrontR_lhs_500\case394\case394.key,2000395,3368521,-2278.69600000,-485.89947500,293.97225000,-2275.28156149,-485.59379113,276.81130110,-800.80059673,-71.69314128,4024.81932700,4104.33820697,0.82218874,0.0082218874,4.2794923888E-05,11.29678523,185.11587078,1,titanium_rigid,110000.0,0.3400,207.83167340,0.4160823285,0.3162075562,0.6848209367,0.1443774789,0.7531190154,0.5142107522,0.5420196606
case395,cases_floorfrontR_lhs_500\case395\case395.key,2000395,3365865,-2195.49400000,-410.65117500,299.44325000,-2195.18916182,-406.24102555,282.51080613,-40.44093135,-585.06632266,2246.31904038,2321.61308189,1.12132240,0.0112132240,5.8364830989E-05,14.63200365,266.04589275,0,aluminum_rigid,70000.0,0.3300,283.14157541,0.4937754764,0.4975359267,0.1701922814,0.7426448027,0.9754669100,0.7390163687,0.1166693318
case396,cases_floorfrontR_lhs_500\case396\case396.key,2000395,3377594,-2247.77375000,-577.57740000,287.32070000,-2245.80127655,-581.50177076,270.38084573,-427.44106546,850.42321826,3670.91854227,3792.30384576,0.80489407,0.0080489407,4.1894736425E-05,14.53564808,116.68508971,0,aluminum_rigid,70000.0,0.3300,116.12482044,0.4449571986,0.0952881632,0.5947443335,0.1097881431,0.9690432051,0.3241252492,0.1521682327
case397,cases_floorfrontR_lhs_500\case397\case397.key,2000395,2884856,-2645.11675000,-536.05457500,299.85205000,-2643.83467809,-538.06289461,282.51501035,-259.13658144,405.92814980,3504.21935065,3537.15743050,0.94773574,0.0094773574,4.9329645504E-05,7.82523096,122.55336372,2,steel_rigid,210000.0,0.3000,81.61002957,0.0739225062,0.1953471173,0.5210898734,0.3954714891,0.5216820639,0.3404260103,0.9671222594
case398,cases_floorfrontR_lhs_500\case398\case398.key,2000395,3371582,-2360.44150000,-288.44110000,308.75547500,-2362.34953250,-286.96066206,291.42291271,521.27223497,-404.45390468,4735.23563690,4780.97942277,0.92683613,0.0092683613,4.8241820638E-05,7.93217208,322.19219731,0,aluminum_rigid,70000.0,0.3300,165.97073507,0.3397492449,0.7920296730,0.8801505219,0.3536722627,0.5288114721,0.8949783259,0.2111806409
case399,cases_floorfrontR_lhs_500\case399\case399.key,2000395,3376915,-2083.04200000,-225.59002500,313.61907500,-2085.75368361,-228.51257932,296.57925551,614.08797841,661.84176740,3858.83819832,3963.05069500,1.24817810,0.0124817810,6.4967670093E-05,13.16858233,47.14338925,0,aluminum_rigid,70000.0,0.3300,101.65927068,0.5987819651,0.9434840317,0.6440347262,0.9963561995,0.8779054886,0.1309538590,0.3292021146
case400,cases_floorfrontR_lhs_500\case400\case400.key,2000395,3376417,-1985.17200000,-374.75060000,290.68937500,-1986.08951019,-376.47157686,273.29838844,121.04988805,227.05367109,2294.44533927,2308.82781078,1.22370037,0.0122370037,6.3693604510E-05,6.39859061,61.93643381,0,aluminum_rigid,70000.0,0.3300,250.21297513,0.6901719363,0.5840467551,0.1665014898,0.9474007497,0.4265727072,0.1720456495,0.2712503773
case401,cases_floorfrontR_lhs_500\case401\case401.key,2000395,3371051,-2628.55825000,-253.40962500,314.40150000,-2631.19314866,-250.32516657,297.37817996,288.25622544,-337.43777552,1862.34030587,1914.48878783,1.07651931,0.0107651931,5.6032830066E-05,13.40364198,310.50560938,1,titanium_rigid,110000.0,0.3400,128.53646556,0.0893846584,0.8764462017,0.0526655662,0.6530386192,0.8935761323,0.8625155816,0.5872733090
case402,cases_floorfrontR_lhs_500\case402\case402.key,2000395,3365990,-1690.06275000,-403.33167500,299.07790000,-1687.84760683,-404.73428439,281.77541961,-528.77257112,334.81419167,4130.24185013,4177.39137686,0.75233762,0.0075233762,3.9159173115E-05,8.61654277,147.65836506,0,aluminum_rigid,70000.0,0.3300,116.36890859,0.9657418338,0.5151739731,0.7059095802,0.0046752398,0.5744361849,0.4101621252,0.2698003294
case403,cases_floorfrontR_lhs_500\case403\case403.key,2000395,3367938,-2458.80875000,-585.95337500,294.92110000,-2459.22009777,-583.40517699,277.61250445,49.04630744,-303.82977931,2063.75907367,2086.58083698,1.03538271,0.0103538271,5.3891669953E-05,8.48186303,279.16997526,2,steel_rigid,210000.0,0.3000,82.01470943,0.2478949468,0.0751042933,0.1023442848,0.5707654161,0.5654575355,0.7754721535,0.9774101423
case404,cases_floorfrontR_lhs_500\case404\case404.key,2000395,3365953,-1842.33675000,-410.25335000,299.54207500,-1842.32008272,-410.30307440,282.04215358,-3.76311510,11.22670227,3951.10658111,3951.12432292,1.15595473,0.0115595473,6.0167443778E-05,0.17170242,108.53080538,0,aluminum_rigid,70000.0,0.3300,180.33308146,0.8235499826,0.4984945791,0.6405918775,0.8119094631,0.0114468278,0.3014744594,0.1733766557
case405,cases_floorfrontR_lhs_500\case405\case405.key,2000395,3368927,-2030.24000000,-559.15010000,287.87747500,-2030.12825598,-563.53441178,270.93594840,-16.93942098,664.62351470,2568.18801081,2652.84771880,0.83597176,0.0083597176,4.3512330126E-05,14.51381663,91.45999537,1,titanium_rigid,110000.0,0.3400,135.03071651,0.6480879144,0.1396930505,0.2658115293,0.1719435207,0.9675877751,0.2540555427,0.4236823757
case406,cases_floorfrontR_lhs_500\case406\case406.key,2000395,3377341,-2702.85675000,-426.26455000,301.03352500,-2704.44132420,-426.68580611,283.61050380,407.71093557,108.38919455,4482.94328488,4502.74992865,1.10863249,0.0110863249,5.7704321146E-05,5.37605233,14.88762380,0,aluminum_rigid,70000.0,0.3300,102.25886405,0.0200055047,0.4599118495,0.7998325477,0.7172649816,0.3584034888,0.0413545105,0.3171813830
case407,cases_floorfrontR_lhs_500\case407\case407.key,2000395,3366464,-2264.57600000,-439.87660000,290.31995000,-2264.88659908,-440.15072555,272.82485402,65.31196278,57.64240407,3678.82304174,3679.85424598,1.21401491,0.0121401491,6.3189475971E-05,1.35645318,41.43066978,1,titanium_rigid,110000.0,0.3400,253.74838557,0.4292674352,0.4271104328,0.5622829150,0.9280298164,0.0904302123,0.1150851938,0.4955836436
case408,cases_floorfrontR_lhs_500\case408\case408.key,2000395,3373449,-1871.33400000,-260.17205000,307.80492500,-1869.41131561,-256.30921402,290.84521442,-242.62479035,-487.45377915,2140.15688202,2208.33635467,0.99507110,0.0099507110,5.1793450775E-05,14.27432474,243.53867595,0,aluminum_rigid,70000.0,0.3300,135.08269448,0.7964726571,0.8601505578,0.1374920916,0.4901422008,0.9516216492,0.6764963221,0.0470293353
case409,cases_floorfrontR_lhs_500\case409\case409.key,2000395,3373120,-1817.64350000,-339.94390000,293.97435000,-1814.95773986,-342.17757553,276.82654005,-448.58504165,373.07629110,2864.08712362,2922.91113623,1.07123158,0.0107123158,5.5757603834E-05,11.51431756,140.25060023,1,titanium_rigid,110000.0,0.3400,214.54658841,0.8466082784,0.6679216359,0.3437721591,0.6424631637,0.7676211707,0.3895850006,0.4492466153
case410,cases_floorfrontR_lhs_500\case410\case410.key,2000395,3369601,-1926.53375000,-491.12567500,293.82207500,-1927.27149743,-492.47515532,276.38978796,141.09466974,258.08897753,3333.93608185,3346.88622813,1.04449662,0.0104449662,5.4366048924E-05,5.04190463,61.33501247,2,steel_rigid,210000.0,0.3000,138.04853153,0.7449277142,0.3036138055,0.4661632829,0.5889932344,0.3361269757,0.1703750346,0.8181866832
case411,cases_floorfrontR_lhs_500\case411\case411.key,2000395,3372432,-2360.32800000,-280.48785000,310.01720000,-2363.97316925,-278.14942856,293.06153645,886.26167553,-568.54789428,4122.48478448,4254.83104998,0.77448560,0.0077448560,4.0311975584E-05,14.32796514,327.31932304,2,steel_rigid,210000.0,0.3000,158.01730315,0.3398552300,0.8111948882,0.7282644987,0.0489712040,0.9551976762,0.9092203418,0.7360903375
case412,cases_floorfrontR_lhs_500\case412\case412.key,2000395,3367092,-2273.25625000,-341.98950000,290.78610000,-2274.26254812,-342.80907632,273.33429039,179.70248870,146.35812316,3116.50548139,3125.11121405,0.96981798,0.0096981798,5.0479025841E-05,4.25303080,39.16098461,0,aluminum_rigid,70000.0,0.3300,218.01081351,0.4211619095,0.6629922845,0.4021423210,0.4396359593,0.2835353869,0.1087805128,0.0969295821
case413,cases_floorfrontR_lhs_500\case413\case413.key,2000395,3368463,-2231.74625000,-520.70147500,298.90750000,-2230.67770345,-520.76236116,281.44025920,-272.00184247,15.49876064,4446.34039156,4454.67934777,1.19567913,0.0119567913,6.2235098847E-05,3.50633191,176.73879274,1,titanium_rigid,110000.0,0.3400,173.09153403,0.4599235086,0.2323440011,0.7859557599,0.8913582650,0.2337554608,0.4909410909,0.5162126354
case414,cases_floorfrontR_lhs_500\case414\case414.key,2000395,3370920,-2690.11700000,-300.59222500,314.92820000,-2691.18866832,-304.22439378,297.84285900,175.90305053,596.18219515,2804.37851562,2872.44041746,1.07362989,0.0107362989,5.5882435609E-05,12.49756629,73.56135012,0,aluminum_rigid,70000.0,0.3300,114.24533377,0.0319017485,0.7627486966,0.3292025107,0.6472597736,0.8331710861,0.2043370837,0.0526679640
case415,cases_floorfrontR_lhs_500\case415\case415.key,2000395,3372328,-2427.96225000,-232.18842500,312.40100000,-2427.79081863,-229.42820302,295.12090203,-30.43380168,-490.01561268,3067.69449960,3106.73318130,0.81877828,0.0081877828,4.2617409623E-05,9.09262014,266.44604897,2,steel_rigid,210000.0,0.3000,110.69084339,0.2766990824,0.9275836443,0.3968370374,0.1375565657,0.6061746759,0.7401279138,0.9326723930
case416,cases_floorfrontR_lhs_500\case416\case416.key,2000395,3368677,-2022.10200000,-470.64372500,290.36717500,-2022.70461950,-473.54369030,273.11965196,129.58224457,623.58421926,3708.76271518,3763.05324359,0.76469483,0.0076469483,3.9802366047E-05,9.74435302,78.26087364,0,aluminum_rigid,70000.0,0.3300,212.49668581,0.6556870928,0.3529698523,0.5863004081,0.0293896656,0.6496235348,0.2173913157,0.1415374734
case417,cases_floorfrontR_lhs_500\case417\case417.key,2000395,3369156,-1966.66775000,-609.70872500,289.61517500,-1969.00940279,-612.08412521,272.43599760,521.59249821,529.10958126,3826.58354823,3898.04532230,1.09324294,0.0109324294,5.6903295027E-05,10.98795341,45.40990666,0,aluminum_rigid,70000.0,0.3300,84.35295985,0.7074510093,0.0178602239,0.6252692827,0.6864858800,0.7325302276,0.1261386296,0.2851714427
case418,cases_floorfrontR_lhs_500\case418\case418.key,2000395,3365654,-2507.84425000,-352.26167500,296.08020000,-2503.56905663,-352.46528696,279.11166253,-1103.33739280,52.54796072,4379.22223661,4516.38152598,0.75484107,0.0075484107,3.9289477875E-05,14.15664054,177.27327011,2,steel_rigid,210000.0,0.3000,190.98867729,0.2021061154,0.6382390774,0.8037676528,0.0096821470,0.9437760357,0.4924257503,0.8819371274
case419,cases_floorfrontR_lhs_500\case419\case419.key,2000395,3366101,-2346.79600000,-425.37677500,293.46852500,-2345.52509641,-425.38597781,276.01473689,-162.82763912,1.17906078,2236.17206133,2242.09270953,1.06598559,0.0106598559,5.5484549732E-05,4.16477066,179.58511942,2,steel_rigid,210000.0,0.3000,225.35396624,0.3524912685,0.4620511509,0.1472367165,0.6319711713,0.2776513770,0.4988475539,0.7964847824
case420,cases_floorfrontR_lhs_500\case420\case420.key,2000395,3367212,-2653.93150000,-551.24240000,299.85520000,-2655.93030847,-551.04855119,282.47080506,246.31614922,-23.88827800,2142.30491720,2156.55110151,1.19282909,0.0119282909,6.2086753941E-05,6.58940805,354.46065370,2,steel_rigid,210000.0,0.3000,88.61794543,0.0656913859,0.1587485024,0.1225429698,0.8856581726,0.4392938701,0.9846129270,0.9254115393
case421,cases_floorfrontR_lhs_500\case421\case421.key,2000395,3371631,-2329.02925000,-312.07355000,300.63447500,-2329.61091227,-311.93340692,283.14470574,58.93762873,-14.20016605,1772.17188025,1773.20852185,1.21576912,0.0121576912,6.3280782908E-05,1.95926509,346.45359742,2,steel_rigid,210000.0,0.3000,189.50686502,0.3690816718,0.7350817599,0.0118814474,0.9315382481,0.1306176729,0.9623711040,0.7046173922
case422,cases_floorfrontR_lhs_500\case422\case422.key,2000395,3368600,-2131.50325000,-480.08887500,291.82282500,-2134.33162440,-479.96282303,274.55336035,654.69471192,-29.17773553,3997.42947559,4050.79238154,1.20271256,0.0120271256,6.2601188717E-05,9.31033467,357.44819140,1,titanium_rigid,110000.0,0.3400,213.86798792,0.5535293622,0.3302095553,0.6693635812,0.9054251188,0.6206889781,0.9929116428,0.5773765984
case423,cases_floorfrontR_lhs_500\case423\case423.key,2000395,3372166,-2427.96150000,-257.19415000,312.32850000,-2427.90245478,-257.19892046,294.82860026,-9.60071861,0.77567409,2845.47333435,2845.48963660,0.98769855,0.0098769855,5.1409709622E-05,0.19394698,175.38091582,1,titanium_rigid,110000.0,0.3400,135.69495411,0.2766997827,0.8673265040,0.3214224868,0.4753971036,0.0129297989,0.4871692106,0.5259793226
case424,cases_floorfrontR_lhs_500\case424\case424.key,2000395,3365849,-2259.69475000,-410.54255000,299.42937500,-2260.49017799,-410.46058039,281.94765382,86.73405477,-8.93802681,1906.21977576,1908.21291215,1.05566012,0.0105566012,5.4947109118E-05,2.61897006,354.11638381,1,titanium_rigid,110000.0,0.3400,283.21624401,0.4338254948,0.4977976841,0.0508538761,0.6113202351,0.1745980037,0.9836566217,0.4187831558
case425,cases_floorfrontR_lhs_500\case425\case425.key,2000395,3368310,-2264.60175000,-607.55310000,291.38907500,-2263.76904259,-605.67590055,274.00998640,-179.42486152,-404.48330960,3744.70133188,3770.75431362,1.13136517,0.0113136517,5.8887557332E-05,6.73911085,246.07839177,1,titanium_rigid,110000.0,0.3400,86.19513363,0.4292433901,0.0230547063,0.5885235165,0.7627303490,0.4492740566,0.6835510883,0.6321836041
case426,cases_floorfrontR_lhs_500\case426\case426.key,2000395,3368271,-2158.46250000,-601.48957500,293.15110000,-2158.63126093,-601.45725280,275.65194359,41.42336659,-7.93367488,4295.27116375,4295.47822817,0.80836490,0.0080836490,4.2075393093E-05,0.56258267,349.15763868,1,titanium_rigid,110000.0,0.3400,92.47282028,0.5283550996,0.0376661873,0.7399983338,0.1167298018,0.0375055112,0.9698823297,0.6122996457
case427,cases_floorfrontR_lhs_500\case427\case427.key,2000395,3367011,-2412.44375000,-367.33790000,293.10702500,-2411.56923305,-366.89257734,275.63456359,-199.60315793,-101.64217902,3987.98269760,3994.26821202,1.01687238,0.0101687238,5.2928207303E-05,3.21474404,206.98616342,0,aluminum_rigid,70000.0,0.3300,216.65886423,0.2911900936,0.6019093887,0.6530464513,0.5337447571,0.2143162694,0.5749615650,0.0911570546
case428,cases_floorfrontR_lhs_500\case428\case428.key,2000395,3366907,-2564.81750000,-355.50665000,297.70165000,-2564.63496405,-355.82377521,280.20547578,-27.81501071,48.32385741,2666.08459909,2666.66757574,0.90804402,0.0090804402,4.7263691239E-05,1.19808239,119.92455116,2,steel_rigid,210000.0,0.3000,183.51377569,0.1489050969,0.6304195515,0.2698009803,0.3160880399,0.0798721592,0.3331237532,0.6791474549
case429,cases_floorfrontR_lhs_500\case429\case429.key,2000395,3371054,-2613.69825000,-252.60610000,314.32300000,-2609.98137965,-251.28182628,297.27362541,-1041.58768108,-371.10446880,4777.78799406,4904.06785642,1.24464929,0.0124464929,6.4783995447E-05,13.03055159,199.61033800,1,titanium_rigid,110000.0,0.3400,129.12435354,0.1032607693,0.8783824831,0.9156831086,0.9892985763,0.8687034396,0.5544731611,0.4601501921
case430,cases_floorfrontR_lhs_500\case430\case430.key,2000395,3372229,-2521.29250000,-221.65810000,314.85865000,-2524.10904989,-224.91149589,297.89597150,546.96459097,631.79862650,3294.09556308,3398.44160564,1.09706631,0.0109706631,5.7102301395E-05,14.23486137,49.11640458,1,titanium_rigid,110000.0,0.3400,100.22270693,0.1895482817,0.9529589242,0.4810460453,0.6941326185,0.9489907581,0.1364344572,0.5288544265
case431,cases_floorfrontR_lhs_500\case431\case431.key,2000395,3368056,-2329.06825000,-528.64937500,290.73225000,-2329.62381114,-529.90046407,273.28587135,68.32644015,153.86688412,2145.66651773,2152.26121225,0.76235884,0.0076235884,3.9680777433E-05,4.48640460,66.05581045,2,steel_rigid,210000.0,0.3000,165.15604092,0.3690452540,0.2131916779,0.1213045848,0.0247176727,0.2990936400,0.1834883624,0.6944071494
case432,cases_floorfrontR_lhs_500\case432\case432.key,2000395,3376089,-1872.37775000,-361.92762500,290.47520000,-1874.54142816,-358.86693190,273.38132231,216.57575652,-306.36345769,1711.03057505,1751.68183620,0.79871404,0.0079871404,4.1573065885E-05,12.36774476,305.25741678,0,aluminum_rigid,70000.0,0.3300,236.58782905,0.7954980144,0.6149467111,0.0056672256,0.0974280840,0.8245163177,0.8479372688,0.1626851435
case433,cases_floorfrontR_lhs_500\case433\case433.key,2000395,3377213,-1751.04225000,-217.00497500,304.59157500,-1753.58695667,-218.21628967,287.32000342,475.02314808,226.11741963,3224.10295241,3266.74393340,0.97178447,0.0097178447,5.0581381737E-05,9.26759865,25.45507766,2,steel_rigid,210000.0,0.3000,90.96643155,0.9087998215,0.9641717167,0.4430281843,0.4435689428,0.6178399100,0.0707085491,0.7110385431
case434,cases_floorfrontR_lhs_500\case434\case434.key,2000395,3366727,-1756.82525000,-470.16465000,290.49427500,-1755.63080049,-469.92166144,273.03677670,-204.94022309,-41.69128007,2995.30750688,3002.59982659,0.99676517,0.0099676517,5.1881626941E-05,3.99401497,191.49885110,0,aluminum_rigid,70000.0,0.3300,80.98441443,0.9033997172,0.3541242955,0.3667763132,0.4935303340,0.2662676649,0.5319412531,0.3273303849
case435,cases_floorfrontR_lhs_500\case435\case435.key,2000395,3376907,-2091.03925000,-225.22790000,313.91500000,-2090.57077370,-226.00196879,296.43840572,-124.89057261,206.35813302,4659.06569414,4665.30540013,0.98536943,0.0098536943,5.1288478988E-05,2.96365790,121.18286071,1,titanium_rigid,110000.0,0.3400,101.31339365,0.5913142176,0.9443566565,0.8467582922,0.4707388660,0.1975771933,0.3366190575,0.5642237147
case436,cases_floorfrontR_lhs_500\case436\case436.key,2000395,3367090,-2315.62900000,-373.33855000,290.55020000,-2316.48935126,-375.21652635,273.17254191,198.80570945,433.95347513,4015.54317377,4043.81333756,0.81150781,0.0081150781,4.2238981309E-05,6.77890549,65.38621597,2,steel_rigid,210000.0,0.3000,250.64658327,0.3815946836,0.5874494197,0.6673489038,0.1230156123,0.4519270324,0.1816283777,0.6670426705
case437,cases_floorfrontR_lhs_500\case437\case437.key,2000395,3376340,-2069.85850000,-351.45875000,290.41192500,-2071.35037482,-351.56328532,272.97594548,228.73595833,16.02747568,2673.30437818,2683.12007130,0.83244500,0.0083244500,4.3328762003E-05,4.90242039,4.00815088,1,titanium_rigid,110000.0,0.3400,225.77529002,0.6110925780,0.6401739129,0.2745504089,0.1648899905,0.3268280260,0.0111337524,0.4404453279
case438,cases_floorfrontR_lhs_500\case438\case438.key,2000395,3369413,-1911.85975000,-548.70737500,291.99315000,-1910.03185676,-549.30378818,274.59909649,-439.90558687,143.53436240,4186.09859595,4211.59595564,0.81727561,0.0081727561,4.2539195578E-05,6.30784821,161.92929951,0,aluminum_rigid,70000.0,0.3300,81.25605029,0.7586301402,0.1648572377,0.7157835962,0.1345512230,0.4205232137,0.4498036098,0.2571367093
case439,cases_floorfrontR_lhs_500\case439\case439.key,2000395,3369007,-2007.80600000,-605.93432500,289.41135000,-2007.27858579,-605.54826168,271.92356028,-125.50196024,-91.86651200,4161.34390237,4164.24942479,1.24909499,0.0124909499,6.5015394071E-05,2.14045762,216.20385338,0,aluminum_rigid,70000.0,0.3300,88.30869198,0.6690365464,0.0269555231,0.7021158237,0.9981899739,0.1426971746,0.6005662594,0.0895332870
case440,cases_floorfrontR_lhs_500\case440\case440.key,2000395,3367909,-2376.86325000,-506.16167500,291.98857500,-2380.47169586,-506.96459949,274.88347545,1058.15046212,235.45175772,5015.94583433,5131.74751363,0.97895508,0.0097895508,5.0954611789E-05,12.19501952,12.54465849,0,aluminum_rigid,70000.0,0.3300,164.96376931,0.3244147883,0.2673810483,0.9814085949,0.4579101552,0.8130013014,0.0348462736,0.3133176356
case441,cases_floorfrontR_lhs_500\case441\case441.key,2000395,3372759,-1952.54175000,-208.17567500,309.73595000,-1952.49924321,-207.94149758,292.23756853,-11.37440765,-62.66362533,4682.39853584,4682.83163861,1.04163976,0.0104163976,5.4217349341E-05,0.77925964,259.71195216,2,steel_rigid,210000.0,0.3000,83.45149439,0.7206417188,0.9854479791,0.8518176838,0.5832795136,0.0519506427,0.7214220893,0.7623293789
case442,cases_floorfrontR_lhs_500\case442\case442.key,2000395,3367087,-2290.11550000,-349.95300000,289.96097500,-2288.79360649,-348.39890861,272.58031340,-171.51741276,-201.64539042,2255.16357912,2270.64789322,0.81587744,0.0081587744,4.2466420608E-05,6.69508089,229.61586694,0,aluminum_rigid,70000.0,0.3300,226.36934685,0.4054189201,0.6438023695,0.1554798918,0.1317548745,0.4463387260,0.6378218526,0.0683735956
case443,cases_floorfrontR_lhs_500\case443\case443.key,2000395,3366726,-1764.89325000,-470.17275000,290.51445000,-1765.41371817,-471.22385599,273.05380027,108.54445626,219.20981059,3641.44601604,3649.65257631,1.12509117,0.0112509117,5.8560995364E-05,3.84303078,63.65711679,0,aluminum_rigid,70000.0,0.3300,85.46611718,0.8958659041,0.3541047767,0.5535644399,0.7501823387,0.2562020517,0.1768253244,0.0938952433
case444,cases_floorfrontR_lhs_500\case444\case444.key,2000395,3368204,-2223.80200000,-550.71220000,292.79075000,-2222.35946834,-548.36436152,275.50906152,-255.75450907,-416.26141890,3063.96723427,3102.67290420,0.91779036,0.0091779036,4.7770988219E-05,9.05960885,238.43308521,0,aluminum_rigid,70000.0,0.3300,143.12905544,0.4673417653,0.1600261432,0.3956649358,0.3355807193,0.6039739236,0.6623141256,0.1552860890
case445,cases_floorfrontR_lhs_500\case445\case445.key,2000395,3371013,-2629.23550000,-291.93932500,314.28685000,-2628.81231050,-293.12538153,296.83221793,-108.20568638,303.26381311,4462.98985584,4474.59002191,1.23541524,0.0123541524,6.4303363288E-05,4.12654872,109.63659415,2,steel_rigid,210000.0,0.3000,157.83460640,0.0887522496,0.7835998820,0.7917034791,0.9708304818,0.2751032483,0.3045460949,0.8501179572
case446,cases_floorfrontR_lhs_500\case446\case446.key,2000395,3366772,-1711.20375000,-433.51840000,290.60687500,-1710.97278096,-435.37926113,273.20762648,-50.89972199,410.08661703,3834.35326888,3856.55634028,1.24651065,0.0124651065,6.4880879432E-05,6.15110158,97.07533490,1,titanium_rigid,110000.0,0.3400,105.77942649,0.9460005916,0.4424320021,0.6132924397,0.9930213038,0.4100734387,0.2696537080,0.3457447834
case447,cases_floorfrontR_lhs_500\case447\case447.key,2000395,3371585,-2386.87900000,-312.71830000,301.60777500,-2387.66936830,-310.33406871,284.28897715,148.34081145,-447.48607159,3250.49035757,3284.49940559,0.86263081,0.0086263081,4.4899933868E-05,8.25231365,288.34026410,2,steel_rigid,210000.0,0.3000,190.61904845,0.3150621869,0.7335280840,0.4481537501,0.2252616280,0.5501542432,0.8009451781,0.8256748612
case448,cases_floorfrontR_lhs_500\case448\case448.key,2000395,3372563,-2340.51550000,-203.43240000,310.30197500,-2337.59569304,-203.97371381,293.05576653,-321.80037090,59.65976093,1900.75452087,1928.72561926,0.96379049,0.0096379049,5.0165295038E-05,9.76974944,169.49697261,0,aluminum_rigid,70000.0,0.3300,80.76456665,0.3583559330,0.9968780092,0.0567753873,0.4275809813,0.6513166291,0.4708249239,0.0645138172
case449,cases_floorfrontR_lhs_500\case449\case449.key,2000395,3366879,-2626.99650000,-363.37867500,299.65455000,-2624.69710412,-360.92788555,282.48025497,-508.22411267,-541.68588587,3795.94958968,3867.93855110,0.76698202,0.0076698202,3.9921414037E-05,11.07150580,226.82546088,1,titanium_rigid,110000.0,0.3400,177.94744305,0.0908430041,0.6114500669,0.6165782024,0.0339640360,0.7381003866,0.6300707247,0.5784507839
case450,cases_floorfrontR_lhs_500\case450\case450.key,2000395,3375973,-2196.46700000,-381.88280000,290.47032500,-2198.69875137,-380.47138322,273.17069528,291.05407448,-184.07005807,2256.13291282,2282.26422240,1.06630573,0.0106630573,5.5501213382E-05,8.67861672,327.68969030,1,titanium_rigid,110000.0,0.3400,256.04469487,0.4928668993,0.5668600518,0.1588332388,0.6326114652,0.5785744482,0.9102491397,0.3661043010
case451,cases_floorfrontR_lhs_500\case451\case451.key,2000395,3370905,-2712.48575000,-293.30607500,318.15240000,-2712.44945030,-293.32963686,300.65245351,-7.21410636,4.68262092,3477.89313348,3477.90376781,1.09283367,0.0109283367,5.6881992460E-05,0.14168834,147.01270798,0,aluminum_rigid,70000.0,0.3300,91.89878952,0.0110140463,0.7803063784,0.5039848064,0.6856673375,0.0094458894,0.4083686333,0.2838796548
case452,cases_floorfrontR_lhs_500\case452\case452.key,2000395,3368295,-2219.78150000,-608.14240000,291.38212500,-2219.17135055,-610.37254319,274.03553516,-160.93658291,588.23559747,4575.43788565,4615.90224629,1.11255824,0.0111255824,5.7908656525E-05,7.59212665,105.30122640,1,titanium_rigid,110000.0,0.3400,85.69917914,0.4710960657,0.0216346501,0.8324968235,0.7251164851,0.5061417764,0.2925034067,0.3622917213
case453,cases_floorfrontR_lhs_500\case453\case453.key,2000395,3367291,-2632.19925000,-605.17645000,299.91052500,-2632.82775436,-600.75275317,282.99054011,97.67412496,-687.47449553,2629.48807523,2719.62662042,0.82570801,0.0082570801,4.2978101876E-05,14.79262091,278.08627723,1,titanium_rigid,110000.0,0.3400,81.78177859,0.0859847311,0.0287818001,0.2850889467,0.1514160183,0.9861747277,0.7724618812,0.3354215399
case454,cases_floorfrontR_lhs_500\case454\case454.key,2000395,3377345,-2694.41650000,-426.36187500,300.70885000,-2691.85905291,-428.05376659,283.47960256,-584.77723267,386.86222878,3939.58165205,4001.49102075,0.96696445,0.0096696445,5.0330499773E-05,10.09174864,146.51317706,2,steel_rigid,210000.0,0.3000,110.69691634,0.0278869209,0.4596773222,0.6551314976,0.4339289058,0.6727832424,0.4069810474,0.8407410314
case455,cases_floorfrontR_lhs_500\case455\case455.key,2000395,3081224,-2686.85350000,-590.79052500,302.06585000,-2686.86964207,-592.23223178,284.62534482,4.78194038,427.09243649,5166.59000742,5184.21480275,0.86037654,0.0086037654,4.4782598878E-05,4.72586481,89.35851462,2,steel_rigid,210000.0,0.3000,106.39776192,0.0349491703,0.0634480495,0.9965546037,0.2207530789,0.3150576539,0.2482180962,0.7525979253
case456,cases_floorfrontR_lhs_500\case456\case456.key,2000395,3377036,-2114.76200000,-320.75977500,298.70580000,-2115.03167496,-321.10066875,281.21119892,34.70824371,43.87438628,2251.62501785,2252.31988069,0.98027623,0.0098027623,5.1023377790E-05,1.42325692,51.65310802,0,aluminum_rigid,70000.0,0.3300,196.73862215,0.5691621644,0.7141502700,0.1501890479,0.4605524607,0.0948837949,0.1434808556,0.2192683087
case457,cases_floorfrontR_lhs_500\case457\case457.key,2000395,3368635,-2136.94050000,-531.91167500,296.58345000,-2137.53120152,-531.91341389,279.09342231,95.11961019,0.28001024,2816.38790769,2817.99373052,1.16789613,0.0116789613,6.0788993450E-05,1.93435891,0.16866510,0,aluminum_rigid,70000.0,0.3300,162.03308429,0.5484521156,0.2053304034,0.3134850987,0.8357922555,0.1289572606,0.0004685142,0.2492309670
case458,cases_floorfrontR_lhs_500\case458\case458.key,2000395,3368261,-2121.81450000,-587.01967500,291.60462500,-2122.25352931,-587.77345462,274.12637939,83.09074114,142.66042292,3307.93490804,3312.05214683,0.75034083,0.0075034083,3.9055240197E-05,2.85717654,59.78188559,1,titanium_rigid,110000.0,0.3400,106.98479366,0.5625766145,0.0725347941,0.4561075451,0.0006816598,0.1904784359,0.1660607933,0.5908454703
case459,cases_floorfrontR_lhs_500\case459\case459.key,2000395,3369485,-1840.29650000,-525.63287500,296.92160000,-1839.59408066,-521.47194872,279.93798144,-135.40870825,-802.12149441,3274.01270073,3373.55799929,0.99126851,0.0099126851,5.1595525716E-05,13.95332318,260.41805545,2,steel_rigid,210000.0,0.3000,88.31239771,0.8254551465,0.2204606399,0.4738627636,0.4825370112,0.9302215457,0.7233834874,0.8073747783
case460,cases_floorfrontR_lhs_500\case460\case460.key,2000395,3367407,-2608.34450000,-476.57462500,300.00140000,-2609.31056027,-477.01230269,282.53356768,223.79177313,101.38980947,4046.49407769,4053.94585212,1.09131157,0.0109131157,5.6802767101E-05,3.47452192,24.37310443,0,aluminum_rigid,70000.0,0.3300,81.57328875,0.1082600445,0.3386779622,0.6702739101,0.6826231355,0.2316347948,0.0677030679,0.2179023482
case461,cases_floorfrontR_lhs_500\case461\case461.key,2000395,3366815,-1675.63275000,-463.04060000,290.39905000,-1678.31936439,-463.80930773,273.12359945,373.61327993,106.90012578,2402.40570706,2433.63261425,1.02629500,0.0102629500,5.3418654955E-05,9.18840412,15.96715341,1,titanium_rigid,110000.0,0.3400,81.86936029,0.9792164153,0.3712913595,0.2025295500,0.5525900079,0.6125602750,0.0443532039,0.3484645501
case462,cases_floorfrontR_lhs_500\case462\case462.key,2000395,3372238,-2513.36175000,-202.45837500,314.40965000,-2509.29811937,-204.28943078,297.48676192,-900.26979298,405.65798320,3749.15102648,3877.00625726,1.02176235,0.0102176235,5.3182730160E-05,14.75534672,155.74386245,1,titanium_rigid,110000.0,0.3400,82.80121163,0.1969539322,0.9992251501,0.6191958250,0.5435246939,0.9836897812,0.4326218401,0.6652714527
case463,cases_floorfrontR_lhs_500\case463\case463.key,2000395,3368258,-2127.78800000,-595.08712500,292.51132500,-2129.04891665,-593.54609681,275.12497054,180.73953492,-220.89066664,2492.15650162,2508.44643049,1.16214048,0.0116214048,6.0489411969E-05,6.53326262,309.29108606,1,titanium_rigid,110000.0,0.3400,98.91895144,0.5569986234,0.0530943873,0.2241264486,0.8242809594,0.4355508413,0.8591419057,0.5595651724
case464,cases_floorfrontR_lhs_500\case464\case464.key,2000395,3366902,-2604.38000000,-380.02370000,298.87612500,-2605.76505115,-379.68569443,281.43429638,270.10221218,-65.91529260,3401.37366109,3412.71780451,0.82338000,0.0082338000,4.2856928924E-05,4.67297730,346.28569045,0,aluminum_rigid,70000.0,0.3300,167.16857070,0.1119620527,0.5713399879,0.4851672309,0.1467599971,0.3115318198,0.9619046957,0.3019412574
case465,cases_floorfrontR_lhs_500\case465\case465.key,2000395,3366527,-2175.53725000,-454.73317500,290.11117500,-2175.85847443,-452.19032515,272.79988592,59.65387101,-472.22696626,3214.84082877,3249.88591281,1.11503666,0.0111503666,5.8037658387E-05,8.42186289,277.19972913,1,titanium_rigid,110000.0,0.3400,239.19542450,0.5124108786,0.3913100421,0.4381616907,0.7300733290,0.5614575258,0.7699992476,0.5113387928
case466,cases_floorfrontR_lhs_500\case466\case466.key,2000395,3370919,-2682.30300000,-293.38355000,317.09747500,-2681.65343922,-297.29124091,300.05171240,-65.29220077,392.79117196,1713.39679356,1759.05558423,0.95882196,0.0095882196,4.9906683228E-05,13.08289777,99.43776805,2,steel_rigid,210000.0,0.3000,122.06432392,0.0391983791,0.7801196842,0.0077958443,0.4176439281,0.8721931847,0.2762160224,0.7859469893
case467,cases_floorfrontR_lhs_500\case467\case467.key,2000395,3367225,-2645.02000000,-544.18672500,299.85350000,-2645.01474093,-545.22278427,282.38419682,-1.44647858,284.96248482,4804.83711753,4813.28011195,1.10488092,0.0110488092,5.7509052113E-05,3.39413269,90.29083269,1,titanium_rigid,110000.0,0.3400,80.19628242,0.0740128503,0.1757508008,0.8894749320,0.7097618487,0.2262755127,0.2508078686,0.4627187689
case468,cases_floorfrontR_lhs_500\case468\case468.key,2000395,3371759,-2198.76750000,-318.95652500,299.13307500,-2199.07953477,-315.28493555,282.02541399,90.46216216,-1064.43240923,4959.69091676,5073.43411767,0.83814312,0.0083814312,4.3625349421E-05,12.15525518,274.85768307,0,aluminum_rigid,70000.0,0.3300,193.12478089,0.4907187167,0.7184956225,0.9645749596,0.1762862410,0.8103503450,0.7634935641,0.0000324019
case469,cases_floorfrontR_lhs_500\case469\case469.key,2000395,3367990,-2450.71900000,-599.90380000,294.35837500,-2448.26414351,-598.44925524,277.09257125,-485.01130147,-287.37755165,3411.24216359,3457.51282260,1.08467329,0.0108467329,5.6457244561E-05,9.38413182,210.64747202,1,titanium_rigid,110000.0,0.3400,94.55688538,0.2554490698,0.0414874829,0.4980984448,0.6693465730,0.6256087879,0.5851318667,0.3865202649
case470,cases_floorfrontR_lhs_500\case470\case470.key,2000395,3368594,-2295.50000000,-508.97857500,295.89802500,-2295.66197886,-506.29454530,278.60583753,30.15786786,-499.72330127,3219.52808314,3258.21944518,0.85823598,0.0085823598,4.4671182646E-05,8.83863466,273.45356203,0,aluminum_rigid,70000.0,0.3300,184.89068141,0.4003909309,0.2605930692,0.4405673754,0.2164719557,0.5892423109,0.7595932278,0.0426003211
case471,cases_floorfrontR_lhs_500\case471\case471.key,2000395,3366283,-1689.24800000,-418.16420000,296.74615000,-1690.22266765,-421.12874957,279.52664162,108.06898412,328.70267292,1909.26084894,1940.36113696,1.00927522,0.0100927522,5.2532775001E-05,10.27212605,71.80046498,2,steel_rigid,210000.0,0.3000,115.91187814,0.9665026388,0.4794315366,0.0601342735,0.5185504323,0.6848084034,0.1994457360,0.8642461159
case472,cases_floorfrontR_lhs_500\case472\case472.key,2000395,3376463,-2444.48475000,-397.11470000,300.12505000,-2444.27017881,-394.40248520,282.83783362,-59.64317294,-753.89943022,4805.23245886,4864.37875197,1.13642083,0.0113642083,5.9150704173E-05,8.94393717,265.47658595,1,titanium_rigid,110000.0,0.3400,173.75679846,0.2612705466,0.5301552278,0.9042258457,0.7728416589,0.5962624783,0.7374349610,0.4994216213
case473,cases_floorfrontR_lhs_500\case473\case473.key,2000395,3377485,-2673.02250000,-401.46742500,300.24752500,-2673.36890438,-400.89602223,282.76028671,48.56301572,-80.10591923,2451.56547933,2453.35456553,1.13792458,0.0113792458,5.9228974437E-05,2.18826292,301.22571198,2,steel_rigid,210000.0,0.3000,132.02650885,0.0478644119,0.5196663193,0.2082227896,0.7758491618,0.1458841943,0.8367380888,0.9284908917
case474,cases_floorfrontR_lhs_500\case474\case474.key,2000395,3377453,-2695.78600000,-385.58552500,301.03860000,-2696.20355708,-382.53262995,283.81200783,94.09375835,-687.94994590,3881.89995086,3943.51061770,0.92480343,0.0092480343,4.8136018643E-05,10.14124163,277.78825519,2,steel_rigid,210000.0,0.3000,109.24763719,0.0266080963,0.5579374703,0.6383939891,0.3496068643,0.6760827752,0.7716340422,0.8580848407
case475,cases_floorfrontR_lhs_500\case475\case475.key,2000395,3369166,-1952.29325000,-613.89925000,289.62915000,-1951.18177975,-614.46909381,272.17378086,-224.11421186,114.90194624,3519.65901696,3528.65827658,1.14517402,0.0114517402,5.9606307554E-05,4.09287577,152.85607116,1,titanium_rigid,110000.0,0.3400,80.20573762,0.7208737654,0.0077621742,0.5186363779,0.7903480328,0.2728583844,0.4246001977,0.5942545941
case476,cases_floorfrontR_lhs_500\case476\case476.key,2000395,3376986,-2084.08300000,-248.82422500,313.53195000,-2082.02244346,-249.90420731,296.18727517,-244.33950039,128.06362419,2056.72064915,2075.13901027,0.79483265,0.0079483265,4.1371039579E-05,7.63943556,152.33999290,1,titanium_rigid,110000.0,0.3400,124.90692414,0.5978098903,0.8874957950,0.0990413124,0.0896653056,0.5092957039,0.4231666470,0.4169049568
case477,cases_floorfrontR_lhs_500\case477\case477.key,2000395,3369498,-1895.31500000,-535.92887500,293.51065000,-1896.75916833,-531.92992888,276.53499662,293.16400263,-811.78005911,3446.03215309,3552.47372924,1.09612142,0.0109612142,5.7053119711E-05,14.06106554,289.85653827,2,steel_rigid,210000.0,0.3000,84.22572270,0.7740794529,0.1956500209,0.5255113101,0.6922428323,0.9374043692,0.8051570508,0.8023888609
case478,cases_floorfrontR_lhs_500\case478\case478.key,2000395,3373484,-1777.11600000,-232.88672500,304.83285000,-1778.51891512,-232.60073860,287.39151860,269.21745663,-54.88039236,3346.96718587,3358.22560881,0.86671514,0.0086671514,4.5112523280E-05,4.69291708,348.47803629,1,titanium_rigid,110000.0,0.3400,107.24068485,0.8844524294,0.9259009272,0.4694366816,0.2334302893,0.3128611389,0.9679945452,0.3467137133
case479,cases_floorfrontR_lhs_500\case479\case479.key,2000395,3376625,-1794.14275000,-396.25252500,296.22925000,-1794.12211038,-395.75869865,278.73623112,-6.03684564,-144.43840166,5116.50236257,5118.54425805,0.89669158,0.0089669158,4.6672796572E-05,1.61843623,267.60669891,1,titanium_rigid,110000.0,0.3400,163.64689663,0.8685530303,0.5322328400,0.9775971416,0.2933831536,0.1078957484,0.7433519414,0.5359606508
case480,cases_floorfrontR_lhs_500\case480\case480.key,2000395,3372386,-2419.58850000,-273.30517500,312.07392500,-2419.27514840,-273.31407722,294.57673290,-65.82419114,1.87004507,3675.54698784,3676.13682839,1.16447717,0.0116447717,6.0611036752E-05,1.02639592,178.37268220,2,steel_rigid,210000.0,0.3000,151.68444911,0.2845184016,0.8285032228,0.5612097885,0.8289543421,0.0684263944,0.4954796728,0.8548030863
case481,cases_floorfrontR_lhs_500\case481\case481.key,2000395,3369123,-1968.91325000,-604.27540000,289.70212500,-1970.72666826,-606.98796370,272.50900101,205.00928935,306.65884850,1943.70499503,1978.39772689,0.76830694,0.0076830694,3.9990376400E-05,10.74575090,56.23625887,1,titanium_rigid,110000.0,0.3400,89.96927041,0.7053541852,0.0309530907,0.0711144964,0.0366138866,0.7163833933,0.1562118302,0.5064761142
case482,cases_floorfrontR_lhs_500\case482\case482.key,2000395,3370057,-2706.79225000,-514.47797500,305.31467500,-2705.41577398,-513.86890708,287.87952803,-176.64007333,-78.16031746,2237.41321361,2245.73565657,0.77880539,0.0077880539,4.0536820652E-05,4.93421351,203.86859936,2,steel_rigid,210000.0,0.3000,98.37138565,0.0163305764,0.2473409793,0.1482883452,0.0576107839,0.3289475675,0.5663016649,0.6750730940
case483,cases_floorfrontR_lhs_500\case483\case483.key,2000395,3366341,-2557.22450000,-432.54392500,297.34957500,-2556.18230264,-433.37769923,279.90054508,-156.72618976,125.38341016,2623.99434434,2631.65925173,0.92035777,0.0092035777,4.7904622078E-05,4.37402967,141.33964375,0,aluminum_rigid,70000.0,0.3300,106.12872662,0.1559953600,0.4447802275,0.2596949429,0.3407155457,0.2916019778,0.3926101215,0.1886715277
case484,cases_floorfrontR_lhs_500\case484\case484.key,2000395,3368596,-2304.29900000,-510.49865000,295.20750000,-2306.57581242,-509.51951000,277.88389154,613.50197667,-263.83566716,4667.95944316,4715.48929567,0.95216304,0.0095216304,4.9560086101E-05,8.14184720,336.72994510,2,steel_rigid,210000.0,0.3000,183.34887713,0.3921745178,0.2569300931,0.8612451418,0.4043260750,0.5427898135,0.9353609586,0.8698610750
case485,cases_floorfrontR_lhs_500\case485\case485.key,2000395,3373780,-1738.65750000,-302.79675000,299.01147500,-1739.79937142,-305.47819177,281.75586722,303.18641501,711.96870799,4581.65935408,4646.54967478,1.17205927,0.0117205927,6.1005685013E-05,9.58669736,66.93364198,2,steel_rigid,210000.0,0.3000,166.02933859,0.9203645701,0.7574363782,0.8413439782,0.8441185404,0.6391131571,0.1859267833,0.8907167597
case486,cases_floorfrontR_lhs_500\case486\case486.key,2000395,3368680,-2006.03425000,-470.64655000,290.39647500,-2008.64462882,-471.97681515,273.14346607,624.16209665,318.07685360,4125.33006179,4184.38756885,1.03756474,0.0103756474,5.4005244828E-05,9.63765455,27.00367145,0,aluminum_rigid,70000.0,0.3300,201.19776653,0.6706909878,0.3529630448,0.7079292078,0.5751294843,0.6425103031,0.0750101985,0.1363791596
case487,cases_floorfrontR_lhs_500\case487\case487.key,2000395,3365824,-2356.22925000,-403.42705000,300.12125000,-2356.41274016,-404.34550405,282.64633159,30.67109729,153.52318221,2921.00087813,2925.19336348,0.85357673,0.0085357673,4.4428668578E-05,3.06794805,78.70210362,2,steel_rigid,210000.0,0.3000,230.28583806,0.3436825994,0.5149441448,0.3444309816,0.2071534516,0.2045298699,0.2186169545,0.9883643288
case488,cases_floorfrontR_lhs_500\case488\case488.key,2000395,3368992,-1975.63625000,-581.69165000,289.65387500,-1975.52668751,-582.68008033,272.18215495,-16.11553970,145.38816016,2569.91428278,2574.07397884,1.07728631,0.0107728631,5.6072752592E-05,3.25774000,96.32512595,1,titanium_rigid,110000.0,0.3400,112.41120323,0.6990763188,0.0853739160,0.2430714988,0.6545726260,0.2171826665,0.2675697943,0.6375012914
case489,cases_floorfrontR_lhs_500\case489\case489.key,2000395,3376017,-1785.02350000,-382.65467500,290.69422500,-1783.27335671,-383.09350982,273.28749003,-426.60439681,106.96773590,4242.96096727,4265.69468876,1.24553367,0.0124553367,6.4830027459E-05,5.91794713,165.92373869,1,titanium_rigid,110000.0,0.3400,171.71386191,0.8770684895,0.5650000386,0.7314005626,0.9910673375,0.3945298087,0.4608992741,0.5400658038
case490,cases_floorfrontR_lhs_500\case490\case490.key,2000395,3367999,-2408.93025000,-569.22050000,292.97722500,-2407.72159719,-566.04223611,275.81075195,-346.99239113,-912.44845137,4928.32637981,5024.07870179,1.02560184,0.0102560184,5.3382576020E-05,11.20408126,249.17883549,2,steel_rigid,210000.0,0.3000,124.92421884,0.2944709628,0.1154260674,0.9503272717,0.5512036895,0.7469387507,0.6921634319,0.9305351416
case491,cases_floorfrontR_lhs_500\case491\case491.key,2000395,3367864,-2369.15850000,-481.75102500,291.62295000,-2368.73514622,-479.10478967,274.32936130,-60.65882320,-379.15693545,2477.85373705,2507.42868628,0.77244894,0.0077244894,4.0205967169E-05,8.80872674,260.91064934,1,titanium_rigid,110000.0,0.3400,179.97413271,0.3316094024,0.3262042163,0.2238326510,0.0448978739,0.5872484496,0.7247518037,0.4703223063
case492,cases_floorfrontR_lhs_500\case492\case492.key,2000395,3367721,-2443.56475000,-465.87030000,293.68892500,-2445.91177344,-466.41826684,276.35568487,360.63883904,84.19946823,2663.39035537,2689.01433758,0.78411525,0.0078411525,4.0813198978E-05,7.91607424,13.14161671,2,steel_rigid,210000.0,0.3000,123.11962764,0.2621296329,0.3644725358,0.2762519378,0.0682305083,0.5277382826,0.0365044908,0.8897842518
case493,cases_floorfrontR_lhs_500\case493\case493.key,2000395,3371562,-2394.55975000,-296.87257500,307.14742500,-2392.36531895,-297.34056324,289.79186510,-404.74915123,86.31751773,3201.12501755,3227.76609550,0.87519636,0.0087519636,4.5553970511E-05,7.36650799,167.96134707,2,steel_rigid,210000.0,0.3000,174.88952159,0.3078899837,0.7717120628,0.4317762465,0.2503927190,0.4911005327,0.4665592974,0.8473479633
case494,cases_floorfrontR_lhs_500\case494\case494.key,2000395,3367718,-2476.30775000,-489.95172500,295.46915000,-2474.91206546,-488.57701192,278.07914630,-272.77993390,-268.68116260,3398.79387668,3420.29213308,0.95551805,0.0095551805,4.9734714672E-05,6.42740093,224.56628867,1,titanium_rigid,110000.0,0.3400,82.61993161,0.2315545656,0.3064427124,0.4873537522,0.4110361065,0.4284933952,0.6237952463,0.5707248827
case495,cases_floorfrontR_lhs_500\case495\case495.key,2000395,3366417,-2517.43525000,-463.81635000,295.92965000,-2521.57268874,-464.02638331,278.92707706,1084.74405762,55.06604553,4457.69499139,4588.10925940,1.03191072,0.0103191072,5.3710952724E-05,13.69359330,2.90607354,0,aluminum_rigid,70000.0,0.3300,80.59926551,0.1931501410,0.3694220085,0.8244736755,0.5638214303,0.9129062200,0.0080724265,0.2583579129
case496,cases_floorfrontR_lhs_500\case496\case496.key,2000395,3366808,-1667.71700000,-463.04757500,290.37252500,-1665.81362387,-465.41295408,273.13790458,-555.60605162,690.46727528,5030.88130993,5108.34708075,0.97297296,0.0097297296,5.0643242448E-05,9.99085625,128.82298053,0,aluminum_rigid,70000.0,0.3300,85.04458316,0.9866080589,0.3712745516,0.9746534686,0.4459459154,0.6660570835,0.3578416126,0.3027890406
case497,cases_floorfrontR_lhs_500\case497\case497.key,2000395,3368837,-1998.25325000,-515.37475000,290.29012500,-2002.73730421,-515.90439841,273.38264942,1124.46941215,132.82030263,4239.89948632,4388.48725026,1.08963011,0.0108963011,5.6715247246E-05,14.95218951,6.73646121,2,steel_rigid,210000.0,0.3000,165.09188020,0.6779568034,0.2451799902,0.7668477383,0.6792602208,0.9968126342,0.0187123923,0.7732366006
case498,cases_floorfrontR_lhs_500\case498\case498.key,2000395,3372157,-2444.04925000,-257.19532500,312.76780000,-2444.30266714,-258.11677678,295.29391359,74.73828981,271.75639758,5153.43345155,5161.13492278,0.77632529,0.0077632529,4.0407731488E-05,3.13044366,74.62271372,1,titanium_rigid,110000.0,0.3400,135.93244075,0.2616772119,0.8673236725,0.9898920132,0.0526505855,0.2086962441,0.2072853159,0.4506703063
case499,cases_floorfrontR_lhs_500\case499\case499.key,2000395,3366732,-1781.03450000,-470.19512500,290.57510000,-1780.26444078,-470.18333801,273.09205479,-166.29221720,-2.54536886,3775.41657211,3779.07791311,1.21752267,0.0121752267,6.3372054984E-05,2.52231816,180.87693524,2,steel_rigid,210000.0,0.3000,94.96501746,0.8807933755,0.3540508589,0.5909263339,0.9350453404,0.1681545440,0.5024359312,0.7470190757
case500,cases_floorfrontR_lhs_500\case500\case500.key,2000395,3377010,-2066.81125000,-281.67320000,311.96470000,-2065.35931865,-281.51900107,294.52571729,-219.05734331,-23.26446581,2631.07290268,2640.27876829,1.06491541,0.0106491541,5.5428846952E-05,4.78598488,186.06223858,0,aluminum_rigid,70000.0,0.3300,156.03113971,0.6139380678,0.8083385102,0.2621831842,0.6298308147,0.3190656588,0.5168395516,0.0393441520
