case,key_file,panel_pid,impact_element_id,impact_x,impact_y,impact_z,ball_center_x,ball_center_y,ball_center_z,velocity_vx,velocity_vy,velocity_vz,impact_speed,mass_ratio,impactor_mass,impactor_density,theta_deg,phi_deg,material_index,material_name,material_young_mpa,material_poisson,min_boundary_distance_mm,lhs_u_x,lhs_u_y,lhs_u_v,lhs_u_m,lhs_u_theta,lhs_u_phi,lhs_u_material
case001,cases_trunkfloor_lhs_500\case001\case001.key,2000447,3281740,-3896.53200000,-104.26434250,495.40627500,-3896.01934327,-106.91131684,478.11521633,-73.58867848,379.95666957,2482.02370927,2512.01593501,0.93001382,0.0093001382,4.8407219236E-05,8.86265487,100.96113784,1,titanium_rigid,110000.0,0.3400,90.14759140,0.6346380639,0.3593305537,0.2251568762,0.3600276364,0.5908436580,0.2804476051,0.5321746242
case002,cases_trunkfloor_lhs_500\case002\case002.key,2000447,3284830,-4065.55550000,235.65065000,511.82897500,-4067.04119487,234.01975530,494.46859213,308.14642299,338.26216996,3600.69890789,3629.65675221,0.96651976,0.0096651976,5.0307353542E-05,7.24231028,47.66744347,0,aluminum_rigid,70000.0,0.3300,243.11301217,0.3884717711,0.7631234168,0.5477921400,0.4330395213,0.4828206856,0.1324095652,0.0701597253
case003,cases_trunkfloor_lhs_500\case003\case003.key,2000447,3293375,-4002.35500000,-397.83865000,629.95075000,-4002.29200592,-397.80611360,612.45089363,-14.36459847,-7.41930557,3990.50876580,3990.54151685,0.80232041,0.0080232041,4.1760777112E-05,0.23213180,207.31632348,2,steel_rigid,210000.0,0.3000,88.93231116,0.4805171541,0.0105868595,0.6519706466,0.1046408112,0.0154754530,0.5758786763,0.9182845506
case004,cases_trunkfloor_lhs_500\case004\case004.key,2000447,3281401,-4077.92375000,-18.67309500,492.42542500,-4076.27650891,-18.48913429,475.00409453,-332.20586038,-37.10011062,3513.43110930,3529.29671630,1.05874183,0.0105874183,5.5107512228E-05,5.43481442,186.37227817,0,aluminum_rigid,70000.0,0.3300,81.07868760,0.3704586176,0.4610063716,0.5188206796,0.6174836591,0.3623209610,0.5177007727,0.3252251668
case005,cases_trunkfloor_lhs_500\case005\case005.key,2000447,3285504,-4265.61975000,144.75517500,516.93840000,-4263.30065013,146.94663732,499.73173650,-414.47753905,-391.66571466,3075.23433469,3127.66044763,0.78336256,0.0078336256,4.0774021242E-05,10.50534147,223.37910625,2,steel_rigid,210000.0,0.3000,145.38603516,0.0970976442,0.6551465847,0.4028782217,0.0667251198,0.7003560982,0.6204975174,0.6934687574
case006,cases_trunkfloor_lhs_500\case006\case006.key,2000447,3289399,-4290.55050000,264.62647500,557.98642500,-4294.29103378,265.59551768,540.91834475,1072.75863762,-277.91458655,4895.00471494,5018.87624586,1.17388342,0.0117388342,6.1100632084E-05,12.75608629,345.47595612,1,titanium_rigid,110000.0,0.3400,101.22595433,0.0607884309,0.7975444680,0.9488254513,0.8477668428,0.8504057530,0.9596554337,0.6289889679
case007,cases_trunkfloor_lhs_500\case007\case007.key,2000447,3286448,-3941.47800000,-349.63485000,525.65895000,-3943.56113617,-349.94028118,508.28606148,308.89618169,45.29061818,2576.12489196,2594.97351627,1.01717011,0.0101717011,5.2943704462E-05,6.90993911,8.34132128,2,steel_rigid,210000.0,0.3000,136.95351267,0.5691785852,0.0678492659,0.2491046783,0.5343402291,0.4606626073,0.0231703369,0.8626619741
case008,cases_trunkfloor_lhs_500\case008\case008.key,2000447,3292843,-3739.91750000,-343.57700000,630.13825000,-3739.84756659,-339.49970771,613.12000106,-18.22699230,-1062.67906925,4435.52623519,4561.08671377,1.17100401,0.0117100401,6.0950758672E-05,13.47507863,269.01736341,2,steel_rigid,210000.0,0.3000,80.84794356,0.8627318548,0.0750455257,0.8166729349,0.8420080181,0.8983385753,0.7472704539,0.7389027718
case009,cases_trunkfloor_lhs_500\case009\case009.key,2000447,3283038,-3849.17775000,-263.47410000,508.39575000,-3853.47046897,-263.69428490,491.43184472,654.12809555,33.55195852,2584.97402883,2666.66458878,1.17665122,0.0117665122,6.1244695900E-05,14.21851794,2.93627868,0,aluminum_rigid,70000.0,0.3300,163.31502700,0.7036049245,0.1702016090,0.2698001180,0.8533024361,0.9479011961,0.0081563297,0.2455737992
case010,cases_trunkfloor_lhs_500\case010\case010.key,2000447,3283921,-3870.59875000,283.07965000,509.50717500,-3871.15890354,283.18688552,492.01647094,104.07664086,-19.92438187,3249.77635329,3251.50354061,0.98187971,0.0098187971,5.1106838715E-05,1.86760256,349.16244944,1,titanium_rigid,110000.0,0.3400,166.25384745,0.6724073209,0.8194654204,0.4386286599,0.4637594127,0.1245068375,0.9698956929,0.3565176460
case011,cases_trunkfloor_lhs_500\case011\case011.key,2000447,3286180,-3805.17175000,-254.55075000,508.02440000,-3805.07672899,-250.86704676,490.91676131,-16.19854151,-627.97292356,2916.39504795,2983.28216251,1.24368399,0.0124368399,6.4733751937E-05,12.15560227,268.52238486,2,steel_rigid,210000.0,0.3000,120.17269177,0.7676953846,0.1808018623,0.3611997813,0.9873679899,0.8103734847,0.7458955135,0.7674892868
case012,cases_trunkfloor_lhs_500\case012\case012.key,2000447,3284183,-3886.68075000,94.79559000,492.63767500,-3885.26197320,92.06246663,475.41074524,-217.12278586,418.26407098,2636.32657729,2678.11593464,0.86807890,0.0086807890,4.5183506553E-05,10.13496236,117.43403189,2,steel_rigid,210000.0,0.3000,82.97034881,0.6489854516,0.5957984408,0.2731058384,0.2361577926,0.6756641576,0.3262056441,0.7151624496
case013,cases_trunkfloor_lhs_500\case013\case013.key,2000447,3284520,-4012.18725000,240.07740000,497.90260000,-4012.81848047,238.31508850,480.50300787,92.03665509,256.95409641,2536.95017496,2551.59015984,1.16901809,0.0116901809,6.0847391328E-05,6.14059358,70.29332613,0,aluminum_rigid,70000.0,0.3300,238.48155523,0.4661974380,0.7683820553,0.2365809763,0.8380361701,0.4093729053,0.1952592393,0.0386373036
case014,cases_trunkfloor_lhs_500\case014\case014.key,2000447,3283386,-3762.98150000,9.19378750,496.53392500,-3760.18857945,11.74802232,479.44809815,-356.15981910,-325.72205063,2178.82495651,2231.64129334,1.17906593,0.0117906593,6.1370381834E-05,12.49021326,222.44413390,2,steel_rigid,210000.0,0.3000,140.77410771,0.8291413814,0.4941100844,0.1442196511,0.8581318668,0.8326808841,0.6179003720,0.8908294162
case015,cases_trunkfloor_lhs_500\case015\case015.key,2000447,2850030,-4217.24150000,-339.40407500,620.83397500,-4215.86717497,-343.31019191,603.83093170,-185.15865605,526.25932003,2290.76860954,2357.72208334,0.76584619,0.0076584619,3.9862294362E-05,13.68708662,109.38387043,1,titanium_rigid,110000.0,0.3400,147.18839439,0.1675558612,0.0800026396,0.1806160571,0.0316923866,0.9124724411,0.3038440845,0.4337085333
case016,cases_trunkfloor_lhs_500\case016\case016.key,2000447,3281639,-4116.22350000,-84.35504000,501.26182500,-4115.78692501,-83.39035546,483.79388906,-73.72631426,-162.91046670,2949.88619238,2955.30098934,0.81772820,0.0081772820,4.2562752979E-05,3.46891926,245.65052509,1,titanium_rigid,110000.0,0.3400,84.34091255,0.3146787558,0.3829812735,0.3531223086,0.1354564065,0.2312612840,0.6823625697,0.6460843460
case017,cases_trunkfloor_lhs_500\case017\case017.key,2000447,3283451,-3731.69250000,35.47283750,496.92462500,-3733.39392940,34.12182426,479.56000864,261.15526649,207.36930004,2665.32423991,2686.10450349,0.76686832,0.0076686832,3.9915496160E-05,7.13151967,38.45119235,1,titanium_rigid,110000.0,0.3400,165.86402319,0.8747107675,0.5253275742,0.2754119406,0.0337366440,0.4754346446,0.1068088677,0.5126899273
case018,cases_trunkfloor_lhs_500\case018\case018.key,2000447,3291180,-3859.41975000,387.59070000,632.21652500,-3855.68334637,385.09798015,615.30275441,-498.41030702,332.51152455,2256.17958538,2334.37851892,1.12559728,0.0112559728,5.8587338338E-05,14.87209957,146.29099633,1,titanium_rigid,110000.0,0.3400,127.46161018,0.6886884474,0.9436165083,0.1738773473,0.7511945567,0.9914733044,0.4063638787,0.5994433199
case019,cases_trunkfloor_lhs_500\case019\case019.key,2000447,2997822,-3703.96375000,-368.91330000,626.40160000,-3706.07835671,-368.70414131,609.03108789,348.02503520,-34.42364063,2858.86404664,2880.17535045,0.95117478,0.0095117478,4.9508647254E-05,6.97431132,354.35116860,0,aluminum_rigid,70000.0,0.3300,81.49770790,0.9150949957,0.0449479503,0.3314353946,0.4023495583,0.4649540881,0.9843088017,0.2203828751
case020,cases_trunkfloor_lhs_500\case020\case020.key,2000447,3288675,-3785.53525000,-308.90485000,604.21232500,-3784.04416202,-306.97847405,586.88270491,-437.63316902,-565.38985355,5086.23009872,5136.23647180,0.84682057,0.0084682057,4.4077010680E-05,8.00167285,232.25877133,0,aluminum_rigid,70000.0,0.3300,104.06385493,0.7962940375,0.1162333727,0.9827044461,0.1936411404,0.5334448570,0.6451632537,0.2301942678
case021,cases_trunkfloor_lhs_500\case021\case021.key,2000447,3285191,-4038.63200000,194.45545000,497.99517500,-4038.33460134,193.18635947,480.54378642,-59.04701103,251.97155608,3464.88562337,3474.53717747,1.04133536,0.0104133536,5.4201505551E-05,4.27157815,103.18870903,2,steel_rigid,210000.0,0.3000,208.93361013,0.4276832309,0.7141866882,0.5030129550,0.5826707224,0.2847718767,0.2866353029,0.9680328162
case022,cases_trunkfloor_lhs_500\case022\case022.key,2000447,3282516,-4173.28250000,-143.81042500,507.62482500,-4172.11173803,-144.71554189,490.18750640,-199.28672523,154.06870518,2968.17475726,2978.84436559,1.02646710,0.0102646710,5.3427612428E-05,4.85084812,142.29236564,1,titanium_rigid,110000.0,0.3400,126.39790071,0.2315778704,0.3123528497,0.3599186991,0.5529341951,0.3233898745,0.3952565712,0.4540502314
case023,cases_trunkfloor_lhs_500\case023\case023.key,2000447,3282758,-4089.88525000,-241.19157500,517.78197500,-4090.20779276,-241.74448665,500.29368592,87.33721415,149.71584789,4735.42926864,4738.60031891,0.97369902,0.0097369902,5.0681033818E-05,2.09622732,59.74271493,2,steel_rigid,210000.0,0.3000,147.64440370,0.3530378559,0.1966715346,0.8679167226,0.4473980334,0.1397484877,0.1659519859,0.6895002603
case024,cases_trunkfloor_lhs_500\case024\case024.key,2000447,3291676,-3782.50025000,331.52347500,632.36552500,-3786.43101170,331.98134278,615.31884000,1157.51610668,-134.83120481,5019.84449141,5153.33500841,1.07909350,0.0107909350,5.6166816576E-05,13.06954958,353.35594468,0,aluminum_rigid,70000.0,0.3300,83.77306089,0.8007142199,0.8770129579,0.9876403708,0.6581869962,0.8713033054,0.9815442908,0.1240419455
case025,cases_trunkfloor_lhs_500\case025\case025.key,2000447,3282319,-4037.25400000,-193.12177500,512.79842500,-4041.06373664,-191.77716075,495.77115513,527.89226427,-186.31510013,2359.36625208,2424.86961931,1.24111107,0.0124111107,6.4599831204E-05,13.34774077,340.55994748,2,steel_rigid,210000.0,0.3000,83.51473298,0.4296901540,0.2537747592,0.1999998901,0.9822221404,0.8898493845,0.9459998541,0.8838790550
case026,cases_trunkfloor_lhs_500\case026\case026.key,2000447,3287977,-3697.78950000,195.61097500,536.71900000,-3697.69765959,195.37112484,519.22088475,-19.13125466,49.96313083,3645.02829339,3645.42090559,1.12948621,0.0112948621,5.8789757278E-05,0.84091014,110.95221497,2,steel_rigid,210000.0,0.3000,81.67240720,0.9240871905,0.7155593630,0.5523428612,0.7589724218,0.0560606757,0.3082005971,0.7975367280
case027,cases_trunkfloor_lhs_500\case027\case027.key,2000447,3285334,-4138.05200000,92.56738000,497.45497500,-4138.49810568,89.97059279,480.15446385,62.94673870,366.41382079,2441.14972442,2469.29815069,1.02363020,0.0102363020,5.3279951714E-05,8.65947068,80.25222830,0,aluminum_rigid,70000.0,0.3300,82.94360045,0.2828876680,0.5931514987,0.2128253084,0.5472603925,0.5772980451,0.2229228564,0.1411267402
case028,cases_trunkfloor_lhs_500\case028\case028.key,2000447,3288354,-3674.62125000,-87.16760250,513.47482500,-3676.05400398,-87.87465173,496.04791198,279.76274392,138.06001282,3402.81798575,3417.08911271,1.03572875,0.0103572875,5.3909681200E-05,5.23829409,26.26586135,1,titanium_rigid,110000.0,0.3400,102.11195336,0.9578294938,0.3796401656,0.4864291195,0.5714574909,0.3492196063,0.0729607260,0.4519697427
case029,cases_trunkfloor_lhs_500\case029\case029.key,2000447,3285593,-4248.75050000,122.71290000,512.15057500,-4249.89916807,122.68181231,494.68834160,293.35639273,7.93943192,4459.65020778,4469.29535649,1.19354842,0.0119354842,6.2124195326E-05,3.76487621,1.55028128,1,titanium_rigid,110000.0,0.3400,123.87801457,0.1216660665,0.6289620576,0.7901750401,0.8870968425,0.2509917472,0.0043063369,0.5872875467
case030,cases_trunkfloor_lhs_500\case030\case030.key,2000447,3285620,-4301.24300000,87.40808000,516.04960000,-4301.27182667,87.37161247,498.54966174,6.83397458,8.64540411,4148.73262541,4148.74726193,0.77481027,0.0077481027,4.0328874768E-05,0.15219422,51.67451605,1,titanium_rigid,110000.0,0.3400,110.71956896,0.0452158444,0.5870226472,0.6976407326,0.0496205482,0.0101462815,0.1435403224,0.6379638601
case031,cases_trunkfloor_lhs_500\case031\case031.key,2000447,3283095,-3822.71200000,-154.15307500,504.20290000,-3821.84297453,-153.50241127,486.73660585,-251.74046987,-188.48514565,5059.65963431,5069.42358945,0.96541236,0.0096541236,5.0249713280E-05,3.55664860,216.82322685,2,steel_rigid,210000.0,0.3000,165.72603456,0.7421497160,0.3000665771,0.9634172193,0.4308247178,0.2371099064,0.6022867413,0.9350525926
case032,cases_trunkfloor_lhs_500\case032\case032.key,2000447,3281396,-4077.53675000,-11.06225575,491.95780000,-4078.24797118,-9.78167201,474.51921434,210.80357128,-379.56072260,5168.73826659,5186.94127172,1.18843066,0.0118843066,6.1857816100E-05,4.80154056,299.04727917,2,steel_rigid,210000.0,0.3000,83.60782888,0.3710222455,0.4700474632,0.9973416679,0.8768613295,0.3201027038,0.8306868866,0.9918015923
case033,cases_trunkfloor_lhs_500\case033\case033.key,2000447,3287440,-4254.37150000,229.70165000,520.97670000,-4254.46787245,230.53966548,503.49704204,10.23421257,-88.99253096,1856.24137902,1858.40158923,1.09670278,0.0109670278,5.7083379770E-05,2.76285397,276.56024184,2,steel_rigid,210000.0,0.3000,142.90291927,0.1134796266,0.7560564625,0.0364745790,0.6934055627,0.1841902648,0.7682228940,0.7616403328
case034,cases_trunkfloor_lhs_500\case034\case034.key,2000447,3293736,-4280.77900000,-404.33215000,646.17162500,-4279.97780035,-405.40440692,628.72289025,-192.22528140,257.25783696,4186.33228860,4198.63194196,0.79759537,0.0079759537,4.1514838772E-05,4.38668289,126.76740363,2,steel_rigid,210000.0,0.3000,82.46079531,0.0750196705,0.0028730811,0.7120412061,0.0951907309,0.2924455259,0.3521316768,0.6750880517
case035,cases_trunkfloor_lhs_500\case035\case035.key,2000447,3281686,-4119.14700000,-106.43740000,503.48792500,-4120.51771424,-107.61243623,486.08130464,375.20759316,321.64436791,4764.73937864,4790.30032292,0.98913114,0.0098913114,5.1484276071E-05,5.92158559,40.60462723,0,aluminum_rigid,70000.0,0.3300,87.61167141,0.3104209623,0.3567491285,0.8828412352,0.4782622890,0.3947723726,0.1127906312,0.0875125826
case036,cases_trunkfloor_lhs_500\case036\case036.key,2000447,3281732,-3918.75850000,-127.69210000,502.21962500,-3917.76395812,-124.90693437,484.97132831,-273.15578884,-764.95935665,4737.32901270,4806.46055606,0.97526072,0.0097526072,5.0762320617E-05,9.72937590,250.34909757,0,aluminum_rigid,70000.0,0.3300,84.09925619,0.6022673278,0.3315001799,0.8875062949,0.4505214454,0.6486250602,0.6954141599,0.2419920867
case037,cases_trunkfloor_lhs_500\case037\case037.key,2000447,3289926,-4014.56600000,394.70860000,628.61127500,-4013.68702360,393.71583012,611.16158135,-123.47360276,139.45866284,2451.23366149,2458.30041135,1.00662758,0.0100662758,5.2394965391E-05,4.34544347,131.52096486,2,steel_rigid,210000.0,0.3000,119.10698397,0.4627330199,0.9520720259,0.2096505330,0.5132551543,0.2896962314,0.3653360135,0.9735699155
case038,cases_trunkfloor_lhs_500\case038\case038.key,2000447,3283285,-3792.19000000,-123.27037500,502.51812500,-3792.40110455,-122.96753475,485.02201907,23.41449543,-33.58928922,1940.56686142,1940.99876934,1.03852307,0.0103852307,5.4055125974E-05,1.20872816,304.87966635,2,steel_rigid,210000.0,0.3000,161.09124440,0.7866020412,0.3367528491,0.0603183422,0.5770461469,0.0805818771,0.8468879621,0.9047628299
case039,cases_trunkfloor_lhs_500\case039\case039.key,2000447,3286603,-4040.66725000,-366.74105000,541.43930000,-4041.40015603,-365.60305365,523.99172673,136.79374874,-212.40210807,3256.51427512,3266.29949779,0.77944839,0.0077944839,4.0570288898E-05,4.43612185,302.78283010,2,steel_rigid,210000.0,0.3000,119.97065111,0.4247190872,0.0475284162,0.4428998868,0.0588967876,0.2957414564,0.8410634170,0.7750441797
case040,cases_trunkfloor_lhs_500\case040\case040.key,2000447,3284486,-3971.68150000,203.91707500,499.06337500,-3973.47797881,206.23291423,481.81056211,510.23340621,-657.74142885,4900.11986660,4970.32560534,0.87854966,0.0087854966,4.5728509560E-05,9.64148757,307.80200443,2,steel_rigid,210000.0,0.3000,191.76012279,0.5251901243,0.7254263708,0.9348100821,0.2570993107,0.6427658383,0.8550055679,0.7136265481
case041,cases_trunkfloor_lhs_500\case041\case041.key,2000447,3284831,-4070.98275000,221.28197500,507.68470000,-4073.05680383,220.58730763,490.32193127,342.30747266,114.64978856,2865.59847401,2888.24749530,1.04550740,0.0104550740,5.4418659967E-05,7.18008127,18.51735577,1,titanium_rigid,110000.0,0.3400,227.80139514,0.3805675092,0.7460545362,0.3337656232,0.5910147922,0.4786720849,0.0514370993,0.4175283081
case042,cases_trunkfloor_lhs_500\case042\case042.key,2000447,3283477,-3763.57600000,65.91998250,497.39305000,-3761.76291343,64.35418158,480.05779735,-236.31361203,204.08295859,2259.43771604,2280.91051335,0.75063786,0.0075063786,3.9070700784E-05,7.86808635,139.18575910,0,aluminum_rigid,70000.0,0.3300,153.27575729,0.8282755499,0.5614964404,0.1584424564,0.0012757266,0.5245390899,0.3866271086,0.1642698549
case043,cases_trunkfloor_lhs_500\case043\case043.key,2000447,3288083,-3766.29100000,232.19302500,510.84002500,-3766.41508575,236.46854418,493.87080173,36.63928687,-1262.44934918,5010.56923792,5167.29376798,0.96067652,0.0096067652,5.0003213032E-05,14.14745692,271.66239334,2,steel_rigid,210000.0,0.3000,83.94299568,0.8243214164,0.7590160243,0.9916699195,0.4213530464,0.9431637948,0.7546177593,0.6945281682
case044,cases_trunkfloor_lhs_500\case044\case044.key,2000447,3282400,-4080.81875000,-212.51707500,514.73725000,-4077.85504630,-211.37527272,497.52787035,-798.99047287,-307.82063144,4639.50913546,4717.85802403,1.07517248,0.0107517248,5.5962727692E-05,10.45645512,201.06977584,2,steel_rigid,210000.0,0.3000,118.13872350,0.3662423316,0.2307346348,0.8619289351,0.6503449641,0.6970970081,0.5585271551,0.8035802191
case045,cases_trunkfloor_lhs_500\case045\case045.key,2000447,3285572,-4305.24400000,121.41827500,514.73030000,-4305.02440240,121.74628261,497.23475234,-57.52334083,-85.92122065,4582.93879117,4584.10507673,1.02704170,0.0102704170,5.3457520313E-05,1.29247457,236.19811348,1,titanium_rigid,110000.0,0.3400,106.73278904,0.0393887769,0.6274241426,0.8233177670,0.5540833934,0.0861649711,0.6561058708,0.6025704960
case046,cases_trunkfloor_lhs_500\case046\case046.key,2000447,3288509,-3678.66600000,-170.51067500,542.37695000,-3675.97082291,-168.41162297,525.21361696,-323.63382506,-252.05180046,2060.95367073,2101.38025967,1.08617724,0.0108617724,5.6535525184E-05,11.25686803,217.91209525,2,steel_rigid,210000.0,0.3000,80.85291212,0.9519387087,0.2806350067,0.1066165121,0.6723544739,0.7504578687,0.6053113757,0.7633372198
case047,cases_trunkfloor_lhs_500\case047\case047.key,2000447,3295551,-4065.55500000,89.59796250,493.66367500,-4067.04120312,88.58680457,476.25624096,433.80188140,295.14284213,5080.98625384,5108.00496096,1.00116677,0.0100116677,5.2110730314E-05,5.89570678,34.22993018,1,titanium_rigid,110000.0,0.3400,126.14883463,0.3884724993,0.5896240592,0.9745547071,0.5023335375,0.3930471184,0.0950831394,0.4100866781
case048,cases_trunkfloor_lhs_500\case048\case048.key,2000447,3286227,-3796.91600000,-292.11255000,528.57550000,-3794.95819067,-294.94115769,511.41694641,-341.17502869,492.92354223,2990.11243494,3049.61413826,0.76980494,0.0076980494,4.0068347314E-05,11.33674968,124.68888809,2,steel_rigid,210000.0,0.3000,111.48913857,0.7797190818,0.1361813334,0.3803481823,0.0396098872,0.7557833121,0.3463580225,0.6995417075
case049,cases_trunkfloor_lhs_500\case049\case049.key,2000447,3281395,-4068.86525000,-3.43060298,491.23202500,-4070.10944159,-4.70242564,473.82270409,156.67811491,160.15763169,2192.31475833,2203.73376301,1.10714281,0.0110714281,5.7626783004E-05,5.83525584,45.62920177,0,aluminum_rigid,70000.0,0.3300,88.40923936,0.3836514420,0.4791132796,0.1361634373,0.7142856101,0.3890170562,0.1267477827,0.1931920074
case050,cases_trunkfloor_lhs_500\case050\case050.key,2000447,3282494,-4169.08350000,-114.54632500,506.16730000,-4171.56953192,-112.04279790,489.02664665,663.25266584,-667.92023218,4572.98392685,4668.85462726,1.19971325,0.0119971325,6.2445074558E-05,11.63111559,314.79910141,0,aluminum_rigid,70000.0,0.3300,97.28147910,0.2376933056,0.3471163494,0.8477828663,0.8994264960,0.7754077061,0.8744419484,0.2907960163
case051,cases_trunkfloor_lhs_500\case051\case051.key,2000447,3288203,-3677.57125000,43.65203750,508.72812500,-3677.63079912,40.31358670,491.54961516,9.54352992,535.03067654,2753.08228218,2804.60531203,1.02075329,0.0102075329,5.3130208722E-05,10.99941443,88.97810345,2,steel_rigid,210000.0,0.3000,111.68663018,0.9535331057,0.5350438347,0.3096201934,0.5415065791,0.7332942956,0.2471613985,0.8970882347
case052,cases_trunkfloor_lhs_500\case052\case052.key,2000447,3289792,-4208.07450000,367.38660000,614.44342500,-4210.15805468,370.18342412,597.29447242,241.53882487,-324.22552436,1988.01494625,2028.71058091,0.75476034,0.0075476034,3.9285275596E-05,11.49556102,306.68506622,2,steel_rigid,210000.0,0.3000,145.82326401,0.1809067054,0.9196155917,0.0856385731,0.0095206761,0.7663707346,0.8519029617,0.9066840052
case053,cases_trunkfloor_lhs_500\case053\case053.key,2000447,3291558,-3740.75125000,380.36565000,629.17317500,-3741.95536424,383.60773780,612.01832217,149.07570218,-401.38759194,2123.86137979,2166.59242233,1.21898023,0.0121898023,6.3447921013E-05,11.39822296,290.37504061,1,titanium_rigid,110000.0,0.3400,81.26120418,0.8615175790,0.9350337046,0.1254416507,0.9379604616,0.7598815306,0.8065973350,0.4051038919
case054,cases_trunkfloor_lhs_500\case054\case054.key,2000447,3284342,-3962.74075000,90.55621500,489.92640000,-3960.38837831,91.61271545,472.61743833,-527.33459828,-236.83724896,3880.17523217,3923.00057270,0.99611271,0.0099611271,5.1847666807E-05,8.47373212,204.18586834,0,aluminum_rigid,70000.0,0.3300,81.55617935,0.5382114573,0.5907623894,0.6324732464,0.4922254297,0.5649154746,0.5671829676,0.0103646314
case055,cases_trunkfloor_lhs_500\case055\case055.key,2000447,3291646,-3801.39000000,375.07930000,634.57222500,-3802.29716258,375.70625731,617.10700297,207.79384551,-143.61027924,4000.56806847,4008.53427888,0.83616064,0.0083616064,4.3522161444E-05,3.61278956,325.35091161,1,titanium_rigid,110000.0,0.3400,120.92670049,0.7732031358,0.9287539275,0.6571647120,0.1723212851,0.2408526375,0.9037525322,0.5706776202
case056,cases_trunkfloor_lhs_500\case056\case056.key,2000447,3292764,-3694.16800000,-372.38032500,626.36095000,-3691.02587240,-373.02141650,609.15728656,-343.56564941,70.09804981,1881.07822232,1913.48017250,0.80870046,0.0080870046,4.2092858995E-05,10.55907751,168.46816333,0,aluminum_rigid,70000.0,0.3300,81.60434410,0.9293615531,0.0408293913,0.0523744039,0.1174009220,0.7039385007,0.4679671204,0.0937275266
case057,cases_trunkfloor_lhs_500\case057\case057.key,2000447,3282365,-4069.11525000,-181.78307500,516.20937500,-4069.60214452,-182.07223988,498.71853976,70.03229961,41.59192732,2515.78805318,2517.10626314,1.24751460,0.0124751460,6.4933135016E-05,1.85437731,30.70592190,1,titanium_rigid,110000.0,0.3400,85.56941371,0.3832873413,0.2672442626,0.2266263281,0.9950292033,0.1236251539,0.0852942275,0.3544797507
case058,cases_trunkfloor_lhs_500\case058\case058.key,2000447,3282957,-3901.33450000,-222.28422500,509.14230000,-3901.27143521,-222.12882901,491.64310359,-13.03758819,-32.12551330,3617.66524219,3617.83137140,1.20704119,0.0120704119,6.2826494137E-05,0.54908316,247.91107043,1,titanium_rigid,110000.0,0.3400,153.15241687,0.6276436896,0.2191320119,0.5443784450,0.9140823876,0.0366055442,0.6886418623,0.5519803525
case059,cases_trunkfloor_lhs_500\case059\case059.key,2000447,2467253,-3657.60375000,93.43628000,531.12682500,-3658.31247989,95.87240891,513.81171663,103.62286524,-356.18458154,2531.62901144,2558.66187799,1.20354680,0.0120354680,6.2644611171E-05,8.33605061,286.22101420,2,steel_rigid,210000.0,0.3000,87.95932229,0.9826138279,0.5941836851,0.2386224064,0.9070936089,0.5557367074,0.7950583728,0.9382735134
case060,cases_trunkfloor_lhs_500\case060\case060.key,2000447,3287514,-4317.38800000,213.72692500,549.80085000,-4318.14566960,210.24532903,532.66741992,154.02911281,707.78495215,3483.11064366,3557.63183341,0.82184475,0.0082184475,4.2777019402E-05,11.74784043,77.72264133,2,steel_rigid,210000.0,0.3000,83.10183003,0.0217022217,0.7370797180,0.5270003272,0.1436895063,0.7831893622,0.2158962259,0.8717544423
case061,cases_trunkfloor_lhs_500\case061\case061.key,2000447,3293538,-4193.27475000,-393.57660000,640.65102500,-4189.81070990,-392.44586986,623.53460378,-918.46814887,-299.80588851,4538.30996449,4640.01343156,0.78139647,0.0078139647,4.0671686114E-05,12.01828130,198.07769088,0,aluminum_rigid,70000.0,0.3300,93.02090916,0.2024611022,0.0156498471,0.8394571264,0.0627929342,0.8012187535,0.5502158080,0.3011080762
case062,cases_trunkfloor_lhs_500\case062\case062.key,2000447,3283532,-3780.05575000,89.52050500,496.34670000,-3779.29411428,91.04201872,478.92961336,-133.89972481,-267.49043238,3062.01908388,3076.59570593,1.12624363,0.0112624363,5.8620980835E-05,5.57959250,243.40847865,1,titanium_rigid,110000.0,0.3400,149.11780764,0.8042743965,0.5895320456,0.3881370936,0.7524872559,0.3719728334,0.6761346629,0.6567110964
case063,cases_trunkfloor_lhs_500\case063\case063.key,2000447,3283113,-3774.78375000,-157.61322500,504.81120000,-3774.53110297,-156.76351087,487.33366713,-63.16776269,-212.44872911,4369.79865353,4375.41596893,1.12877385,0.0112877385,5.8752679102E-05,2.90361369,253.44111241,0,aluminum_rigid,70000.0,0.3300,139.84939621,0.8119525519,0.2959561851,0.7630743826,0.7575477080,0.1935742461,0.7040030900,0.2540209289
case064,cases_trunkfloor_lhs_500\case064\case064.key,2000447,3292701,-3726.42600000,-355.34795000,626.79425000,-3722.61674862,-354.47372941,609.73625064,-959.71521182,-220.25398550,4297.64797299,4409.00705439,0.81519540,0.0081519540,4.2430920417E-05,12.90471458,192.92551580,1,titanium_rigid,110000.0,0.3400,80.51637036,0.8823809127,0.0610625425,0.7727712983,0.1303907941,0.8603143053,0.5359042106,0.3466286906
case065,cases_trunkfloor_lhs_500\case065\case065.key,2000447,3281934,-3879.44000000,-98.90332000,497.11305000,-3878.85254615,-98.82626557,479.62308257,-105.93063040,-13.89457924,3153.81928565,3155.62837552,1.11641179,0.0111641179,5.8109233532E-05,1.94019564,187.47264261,0,aluminum_rigid,70000.0,0.3300,89.97504931,0.6595309000,0.3656990360,0.4109518708,0.7328235747,0.1293463759,0.5207573406,0.0845905364
case066,cases_trunkfloor_lhs_500\case066\case066.key,2000447,3292869,-3673.75850000,-379.99190000,627.80767500,-3674.62930782,-382.93195737,610.57840466,86.50607685,292.06539211,1711.55626005,1738.45055320,1.05600427,0.0105600427,5.4965021996E-05,10.09132071,73.50137675,0,aluminum_rigid,70000.0,0.3300,85.91623750,0.9590860053,0.0317874257,0.0018476814,0.6120085301,0.6727547139,0.2041704910,0.0528119610
case067,cases_trunkfloor_lhs_500\case067\case067.key,2000447,3293248,-3930.96125000,-390.72092500,633.71425000,-3930.89997359,-389.27204355,616.27443957,-7.51311020,-177.64759170,2138.29801500,2145.67786833,0.79467617,0.0079467617,4.1362894502E-05,4.75339373,267.57827772,1,titanium_rigid,110000.0,0.3400,95.82442525,0.5844952090,0.0190421693,0.1194041362,0.0893523344,0.3168929155,0.7432729937,0.3655786226
case068,cases_trunkfloor_lhs_500\case068\case068.key,2000447,3285163,-3990.39725000,75.53002750,486.41285000,-3990.37567675,75.92089085,468.91722882,-6.10545448,-110.61840004,4951.44309413,4952.68234610,0.85651678,0.0085651678,4.4581698231E-05,1.28175866,266.84083119,0,aluminum_rigid,70000.0,0.3300,84.08897549,0.4979324542,0.5729124346,0.9297169095,0.2130335536,0.0854505771,0.7412245311,0.3209480127
case069,cases_trunkfloor_lhs_500\case069\case069.key,2000447,3291710,-3784.24750000,429.62015000,631.61387500,-3783.96007480,429.72797912,614.11656779,-37.43334482,-14.04332206,2278.79366179,2279.14436208,0.94255571,0.0094255571,4.9060024670E-05,1.00513720,200.56385169,2,steel_rigid,210000.0,0.3000,85.36871831,0.7981695202,0.9935442617,0.1579326122,0.3851114186,0.0670091466,0.5571218102,0.9716474903
case070,cases_trunkfloor_lhs_500\case070\case070.key,2000447,3283854,-3826.30750000,273.77120000,510.22607500,-3826.15849300,273.79583495,492.72672673,-36.33456465,-6.00710087,4267.12291909,4267.28183888,0.98689751,0.0098689751,5.1368015321E-05,0.49448408,189.38764832,2,steel_rigid,210000.0,0.3000,123.51424294,0.7369132199,0.8084076978,0.7318587335,0.4737950171,0.0329656051,0.5260768009,0.6702655422
case071,cases_trunkfloor_lhs_500\case071\case071.key,2000447,3285920,-4239.81775000,-134.16187500,515.30940000,-4239.03149267,-135.57206034,497.88403984,-109.76439134,196.86701800,2432.64384005,2443.06383399,0.77029264,0.0077029264,4.0093731741E-05,5.29368917,119.14211536,0,aluminum_rigid,70000.0,0.3300,130.28651289,0.1346757483,0.3238145849,0.2052521099,0.0405852734,0.3529126113,0.3309503205,0.2572223057
case072,cases_trunkfloor_lhs_500\case072\case072.key,2000447,3282752,-4093.25925000,-256.89972500,517.82780000,-4092.41689879,-256.73524257,500.34885867,-91.96908803,-17.95842229,1908.37535215,1910.67456747,1.13117372,0.0113117372,5.8877592112E-05,2.81110878,191.04888245,0,aluminum_rigid,70000.0,0.3300,163.11294534,0.3481239530,0.1780114607,0.0515644951,0.7623474395,0.1874072520,0.5306913401,0.2045105068
case073,cases_trunkfloor_lhs_500\case073\case073.key,2000447,3293100,-3802.01825000,-357.87045000,633.13362500,-3799.13540879,-360.77033235,616.11804658,-604.41301767,607.98584296,3567.46569400,3669.02893952,1.21203049,0.0121203049,6.3086186750E-05,13.51254917,134.83115522,0,aluminum_rigid,70000.0,0.3300,128.27835718,0.7722881507,0.0580660066,0.5591579168,0.9240609702,0.9008366115,0.3745309867,0.2190127236
case074,cases_trunkfloor_lhs_500\case074\case074.key,2000447,3285876,-4291.43925000,-131.78065000,513.34685000,-4291.37477391,-132.69747354,495.87100160,-12.53414065,178.23032670,3397.30169757,3401.99676342,0.89180281,0.0089180281,4.6418336020E-05,3.01051979,94.02273258,0,aluminum_rigid,70000.0,0.3300,120.80815881,0.0594940530,0.3266432971,0.4820723315,0.2836056108,0.2007013192,0.2611742572,0.0808201492
case075,cases_trunkfloor_lhs_500\case075\case075.key,2000447,3285387,-4166.32600000,110.81305000,502.57652500,-4164.78449908,112.47493728,485.22394866,-157.68205555,-169.99652671,1775.01672147,1790.09687202,1.06004340,0.0106004340,5.5175258735E-05,7.44230658,227.15221677,0,aluminum_rigid,70000.0,0.3300,93.62229754,0.2417093362,0.6148259512,0.0167566964,0.6200867910,0.4961537719,0.6309783799,0.2926956495
case076,cases_trunkfloor_lhs_500\case076\case076.key,2000447,3291027,-3990.57325000,416.39087500,636.41292500,-3987.36079855,414.89966476,619.27505910,-744.08887215,345.40380319,3969.58382564,4053.46367761,1.22418872,0.0122418872,6.3719022660E-05,11.67629586,155.09941411,2,steel_rigid,210000.0,0.3000,97.58357564,0.4976761273,0.9778289007,0.6701347183,0.9483774317,0.7784197241,0.4308317059,0.7649756362
case077,cases_trunkfloor_lhs_500\case077\case077.key,2000447,3286648,-4123.61325000,-350.53202500,545.31722500,-4121.85187366,-351.32855423,527.92432143,-320.89305170,145.11418740,3168.69358092,3188.20474370,1.23135646,0.0123135646,6.4092103634E-05,6.34202334,155.66657593,0,aluminum_rigid,70000.0,0.3300,136.09841660,0.3039163034,0.0667834910,0.4203558626,0.9627129158,0.4228015563,0.4324071554,0.1392198900
case078,cases_trunkfloor_lhs_500\case078\case078.key,2000447,2848318,-3886.02525000,-174.26782500,504.52627500,-3886.00880841,-174.07965144,487.02729445,-2.95687698,-33.84137975,3147.03959127,3147.22293000,0.89938726,0.0089938726,4.6813106946E-05,0.61844787,265.00648584,0,aluminum_rigid,70000.0,0.3300,133.79334650,0.6499401236,0.2761718015,0.4085254265,0.2987745224,0.0412298578,0.7361291273,0.2479624674
case079,cases_trunkfloor_lhs_500\case079\case079.key,2000447,3288972,-4170.97675000,-342.53985000,584.95802500,-4170.90698313,-343.36895009,567.47781546,-20.13806551,239.31804379,5045.62672964,5051.33920486,0.79587520,0.0079587520,4.1425304069E-05,2.72513151,94.80997715,0,aluminum_rigid,70000.0,0.3300,144.04411537,0.2349359711,0.0762775801,0.9581967047,0.0917503965,0.1816754339,0.2633610476,0.2496222022
case080,cases_trunkfloor_lhs_500\case080\case080.key,2000447,2946667,-3879.96175000,-144.47137500,497.18790000,-3879.44301998,-143.62438006,479.71610791,-121.17661140,-197.86010461,4081.45369560,4088.04313352,1.18359060,0.0118359060,6.1605890753E-05,3.25358707,238.51520561,1,titanium_rigid,110000.0,0.3400,126.21074893,0.6587710218,0.3115676920,0.6801169520,0.8671812009,0.2169058049,0.6625422378,0.4955546058
case081,cases_trunkfloor_lhs_500\case081\case081.key,2000447,3284189,-3852.16200000,128.98945000,493.16485000,-3851.49841855,130.67789483,475.75913790,-164.38352977,-418.26443759,4311.77272613,4335.12988576,0.99096300,0.0099096300,5.1579624222E-05,5.95033990,248.54450810,1,titanium_rigid,110000.0,0.3400,128.03117982,0.6992586546,0.6364181161,0.7514447867,0.4819260028,0.3966893266,0.6904014114,0.6008271369
case082,cases_trunkfloor_lhs_500\case082\case082.key,2000447,3284412,-3964.42425000,176.37465000,499.50917500,-3964.81186312,174.01357115,482.17351629,79.35561794,483.38113684,3549.11078732,3582.75620413,1.10139267,0.0110139267,5.7327488252E-05,7.85836893,80.67703890,2,steel_rigid,210000.0,0.3000,163.28334511,0.5357596032,0.6927080886,0.5342531117,0.7027853315,0.5238912622,0.2241028858,0.9156742342
case083,cases_trunkfloor_lhs_500\case083\case083.key,2000447,3281940,-3895.21900000,-116.84142500,497.28947500,-3899.20118501,-117.66409786,480.26844648,466.79778799,96.43496492,1995.23087184,2051.37663760,1.21062280,0.0121062280,6.3012916547E-05,13.43596880,11.67243201,1,titanium_rigid,110000.0,0.3400,102.74740503,0.6365503207,0.3443899472,0.0921817031,0.9212455926,0.8957312532,0.0324234223,0.4351989841
case084,cases_trunkfloor_lhs_500\case084\case084.key,2000447,3286725,-4207.24650000,-306.90632500,540.32802500,-4210.14882765,-309.35272113,523.24465179,683.70950585,576.30443200,4024.37838503,4122.52433257,1.09812296,0.0109812296,5.7157300241E-05,12.52730355,40.12781793,0,aluminum_rigid,70000.0,0.3300,172.99286718,0.1821126069,0.1186074667,0.6900708214,0.6962459266,0.8351535700,0.1114661609,0.1233453732
case085,cases_trunkfloor_lhs_500\case085\case085.key,2000447,3282249,-3974.14600000,-187.63195000,514.25307500,-3977.95337893,-185.67231468,497.28505522,815.95995066,-419.96974137,3636.41887278,3750.42763469,1.15523794,0.0115523794,6.0130135006E-05,14.16356908,332.76538872,1,titanium_rigid,110000.0,0.3400,84.37118603,0.5216008197,0.2602962490,0.5826557070,0.8104758888,0.9442379385,0.9243483020,0.5290753544
case086,cases_trunkfloor_lhs_500\case086\case086.key,2000447,3290839,-4149.13600000,398.83112500,641.34797500,-4152.13952015,397.24057294,624.18117533,323.38317159,171.25164663,1848.31592609,1884.19095762,0.82959139,0.0082959139,4.3180231687E-05,11.19857641,27.90402275,0,aluminum_rigid,70000.0,0.3300,114.78883213,0.2667448998,0.9569692685,0.0439193319,0.1591827738,0.7465717607,0.0775111743,0.2508846339
case087,cases_trunkfloor_lhs_500\case087\case087.key,2000447,3288848,-3984.20175000,-382.43322500,598.42830000,-3982.99183028,-386.35402801,581.41614558,-124.51030255,403.48161944,1750.68515089,1800.88831698,0.86347854,0.0086347854,4.4944058252E-05,13.56044332,107.14969102,1,titanium_rigid,110000.0,0.3400,104.33596182,0.5069555976,0.0288873194,0.0198719197,0.2269570894,0.9040295550,0.2976380306,0.5020733378
case088,cases_trunkfloor_lhs_500\case088\case088.key,2000447,3286149,-3916.48275000,-292.23670000,511.09462500,-3913.07526886,-292.18434614,493.92965103,-491.15656337,-7.54632006,2474.17058915,2522.46146074,0.84350734,0.0084350734,4.3904557091E-05,11.22931292,180.88024533,1,titanium_rigid,110000.0,0.3400,194.24864757,0.6055817364,0.1360338527,0.2281722412,0.1870146817,0.7486208610,0.5024451259,0.4014863468
case089,cases_trunkfloor_lhs_500\case089\case089.key,2000447,3289662,-4188.81775000,292.40647500,522.76715000,-4190.40591882,293.49516652,505.37340197,343.25217326,-235.29975308,3759.32440838,3782.28872981,0.83171406,0.0083171406,4.3290716913E-05,6.31694479,325.56931843,1,titanium_rigid,110000.0,0.3400,195.43498977,0.2089522893,0.8305449710,0.5918532172,0.1634281234,0.4211296524,0.9043592178,0.3406242189
case090,cases_trunkfloor_lhs_500\case090\case090.key,2000447,3284648,-4038.51875000,273.86845000,505.94112500,-4035.63510009,275.81601384,488.79056937,-747.63145714,-504.93646555,4446.55048356,4537.14941707,1.15292823,0.0115292823,6.0009914415E-05,11.46919581,214.03436435,1,titanium_rigid,110000.0,0.3400,239.88560724,0.4278481686,0.8085232233,0.8097628293,0.8058564617,0.7646130541,0.5945399010,0.5548424636
case091,cases_trunkfloor_lhs_500\case091\case091.key,2000447,3285087,-3978.35475000,85.07806500,489.31887500,-3980.06887689,83.47209873,471.97723029,370.73821876,347.34480687,3750.72026780,3784.96998258,1.04975000,0.0104975000,5.4639487745E-05,7.71370320,43.13410169,2,steel_rigid,210000.0,0.3000,84.16976892,0.5154711845,0.5842547686,0.5926272286,0.5995000094,0.5142468798,0.1198169491,0.8850307027
case092,cases_trunkfloor_lhs_500\case092\case092.key,2000447,3284077,-3833.11675000,99.48587750,492.36402500,-3833.59099646,100.71502399,474.91368720,93.40380382,-242.08290136,3436.87951056,3446.66058262,1.19227824,0.0119227824,6.2058082620E-05,4.31752001,291.09830795,0,aluminum_rigid,70000.0,0.3300,114.97471685,0.7269962093,0.6013701416,0.4949656715,0.8845564887,0.2878346674,0.8086064110,0.2697206633
case093,cases_trunkfloor_lhs_500\case093\case093.key,2000447,3281685,-4114.01675000,-111.36337500,504.16237500,-4117.79102773,-108.96967105,487.24271162,520.49537871,-330.10603169,2333.32235728,2413.35423309,0.99953432,0.0099953432,5.2025761506E-05,14.79674306,327.61651246,1,titanium_rigid,110000.0,0.3400,83.42462248,0.3178926726,0.3508974492,0.1966756829,0.4990686458,0.9864495370,0.9100458679,0.5481122638
case094,cases_trunkfloor_lhs_500\case094\case094.key,2000447,3293563,-4184.40775000,-404.12292500,642.63327500,-4184.14245240,-404.37354377,625.13708092,-27.43192635,25.91412740,1809.11666669,1809.51020066,1.01417057,0.0101417057,5.2787578230E-05,1.19496750,136.62973665,1,titanium_rigid,110000.0,0.3400,82.51350943,0.2153750255,0.0031216243,0.0223608443,0.5283411424,0.0796645002,0.3795270463,0.5657606077
case095,cases_trunkfloor_lhs_500\case095\case095.key,2000447,3281645,-4128.11300000,-84.88482500,500.77435000,-4129.81991877,-83.93550162,483.38368545,472.35192314,-262.70419535,4812.48081651,4842.73697849,0.94192561,0.0094192561,4.9027227918E-05,6.40804393,330.91885054,1,titanium_rigid,110000.0,0.3400,81.07485595,0.2973628551,0.3823519297,0.8979784009,0.3838512168,0.4272029285,0.9192190293,0.3484853613
case096,cases_trunkfloor_lhs_500\case096\case096.key,2000447,3282288,-4040.77075000,-232.38665000,514.57592500,-4040.22843486,-232.43795659,497.08440529,-109.79395630,10.38723275,3541.23096216,3542.94783123,0.84168161,0.0084168161,4.3809527671E-05,1.78378036,174.59552696,2,steel_rigid,210000.0,0.3000,122.71363590,0.4245683495,0.2071311082,0.5227614189,0.1833632150,0.1189186910,0.4849875749,0.7213834131
case097,cases_trunkfloor_lhs_500\case097\case097.key,2000447,3282917,-3963.47075000,-301.78645000,514.84382500,-3961.42404189,-302.07412612,497.46630422,-464.73499279,65.32106841,3945.82010275,3973.63080051,1.00477866,0.0100477866,5.2298729418E-05,6.78271294,171.99917491,1,titanium_rigid,110000.0,0.3400,184.89678854,0.5371482833,0.1246894843,0.6470889410,0.5095573263,0.4521808629,0.4777754859,0.5748176130
case098,cases_trunkfloor_lhs_500\case098\case098.key,2000447,3289696,-4155.38950000,312.21315000,523.01862500,-4154.46249325,311.30780198,505.56666226,-195.99210587,191.41291699,3689.77565622,3699.93191878,0.87134116,0.0087134116,4.5353307388E-05,4.24626523,135.67721367,1,titanium_rigid,110000.0,0.3400,201.26275259,0.2576372851,0.8540737773,0.5680788426,0.2426823204,0.2830843490,0.3768811491,0.5859698330
case099,cases_trunkfloor_lhs_500\case099\case099.key,2000447,3283288,-3705.10550000,-94.10235500,502.90642500,-3701.88802063,-92.12890120,485.81832076,-875.09211245,-536.74123567,4647.63360277,4759.66127629,0.99242427,0.0099242427,5.1655683018E-05,12.45569008,211.52303711,2,steel_rigid,210000.0,0.3000,123.42853064,0.9134321478,0.3714022131,0.8739965002,0.4848485309,0.8303793390,0.5875639920,0.7986999837
case100,cases_trunkfloor_lhs_500\case100\case100.key,2000447,3289839,-4140.24675000,368.20830000,584.64355000,-4139.38403190,368.19716647,567.16483170,-94.91577489,1.22490456,1922.99906627,1925.34046693,0.75522775,0.0075522775,3.9309604243E-05,2.82595831,179.26062906,0,aluminum_rigid,70000.0,0.3300,145.38916096,0.2796912280,0.9205917080,0.0557981776,0.0104554944,0.1883972207,0.4979461918,0.0498297046
case101,cases_trunkfloor_lhs_500\case101\case101.key,2000447,3281733,-3907.65300000,-116.24135000,497.49652500,-3908.92376911,-118.74005403,480.22250914,298.24847840,586.44380842,4054.19750664,4107.23580016,1.21370395,0.0121370395,6.3173290836E-05,9.21777375,63.04341876,0,aluminum_rigid,70000.0,0.3300,91.87707540,0.6184414087,0.3451027901,0.6856574002,0.9274079092,0.6145182501,0.1751206077,0.0213034465
case102,cases_trunkfloor_lhs_500\case102\case102.key,2000447,3282233,-3993.25800000,-193.11657500,513.86692500,-3989.65072123,-195.37130925,496.89183403,-476.12563313,297.60294111,2240.54652882,2309.82940428,1.07832593,0.0107832593,5.6126864827E-05,14.06864260,147.99250363,0,aluminum_rigid,70000.0,0.3300,83.21545512,0.4937660500,0.2537809364,0.1667906251,0.6566518666,0.9379095064,0.4110902878,0.1023860064
case103,cases_trunkfloor_lhs_500\case103\case103.key,2000447,3285333,-4133.85075000,88.08654500,496.03720000,-4133.20000861,88.47496468,478.55361725,-172.88946596,-103.19563589,4645.05155381,4649.41330108,0.97060244,0.0097060244,5.0519857064E-05,2.48200562,210.83246744,0,aluminum_rigid,70000.0,0.3300,80.51520395,0.2890063801,0.5878286114,0.8421706363,0.4412048824,0.1654670412,0.5856457429,0.0237645058
case104,cases_trunkfloor_lhs_500\case104\case104.key,2000447,3287519,-4311.25675000,174.68910000,526.14365000,-4312.11719488,174.11738806,508.67416861,136.44013513,90.65595672,2770.12329178,2774.96260599,0.92938683,0.0092938683,4.8374584264E-05,3.38426302,33.60155792,1,titanium_rigid,110000.0,0.3400,95.78007464,0.0306317912,0.6907057849,0.3010630773,0.3587736509,0.2256175344,0.0933376609,0.3946708424
case105,cases_trunkfloor_lhs_500\case105\case105.key,2000447,3283027,-3834.27975000,-236.30852500,507.71292500,-3834.44167305,-236.31089929,490.21367429,20.29261849,0.29755220,2193.05164865,2193.14555207,1.11134006,0.0111134006,5.7845250355E-05,0.53020784,0.84007214,0,aluminum_rigid,70000.0,0.3300,152.03815997,0.7253024129,0.2024722223,0.1331068826,0.7226801289,0.0353471896,0.0023335337,0.0672932876
case106,cases_trunkfloor_lhs_500\case106\case106.key,2000447,3289018,-4164.70550000,-366.99952500,637.10410000,-4163.65603459,-370.84053391,620.06311197,-294.25302423,1076.95640143,4778.01576582,4906.71525476,0.80718261,0.0080718261,4.2013854640E-05,13.15177832,105.28173850,1,titanium_rigid,110000.0,0.3400,119.58157898,0.2440694369,0.0472213677,0.9164473470,0.1143652119,0.8767852212,0.2924492736,0.5779325927
case107,cases_trunkfloor_lhs_500\case107\case107.key,2000447,2851182,-4256.20450000,-385.34050000,646.48585000,-4256.88011614,-388.48176735,629.28335070,152.56613757,709.35402352,3884.63022232,3951.81116973,1.05042488,0.0105042488,5.4674615078E-05,10.57985654,77.86187199,0,aluminum_rigid,70000.0,0.3300,101.32715281,0.1108100403,0.0254337003,0.6407901532,0.6008497628,0.7053237690,0.2162829778,0.2838828142
case108,cases_trunkfloor_lhs_500\case108\case108.key,2000447,3286223,-3785.91825000,-289.85497500,535.07780000,-3784.53802521,-291.91113854,517.75390982,-324.43735850,483.32436436,4072.17521200,4113.57180538,0.78029280,0.0078029280,4.0614240316E-05,8.13533183,123.87196750,0,aluminum_rigid,70000.0,0.3300,100.29075785,0.7957362353,0.1388631588,0.6874864482,0.0605856029,0.5423554551,0.3440887986,0.1671528959
case109,cases_trunkfloor_lhs_500\case109\case109.key,2000447,3291880,-3648.72900000,389.88225000,628.87305000,-3647.23689716,393.80363982,611.88345521,-292.84437129,-769.62318330,3334.42647237,3434.60005965,0.82835707,0.0082835707,4.3115985392E-05,13.87194633,249.16800120,2,steel_rigid,210000.0,0.3000,80.57770934,0.9955390383,0.9463386934,0.4914840968,0.1567141361,0.9247964223,0.6921333367,0.7532120476
case110,cases_trunkfloor_lhs_500\case110\case110.key,2000447,3285562,-4315.26600000,142.29882500,517.21035000,-4312.55350702,145.89252363,500.29947445,-410.11851018,-543.35341729,2556.85936894,2645.93272042,1.24082668,0.0124082668,6.4585028871E-05,14.90898468,232.95480719,2,steel_rigid,210000.0,0.3000,96.00672067,0.0247927084,0.6522286298,0.2638153403,0.9816533668,0.9939323118,0.6470966866,0.6852607730
case111,cases_trunkfloor_lhs_500\case111\case111.key,2000447,3285454,-4228.99250000,105.75077500,509.37922500,-4228.53258045,105.57059513,491.88619755,-123.61018827,48.42600849,4701.51007668,4703.38405385,0.84455887,0.0084455887,4.3959289033E-05,1.61744298,158.60654760,2,steel_rigid,210000.0,0.3000,99.43847212,0.1504416723,0.6088123579,0.8577506578,0.1891177342,0.1078295318,0.4405737433,0.8662975822
case112,cases_trunkfloor_lhs_500\case112\case112.key,2000447,3281989,-3818.01225000,-52.64056500,496.64887500,-3818.07841047,-52.53945817,479.14929214,13.80640601,-21.09903379,3651.82333081,3651.91038027,1.09797564,0.0109797564,5.7149632089E-05,0.39560473,303.19921126,1,titanium_rigid,110000.0,0.3400,98.74203000,0.7489944449,0.4206556302,0.5542162121,0.6959512810,0.0263736488,0.8422200313,0.4156036730
case113,cases_trunkfloor_lhs_500\case113\case113.key,2000447,3290013,-3848.46875000,360.66655000,627.06417500,-3848.54318907,360.12163988,609.57281908,11.30660293,82.76678176,2656.77434485,2658.08730084,1.07245547,0.0107245547,5.5821307424E-05,1.80092643,82.22109011,1,titanium_rigid,110000.0,0.3400,154.33663475,0.7046375141,0.9116326892,0.2673240671,0.6449109481,0.1200617622,0.2283919170,0.5209261072
case114,cases_trunkfloor_lhs_500\case114\case114.key,2000447,3290179,-3680.20650000,190.28687500,588.03902500,-3684.63701340,190.40681705,571.10957832,859.72270166,-23.27425549,3285.08873229,3395.80223124,0.96393419,0.0096393419,5.0172774778E-05,14.67079958,358.44927791,2,steel_rigid,210000.0,0.3000,86.07359150,0.9496951203,0.7092347417,0.4802841232,0.4278683872,0.9780533053,0.9956924386,0.9615925850
case115,cases_trunkfloor_lhs_500\case115\case115.key,2000447,3286785,-4259.54250000,-263.48250000,538.13810000,-4263.34301825,-263.79175842,521.05856780,569.49336630,46.34121133,2559.30366590,2622.30918398,0.93557544,0.0093557544,4.8696701437E-05,12.58514976,4.65206229,1,titanium_rigid,110000.0,0.3400,129.51793916,0.1059485679,0.1701916304,0.2569958096,0.3711508718,0.8390099843,0.0129223953,0.3513692614
case116,cases_trunkfloor_lhs_500\case116\case116.key,2000447,3289139,-4301.73350000,-299.31165000,598.56517500,-4301.40388393,-300.63597710,581.11847013,-51.24093690,205.87515833,2712.20239299,2720.48746275,1.02152926,0.0102152926,5.3170598153E-05,4.47272946,103.97654587,2,steel_rigid,210000.0,0.3000,81.71239555,0.0445014788,0.1276293564,0.2853374506,0.5430585265,0.2981819641,0.2888237385,0.8004016379
case117,cases_trunkfloor_lhs_500\case117\case117.key,2000447,3284625,-3951.08850000,326.27380000,514.17045000,-3948.19617893,324.43793454,497.00903756,-420.97564895,267.20914961,2497.83359664,2547.11481938,0.98404183,0.0098404183,5.1219377293E-05,11.28903517,147.59516070,0,aluminum_rigid,70000.0,0.3300,188.15209405,0.5551818264,0.8707767479,0.2352890561,0.4680836616,0.7526023444,0.4099865575,0.2371267835
case118,cases_trunkfloor_lhs_500\case118\case118.key,2000447,3284965,-4219.67975000,231.06522500,516.93522500,-4220.58656811,232.27435795,499.50061349,104.71784612,-139.62866060,2013.31991801,2020.87087228,0.97848895,0.0097848895,5.0930349880E-05,4.95455426,306.86893924,1,titanium_rigid,110000.0,0.3400,177.02697096,0.1640047872,0.7576762847,0.0833754431,0.4569779013,0.3303036171,0.8524137201,0.5639988435
case119,cases_trunkfloor_lhs_500\case119\case119.key,2000447,3288260,-3659.08075000,36.14746000,517.13850000,-3658.92831558,36.36695753,499.64054056,-28.15827568,-40.54643191,3232.29074569,3232.66768572,0.95077764,0.0095077764,4.9487975906E-05,0.87497864,235.22118547,2,steel_rigid,210000.0,0.3000,93.28499712,0.9804627210,0.5261289739,0.4331912144,0.4015552701,0.0583319092,0.6533921818,0.6677894334
case120,cases_trunkfloor_lhs_500\case120\case120.key,2000447,3287878,-3886.40825000,328.86817500,521.16575000,-3887.86587087,330.10760610,503.77066012,164.72566662,-140.06805018,1965.81829336,1977.67418106,0.90707235,0.0090707235,4.7213115728E-05,6.27688970,319.62511939,1,titanium_rigid,110000.0,0.3400,184.42037786,0.6493823214,0.8738586658,0.0709056266,0.3141446966,0.4184593133,0.8878475539,0.6275537807
case121,cases_trunkfloor_lhs_500\case121\case121.key,2000447,3284269,-3897.60375000,153.11670000,495.23630000,-3899.19319766,153.12239238,477.80863166,306.24452757,-1.09677040,3357.85077326,3371.78717138,1.21926819,0.0121926819,6.3462909541E-05,5.21113742,359.79480434,1,titanium_rigid,110000.0,0.3400,136.41861808,0.6330771642,0.6650794331,0.4733515693,0.9385363897,0.3474091612,0.9994300121,0.6165715832
case122,cases_trunkfloor_lhs_500\case122\case122.key,2000447,3292975,-3666.94900000,-385.73827500,629.34320000,-3669.77072722,-382.74478158,612.33358940,709.52914838,-752.72011396,4277.10178379,4400.41121388,0.85510506,0.0085510506,4.4508218271E-05,13.59591855,313.30812652,2,steel_rigid,210000.0,0.3000,81.05895835,0.9690033799,0.0249611742,0.7702898917,0.2102101161,0.9063945697,0.8703003515,0.9985748417
case123,cases_trunkfloor_lhs_500\case123\case123.key,2000447,2951531,-3777.05800000,338.33415000,633.60450000,-3777.19242952,338.76267321,616.11026390,18.15522983,-57.87372721,2362.66469350,2363.44313123,1.18420224,0.0118420224,6.1637726544E-05,1.47058087,287.41685893,0,aluminum_rigid,70000.0,0.3300,81.23621679,0.8086403279,0.8851035159,0.1822675821,0.8684044782,0.0980387248,0.7983801637,0.2895470307
case124,cases_trunkfloor_lhs_500\case124\case124.key,2000447,3289641,-4234.74700000,352.02507500,604.55647500,-4236.17042613,353.35249900,587.16504597,144.73640585,-134.97474465,1768.39028022,1779.42996267,0.90119621,0.0090119621,4.6907262780E-05,6.38557867,316.99875867,1,titanium_rigid,110000.0,0.3400,138.88463804,0.1420608026,0.9013672816,0.0136774235,0.3023924219,0.4257052444,0.8805521074,0.4265619181
case125,cases_trunkfloor_lhs_500\case125\case125.key,2000447,3281734,-3913.32400000,-122.13392500,498.77277500,-3915.97441023,-124.09202276,481.58582708,730.78311880,539.89558720,4738.86315685,4825.17929524,0.91815976,0.0091815976,4.7790215561E-05,10.85366595,36.45663474,2,steel_rigid,210000.0,0.3000,87.90694898,0.6101821487,0.3381028643,0.8929099319,0.3363195220,0.7235777299,0.1012684298,0.7506316003
case126,cases_trunkfloor_lhs_500\case126\case126.key,2000447,3282216,-3952.95475000,-231.69935000,518.10145000,-3951.58949546,-234.18383481,500.83259320,-281.82346856,512.86123345,3564.73388405,3612.44775413,0.85823250,0.0085823250,4.4671001773E-05,9.32262782,118.78932835,1,titanium_rigid,110000.0,0.3400,133.19687779,0.5524638148,0.2079475677,0.5428243279,0.2164650057,0.6215085213,0.3299703565,0.5665952921
case127,cases_trunkfloor_lhs_500\case127\case127.key,2000447,3289057,-4222.65750000,-317.72650000,585.73490000,-4223.94169009,-318.34379588,568.29300212,243.10905060,116.85981489,3301.91243761,3312.91170611,1.06110216,0.0106110216,5.5230367316E-05,4.67019306,25.67307568,0,aluminum_rigid,70000.0,0.3300,155.89447306,0.1596679839,0.1057539311,0.4563556786,0.6222043157,0.3113462037,0.0713140991,0.2357392631
case128,cases_trunkfloor_lhs_500\case128\case128.key,2000447,3291161,-3890.07825000,384.78875000,630.52202500,-3887.12408109,385.21894420,613.27853872,-642.26031796,-93.52771415,3748.87399287,3804.64215975,0.88305032,0.0088305032,4.5962769001E-05,9.82213336,188.28533037,1,titanium_rigid,110000.0,0.3400,130.07946844,0.6440373232,0.9402880072,0.5983060996,0.2661006340,0.6548088904,0.5230148066,0.4750219497
case129,cases_trunkfloor_lhs_500\case129\case129.key,2000447,3285564,-4307.40500000,139.19872500,515.50990000,-4309.61254666,140.47164617,498.19642521,504.74826889,-291.04922999,3958.66895197,4001.31732565,1.03776600,0.0103776600,5.4015720212E-05,8.37286084,330.03128162,0,aluminum_rigid,70000.0,0.3300,103.96300399,0.0362414905,0.6485459495,0.6550813561,0.5755319966,0.5581907229,0.9167535600,0.0599076884
case130,cases_trunkfloor_lhs_500\case130\case130.key,2000447,3292788,-3771.73450000,-393.09997500,629.44505000,-3773.49809527,-393.01198430,612.03436393,333.18937289,-16.62374875,3289.33496045,3306.20870322,0.83236473,0.0083236473,4.3324584094E-05,5.79112702,357.14372194,1,titanium_rigid,110000.0,0.3400,93.12202509,0.8163934880,0.0162160409,0.4544206874,0.1647294561,0.3860751345,0.9920658943,0.5607276452
case131,cases_trunkfloor_lhs_500\case131\case131.key,2000447,3291297,-3929.93200000,428.58687500,638.79947500,-3926.76137640,429.41527451,621.60904452,-756.65619444,-197.69411196,4102.42505850,4176.30254162,1.03246642,0.0103246642,5.3739877360E-05,10.79294583,194.64253386,1,titanium_rigid,110000.0,0.3400,86.03675448,0.5859942115,0.9923168105,0.7055952604,0.5649328477,0.7195297218,0.5406737052,0.6074412151
case132,cases_trunkfloor_lhs_500\case132\case132.key,2000447,3282982,-3823.50750000,-224.77030000,506.27340000,-3819.78130136,-225.73333998,489.20184478,-673.11861643,173.96821771,3083.88863146,3161.28497668,1.13033547,0.0113033547,5.8833961002E-05,12.70445650,165.50894354,1,titanium_rigid,110000.0,0.3400,144.70961035,0.7409911476,0.2161787461,0.4125847916,0.7606709319,0.8469637666,0.4597470654,0.4372353691
case133,cases_trunkfloor_lhs_500\case133\case133.key,2000447,3290859,-4088.30300000,404.30132500,639.85807500,-4092.27676780,405.99401937,622.89947968,911.80589846,-388.39932093,3891.25586109,4015.48455425,1.18755252,0.0118755252,6.1812108529E-05,14.28912634,336.92759058,1,titanium_rigid,110000.0,0.3400,109.45051519,0.3553422492,0.9634674453,0.6591710846,0.8751050347,0.9526084228,0.9359099738,0.3355712560
case134,cases_trunkfloor_lhs_500\case134\case134.key,2000447,3291087,-4086.85050000,428.70875000,643.54825000,-4085.77742942,428.93238016,626.08261205,-172.25652529,-35.89862136,2803.70198640,2809.21801398,0.76097104,0.0076097104,3.9608542517E-05,3.59111416,191.77206495,0,aluminum_rigid,70000.0,0.3300,85.01805567,0.3574576742,0.9924615887,0.3109517664,0.0219420756,0.2394076105,0.5327001804,0.3225182184
case135,cases_trunkfloor_lhs_500\case135\case135.key,2000447,3289925,-4030.62800000,387.33702500,614.59047500,-4029.97733333,387.86256396,597.11047381,-67.86289325,-54.81238918,1823.12006011,1825.20588534,1.21494870,0.0121494870,6.3238079878E-05,2.73944147,218.92757033,2,steel_rigid,210000.0,0.3000,126.55962632,0.4393402787,0.9433151619,0.0268918003,0.9298974017,0.1826294311,0.6081321398,0.9831033781
case136,cases_trunkfloor_lhs_500\case136\case136.key,2000447,3287829,-3920.81425000,364.68462500,554.52837500,-3917.64119221,365.65347681,537.34573753,-688.81461118,-210.32055778,3730.04607685,3798.93985751,0.79272870,0.0079272870,4.1261528809E-05,10.92835894,196.97936736,2,steel_rigid,210000.0,0.3000,150.00889300,0.5992733278,0.9164058532,0.5966599860,0.0854573990,0.7285572627,0.5471649093,0.7041275423
case137,cases_trunkfloor_lhs_500\case137\case137.key,2000447,3285008,-4213.77825000,171.16712500,509.95790000,-4212.76010916,170.81611792,492.49106906,-257.19358857,88.66825302,4412.31383365,4420.69270225,1.24281223,0.0124281223,6.4688376663E-05,3.52820472,160.97821502,1,titanium_rigid,110000.0,0.3400,157.03507831,0.1725997481,0.6865219495,0.7761446558,0.9856244635,0.2352136479,0.4471617084,0.4241929314
case138,cases_trunkfloor_lhs_500\case138\case138.key,2000447,3295068,-3686.71450000,397.55907500,628.13382500,-3686.00527778,401.49763993,611.09754870,-130.45358601,-724.45547537,3133.63467728,3218.93152530,1.14905338,0.0114905338,5.9808228613E-05,13.21940653,259.79207342,2,steel_rigid,210000.0,0.3000,81.46774202,0.9402168511,0.9554581709,0.4292259246,0.7981067671,0.8812937687,0.7216446484,0.9223148986
case139,cases_trunkfloor_lhs_500\case139\case139.key,2000447,3283437,-3742.89850000,0.24316400,497.45632500,-3744.48381370,0.64824722,480.03298755,275.82112636,-70.47848716,3031.40290960,3044.74105815,0.86947417,0.0086947417,4.5256130633E-05,5.36498972,345.66634567,0,aluminum_rigid,70000.0,0.3300,160.75671675,0.8583903181,0.4834774322,0.3789414446,0.2389483432,0.3576659816,0.9601842935,0.0969654667
case140,cases_trunkfloor_lhs_500\case140\case140.key,2000447,3283204,-3743.19775000,-127.89042500,500.69242500,-3742.32236790,-127.57183782,483.21723664,-254.75300764,-92.71498926,5085.61552690,5092.83618935,0.95672527,0.0095672527,4.9797550219E-05,3.05138933,199.99850601,0,aluminum_rigid,70000.0,0.3300,145.58423588,0.8579544896,0.3312645851,0.9701758579,0.4134505368,0.2034259556,0.5555514056,0.1951136529
case141,cases_trunkfloor_lhs_500\case141\case141.key,2000447,3288897,-4064.76600000,-374.60932500,578.61525000,-4067.09711099,-371.36968513,561.57645148,648.14879840,-900.75877887,4737.51650518,4865.75028947,0.77899949,0.0077899949,4.0546923379E-05,13.18324702,305.73723088,1,titanium_rigid,110000.0,0.3400,112.12328272,0.3896216011,0.0381815107,0.9046217746,0.0579989771,0.8788831347,0.8492700858,0.4688835295
case142,cases_trunkfloor_lhs_500\case142\case142.key,2000447,3287642,-4082.95175000,363.69312500,544.99705000,-4083.14348853,363.65993433,527.49813190,46.37697222,8.02802978,4232.57055654,4232.83224200,1.23574163,0.0123574163,6.4320351852E-05,0.63710958,9.82079536,2,steel_rigid,210000.0,0.3000,150.04505377,0.3631358245,0.9152280275,0.7219139869,0.9714832604,0.0424739719,0.0272799871,0.9289946571
case143,cases_trunkfloor_lhs_500\case143\case143.key,2000447,3288232,-3649.00775000,54.92895500,531.57942500,-3650.22436761,53.47713712,514.18223941,340.87259006,406.77113188,4874.35301046,4903.15960855,0.89066724,0.0089066724,4.6359229892E-05,6.21381699,50.03712634,1,titanium_rigid,110000.0,0.3400,83.23093197,0.9951330661,0.5484399452,0.9154209199,0.2813344819,0.4142544661,0.1389920176,0.4773361075
case144,cases_trunkfloor_lhs_500\case144\case144.key,2000447,3291648,-3784.69600000,387.69322500,634.05372500,-3787.23894276,388.27042895,616.74909332,730.20364639,-165.74357787,4969.00887146,5025.10870166,1.05577973,0.0105577973,5.4953334850E-05,8.56940242,347.21153738,0,aluminum_rigid,70000.0,0.3300,115.49617083,0.7975163235,0.9437383001,0.9506246072,0.6115594563,0.5712934948,0.9644764927,0.0611973660
case145,cases_trunkfloor_lhs_500\case145\case145.key,2000447,3286020,-4185.40575000,-225.69620000,521.22075000,-4182.08132240,-225.61228554,504.03962258,-887.89240175,-22.41198179,4588.75762572,4673.92252414,0.96280875,0.0096280875,5.0114195638E-05,10.95440659,181.44594024,0,aluminum_rigid,70000.0,0.3300,198.13984603,0.2139215356,0.2150788481,0.8492458428,0.4256175077,0.7302937729,0.5040165007,0.1446581106
case146,cases_trunkfloor_lhs_500\case146\case146.key,2000447,3041740,-3932.33100000,329.07532500,515.59907500,-3931.46085877,326.32591198,498.33832234,-223.43814313,706.00463302,4432.28109421,4493.71592824,1.22173896,0.0122173896,6.3591512760E-05,9.48501872,107.56167034,2,steel_rigid,210000.0,0.3000,185.56507977,0.5825003013,0.8741047440,0.7972246552,0.9434779158,0.6323345812,0.2987824176,0.8097828682
case147,cases_trunkfloor_lhs_500\case147\case147.key,2000447,3291534,-3747.36475000,412.29957500,628.82102500,-3748.43663784,409.99399987,611.50671359,192.49604910,414.04901377,3109.40791549,3142.75498562,0.85718826,0.0085718826,4.4616648729E-05,8.35402895,65.06575294,1,titanium_rigid,110000.0,0.3400,102.85015470,0.8518856593,0.9729687510,0.4072356415,0.2143765121,0.5569352630,0.1807382026,0.4594509275
case148,cases_trunkfloor_lhs_500\case148\case148.key,2000447,3282886,-3978.80050000,-273.37985000,516.01925000,-3976.33398941,-274.43042656,498.72582309,-502.62897264,214.08795919,3524.07869293,3566.17444503,1.00568562,0.0100568562,5.2345936465E-05,8.81218508,156.92908132,0,aluminum_rigid,70000.0,0.3300,164.73702644,0.5148219930,0.1584343400,0.5294663679,0.5113712378,0.5874790054,0.4359141148,0.0159262772
case149,cases_trunkfloor_lhs_500\case149\case149.key,2000447,3286283,-3823.33375000,-323.35920000,552.39777500,-3821.94230920,-323.10735178,534.95499813,-184.55172547,-33.40352204,2313.49732624,2321.08703266,0.82546677,0.0082546677,4.2965545576E-05,4.63471271,190.25935940,1,titanium_rigid,110000.0,0.3400,144.48755590,0.7412441976,0.0990627168,0.1700404240,0.1509335476,0.3089808471,0.5284982205,0.3335023318
case150,cases_trunkfloor_lhs_500\case150\case150.key,2000447,3285670,-4265.93350000,42.83660750,516.93335000,-4266.32608303,44.76983461,499.54489085,65.34195909,-321.76848799,2894.15463471,2912.71961937,0.91475660,0.0091475660,4.7613080984E-05,6.47241762,281.47903884,1,titanium_rigid,110000.0,0.3400,80.23605552,0.0966406978,0.5340751665,0.3408301202,0.3295131982,0.4314945078,0.7818862190,0.4025524483
case151,cases_trunkfloor_lhs_500\case151\case151.key,2000447,3293148,-3746.64825000,-338.17170000,632.00655000,-3748.10712585,-334.72531456,614.91140131,355.07824669,-838.82154480,4160.81697748,4259.35441885,1.13656998,0.0113656998,5.9158467502E-05,12.34830124,292.94323513,0,aluminum_rigid,70000.0,0.3300,82.57269628,0.8529291719,0.0814666063,0.7295702834,0.7731399616,0.8232200826,0.8137312087,0.0575738550
case152,cases_trunkfloor_lhs_500\case152\case152.key,2000447,3286852,-4297.99700000,-244.95585000,553.71387500,-4296.48571933,-244.15885928,536.29747938,-207.71821916,-109.54251978,2393.79935521,2405.29037233,1.07146556,0.0107146556,5.5769782266E-05,5.60281343,207.80542297,1,titanium_rigid,110000.0,0.3400,95.54386928,0.0499433277,0.1921998654,0.1943478457,0.6429311149,0.3735208952,0.5772372860,0.6621383065
case153,cases_trunkfloor_lhs_500\case153\case153.key,2000447,3285459,-4231.65025000,82.46417250,507.91002500,-4227.49465195,81.69961083,490.92778574,-1233.83879331,227.00603660,5042.19738196,5195.92574496,1.12113553,0.0112113553,5.8355104268E-05,13.97203884,169.57510334,0,aluminum_rigid,70000.0,0.3300,80.85804698,0.1465709179,0.5811496654,0.9999352631,0.7422710574,0.9314692561,0.4710419537,0.0765508200
case154,cases_trunkfloor_lhs_500\case154\case154.key,2000447,3284110,-3828.00725000,44.90222500,494.40862500,-3827.93771144,45.33219673,476.91404616,-11.69314909,-72.30123396,2941.77395559,2942.68554283,1.04873164,0.0104873164,5.4586482113E-05,1.42618555,260.81320171,1,titanium_rigid,110000.0,0.3400,85.69064977,0.7344376993,0.5365289612,0.3494805412,0.5974632896,0.0950790367,0.7244811159,0.4844662042
case155,cases_trunkfloor_lhs_500\case155\case155.key,2000447,2953483,-3935.54550000,99.99573250,489.17797500,-3939.66575023,100.61737029,472.18129578,588.85080088,-88.84215505,2429.10202349,2501.03475281,0.78225105,0.0078225105,4.0716167298E-05,13.77486880,351.42027758,2,steel_rigid,210000.0,0.3000,82.90336973,0.5778186946,0.6019758101,0.2219868805,0.0645021056,0.9183245866,0.9761674377,0.7793231514
case156,cases_trunkfloor_lhs_500\case156\case156.key,2000447,3284764,-4072.91325000,290.24915000,514.27685000,-4072.42527395,289.43749546,496.80249461,-85.41769400,142.07594600,3058.79589922,3063.28485616,1.08505496,0.0108505496,5.6477110706E-05,3.10219938,121.01476925,2,steel_rigid,210000.0,0.3000,223.47665853,0.3777559236,0.8279822348,0.3842945805,0.6701099215,0.2068132921,0.3361521368,0.6830384773
case157,cases_trunkfloor_lhs_500\case157\case157.key,2000447,3285374,-4163.66975000,143.67120000,501.52430000,-4164.99972756,142.39645775,484.12153609,342.36525729,328.14648232,4479.85132621,4504.88201713,0.83823493,0.0083823493,4.3630127849E-05,6.04273619,43.78517606,0,aluminum_rigid,70000.0,0.3300,126.57554355,0.2455779061,0.6538589057,0.8004480290,0.1764698501,0.4028490792,0.1216254891,0.0655377453
case158,cases_trunkfloor_lhs_500\case158\case158.key,2000447,3281637,-4112.49775000,-100.84394250,502.52670000,-4112.95427778,-102.03775021,485.07343654,111.58702347,291.79702727,4266.02235315,4277.44595366,0.87304193,0.0087304193,4.5441832398E-05,4.18835582,69.07248807,0,aluminum_rigid,70000.0,0.3300,80.36409985,0.3201049484,0.3633937258,0.7347928621,0.2460838578,0.2792237215,0.1918680224,0.0684103586
case159,cases_trunkfloor_lhs_500\case159\case159.key,2000447,3286361,-3692.39675000,-175.72890000,528.57282500,-3691.93748707,-175.77750244,511.07891991,-97.50718804,10.31889815,3714.17198688,3715.46601108,1.11058633,0.0111058633,5.7806018673E-05,1.51221934,173.95904130,1,titanium_rigid,110000.0,0.3400,82.33503231,0.9319412065,0.2744361568,0.5725631509,0.7211726676,0.1008146228,0.4832195592,0.6085772735
case160,cases_trunkfloor_lhs_500\case160\case160.key,2000447,2948139,-4114.27525000,234.86382500,509.78227500,-4115.22815036,235.17019597,492.31092366,134.24600275,-43.16199179,2461.38963621,2465.42570118,1.15385381,0.0115385381,6.0058090587E-05,3.27891388,342.17666616,0,aluminum_rigid,70000.0,0.3300,225.91097621,0.3175161925,0.7621887293,0.2117074280,0.8077076114,0.2185942587,0.9504907393,0.1001693740
case161,cases_trunkfloor_lhs_500\case161\case161.key,2000447,3282184,-3880.01200000,-179.37305000,506.12422500,-3881.26117913,-179.60103065,488.67035505,147.66419932,26.94936122,2063.20428907,2068.65727520,1.20067527,0.0120067527,6.2495147682E-05,4.16107938,10.34289929,1,titanium_rigid,110000.0,0.3400,141.60936152,0.6586978376,0.2701071869,0.0971701958,0.9013505353,0.2774052920,0.0287302758,0.4401655185
case162,cases_trunkfloor_lhs_500\case162\case162.key,2000447,3284743,-4093.96650000,301.73992500,515.36985000,-4091.36796614,304.82187651,498.34048722,-656.02266147,-778.06568547,4299.21197522,4418.02846880,0.93716885,0.0093716885,4.8779638449E-05,13.31802685,229.86423487,0,aluminum_rigid,70000.0,0.3300,211.99500503,0.3470939121,0.8416323916,0.7753755575,0.3743376926,0.8878684565,0.6385117635,0.1055424036
case163,cases_trunkfloor_lhs_500\case163\case163.key,2000447,2994206,-4223.87200000,158.33477500,515.73472500,-4224.69937812,159.88027924,498.32275032,178.24936982,-332.96162001,3751.21538247,3770.17945513,1.08271666,0.0108271666,5.6355402270E-05,5.74916317,298.16215147,1,titanium_rigid,110000.0,0.3400,146.84413204,0.1578991827,0.6712781048,0.5883575691,0.6654333245,0.3832775448,0.8282281985,0.4622787672
case164,cases_trunkfloor_lhs_500\case164\case164.key,2000447,3283348,-3702.38650000,-35.02789250,501.74525000,-3701.33531772,-32.47959220,484.46372283,-310.59663001,-752.95550812,5106.23533923,5170.78829613,0.81440374,0.0081440374,4.2389714523E-05,9.06296236,247.58369106,2,steel_rigid,210000.0,0.3000,136.43137557,0.9173921070,0.4415781303,0.9926787033,0.1288074745,0.6041974907,0.6877324752,0.9035283143
case165,cases_trunkfloor_lhs_500\case165\case165.key,2000447,3282138,-3924.46550000,-142.85417500,507.10062500,-3923.89149581,-142.60967791,489.61175024,-146.07891122,-62.22231326,4450.76155757,4453.59283129,0.80682292,0.0080682292,4.1995133096E-05,2.04313148,203.07158012,0,aluminum_rigid,70000.0,0.3300,84.72007143,0.5939556372,0.3134888012,0.7856421094,0.1136458442,0.1362087652,0.5640877226,0.0193675288
case166,cases_trunkfloor_lhs_500\case166\case166.key,2000447,3287686,-4073.49275000,354.19092500,531.97970000,-4075.70110962,353.30765039,514.64208270,583.34659834,233.32035084,4579.79760391,4622.69161125,0.93942496,0.0093942496,4.8897069120E-05,7.81132795,21.79986095,2,steel_rigid,210000.0,0.3000,159.53440809,0.3769119382,0.9039401448,0.8344567453,0.3788499182,0.5207551967,0.0605551693,0.7374753696
case167,cases_trunkfloor_lhs_500\case167\case167.key,2000447,3281903,-3857.12675000,-80.81750250,493.38037500,-3854.35134194,-80.95445473,476.10240191,-641.77526966,31.66833640,3995.29567941,4046.63637435,0.91962840,0.0091962840,4.7866657970E-05,9.13653769,177.17503686,2,steel_rigid,210000.0,0.3000,86.17758880,0.6920279790,0.3871835959,0.6681638447,0.3392567904,0.6091025124,0.4921528802,0.8218807103
case168,cases_trunkfloor_lhs_500\case168\case168.key,2000447,3286682,-4142.29800000,-339.28755000,538.89190000,-4145.91724122,-337.53499962,521.86017489,692.48425617,-335.32264686,3258.74977304,3348.34672724,1.08096876,0.0108096876,5.6264424049E-05,13.28440944,334.16227522,1,titanium_rigid,110000.0,0.3400,147.30069192,0.2767037819,0.0801410623,0.4665848928,0.6619375235,0.8856272960,0.9282285423,0.4069300170
case169,cases_trunkfloor_lhs_500\case169\case169.key,2000447,3286300,-3898.70275000,-328.82265000,518.29295000,-3901.09767869,-331.20284637,501.12178284,550.42805081,547.04211206,3946.46074931,4022.03661810,0.81331052,0.0081331052,4.2332812378E-05,11.12470743,44.82323038,0,aluminum_rigid,70000.0,0.3300,157.59151825,0.6314765776,0.0925725585,0.6610625034,0.1266210328,0.7416471619,0.1245089733,0.1606272059
case170,cases_trunkfloor_lhs_500\case170\case170.key,2000447,2998046,-3849.93950000,-382.00065000,630.36077500,-3853.09618051,-380.90241325,613.18290423,487.77354311,-169.70068036,2654.34238858,2704.11813094,1.01287684,0.0101287684,5.2720239367E-05,11.01037519,340.81676735,2,steel_rigid,210000.0,0.3000,104.14243449,0.7024955097,0.0294011852,0.2806120294,0.5257536741,0.7340250126,0.9467132426,0.9368842261
case171,cases_trunkfloor_lhs_500\case171\case171.key,2000447,3288955,-4106.83675000,-375.16662500,617.52665000,-4107.98450154,-370.96470690,600.57741548,230.02750256,-842.13062984,3396.89379637,3507.27588215,1.10899747,0.0110899747,5.7723318422E-05,14.41277526,285.27762964,0,aluminum_rigid,70000.0,0.3300,111.46699956,0.3283496444,0.0375194812,0.5124638094,0.7179949442,0.9608516838,0.7924378601,0.1698524045
case172,cases_trunkfloor_lhs_500\case172\case172.key,2000447,3295540,-4064.30700000,103.52630000,493.15600000,-4060.57061523,103.07056961,476.06560098,-663.16520937,80.88688951,3033.34874064,3106.04819121,0.93325638,0.0093325638,4.8575994580E-05,12.42080779,173.04592872,1,titanium_rigid,110000.0,0.3400,136.33385372,0.3902900899,0.6061698527,0.3966392977,0.3665127600,0.8280538530,0.4806831353,0.4722035408
case173,cases_trunkfloor_lhs_500\case173\case173.key,2000447,3282948,-3923.41925000,-268.21032500,511.61792500,-3920.51698058,-269.29615174,494.39445809,-534.49438452,199.97051036,3171.94753887,3222.87505830,1.16401179,0.0116401179,6.0586813861E-05,10.19919066,159.48765717,1,titanium_rigid,110000.0,0.3400,178.73947059,0.5954793986,0.1645753380,0.4303643250,0.8280235873,0.6799460443,0.4430212699,0.3611968986
case174,cases_trunkfloor_lhs_500\case174\case174.key,2000447,3281900,-3847.94175000,-66.51904000,492.38565000,-3844.99017828,-67.72324472,475.17843886,-420.29712987,171.47602492,2450.26790598,2491.96037600,1.17535930,0.0117535930,6.1177451776E-05,10.49550283,157.80514866,0,aluminum_rigid,70000.0,0.3300,81.58406682,0.7054050384,0.4041690695,0.2193673324,0.8507186081,0.6997001886,0.4383476352,0.0789638333
case175,cases_trunkfloor_lhs_500\case175\case175.key,2000447,3284154,-3867.19275000,86.14526500,491.89417500,-3867.42315317,86.33899780,474.39676428,40.76772825,-34.27924100,3096.00632452,3096.46447348,0.93269082,0.0093269082,4.8546557114E-05,0.98562857,319.94144856,2,steel_rigid,210000.0,0.3000,83.39343754,0.6773678287,0.5855225201,0.3938727154,0.3653816374,0.0657085715,0.8887262460,0.7294572081
case176,cases_trunkfloor_lhs_500\case176\case176.key,2000447,3281902,-3867.18075000,-85.84942500,494.64610000,-3870.37010621,-83.36606222,477.61932942,636.72340301,-495.77880204,3399.22624061,3493.70181145,1.04365147,0.0104365147,5.4322059024E-05,13.35481987,322.09422062,1,titanium_rigid,110000.0,0.3400,84.22527728,0.6773853056,0.3812060591,0.5085453109,0.5873029404,0.8903213245,0.8947061684,0.4838900519
case177,cases_trunkfloor_lhs_500\case177\case177.key,2000447,3287595,-4054.92225000,350.46245000,526.22362500,-4057.93593154,350.05451389,508.98989900,822.81672192,111.37761136,4705.27417631,4777.97419462,1.24906756,0.0124906756,6.5013966582E-05,10.00772138,7.70878204,2,steel_rigid,210000.0,0.3000,163.38174369,0.4039580658,0.8995110033,0.8792829868,0.9981351232,0.6671814256,0.0214132834,0.8330012658
case178,cases_trunkfloor_lhs_500\case178\case178.key,2000447,3284572,-3972.74100000,261.45710000,510.66432500,-3972.97758346,265.37954225,493.61121751,61.49101553,-1019.49206294,4432.31707008,4548.47005279,0.90089170,0.0090089170,4.6891413206E-05,12.97623511,273.45163315,0,aluminum_rigid,70000.0,0.3300,248.23363169,0.5236470655,0.7937794943,0.8130308169,0.3017834085,0.8650823409,0.7595878699,0.2861993319
case179,cases_trunkfloor_lhs_500\case179\case179.key,2000447,3283040,-3814.91350000,-239.84167500,506.66570000,-3814.23200238,-239.94694963,489.17929161,-201.77639147,31.16949354,5177.33928996,5181.36346659,1.18224469,0.0118224469,6.1535836174E-05,2.25830310,171.21862020,2,steel_rigid,210000.0,0.3000,132.37149635,0.7535074730,0.1982751119,0.9957314935,0.8644893823,0.1505535399,0.4756072783,0.9466499205
case180,cases_trunkfloor_lhs_500\case180\case180.key,2000447,3284343,-3954.32250000,97.29272750,489.67445000,-3954.23862663,95.45944327,472.27094362,-10.24194734,223.86605196,2125.17742416,2136.96045609,0.76292692,0.0076292692,3.9710346082E-05,6.01960053,92.61947464,1,titanium_rigid,110000.0,0.3400,84.47604352,0.5504718199,0.5987648481,0.1168876349,0.0258538360,0.4013067023,0.2572763185,0.3838440283
case181,cases_trunkfloor_lhs_500\case181\case181.key,2000447,3286664,-4083.42575000,-360.66992500,543.16742500,-4079.96732157,-363.00872075,526.17274032,-538.95453872,364.47323141,2648.41751708,2727.16484210,1.09020146,0.0109020146,5.6744986080E-05,13.80226763,145.93109536,0,aluminum_rigid,70000.0,0.3300,125.97765262,0.3624454896,0.0547404456,0.2872650449,0.6804029234,0.9201511750,0.4053641538,0.2971041418
case182,cases_trunkfloor_lhs_500\case182\case182.key,2000447,3287738,-3806.32175000,270.19080000,512.47427500,-3805.75352682,274.09314466,495.42438267,-149.28002799,-1025.19949379,4479.24068769,4597.49014867,0.97963236,0.0097963236,5.0989864225E-05,13.02303135,261.71534508,0,aluminum_rigid,70000.0,0.3300,104.64735708,0.7660205214,0.8041544580,0.8271817063,0.4592647156,0.8682020897,0.7269870697,0.1832532896
case183,cases_trunkfloor_lhs_500\case183\case183.key,2000447,3282063,-3824.64000000,-27.56939750,494.45725000,-3824.54794454,-27.54036480,476.95751621,-10.46403594,-3.30017549,1989.21216344,1989.24242323,0.88861893,0.0088861893,4.6252615113E-05,0.31602926,197.50437083,0,aluminum_rigid,70000.0,0.3300,82.85097682,0.7393417715,0.4504382486,0.0742450920,0.2772378526,0.0210686172,0.5486232523,0.1969305571
case184,cases_trunkfloor_lhs_500\case184\case184.key,2000447,3284477,-3977.92700000,208.98517500,498.12475000,-3980.83485326,209.46801256,480.87478602,847.73819510,-140.76358144,5028.95160918,5101.84561906,0.95485201,0.0095485201,4.9700046934E-05,9.69702122,350.57227876,1,titanium_rigid,110000.0,0.3400,198.22311087,0.5160941608,0.7314468838,0.9727766574,0.4097040128,0.6464680815,0.9738118854,0.6442688018
case185,cases_trunkfloor_lhs_500\case185\case185.key,2000447,3281101,-4029.99725000,3.44006355,489.73467500,-4028.21984953,2.55424791,472.34772075,-225.10406640,112.18670543,2202.02152831,2216.33853658,0.79082191,0.0079082191,4.1162280611E-05,6.51598061,153.50938666,1,titanium_rigid,110000.0,0.3400,81.38854166,0.4402589047,0.4872751029,0.1398021237,0.0816438275,0.4343987071,0.4264149629,0.3812023221
case186,cases_trunkfloor_lhs_500\case186\case186.key,2000447,2466741,-3768.62200000,-261.78460000,522.36142500,-3767.76192157,-257.62960126,505.38360858,-234.28604760,-1131.82495723,4624.77067480,4767.01389555,1.07624332,0.0107624332,5.6018464874E-05,14.03188699,258.30503052,2,steel_rigid,210000.0,0.3000,83.04106071,0.8209265416,0.1722086050,0.8761190195,0.6524866426,0.9354591327,0.7175139737,0.6796223257
case187,cases_trunkfloor_lhs_500\case187\case187.key,2000447,3282486,-4131.05450000,-117.89807500,506.65747500,-4130.71702072,-117.60564338,489.16317331,-45.06801890,-39.05221564,2336.24272596,2337.00369629,1.15887933,0.0115887933,6.0319669260E-05,1.46218922,220.90949388,1,titanium_rigid,110000.0,0.3400,101.46463487,0.2930788464,0.3431347282,0.1746351711,0.8177586651,0.0974792814,0.6136374830,0.6247958104
case188,cases_trunkfloor_lhs_500\case188\case188.key,2000447,3285687,-4319.44225000,26.52313250,508.55397500,-4319.82198683,25.52281898,491.08671497,83.37530122,219.62957832,3835.12458390,3842.31299696,0.86654681,0.0086654681,4.5103761476E-05,3.50530251,69.21234584,2,steel_rigid,210000.0,0.3000,92.15580109,0.0187104063,0.5146960132,0.6091807387,0.2330936206,0.2336868342,0.1922565162,0.7574330737
case189,cases_trunkfloor_lhs_500\case189\case189.key,2000447,3285293,-4102.69550000,143.51892500,503.56232500,-4099.39884290,145.11163392,486.44960078,-580.93143734,-280.66452067,3015.57583396,3083.82092840,0.99168226,0.0099168226,5.1617061838E-05,12.07627395,205.78651107,0,aluminum_rigid,70000.0,0.3300,144.02526906,0.3343809724,0.6536780148,0.3902228366,0.4833645279,0.8050849301,0.5716291974,0.0503529004
case190,cases_trunkfloor_lhs_500\case190\case190.key,2000447,3284907,-4132.72275000,291.29497500,516.01750000,-4133.49920715,291.33586283,498.53478161,89.29238864,-4.70209101,2010.50847059,2012.49585109,0.78737702,0.0078737702,4.0982973993E-05,2.54651589,356.98561814,0,aluminum_rigid,70000.0,0.3300,222.30212178,0.2906492025,0.8292245945,0.0809577816,0.0747540439,0.1697677263,0.9916267170,0.2659011722
case191,cases_trunkfloor_lhs_500\case191\case191.key,2000447,3281094,-4022.16150000,18.91894500,488.79325000,-4022.28581422,16.30330804,471.49027369,14.46302643,304.30971787,2013.07135228,2035.99357879,1.04665157,0.0104665157,5.4478214042E-05,8.60569858,87.27893254,0,aluminum_rigid,70000.0,0.3300,85.07629690,0.4516709127,0.5056628234,0.0877409944,0.5933031332,0.5737132384,0.2424414793,0.1462541481
case192,cases_trunkfloor_lhs_500\case192\case192.key,2000447,3285759,-4270.01250000,-34.77868500,515.30700000,-4271.12797785,-34.44033250,497.84586525,303.82126196,-92.15663353,4755.86670866,4766.45238672,0.94070856,0.0094070856,4.8963880583E-05,3.81926462,343.12612919,2,steel_rigid,210000.0,0.3000,80.76289440,0.0907000309,0.4418741696,0.8759569258,0.3814171214,0.2546176417,0.9531281366,0.8688175941
case193,cases_trunkfloor_lhs_500\case193\case193.key,2000447,2849454,-4192.19725000,-287.10840000,521.36272500,-4194.89010935,-289.55274003,504.24478966,354.26082380,321.56670666,2251.96086425,2302.22362342,0.93692330,0.0093692330,4.8766857914E-05,11.99445054,42.23039445,1,titanium_rigid,110000.0,0.3400,191.60076943,0.2040303762,0.1421258786,0.1645950242,0.3738466057,0.7996300358,0.1173066513,0.6427175902
case194,cases_trunkfloor_lhs_500\case194\case194.key,2000447,2848206,-3908.62625000,-104.23241250,494.79280000,-3908.72988126,-104.22982483,477.29310704,28.76284573,-0.71820731,4857.03813508,4857.12335264,0.94754495,0.0094754495,4.9319714734E-05,0.33940110,358.56962350,0,aluminum_rigid,70000.0,0.3300,87.97230580,0.6170239647,0.3593684841,0.9021313913,0.3950899033,0.0226267397,0.9960267320,0.1801701729
case195,cases_trunkfloor_lhs_500\case195\case195.key,2000447,3282335,-4044.34825000,-193.27510000,513.52817500,-4042.12583687,-195.91240643,496.37138350,-608.87682685,722.54557474,4700.46394004,4794.49312749,1.06277320,0.0106277320,5.5317344982E-05,11.36606058,130.12026747,1,titanium_rigid,110000.0,0.3400,85.48018100,0.4193580686,0.2535926209,0.8840515942,0.6255463970,0.7577373718,0.3614451874,0.4195694131
case196,cases_trunkfloor_lhs_500\case196\case196.key,2000447,3287892,-3983.73675000,372.52775000,549.84772500,-3987.11498174,373.96146896,532.73685126,669.73456212,-284.23483399,3392.23132507,3469.37561924,1.23859570,0.0123859570,6.4468906031E-05,12.10519848,337.00366958,2,steel_rigid,210000.0,0.3000,141.46921614,0.5076328248,0.9257228824,0.5015229408,0.9771913941,0.8070132323,0.9361213044,0.7768146070
case197,cases_trunkfloor_lhs_500\case197\case197.key,2000447,3283918,-3893.57900000,277.89797500,508.81460000,-3894.14844488,278.19685268,491.32642100,70.19246367,-36.84107292,2155.67547881,2157.13259133,1.15961138,0.0115961138,6.0357772087E-05,2.10605740,332.30690765,0,aluminum_rigid,70000.0,0.3300,189.60377380,0.6389388213,0.8133099891,0.1227108315,0.8192227507,0.1404038267,0.9230747435,0.3038412298
case198,cases_trunkfloor_lhs_500\case198\case198.key,2000447,3283813,-3847.94975000,260.11822500,508.38985000,-3849.24796634,259.10298973,490.96762478,167.26411040,130.80441221,2244.70523397,2254.72585125,1.24414377,0.0124414377,6.4757683265E-05,5.40379631,38.02623176,0,aluminum_rigid,70000.0,0.3300,147.41388917,0.7053933871,0.7921890138,0.1508835921,0.9882875414,0.3602530875,0.1056284216,0.0348563136
case199,cases_trunkfloor_lhs_500\case199\case199.key,2000447,3288164,-3710.67600000,127.44840000,502.48437500,-3710.21787500,124.42753165,485.25316854,-90.47205712,596.57117930,3402.87625316,3455.95850083,1.13877780,0.0113877780,5.9273384405E-05,10.05507880,98.62339220,1,titanium_rigid,110000.0,0.3400,117.02877419,0.9053192562,0.6345874673,0.4976497505,0.7775555967,0.6703385866,0.2739538672,0.6229979182
case200,cases_trunkfloor_lhs_500\case200\case200.key,2000447,3282362,-4063.10300000,-183.35247500,516.34940000,-4065.48147896,-182.54888862,499.03041946,690.53981775,-233.30388870,5028.19065591,5080.74573429,1.14836686,0.0114836686,5.9772495229E-05,8.24814556,341.33208707,0,aluminum_rigid,70000.0,0.3300,84.11261658,0.3920435989,0.2653799361,0.9666856425,0.7967337264,0.5498763704,0.9481446863,0.1901821381
case201,cases_trunkfloor_lhs_500\case201\case201.key,2000447,3287416,-4275.08525000,260.18067500,547.26457500,-4274.75250888,259.93784601,529.76942375,-94.73291298,69.13452111,4980.94930402,4982.32976387,0.85118932,0.0085118932,4.4304403869E-05,1.34878683,143.87864719,2,steel_rigid,210000.0,0.3000,117.30839826,0.0833120638,0.7922631996,0.9382753858,0.2023786309,0.0899191217,0.3996629089,0.9203501685
case202,cases_trunkfloor_lhs_500\case202\case202.key,2000447,3289807,-4163.46475000,383.55652500,635.67022500,-4162.55803257,387.66690126,618.68397555,-182.61599492,-827.84385432,3421.08880854,3524.55992780,0.89215536,0.0089215536,4.6436686412E-05,13.91755643,257.56021490,2,steel_rigid,210000.0,0.3000,129.87389880,0.2458764686,0.9388242187,0.5174532859,0.2843107171,0.9278370951,0.7154450414,0.7087502048
case203,cases_trunkfloor_lhs_500\case203\case203.key,2000447,3283216,-3719.21900000,-137.80615000,502.28992500,-3719.63029079,-139.84270093,484.91369698,49.83920182,246.78420756,2105.60836251,2120.60674511,1.23794551,0.0123794551,6.4435063710E-05,6.81845654,78.58242602,1,titanium_rigid,110000.0,0.3400,121.81007623,0.8928772074,0.3194854666,0.1121667230,0.9758910167,0.4545637692,0.2182845167,0.5393529582
case204,cases_trunkfloor_lhs_500\case204\case204.key,2000447,3286813,-4265.83625000,-268.76530000,548.78402500,-4269.87350520,-270.55035499,531.84991300,733.81847034,324.45467566,3077.97341364,3180.83019337,1.09443293,0.0109443293,5.6965234210E-05,14.61036767,23.85241157,0,aluminum_rigid,70000.0,0.3300,122.35485307,0.0967823330,0.1639160704,0.4182270123,0.6888658678,0.9740245113,0.0662566988,0.1708194936
case205,cases_trunkfloor_lhs_500\case205\case205.key,2000447,3291563,-3710.56075000,395.35302500,627.33017500,-3712.36506177,397.56066894,610.06400092,371.97138245,-455.12110485,3559.54150543,3607.74634063,1.11877110,0.0111877110,5.8232035704E-05,9.37669287,309.25919732,0,aluminum_rigid,70000.0,0.3300,82.37669305,0.9054871066,0.9528375532,0.5414671461,0.7375421980,0.6251128580,0.8590533259,0.2140525660
case206,cases_trunkfloor_lhs_500\case206\case206.key,2000447,3283069,-3833.31600000,-178.71595000,503.65810000,-3835.34533597,-177.10083304,486.35136164,219.77866213,-174.91842119,1874.33320913,1895.26359466,0.88695124,0.0088695124,4.6165812238E-05,8.52298892,321.48426314,2,steel_rigid,210000.0,0.3000,172.48968046,0.7267060211,0.2708877711,0.0471157284,0.2739024875,0.5681992616,0.8930118421,0.7875029480
case207,cases_trunkfloor_lhs_500\case207\case207.key,2000447,3293120,-3798.08375000,-365.82762500,633.22422500,-3799.29670277,-367.13827848,615.81557965,137.77583850,148.87338292,1977.39827427,1987.77498750,1.22793711,0.0122793711,6.3914126746E-05,5.85697049,47.21708284,1,titanium_rigid,110000.0,0.3400,120.28203837,0.7780183674,0.0486134948,0.0738214796,0.9558742265,0.3904646990,0.1311585635,0.4895185182
case208,cases_trunkfloor_lhs_500\case208\case208.key,2000447,3283472,-3748.55650000,44.16443000,496.11060000,-3748.40457771,44.26561021,478.61155196,-39.24925664,-26.13999497,4520.89434316,4521.14028376,1.20253128,0.0120253128,6.2591753208E-05,0.59762771,213.66360512,2,steel_rigid,210000.0,0.3000,160.39064380,0.8501499913,0.5356525175,0.8051413885,0.9050625632,0.0398418475,0.5935100142,0.7850336604
case209,cases_trunkfloor_lhs_500\case209\case209.key,2000447,3288653,-3794.02325000,-313.45945000,596.81722500,-3793.46897720,-313.84187244,579.33018595,-89.18091886,61.53068473,2813.61492321,2815.70030322,1.17764383,0.0117764383,6.1296361362E-05,2.20528045,145.39613045,1,titanium_rigid,110000.0,0.3400,113.55035453,0.7839320909,0.1108228583,0.3128230430,0.8552876604,0.1470186967,0.4038781401,0.6210615565
case210,cases_trunkfloor_lhs_500\case210\case210.key,2000447,3282539,-4199.86325000,-95.36951250,507.97585000,-4199.10095908,-95.94423833,490.50190932,-145.64926608,109.81161398,3338.70781075,3343.68690892,0.80122536,0.0080122536,4.1703780022E-05,3.12718864,142.98569611,2,steel_rigid,210000.0,0.3000,80.00609111,0.1928655926,0.3698969275,0.4652397185,0.1024507213,0.2084792424,0.3971824892,0.9177770091
case211,cases_trunkfloor_lhs_500\case211\case211.key,2000447,3284118,-3829.26650000,37.47052250,494.13890000,-3828.22880916,38.07525552,476.68016306,-256.50463497,-149.48269422,4315.58877667,4325.78850534,1.14116694,0.0114116694,5.9397739077E-05,3.93536184,210.23226386,1,titanium_rigid,110000.0,0.3400,81.78511723,0.7326037241,0.5277006704,0.7487481612,0.7823338742,0.2623574562,0.5839785107,0.6595735187
case212,cases_trunkfloor_lhs_500\case212\case212.key,2000447,3284893,-4123.26500000,221.94285000,509.32082500,-4121.36451809,223.91385618,492.03634343,-264.58748975,-274.40596789,2406.36733662,2436.37208441,1.24541458,0.0124541458,6.4823829062E-05,9.00134754,226.04360292,1,titanium_rigid,110000.0,0.3400,211.06726139,0.3044234957,0.7468396049,0.2033203673,0.9908291666,0.6000898358,0.6278988970,0.5159036624
case213,cases_trunkfloor_lhs_500\case213\case213.key,2000447,3286719,-4143.41550000,-343.23745000,545.68610000,-4143.75428693,-338.80686010,528.75963857,73.38923431,-959.77019238,3666.67046752,3790.91243888,1.01030852,0.0101030852,5.2586558222E-05,14.70934146,274.37263708,0,aluminum_rigid,70000.0,0.3300,143.36235847,0.2750762518,0.0754488849,0.5943426688,0.5206170306,0.9806227638,0.7621462141,0.1167685588
case214,cases_trunkfloor_lhs_500\case214\case214.key,2000447,3285707,-4327.01300000,-17.71509000,506.02830000,-4327.32909047,-18.12746193,488.53601495,44.18781488,57.64746442,2445.33105612,2446.40956652,0.95842373,0.0095842373,4.9885954919E-05,1.70137941,52.52918820,2,steel_rigid,210000.0,0.3000,84.22564487,0.0076843451,0.4621444078,0.2062179402,0.4168474513,0.1134252939,0.1459144117,0.8117527195
case215,cases_trunkfloor_lhs_500\case215\case215.key,2000447,3281737,-3902.05575000,-110.29352500,496.40142500,-3901.85238482,-107.55209592,479.11868190,-46.23501909,-623.26317714,3929.22708041,3978.62037827,0.81146508,0.0081146508,4.2236757221E-05,9.03765418,265.75744523,1,titanium_rigid,110000.0,0.3400,95.09571007,0.6265932591,0.3521683487,0.6485293087,0.1229301526,0.6025102785,0.7382151256,0.6505458994
case216,cases_trunkfloor_lhs_500\case216\case216.key,2000447,3282695,-4267.51575000,-50.89184500,517.41317500,-4267.87212178,-48.64074327,500.06222286,42.57581992,-268.93965305,2072.92233025,2090.72911317,1.21580005,0.0121580005,6.3282392435E-05,7.48324911,278.99583577,1,titanium_rigid,110000.0,0.3400,85.20496606,0.0943363045,0.4227329750,0.1035417895,0.9316000936,0.4988832740,0.7749884327,0.5722737899
case217,cases_trunkfloor_lhs_500\case217\case217.key,2000447,3293378,-4007.49775000,-399.23682500,630.98150000,-4007.66012155,-399.00030213,613.48385180,42.25228429,-61.54792225,4553.23373728,4553.84572296,1.14237702,0.0114237702,5.9460723834E-05,0.93934249,304.46936788,2,steel_rigid,210000.0,0.3000,87.59217649,0.4730272387,0.0089259352,0.8145826399,0.7847540378,0.0626228329,0.8457482441,0.8548054005
case218,cases_trunkfloor_lhs_500\case218\case218.key,2000447,3288508,-3682.36425000,-168.88575000,534.33450000,-3683.52464549,-166.34003259,517.05958162,249.88231907,-548.20082902,3720.02193056,3768.49153988,0.87480176,0.0087480176,4.5533431444E-05,9.19930893,294.50456996,2,steel_rigid,210000.0,0.3000,84.25845338,0.9465525672,0.2825652926,0.5878703097,0.2496035137,0.6132872618,0.8180682499,0.7256146683
case219,cases_trunkfloor_lhs_500\case219\case219.key,2000447,3290202,-3677.20050000,190.48665000,606.79477500,-3677.18223136,190.54205877,589.29487225,-4.80461807,-14.57239981,4602.44094026,4602.46651783,0.92345827,0.0092345827,4.8066003146E-05,0.19101707,251.75226515,1,titanium_rigid,110000.0,0.3400,83.50307099,0.9540730670,0.7094720591,0.8286182610,0.3469165474,0.0127344713,0.6993118476,0.6494240458
case220,cases_trunkfloor_lhs_500\case220\case220.key,2000447,3281030,-4205.65475000,-252.78662500,519.55972500,-4208.84434326,-251.08168691,502.43752652,539.92919898,-288.60916767,2898.41812098,2962.37175175,1.14002847,0.0114002847,5.9338481727E-05,11.92710066,331.87409226,2,steel_rigid,210000.0,0.3000,184.45620879,0.1844308360,0.1828975071,0.3551634629,0.7800569347,0.7951400440,0.9218724785,0.9115876561
case221,cases_trunkfloor_lhs_500\case221\case221.key,2000447,3289370,-4308.58675000,262.16247500,560.28152500,-4308.19983268,265.86827441,543.18277225,-67.92575227,-650.57622950,3001.79282923,3072.23428921,1.22032112,0.0122032112,6.3517714482E-05,12.29300210,264.03942442,1,titanium_rigid,110000.0,0.3400,84.27802297,0.0345203865,0.7946174255,0.3868780605,0.9406422472,0.8195334735,0.7334428456,0.6305454462
case222,cases_trunkfloor_lhs_500\case222\case222.key,2000447,3283369,-3783.12000000,-18.04681500,498.19705000,-3784.16148219,-19.90559789,480.82724168,277.40828462,495.10378486,4626.60694217,4661.28468467,1.07790736,0.0107790736,5.6105078179E-05,6.99326263,60.73794621,0,aluminum_rigid,70000.0,0.3300,121.84344424,0.7998116143,0.4617503441,0.8455976111,0.6558147235,0.4662175086,0.1687165173,0.0261663792
case223,cases_trunkfloor_lhs_500\case223\case223.key,2000447,3285335,-4142.31550000,96.97191000,499.08727500,-4142.39064955,96.86736032,481.58774867,8.76023151,12.18742369,2039.93107319,2039.98628876,1.18013578,0.0118013578,6.1426067307E-05,0.42155647,54.29169444,2,steel_rigid,210000.0,0.3000,85.65231694,0.2766782948,0.5983837416,0.0888935910,0.8602715584,0.0281037644,0.1508102623,0.8315784421
case224,cases_trunkfloor_lhs_500\case224\case224.key,2000447,3284430,-3940.11875000,167.16040000,498.60380000,-3940.06917586,167.57077766,481.10868261,-8.51475676,-70.48565676,3004.92681318,3005.76544019,0.93452828,0.0093452828,4.8642197088E-05,1.35348862,263.11197328,2,steel_rigid,210000.0,0.3000,150.18717560,0.5711582007,0.6817622684,0.3676901476,0.3690565644,0.0902325747,0.7308665925,0.9578734841
case225,cases_trunkfloor_lhs_500\case225\case225.key,2000447,3295237,-4236.79225000,-339.62445000,626.87337500,-4237.09560472,-339.48894557,609.37652916,50.12430465,-22.38984595,2891.06176173,2891.58293349,1.18964266,0.0118964266,6.1920900655E-05,1.08784436,335.93033341,0,aluminum_rigid,70000.0,0.3300,138.14313856,0.1390820949,0.0797408510,0.3347284817,0.8792853278,0.0725229574,0.9331398150,0.1085322223
case226,cases_trunkfloor_lhs_500\case226\case226.key,2000447,3282862,-4002.87125000,-299.29655000,513.13935000,-4001.14436647,-296.29219952,495.98587363,-505.85377084,-880.06052018,5024.74575633,5126.25247841,0.90450012,0.0090450012,4.7079231194E-05,11.42100407,240.10995624,1,titanium_rigid,110000.0,0.3400,187.46330797,0.4797652861,0.1276472940,0.9798223141,0.3090002380,0.7614002716,0.6669721007,0.4967222770
case227,cases_trunkfloor_lhs_500\case227\case227.key,2000447,3291598,-3752.34475000,376.98175000,631.42902500,-3755.33069526,376.04344030,614.21119396,370.43776354,116.40713918,2136.05216022,2171.05817285,1.01560355,0.0101560355,5.2862164715E-05,10.30287665,17.44491390,0,aluminum_rigid,70000.0,0.3300,85.24215017,0.8446327735,0.9310138918,0.1267308025,0.5312070976,0.6868584431,0.0484580942,0.1879017862
case228,cases_trunkfloor_lhs_500\case228\case228.key,2000447,3283484,-3722.72400000,52.28515750,499.55850000,-3723.31116617,55.62291850,482.38979046,94.72743842,-538.48053241,2769.82559761,2823.27264227,0.96761832,0.0096761832,5.0364533557E-05,11.16633339,279.97717100,0,aluminum_rigid,70000.0,0.3300,156.78747451,0.8877725157,0.5452993171,0.3150089900,0.4352366401,0.7444222258,0.7777143639,0.1157633070
case229,cases_trunkfloor_lhs_500\case229\case229.key,2000447,3281735,-3914.34525000,-110.21672500,495.86252500,-3915.77226898,-109.79310606,478.42594954,184.86642713,-54.87868204,2258.86092442,2267.07740086,0.75297215,0.0075297215,3.9192200557E-05,4.87953589,343.46617001,2,steel_rigid,210000.0,0.3000,84.09140424,0.6086947973,0.3522595811,0.1544491790,0.0059443057,0.3253023930,0.9540726945,0.8791023371
case230,cases_trunkfloor_lhs_500\case230\case230.key,2000447,3286421,-3713.96825000,-176.88930000,513.03847500,-3715.21117983,-176.69515644,495.58374975,228.25249985,-35.65265832,3205.39790841,3213.71219417,1.02259171,0.0102259171,5.3225898407E-05,4.12230660,351.12223103,2,steel_rigid,210000.0,0.3000,88.72831967,0.9005244142,0.2730576908,0.4277192327,0.5451834162,0.2748204397,0.9753395306,0.8872481783
case231,cases_trunkfloor_lhs_500\case231\case231.key,2000447,3283403,-3692.31775000,-27.18262000,501.16542500,-3695.54162669,-24.55950899,484.16613361,524.49390605,-426.75507542,2765.62213661,2847.08263919,0.98214492,0.0098214492,5.1120642907E-05,13.73890470,320.86643431,1,titanium_rigid,110000.0,0.3400,126.36001293,0.9320562623,0.4508977105,0.3218823473,0.4642898331,0.9159269803,0.8912956509,0.5919194891
case232,cases_trunkfloor_lhs_500\case232\case232.key,2000447,3289503,-4299.33150000,328.82355000,602.13770000,-4298.74536156,328.63713628,584.64851215,-155.48214464,49.44907693,4639.27334202,4642.14142939,0.77798412,0.0077798412,4.0494073487E-05,2.01417406,162.35741006,2,steel_rigid,210000.0,0.3000,80.17202697,0.0479997582,0.8738056547,0.8400714267,0.0559682416,0.1342782705,0.4509928057,0.7111283468
case233,cases_trunkfloor_lhs_500\case233\case233.key,2000447,3289346,-4280.33250000,298.78530000,567.17827500,-4280.48101841,299.10035137,549.68174149,29.05136179,-61.62650939,3422.45864846,3423.13672071,0.78806668,0.0078806668,4.1018870791E-05,1.14043533,295.23966552,2,steel_rigid,210000.0,0.3000,104.49991843,0.0756699544,0.8381225244,0.4881749143,0.0761333637,0.0760290221,0.8201101820,0.9750304803
case234,cases_trunkfloor_lhs_500\case234\case234.key,2000447,3291668,-3779.62200000,351.06720000,633.87815000,-3780.60160850,346.83666862,616.92548144,246.15507189,1063.04381881,4259.85009756,4397.38300968,0.89713376,0.0089713376,4.6695812290E-05,14.36753516,76.96254538,2,steel_rigid,210000.0,0.3000,89.49239542,0.8049061112,0.9002293998,0.7694157240,0.2942675231,0.9578356775,0.2137848483,0.8489753251
case235,cases_trunkfloor_lhs_500\case235\case235.key,2000447,3295255,-4273.07725000,-342.95567500,632.24540000,-4272.58693827,-342.04250894,614.77612062,-84.39575626,-157.18029018,3006.92998024,3012.21781971,0.87076966,0.0087076966,4.5323560690E-05,3.39544834,241.76704779,1,titanium_rigid,110000.0,0.3400,101.92729194,0.0862365205,0.0757836120,0.3695527900,0.2415393157,0.2263632227,0.6715751328,0.3663627635
case236,cases_trunkfloor_lhs_500\case236\case236.key,2000447,3290901,-4157.91075000,397.66657500,643.43767500,-4157.90936904,397.43859561,625.93916011,-0.38864927,64.16135890,4924.69304628,4925.11100698,1.19501316,0.0119501316,6.2200435234E-05,0.74644947,90.34705765,0,aluminum_rigid,70000.0,0.3300,115.84793255,0.2539653296,0.9555858727,0.9217577457,0.8900263298,0.0497632981,0.2509640490,0.1577713725
case237,cases_trunkfloor_lhs_500\case237\case237.key,2000447,3293696,-4288.73925000,-373.36627500,642.45382500,-4290.41971487,-376.28239173,625.28052302,173.31708359,300.75775842,1771.19240693,1804.88686157,1.02598351,0.0102598351,5.3402441655E-05,11.08842371,60.04652722,2,steel_rigid,210000.0,0.3000,81.18383113,0.0634263404,0.0396581585,0.0210262006,0.5519670185,0.7392282470,0.1667959089,0.7270528593
case238,cases_trunkfloor_lhs_500\case238\case238.key,2000447,3288427,-3664.72350000,-111.23742500,524.97257500,-3664.74673239,-111.65965762,507.47768489,3.86277744,70.20330957,2908.82117485,2909.67078086,0.85274623,0.0085274623,4.4385441098E-05,1.38463422,86.85060575,0,aluminum_rigid,70000.0,0.3300,80.16887769,0.9722446043,0.3510470681,0.3399499959,0.2054924533,0.0923089478,0.2412516826,0.3269587006
case239,cases_trunkfloor_lhs_500\case239\case239.key,2000447,3283489,-3733.98175000,78.22516000,500.08462500,-3732.54810377,75.97417129,482.78931615,-142.64145868,223.96341907,1720.80672558,1741.17258927,0.75641094,0.0075641094,3.9371189659E-05,8.77187354,122.49290707,1,titanium_rigid,110000.0,0.3400,158.91934168,0.8713766975,0.5761140447,0.0026334659,0.0128218889,0.5847915691,0.3402580752,0.6136215014
case240,cases_trunkfloor_lhs_500\case240\case240.key,2000447,3282992,-3871.50550000,-202.36365000,510.79167500,-3872.29986441,-202.52222272,493.31043248,150.76679980,30.09639072,3317.86138490,3321.42147131,0.85994111,0.0085994111,4.4759934667E-05,2.65304554,11.28911368,0,aluminum_rigid,70000.0,0.3300,161.88337796,0.6710867277,0.2427961226,0.4588122373,0.2198822158,0.1768697026,0.0313586491,0.3040155227
case241,cases_trunkfloor_lhs_500\case241\case241.key,2000447,3286302,-3895.87075000,-319.25360000,514.32287500,-3897.00170869,-317.42234377,496.95573842,249.93541997,-404.69718033,3838.03811944,3867.40017689,0.89539228,0.0089539228,4.6605168135E-05,7.06474466,301.69890823,0,aluminum_rigid,70000.0,0.3300,167.09670551,0.6356011102,0.1039398538,0.6164227871,0.2907845585,0.4709829774,0.8380525229,0.1494036894
case242,cases_trunkfloor_lhs_500\case242\case242.key,2000447,3291619,-3819.94375000,410.28490000,635.28985000,-3820.63030860,410.73791069,617.80919159,165.18247390,-108.99204520,4205.75665253,4210.41013868,1.22874933,0.0122874933,6.3956402818E-05,2.69404378,326.58204824,2,steel_rigid,210000.0,0.3000,104.79441410,0.7461814030,0.9705754721,0.7154412802,0.9574986673,0.1796029189,0.9071723562,0.9886100536
case243,cases_trunkfloor_lhs_500\case243\case243.key,2000447,3282820,-4005.02550000,-248.74565000,507.62200000,-4003.79426771,-248.91594916,490.16619680,-190.60809790,26.36415508,2702.34744575,2709.18958975,1.07328821,0.0107328821,5.5864651413E-05,4.07291626,172.12504113,1,titanium_rigid,110000.0,0.3400,137.00976980,0.4766278305,0.1876978746,0.2820760341,0.6465764232,0.2715277504,0.4781251143,0.4207954011
case244,cases_trunkfloor_lhs_500\case244\case244.key,2000447,3292781,-3695.81100000,-385.35045000,626.72412500,-3693.86960218,-385.83989849,609.33903326,-289.72663228,73.04338159,2594.48323152,2611.63169220,1.10644473,0.0110644473,5.7590448331E-05,6.56949764,165.84995603,2,steel_rigid,210000.0,0.3000,94.56752482,0.9269686833,0.0254218805,0.2539134818,0.7128894652,0.4379665093,0.4606943223,0.7447571553
case245,cases_trunkfloor_lhs_500\case245\case245.key,2000447,3282871,-3996.65800000,-248.08807500,509.60927500,-3999.43145531,-248.69308977,492.34104108,695.10759561,151.63408751,4327.91562511,4386.00286411,1.22528340,0.0122528340,6.3776000823E-05,9.33520841,12.30598963,1,titanium_rigid,110000.0,0.3400,136.99286446,0.4888142806,0.1884790231,0.7661305575,0.9505667943,0.6223472274,0.0341833045,0.5344912860
case246,cases_trunkfloor_lhs_500\case246\case246.key,2000447,3285306,-4090.60375000,140.35827500,502.35380000,-4088.74176416,141.51795031,484.99182540,-234.23333889,-145.88436305,2184.09462832,2201.45789191,1.16754698,0.0116754698,6.0770820467E-05,7.20085354,211.91532707,0,aluminum_rigid,70000.0,0.3300,147.25183520,0.3519914305,0.6499234057,0.1355064496,0.8350939661,0.4800569026,0.5886536863,0.2127676434
case247,cases_trunkfloor_lhs_500\case247\case247.key,2000447,3290176,-3676.96700000,182.19120000,578.39955000,-3677.22638934,184.52004667,561.05713983,72.50608703,-650.97338786,4847.65598627,4891.70645538,1.19464980,0.0119464980,6.2181522186E-05,7.69500934,276.35546796,2,steel_rigid,210000.0,0.3000,80.79922855,0.9544131370,0.6996177026,0.9121146778,0.8892996037,0.5130006226,0.7676540777,0.8469222999
case248,cases_trunkfloor_lhs_500\case248\case248.key,2000447,3293433,-4111.63800000,-396.68675000,637.24642500,-4112.62826896,-397.02563579,619.77775236,212.65752556,72.77478871,3751.34922429,3758.07668836,1.06861137,0.0106861137,5.5621222001E-05,3.42882494,18.89176257,1,titanium_rigid,110000.0,0.3400,89.93946848,0.3213570907,0.0119552281,0.5848637996,0.6372227474,0.2285883296,0.0524771183,0.3361040315
case249,cases_trunkfloor_lhs_500\case249\case249.key,2000447,3284404,-3970.30425000,187.32037500,499.68800000,-3973.43287425,187.09487489,482.47141323,708.41161761,51.05978909,3898.33648562,3962.50949237,0.97424016,0.0097424016,5.0709200424E-05,10.32562938,4.12254691,2,steel_rigid,210000.0,0.3000,175.32868071,0.5271959550,0.7057107679,0.6438784944,0.4484803237,0.6883752918,0.0114515192,0.9790022921
case250,cases_trunkfloor_lhs_500\case250\case250.key,2000447,3290195,-3675.06225000,191.09345000,615.94677500,-3674.58601121,191.16974927,598.45342269,-62.37883999,-9.99385236,2291.31908751,2292.18981708,0.94956618,0.0094956618,4.9424919677E-05,1.57931128,189.10213226,0,aluminum_rigid,70000.0,0.3300,81.71440811,0.9571872202,0.7101928908,0.1616985125,0.3991323603,0.1052874188,0.5252837007,0.2250544504
case251,cases_trunkfloor_lhs_500\case251\case251.key,2000447,3291332,-3912.88825000,406.63652500,637.91815000,-3913.22900499,406.63554676,620.42146788,34.16041802,0.09806813,1754.02853297,1754.36114819,1.05723835,0.0105723835,5.5029255962E-05,1.11572212,0.16448495,0,aluminum_rigid,70000.0,0.3300,108.13842402,0.6108167762,0.9662414833,0.0064406767,0.6144766940,0.0743814750,0.0004569026,0.2035286489
case252,cases_trunkfloor_lhs_500\case252\case252.key,2000447,3288446,-3702.06825000,-144.62025000,507.35737500,-3701.36428726,-143.88334306,489.88707436,-118.70513044,-124.26031828,2945.91488321,2950.92291221,0.88244195,0.0088244195,4.5931103616E-05,3.33851672,226.30978859,0,aluminum_rigid,70000.0,0.3300,103.87563958,0.9178556071,0.3113908399,0.3518584660,0.2648839046,0.2225677810,0.6286383016,0.2108724887
case253,cases_trunkfloor_lhs_500\case253\case253.key,2000447,2843672,-4097.55900000,203.79945000,504.03535000,-4096.90981267,204.70551086,486.57088294,-136.69963049,-190.78959186,3677.49969537,3684.98188148,0.86777366,0.0086777366,4.5167618839E-05,3.65180616,234.37862283,0,aluminum_rigid,70000.0,0.3300,201.29821495,0.3418617852,0.7252866414,0.5637631366,0.2355473137,0.2434537440,0.6510517301,0.0070456762
case254,cases_trunkfloor_lhs_500\case254\case254.key,2000447,3285016,-4179.41125000,182.34680000,507.15337500,-4177.64061440,181.30850941,489.77416897,-211.95508103,124.28924786,2080.38911709,2094.84883751,0.86210027,0.0086210027,4.4872318878E-05,6.73583376,149.61288404,1,titanium_rigid,110000.0,0.3400,164.58838622,0.2226519419,0.6998025434,0.1047310521,0.2242005333,0.4490555839,0.4155913446,0.4483952820
case255,cases_trunkfloor_lhs_500\case255\case255.key,2000447,3281096,-4037.53125000,3.55218510,489.90525000,-4039.51522610,7.45702185,472.96222522,559.19996687,-1100.61032641,4775.53077213,4932.51881386,0.94620255,0.0094620255,4.9249842558E-05,14.49423121,296.93429031,0,aluminum_rigid,70000.0,0.3300,82.93050886,0.4292863663,0.4874082947,0.9238961964,0.3924050935,0.9662820808,0.8248174731,0.2073224120
case256,cases_trunkfloor_lhs_500\case256\case256.key,2000447,3284685,-4007.24425000,289.63002500,506.73787500,-4004.01194343,289.80594151,489.53987373,-368.70671345,-20.06665986,1961.76271635,1996.21147843,0.92227072,0.0092227072,4.8004190994E-05,10.65976684,183.11521790,2,steel_rigid,210000.0,0.3000,224.23947478,0.4733964368,0.8272467620,0.0762568859,0.3445414407,0.7106511230,0.5086533830,0.7462617236
case257,cases_trunkfloor_lhs_500\case257\case257.key,2000447,3287659,-4109.10825000,331.35325000,522.82312500,-4109.41250841,330.61255253,505.34145477,43.55770099,106.03841146,2502.67972826,2505.30382195,1.24830218,0.0124830218,6.4974128431E-05,2.62261785,67.66847229,2,steel_rigid,210000.0,0.3000,182.32953641,0.3250414256,0.8768107437,0.2232192552,0.9966043586,0.1748411899,0.1879679786,0.8987689604
case258,cases_trunkfloor_lhs_500\case258\case258.key,2000447,3285475,-4281.89500000,176.23340000,518.84615000,-4281.96719203,176.31953005,501.34651086,8.73013039,-10.41564537,2116.21875752,2116.26239642,0.88105544,0.0088105544,4.5858935869E-05,0.36795147,309.96888716,2,steel_rigid,210000.0,0.3000,124.40804587,0.0733943251,0.6925402945,0.1109126170,0.2621108883,0.0245300981,0.8610246865,0.7929745070
case259,cases_trunkfloor_lhs_500\case259\case259.key,2000447,3285678,-4265.53100000,51.70385750,517.18845000,-4265.10670427,51.49981225,499.69478433,-108.77457522,52.31006200,4484.76365450,4486.38755431,0.92727272,0.0092727272,4.8264545015E-05,1.54163639,154.31694102,0,aluminum_rigid,70000.0,0.3300,84.30681449,0.0972268999,0.5446087774,0.7951091349,0.3545454377,0.1027757595,0.4286581695,0.0336022893
case260,cases_trunkfloor_lhs_500\case260\case260.key,2000447,3282323,-4028.62250000,-193.20812500,513.09540000,-4030.10877869,-195.65664129,495.83139862,218.19761182,359.46179537,2534.49362315,2569.14011021,1.10249579,0.0110249579,5.7384905832E-05,9.42025397,58.74174815,2,steel_rigid,210000.0,0.3000,82.16360546,0.4422610944,0.2536721821,0.2416472129,0.7049915786,0.6280169310,0.1631715226,0.7715716818
case261,cases_trunkfloor_lhs_500\case261\case261.key,2000447,3282237,-3980.69525000,-191.56075000,513.62687500,-3981.02776197,-192.23186105,496.14290961,49.99181312,100.89879933,2628.64261727,2631.05335529,1.00904051,0.0100904051,5.2520558337E-05,2.45290641,63.64319954,0,aluminum_rigid,70000.0,0.3300,85.35491924,0.5120624739,0.2556291368,0.2595200356,0.5180810120,0.1635270940,0.1767866654,0.1189019784
case262,cases_trunkfloor_lhs_500\case262\case262.key,2000447,3286123,-3923.50225000,-304.49835000,511.44647500,-3920.88108917,-302.39847838,494.27178272,-430.45173019,-344.84468054,2820.45875028,2873.88136634,0.77588750,0.0077588750,4.0384944397E-05,11.06473077,218.69901222,0,aluminum_rigid,70000.0,0.3300,182.00613533,0.5953585172,0.1214679557,0.3296184770,0.0517750008,0.7376487178,0.6074972562,0.1311821600
case263,cases_trunkfloor_lhs_500\case263\case263.key,2000447,3284442,-3919.52850000,166.49827500,498.07737500,-3920.48589873,166.39710854,480.60387641,156.08253253,16.49293821,2848.66465318,2852.98511742,1.03937898,0.0103937898,5.4099675969E-05,3.15360944,6.03194986,0,aluminum_rigid,70000.0,0.3300,148.09083780,0.6011458977,0.6809757149,0.3235862468,0.5787579623,0.2102406293,0.0167554163,0.3091386970
case264,cases_trunkfloor_lhs_500\case264\case264.key,2000447,3295112,-3666.67400000,397.40722500,629.35977500,-3666.29898329,396.77187198,611.87533366,-40.17165565,68.05878780,1872.92708545,1874.59372343,1.11597030,0.0111597030,5.8086253880E-05,2.41622220,120.55120160,0,aluminum_rigid,70000.0,0.3300,82.82869891,0.9694038907,0.9552777848,0.0411488477,0.7319405910,0.1610814799,0.3348644489,0.2535078252
case265,cases_trunkfloor_lhs_500\case265\case265.key,2000447,3286750,-4182.31350000,-293.05967500,521.19537500,-4182.00962955,-291.90862741,503.73591475,-53.09454021,-201.11972825,3050.64876339,3057.73217481,0.75325694,0.0075325694,3.9207023668E-05,3.90070419,255.21160683,2,steel_rigid,210000.0,0.3000,193.53508648,0.2184250970,0.1350562217,0.3826916587,0.0065138777,0.2600469461,0.7089211301,0.8130242974
case266,cases_trunkfloor_lhs_500\case266\case266.key,2000447,3295117,-3680.90625000,430.65777500,630.23122500,-3679.28294195,428.85889070,612.89978287,-305.07014709,338.06639408,3257.11783819,3288.79511270,1.01999222,0.0101999222,5.3090595238E-05,7.95870361,132.06300388,2,steel_rigid,210000.0,0.3000,84.89738646,0.9486760025,0.9947768804,0.4493938145,0.5399844472,0.5305802409,0.3668416774,0.9931544961
case267,cases_trunkfloor_lhs_500\case267\case267.key,2000447,3283948,-3885.85100000,257.89765000,507.24337500,-3888.18335302,256.40233150,489.96407663,274.30275330,175.86102024,2032.17912649,2058.13534565,1.14337756,0.0114337756,5.9512801931E-05,9.10917124,32.66475016,2,steel_rigid,210000.0,0.3000,185.01659778,0.6501939018,0.7895511415,0.0941327749,0.7867551174,0.6072780825,0.0907354171,0.8412767211
case268,cases_trunkfloor_lhs_500\case268\case268.key,2000447,3285461,-4245.05375000,71.43432500,510.72985000,-4243.50659268,71.16225857,493.30049878,-399.13091116,70.18686575,4496.37068637,4514.59644150,0.97689918,0.0097689918,5.0847602405E-05,5.15011757,170.02654954,0,aluminum_rigid,70000.0,0.3300,80.36724996,0.1270500234,0.5680470551,0.8032523430,0.4537983633,0.3433411710,0.4722959709,0.1763252130
case269,cases_trunkfloor_lhs_500\case269\case269.key,2000447,3284694,-3993.36900000,289.20555000,506.59892500,-3994.78957930,284.95496258,489.68252878,295.65945680,884.65766850,3520.74152160,3642.20463000,0.84887668,0.0084887668,4.4184031366E-05,14.83856950,71.51997221,2,steel_rigid,210000.0,0.3000,224.70362076,0.4936043893,0.8267425183,0.5514144020,0.1977533666,0.9892379669,0.1986665895,0.8043148364
case270,cases_trunkfloor_lhs_500\case270\case270.key,2000447,3285853,-4238.49175000,-100.98687250,510.21955000,-4236.90142350,-98.47158119,492.97442978,-360.45528120,-570.10307963,3908.69085616,3966.46060616,1.23659419,0.0123659419,6.4364727779E-05,9.79072435,237.69633273,2,steel_rigid,210000.0,0.3000,100.05834674,0.1366069384,0.3632239359,0.6450190832,0.9731883873,0.6527149570,0.6602675909,0.7890645499
case271,cases_trunkfloor_lhs_500\case271\case271.key,2000447,3284752,-4074.71950000,304.44982500,514.89595000,-4071.26910758,304.86927524,497.74459863,-410.80276496,-49.93962945,2042.03514000,2083.54514980,1.12474819,0.0112474819,5.8543143328E-05,11.45608607,186.93120577,0,aluminum_rigid,70000.0,0.3300,209.27969803,0.3751252962,0.8448515444,0.1014679570,0.7494963815,0.7637390713,0.5192533494,0.2609850407
case272,cases_trunkfloor_lhs_500\case272\case272.key,2000447,3292718,-3720.56750000,-361.65502500,626.74235000,-3720.87104406,-361.53140548,609.24541943,33.92578354,-13.81640979,1955.55492004,1955.89797721,0.83510570,0.0083510570,4.3467251672E-05,1.07313444,337.84119478,1,titanium_rigid,110000.0,0.3400,82.63866566,0.8909132483,0.0535702226,0.0646193751,0.1702113995,0.0715422957,0.9384477633,0.5922396842
case273,cases_trunkfloor_lhs_500\case273\case273.key,2000447,3283413,-3742.86600000,-8.76165725,498.03230000,-3742.25542198,-12.65626326,480.98210239,-154.79227348,987.35115779,4322.52513168,4436.55795305,1.16574644,0.0116574644,6.0677101961E-05,13.01859518,98.91003695,2,steel_rigid,210000.0,0.3000,161.20648228,0.8584376512,0.4727803972,0.7807245614,0.8314928707,0.8679063455,0.2747501026,0.8537810369
case274,cases_trunkfloor_lhs_500\case274\case274.key,2000447,3291152,-3873.32500000,407.60262500,632.80380000,-3873.75626510,408.67702951,615.34213727,115.28319091,-287.20334425,4667.74653709,4677.99462479,1.00062099,0.0100062099,5.2082322570E-05,3.79322412,291.87048640,2,steel_rigid,210000.0,0.3000,107.33013790,0.6684368029,0.9673891357,0.8504213576,0.5012419816,0.2528816081,0.8107513511,0.8340913480
case275,cases_trunkfloor_lhs_500\case275\case275.key,2000447,3287487,-4271.97350000,212.29527500,521.61827500,-4270.09692984,208.55340417,504.62630963,-506.57865878,1010.11512712,4586.96786167,4724.11141608,1.07438369,0.0107438369,5.5921671274E-05,13.83953673,116.63403328,2,steel_rigid,210000.0,0.3000,128.23590612,0.0878440251,0.7353790279,0.8637341347,0.6487673880,0.9226357819,0.3239834258,0.9137087355
case276,cases_trunkfloor_lhs_500\case276\case276.key,2000447,3285776,-4309.54925000,-24.69623000,507.53415000,-4310.56129689,-22.93182031,490.15276284,259.11123711,-451.73636140,4450.10285056,4480.47092993,1.11344597,0.0111344597,5.7954862653E-05,6.67467411,299.83813001,1,titanium_rigid,110000.0,0.3400,101.44118948,0.0331185989,0.4538513506,0.7934011518,0.7268919367,0.4449782740,0.8328836945,0.5807202611
case277,cases_trunkfloor_lhs_500\case277\case277.key,2000447,3295481,-4206.67500000,97.88708250,506.03620000,-4206.91616801,95.45029389,488.70836403,42.75952033,432.04698364,3072.25633640,3102.78132797,0.96488959,0.0096488959,5.0222503335E-05,8.04352680,84.34786543,0,aluminum_rigid,70000.0,0.3300,83.99881159,0.1829449411,0.5994708961,0.3956962351,0.4297791868,0.5362351197,0.2342996262,0.0449875958
case278,cases_trunkfloor_lhs_500\case278\case278.key,2000447,3287956,-3945.28500000,347.13440000,523.52287500,-3943.38738403,344.79543001,506.28401561,-535.94312920,660.59462000,4868.76607722,4942.51994477,1.14591739,0.0114591739,5.9644999970E-05,9.91054082,129.05256178,2,steel_rigid,210000.0,0.3000,167.32499839,0.5636340599,0.8955575360,0.9267832755,0.7918347731,0.6607027216,0.3584793383,0.9550649723
case279,cases_trunkfloor_lhs_500\case279\case279.key,2000447,3286188,-3815.41725000,-281.15692500,513.56697500,-3815.26740658,-279.63603291,496.13383317,-34.54040893,-350.58086807,4018.51389951,4033.92537678,1.19654127,0.0119654127,6.2279973347E-05,5.00995932,264.37318599,2,steel_rigid,210000.0,0.3000,129.04359872,0.7527738101,0.1491957731,0.6644944940,0.8930825493,0.3339972881,0.7343699611,0.7542495591
case280,cases_trunkfloor_lhs_500\case280\case280.key,2000447,3283556,-3768.68150000,102.69249750,497.13227500,-3767.94165256,103.38545813,479.66165877,-205.30849867,-192.29735420,4848.11568378,4856.26971403,1.16081355,0.0116081355,6.0420345191E-05,3.32072702,223.12573751,2,steel_rigid,210000.0,0.3000,165.82865480,0.8208398856,0.6051793595,0.9018849670,0.8216270967,0.2213818014,0.6197937153,0.9849292293
case281,cases_trunkfloor_lhs_500\case281\case281.key,2000447,3287722,-3784.86350000,301.50005000,557.93322500,-3784.09477041,300.15457507,540.50196710,-154.39230422,270.22632926,3500.90865636,3514.71487788,0.93833737,0.0093833737,4.8840460242E-05,5.08010004,119.74124630,0,aluminum_rigid,70000.0,0.3300,80.15261607,0.7972723761,0.8413474386,0.5146112635,0.3766747451,0.3386733362,0.3326145730,0.0471371496
case282,cases_trunkfloor_lhs_500\case282\case282.key,2000447,3285927,-4261.42900000,-162.18860000,516.02722500,-4261.39174358,-162.12196610,498.52739152,-4.12109029,-7.37065775,1935.73073919,1935.74915850,1.18133434,0.0118133434,6.1488452418E-05,0.24994824,240.78952318,0,aluminum_rigid,70000.0,0.3300,145.95573483,0.1032010640,0.2905209916,0.0588029094,0.8626686808,0.0166632163,0.6688597866,0.2629768876
case283,cases_trunkfloor_lhs_500\case283\case283.key,2000447,3283471,-3750.63700000,52.70233250,496.02917500,-3749.93236342,51.80524243,478.56639410,-132.20040355,168.30756906,3276.27994734,3283.26280974,0.85355446,0.0085355446,4.4427509558E-05,3.73747719,128.14854150,0,aluminum_rigid,70000.0,0.3300,160.79990974,0.8471199453,0.5457948889,0.4477967754,0.2071089167,0.2491651458,0.3559681708,0.1744160709
case284,cases_trunkfloor_lhs_500\case284\case284.key,2000447,3284424,-3948.35050000,170.27062500,498.88732500,-3950.22775428,168.91618466,481.54110329,413.03951887,298.00831558,3816.57143641,3850.40622915,0.84270944,0.0084270944,4.3863026405E-05,7.60124363,35.81047609,0,aluminum_rigid,70000.0,0.3300,154.24666056,0.5591694572,0.6854569765,0.6115170547,0.1854188820,0.5067495755,0.0994735447,0.1859126502
case285,cases_trunkfloor_lhs_500\case285\case285.key,2000447,3293515,-4230.25500000,-380.22192500,641.02525000,-4230.25187242,-380.23946522,623.52525907,-0.56826734,3.18698073,3179.67201599,3179.67366392,1.03108683,0.0103108683,5.3668069449E-05,0.05833324,100.11009945,1,titanium_rigid,110000.0,0.3400,106.40901048,0.1486029639,0.0315141737,0.4178931509,0.5621736580,0.0038888828,0.2780836096,0.4456993075
case286,cases_trunkfloor_lhs_500\case286\case286.key,2000447,3281739,-3891.13900000,-98.02509250,494.72202500,-3891.81802582,-100.15236079,477.36507672,130.17716385,407.82212477,3327.52929034,3354.95397249,0.94588038,0.0094588038,4.9233073641E-05,7.33096985,72.29687341,2,steel_rigid,210000.0,0.3000,85.31775870,0.6424924440,0.3667423027,0.4684922411,0.3917607547,0.4887313236,0.2008246484,0.9635381657
case287,cases_trunkfloor_lhs_500\case287\case287.key,2000447,2850446,-4183.91650000,420.06785000,644.73212500,-4184.91890724,421.04750135,627.28834494,286.28758701,-279.78850266,4981.94494146,4998.00135938,0.95768223,0.0095768223,4.9847360243E-05,4.59388493,315.65778038,2,steel_rigid,210000.0,0.3000,93.26775341,0.2160904834,0.9821968642,0.9427993878,0.4153644666,0.3062589952,0.8768271677,0.8440645509
case288,cases_trunkfloor_lhs_500\case288\case288.key,2000447,3281107,-4022.06175000,3.48797595,489.53380000,-4021.67979763,3.96804455,472.04455626,-75.03085382,-94.30484034,3435.59301498,3437.70597878,1.22349503,0.0122349503,6.3682916110E-05,2.00896116,231.49352701,0,aluminum_rigid,70000.0,0.3300,80.66427751,0.4518161889,0.4873320192,0.4923806988,0.9469900523,0.1339307441,0.6430375750,0.2277457278
case289,cases_trunkfloor_lhs_500\case289\case289.key,2000447,3284164,-3877.62100000,90.02844000,494.05575000,-3877.62094190,90.06070783,476.55577975,-0.01426018,-7.91967200,4295.11502224,4295.12232371,0.76827931,0.0076827931,3.9988938112E-05,0.10564653,269.89683321,1,titanium_rigid,110000.0,0.3400,81.80694937,0.6621800966,0.5901354333,0.7398955930,0.0365586210,0.0070431021,0.7497134256,0.5053041130
case290,cases_trunkfloor_lhs_500\case290\case290.key,2000447,3286068,-4126.66575000,-301.47612500,517.00360000,-4126.44584186,-301.56692723,499.50521735,-61.22530477,25.28052915,4871.77884111,4872.22913252,0.77134513,0.0077134513,4.0148514104E-05,0.77897578,157.56378925,2,steel_rigid,210000.0,0.3000,185.12007500,0.2994706340,0.1250581266,0.9064920564,0.0426902633,0.0519317186,0.4376771924,0.7069864381
case291,cases_trunkfloor_lhs_500\case291\case291.key,2000447,3281641,-4122.84600000,-90.47631750,501.30432500,-4122.86702670,-90.46131011,483.80434407,5.14969486,-3.67549154,4285.95804493,4285.96271466,1.21765791,0.0121765791,6.3379094362E-05,0.08457842,324.48341231,0,aluminum_rigid,70000.0,0.3300,88.52629221,0.3050337285,0.3757096667,0.7372514404,0.9353158256,0.0056385614,0.9013428120,0.3289577144
case292,cases_trunkfloor_lhs_500\case292\case292.key,2000447,2848478,-4020.30400000,-257.40480000,507.76832500,-4022.36837356,-260.63478759,490.69332743,555.55846072,869.24526108,4595.17577844,4709.55124847,0.82037888,0.0082037888,4.2700720928E-05,12.65310718,57.41623955,0,aluminum_rigid,70000.0,0.3300,145.80399215,0.4543761808,0.1774114705,0.8595309744,0.1407577686,0.8435404784,0.1594895543,0.2724655053
case293,cases_trunkfloor_lhs_500\case293\case293.key,2000447,3292689,-3736.69550000,-355.60992500,627.79985000,-3736.44233643,-353.64835443,610.41197638,-48.63943412,-376.86971827,3340.67156123,3362.21401150,0.75734124,0.0075734124,3.9419611354E-05,6.48940174,262.64596323,2,steel_rigid,210000.0,0.3000,87.11909827,0.8674243845,0.0607513364,0.4705880348,0.0146824728,0.4326267826,0.7295721201,0.8928361737
case294,cases_trunkfloor_lhs_500\case294\case294.key,2000447,2918258,-3762.61450000,-52.31140000,503.40537500,-3762.12358346,-50.90019345,485.96927747,-120.72193372,-347.03166292,4287.73373398,4303.44807496,0.92665970,0.0092665970,4.8232637559E-05,4.89789732,250.81874323,2,steel_rigid,210000.0,0.3000,149.45551035,0.8296758812,0.4210466529,0.7422990315,0.3533194067,0.3265264879,0.6967187312,0.9508915030
case295,cases_trunkfloor_lhs_500\case295\case295.key,2000447,3295256,-4264.30850000,-343.31207500,632.21227500,-4264.31770941,-343.45530651,614.71286358,2.28279196,35.50366136,4337.68498073,4337.83087651,0.94828920,0.0094828920,4.9358452755E-05,0.46991997,86.32109635,0,aluminum_rigid,70000.0,0.3300,110.42980697,0.0990073523,0.0753602362,0.7522244960,0.3965783960,0.0313279977,0.2397808232,0.2958144392
case296,cases_trunkfloor_lhs_500\case296\case296.key,2000447,3287461,-4316.32725000,224.67247500,554.48990000,-4315.74614419,222.01760584,537.20221693,-70.04477515,320.01007436,2083.80617675,2109.39823184,1.05144551,0.0105144551,5.4727738863E-05,8.93410368,102.34636114,1,titanium_rigid,110000.0,0.3400,82.44031246,0.0232471009,0.7500821894,0.1089311024,0.6028910226,0.5956069123,0.2842954476,0.5563518723
case297,cases_trunkfloor_lhs_500\case297\case297.key,2000447,3285382,-4142.52675000,109.72482500,499.65310000,-4141.56290902,107.34057585,482.34309230,-142.00342836,351.27324948,2550.29666768,2578.28837849,0.91587415,0.0091587415,4.7671249635E-05,8.45045917,112.01119190,0,aluminum_rigid,70000.0,0.3300,97.81271913,0.2763706297,0.6135332236,0.2442880917,0.3317483049,0.5633639446,0.3111421997,0.2289676577
case298,cases_trunkfloor_lhs_500\case298\case298.key,2000447,3286041,-4240.61200000,-219.56520000,518.81187500,-4238.11386505,-217.09993939,501.66743532,-557.76117111,-550.42128211,3827.85675196,3907.24307221,0.95336777,0.0095336777,4.9622792188E-05,11.56946639,224.62051510,0,aluminum_rigid,70000.0,0.3300,156.66313135,0.1335190004,0.2223620045,0.6279244457,0.4067355307,0.7712977597,0.6239458753,0.2586788152
case299,cases_trunkfloor_lhs_500\case299\case299.key,2000447,2993022,-3770.29075000,-203.47197500,505.66925000,-3769.99336349,-202.21853317,488.21673027,-55.37635020,-233.40343930,3249.83419723,3258.67550013,1.16876339,0.0116876339,6.0834134696E-05,4.22156469,256.65301975,2,steel_rigid,210000.0,0.3000,105.80777271,0.8184961695,0.2414795178,0.4406990272,0.8375267895,0.2814376460,0.7129250549,0.7033672292
case300,cases_trunkfloor_lhs_500\case300\case300.key,2000447,3295113,-3657.40175000,397.24017500,629.19445000,-3657.43666743,399.38578920,611.82651631,8.10558990,-498.07418424,4031.72174061,4062.37907971,0.81919642,0.0081919642,4.2639173536E-05,7.04349380,270.93234123,1,titanium_rigid,110000.0,0.3400,84.71372299,0.9829080212,0.9550793423,0.6727083744,0.1383928352,0.4695662532,0.7525898368,0.4906970027
case301,cases_trunkfloor_lhs_500\case301\case301.key,2000447,3283194,-3744.01050000,-94.50396250,500.04585000,-3745.36539507,-93.63734960,482.61991412,351.64267299,-224.91636623,4522.64003430,4541.86226356,1.19808781,0.0119808781,6.2360470355E-05,5.27321909,327.39635806,2,steel_rigid,210000.0,0.3000,157.98269729,0.8567707983,0.3709251343,0.8111233116,0.8961756140,0.3515479391,0.9094343279,0.8189572981
case302,cases_trunkfloor_lhs_500\case302\case302.key,2000447,3282838,-4001.35150000,-263.51917500,508.47885000,-4002.52478366,-262.20369478,491.06785011,150.94549244,-169.23938923,2239.96297370,2251.41303099,1.05262615,0.0105262615,5.4789191294E-05,5.78093522,311.72993697,2,steel_rigid,210000.0,0.3000,151.96543868,0.4819786542,0.1701480633,0.1499272628,0.6052523072,0.3853956811,0.8659164916,0.6766314173
case303,cases_trunkfloor_lhs_500\case303\case303.key,2000447,3286003,-4202.99900000,-208.24912500,517.22512500,-4202.02579873,-209.25100360,499.78095352,-180.68592084,186.01019351,3238.70948185,3249.07468395,1.08437768,0.0108437768,5.6441858484E-05,4.57785671,134.16814794,2,steel_rigid,210000.0,0.3000,192.02830728,0.1882986776,0.2358046311,0.4379275090,0.6687553692,0.3051904476,0.3726892998,0.6728520981
case304,cases_trunkfloor_lhs_500\case304\case304.key,2000447,3283590,-3758.13225000,115.63940000,498.19110000,-3757.49478634,116.95432536,480.75221783,-104.02780061,-214.58288885,2845.85408931,2855.82791798,0.94422868,0.0094422868,4.9147102648E-05,4.78992862,244.13632140,1,titanium_rigid,110000.0,0.3400,165.88245152,0.8362038425,0.6205592837,0.3244068930,0.3884573544,0.3193285747,0.6781564483,0.6107831117
case305,cases_trunkfloor_lhs_500\case305\case305.key,2000447,3295470,-4163.24450000,97.09693250,504.84497500,-4164.38544739,96.81097124,487.38454931,275.36510516,69.01611171,4214.03475187,4223.58592369,0.98728159,0.0098728159,5.1388006941E-05,3.85395970,14.07047681,1,titanium_rigid,110000.0,0.3400,80.46871221,0.2461972414,0.5985322587,0.7192448035,0.4745631870,0.2569306464,0.0390846578,0.4815379185
case306,cases_trunkfloor_lhs_500\case306\case306.key,2000447,3283876,-3855.15575000,217.21375000,506.55097500,-3856.68673485,215.35364814,489.21759372,353.36950889,429.33362867,4000.75051691,4039.20809974,1.14790764,0.0114790764,5.9748592831E-05,7.91271803,50.54339729,1,titanium_rigid,110000.0,0.3400,167.69151576,0.6948985488,0.7412217979,0.6660194855,0.7958152865,0.5275145356,0.1403983258,0.5597010118
case307,cases_trunkfloor_lhs_500\case307\case307.key,2000447,3289805,-4171.94250000,383.17132500,636.31937500,-4175.47524182,384.78895327,619.25616856,773.22234799,-354.05540339,3734.67782331,3830.28020803,0.80500132,0.0080500132,4.1900318673E-05,12.82815507,335.39714705,2,steel_rigid,210000.0,0.3000,130.24789573,0.2335294501,0.9383666307,0.6057071701,0.1100026387,0.8552103381,0.9316587418,0.7580774582
case308,cases_trunkfloor_lhs_500\case308\case308.key,2000447,3295505,-4113.45300000,80.88055500,494.66565000,-4112.44358173,78.05528266,477.42474193,-159.12719969,445.38293910,2717.89951255,2758.74340751,0.88505148,0.0088505148,4.6066929400E-05,9.87149277,109.66088193,1,titanium_rigid,110000.0,0.3400,85.55940599,0.3187137196,0.5792684496,0.2963809958,0.2701029548,0.6580995178,0.3046135609,0.4676762439
case309,cases_trunkfloor_lhs_500\case309\case309.key,2000447,3282842,-4013.58050000,-277.33850000,510.29590000,-4009.68383017,-277.34167123,493.23524485,-734.68648049,0.59791138,3216.65248514,3299.48750448,0.98563833,0.0098563833,5.1302474920E-05,12.86572256,179.95337087,1,titanium_rigid,110000.0,0.3400,165.47488415,0.4641683048,0.1537317683,0.4524804435,0.4712766540,0.8577148372,0.4998704746,0.5470022556
case310,cases_trunkfloor_lhs_500\case310\case310.key,2000447,3286732,-4200.32750000,-298.02540000,528.87602500,-4199.18098379,-300.68806089,511.61781717,-142.81437624,331.67106799,2149.74736000,2179.86590304,1.16131293,0.0116131293,6.0446338045E-05,9.53544653,113.29624722,0,aluminum_rigid,70000.0,0.3300,181.53757215,0.1921894576,0.1291573224,0.1292733764,0.8226258615,0.6356964353,0.3147117978,0.1207450277
case311,cases_trunkfloor_lhs_500\case311\case311.key,2000447,3286248,-3767.88550000,-280.06342500,542.34775000,-3771.07974268,-281.76788253,525.22637044,840.96665115,448.74234234,4507.64411335,4607.32569402,0.86154150,0.0086154150,4.4843235319E-05,11.94006714,28.08451549,0,aluminum_rigid,70000.0,0.3300,81.50173261,0.8219991822,0.1504947670,0.8300209850,0.2230830094,0.7960044762,0.0780125430,0.1987730257
case312,cases_trunkfloor_lhs_500\case312\case312.key,2000447,3291507,-3779.92075000,425.45655000,630.04345000,-3779.31741299,422.61564170,612.78612621,-119.38306575,562.13415463,3414.72871018,3462.74736132,1.24607892,0.0124607892,6.4858407831E-05,9.55290276,101.99002950,1,titanium_rigid,110000.0,0.3400,89.58746866,0.8044710108,0.9885982252,0.4996095267,0.9921578417,0.6368601838,0.2833056375,0.3792968166
case313,cases_trunkfloor_lhs_500\case313\case313.key,2000447,3286161,-4196.86600000,-273.84422500,519.47290000,-4197.16152284,-273.34115016,501.98262893,38.20558970,-65.03819202,2261.16576172,2262.42353141,1.19029876,0.0119029876,6.1955050556E-05,1.91060698,300.43138805,1,titanium_rigid,110000.0,0.3400,189.50232142,0.1972307958,0.1578826982,0.1531057220,0.8805975238,0.1273737987,0.8345316335,0.4386076643
case314,cases_trunkfloor_lhs_500\case314\case314.key,2000447,3288374,-3685.63075000,-51.16284250,505.74835000,-3681.69324222,-53.37985999,488.84181677,-940.11796996,529.33431344,4036.59791610,4178.29383230,1.16362215,0.0116362215,6.0566533028E-05,14.96414270,150.61827246,0,aluminum_rigid,70000.0,0.3300,119.78796989,0.9417952276,0.4224110508,0.7061700968,0.8272443046,0.9976095136,0.4183840902,0.2766857482
case315,cases_trunkfloor_lhs_500\case315\case315.key,2000447,3287286,-4327.88500000,130.48765000,519.36947500,-4328.40700479,134.14402099,502.26367300,99.21149630,-694.92472367,3251.10465471,3326.02537099,0.97168113,0.0097168113,5.0576003063E-05,12.18412731,278.12497438,2,steel_rigid,210000.0,0.3000,83.83178058,0.0064143619,0.6381978625,0.4601412693,0.4433622695,0.8122751538,0.7725693733,0.9492280091
case316,cases_trunkfloor_lhs_500\case316\case316.key,2000447,3040796,-4206.97450000,-167.41837500,511.84350000,-4204.25216533,-167.41387293,494.55654325,-451.52740274,-0.74671507,2867.22083802,2902.55626767,1.08880375,0.0108880375,5.6672235422E-05,8.94940309,180.09475302,0,aluminum_rigid,70000.0,0.3300,152.10519043,0.1825087484,0.2843084212,0.3378962119,0.6776075090,0.5966268725,0.5002632028,0.0635679399
case317,cases_trunkfloor_lhs_500\case317\case317.key,2000447,3285197,-4019.93325000,190.34045000,497.17697500,-4021.11321021,191.05466714,479.73141431,186.47885933,-112.87363499,2757.06606736,2765.66956129,1.15117472,0.0115117472,5.9918644349E-05,4.52051133,328.81393435,1,titanium_rigid,110000.0,0.3400,196.40587513,0.4549161421,0.7092983847,0.2983804051,0.8023494466,0.3013674220,0.9133720398,0.3992598802
case318,cases_trunkfloor_lhs_500\case318\case318.key,2000447,3289552,-4286.99975000,360.07982500,629.46565000,-4283.38495205,362.59993030,612.52952574,-766.45810562,-534.34663916,3591.02497355,3710.58549546,0.83975119,0.0083975119,4.3709049595E-05,14.58422630,214.88280250,1,titanium_rigid,110000.0,0.3400,86.02901993,0.0659597530,0.9109357050,0.5711542668,0.1795023860,0.9722817531,0.5968966736,0.6187439552
case319,cases_trunkfloor_lhs_500\case319\case319.key,2000447,2917986,-4004.79875000,-192.08840000,514.29690000,-4005.69170234,-195.54931065,497.16579573,233.55735732,905.22316980,4480.74916414,4577.23618555,1.10024039,0.0110024039,5.7267512342E-05,11.78518179,75.53259129,1,titanium_rigid,110000.0,0.3400,80.47164063,0.4769580698,0.2550023292,0.8213348880,0.7004807816,0.7856787863,0.2098127536,0.4127910114
case320,cases_trunkfloor_lhs_500\case320\case320.key,2000447,3283145,-3764.40900000,-197.36552500,505.53887500,-3764.39268932,-197.40166643,488.03891992,-3.87829063,8.59357171,4161.07309379,4161.08377499,1.03404922,0.0103404922,5.3822261945E-05,0.12982086,114.28972149,2,steel_rigid,210000.0,0.3000,104.71775835,0.8270623664,0.2487335107,0.7012019789,0.5680984417,0.0086547243,0.3174714486,0.9278573240
case321,cases_trunkfloor_lhs_500\case321\case321.key,2000447,3290700,-4182.38625000,404.14812500,643.94520000,-4181.84455610,399.78357005,627.00686396,-71.82389195,578.70196532,2245.87580417,2320.34755239,0.99739648,0.0099739648,5.1914486843E-05,14.55544006,97.07491826,1,titanium_rigid,110000.0,0.3400,109.22622571,0.2183191437,0.9632854555,0.1698269543,0.4947929623,0.9703626707,0.2696525507,0.4426296848
case322,cases_trunkfloor_lhs_500\case322\case322.key,2000447,3288981,-4162.49850000,-355.38482500,625.35190000,-4160.78760327,-356.93775613,608.00510671,-485.24796422,440.44544163,4919.93231571,4963.38511149,1.20472852,0.0120472852,6.2706119426E-05,7.58708339,137.77088926,1,titanium_rigid,110000.0,0.3400,131.20739405,0.2472837178,0.0610187379,0.9328065332,0.9094570385,0.5058055594,0.3826969146,0.4310112464
case323,cases_trunkfloor_lhs_500\case323\case323.key,2000447,3288668,-3773.33975000,-310.51542500,624.78732500,-3769.59086939,-311.84101364,607.74506256,-907.60309193,320.92469064,4125.92762783,4236.74578181,0.92184070,0.0092184070,4.7981808671E-05,13.13342772,160.52661674,1,titanium_rigid,110000.0,0.3400,92.98334534,0.8140555974,0.1143201335,0.7230437291,0.3436814091,0.8755618481,0.4459072687,0.6653249689
case324,cases_trunkfloor_lhs_500\case324\case324.key,2000447,3287981,-3685.40275000,190.78337500,560.57015000,-3681.68831945,191.14312440,543.47267691,-719.97633480,-69.73102699,3314.04123179,3392.06391815,1.11242759,0.0111242759,5.7901855997E-05,12.31266469,185.53194720,0,aluminum_rigid,70000.0,0.3300,85.45825275,0.9421272874,0.7098245455,0.4792049647,0.7248551776,0.8208443125,0.5153665200,0.0438387274
case325,cases_trunkfloor_lhs_500\case325\case325.key,2000447,3285090,-3983.79200000,79.32568500,487.40810000,-3983.89188680,80.11278293,469.92609498,17.33994957,-136.63706210,3034.80637277,3037.93022975,1.17891367,0.0117891367,6.1362456350E-05,2.59855268,277.23246986,2,steel_rigid,210000.0,0.3000,82.64760697,0.5075523586,0.5774213837,0.3769753269,0.8578273333,0.1732368451,0.7700901941,0.8732356137
case326,cases_trunkfloor_lhs_500\case326\case326.key,2000447,3289623,-4254.04400000,320.11157500,574.36032500,-4252.45311795,321.69391971,557.00477028,-350.91612869,-349.03296589,3828.28134434,3860.14302741,0.81080997,0.0081080997,4.2202658822E-05,7.36664030,224.84585019,2,steel_rigid,210000.0,0.3000,126.28986859,0.1139565985,0.8634564986,0.6143278275,0.1216199355,0.4911093533,0.6245718061,0.7733993588
case327,cases_trunkfloor_lhs_500\case327\case327.key,2000447,3283766,-3813.15950000,209.65765000,504.48995000,-3815.06488518,211.78806520,487.22493224,539.39249460,-603.09588644,4887.52672085,4954.04747237,1.06747548,0.0106747548,5.5562098724E-05,9.39990105,311.80858026,2,steel_rigid,210000.0,0.3000,135.10885254,0.7560620034,0.7322457323,0.9301109877,0.6349509596,0.6266600701,0.8661349452,0.8945108421
case328,cases_trunkfloor_lhs_500\case328\case328.key,2000447,3286892,-4320.86475000,-203.14565000,547.20205000,-4316.75685485,-201.25206611,530.29673908,-655.23881091,-302.04024536,2696.51863596,2791.37581905,0.80348674,0.0080348674,4.1821484614E-05,14.97963319,204.74790976,2,steel_rigid,210000.0,0.3000,80.44713222,0.0166386734,0.2418671668,0.3058011660,0.1069734722,0.9986422125,0.5687441938,0.9863261093
case329,cases_trunkfloor_lhs_500\case329\case329.key,2000447,3283749,-3841.70025000,185.32227500,501.24045000,-3843.41057067,181.55719200,484.23606959,489.78661206,1078.21140085,4869.56511644,5011.49630086,0.98005353,0.0098005353,5.1011786325E-05,13.66857298,65.56967628,0,aluminum_rigid,70000.0,0.3300,172.50870635,0.7144951762,0.7033371788,0.9466950437,0.4601070634,0.9112381988,0.1821379897,0.0307320101
case330,cases_trunkfloor_lhs_500\case330\case330.key,2000447,3295238,-4237.59350000,-347.00635000,631.04050000,-4236.94440170,-347.05386915,613.55260666,-141.47278993,10.35693180,3811.53526298,3814.17394428,0.99562475,0.0099562475,5.1822268417E-05,2.13135550,175.81296324,1,titanium_rigid,110000.0,0.3400,136.11137163,0.1379151522,0.0709717217,0.6010576901,0.4912495069,0.1420903665,0.4883693423,0.6389721784
case331,cases_trunkfloor_lhs_500\case331\case331.key,2000447,3284584,-3938.39550000,270.33960000,510.17660000,-3941.67949701,270.68657673,492.99099641,635.30173947,-67.12397169,3324.62052548,3385.44170917,0.77339534,0.0077339534,4.0255227570E-05,10.87701531,353.96868605,1,titanium_rigid,110000.0,0.3400,234.96448416,0.5736679467,0.8043312210,0.4772932967,0.0467906847,0.7251343537,0.9832463502,0.3687464708
case332,cases_trunkfloor_lhs_500\case332\case332.key,2000447,3289518,-4282.46675000,332.75990000,602.12375000,-4284.67698654,335.14728718,584.92883107,296.40372857,-320.16051127,2305.92427003,2346.83716146,1.22910992,0.0122910992,6.3975171363E-05,10.71418630,312.79343289,1,titanium_rigid,110000.0,0.3400,96.08470998,0.0725616268,0.8784817357,0.1774738493,0.9582198410,0.7142790866,0.8688706469,0.6147157797
case333,cases_trunkfloor_lhs_500\case333\case333.key,2000447,3286487,-3956.57900000,-370.21607500,552.58350000,-3954.21354511,-368.94848144,535.29050056,-666.85820896,-357.35416979,4875.16320034,4933.51984930,1.06589267,0.0106589267,5.5479713250E-05,8.82131612,208.18584644,0,aluminum_rigid,70000.0,0.3300,116.43823093,0.5471854470,0.0434003538,0.9241851705,0.6317853314,0.5880877414,0.5782940179,0.0540548876
case334,cases_trunkfloor_lhs_500\case334\case334.key,2000447,3291560,-3725.81850000,388.05880000,628.25885000,-3729.99192310,388.94380311,611.28683453,1200.00805709,-254.46997397,4880.06003869,5031.87443066,0.95928242,0.0095928242,4.9930650178E-05,14.11000618,348.02739442,1,titanium_rigid,110000.0,0.3400,80.60729267,0.8832656774,0.9441725750,0.9525777058,0.4185648483,0.9406670784,0.9667427623,0.5405034219
case335,cases_trunkfloor_lhs_500\case335\case335.key,2000447,3286621,-4106.94700000,-325.20897500,519.66582500,-4108.11483588,-326.24693641,502.23571325,306.46531356,272.38345377,4574.03712985,4592.37731459,1.03009936,0.0103009936,5.3616671434E-05,5.12230390,41.63038951,0,aluminum_rigid,70000.0,0.3300,161.41284969,0.3281890760,0.0968653264,0.8257057575,0.5601987102,0.3414869269,0.1156399709,0.0049331238
case336,cases_trunkfloor_lhs_500\case336\case336.key,2000447,3281937,-3900.80700000,-122.78992500,498.32177500,-3902.28668239,-124.45061477,480.96370340,325.90897392,365.77694205,3823.22000728,3854.48059467,1.05985230,0.0105985230,5.5165312264E-05,7.30209066,48.29881188,0,aluminum_rigid,70000.0,0.3300,100.15923820,0.6284119421,0.3373235867,0.6126932233,0.6197046019,0.4868060440,0.1341633663,0.1623111946
case337,cases_trunkfloor_lhs_500\case337\case337.key,2000447,3287596,-4055.39350000,356.71567500,531.38540000,-4055.10286885,356.30539158,513.89262432,-49.35218668,69.67038405,2970.45487677,2971.68164104,0.88912802,0.0088912802,4.6279113546E-05,1.64638723,125.31249010,2,steel_rigid,210000.0,0.3000,157.12820258,0.4032717360,0.9069393536,0.3578509977,0.2782560441,0.1097591489,0.3480902503,0.7692490769
case338,cases_trunkfloor_lhs_500\case338\case338.key,2000447,3289074,-4307.35325000,-252.29150000,559.58910000,-4307.29803491,-252.36121534,542.08932597,-12.10147132,15.27948601,3835.41891550,3835.46844149,0.76488078,0.0076488078,3.9812044453E-05,0.29116923,128.37949675,2,steel_rigid,210000.0,0.3000,84.98457467,0.0363168594,0.1834856775,0.6072048848,0.0297615544,0.0194112821,0.3566097132,0.8777818890
case339,cases_trunkfloor_lhs_500\case339\case339.key,2000447,3282604,-4207.36775000,-97.43128500,507.73452500,-4206.20751646,-95.60566824,490.36872581,-206.33254244,-324.66235041,3088.28298012,3112.14885974,1.01854737,0.0101854737,5.3015390553E-05,7.10025751,237.56283239,2,steel_rigid,210000.0,0.3000,83.96408143,0.1819360180,0.3674477004,0.3984004098,0.5370947378,0.4733505004,0.6598967566,0.9440278182
case340,cases_trunkfloor_lhs_500\case340\case340.key,2000447,3293732,-4280.85125000,-374.38092500,644.17305000,-4280.85168944,-374.38110830,626.67305001,0.12251117,0.05110280,4878.84534317,4878.84534497,1.17225153,0.0117225153,6.1015692248E-05,0.00155889,22.64236654,2,steel_rigid,210000.0,0.3000,88.73070278,0.0749144454,0.0384528324,0.9084019933,0.8445030643,0.0001039258,0.0628954626,0.9771203204
case341,cases_trunkfloor_lhs_500\case341\case341.key,2000447,3291311,-3939.02250000,412.32612500,638.71507500,-3936.69757261,413.28824047,621.39690401,-579.32252373,-239.73874118,4315.32037841,4360.62830552,0.75913741,0.0075913741,3.9513102418E-05,8.26660041,202.48104522,0,aluminum_rigid,70000.0,0.3300,102.21335169,0.5727547822,0.9730002904,0.7588055499,0.0182748287,0.5511066941,0.5624473478,0.2338230296
case342,cases_trunkfloor_lhs_500\case342\case342.key,2000447,3285427,-4205.08100000,119.48137500,509.29737500,-4207.93766438,122.41890486,492.28383959,773.98509261,-795.89479796,4609.64994031,4741.45273362,0.91660765,0.0091660765,4.7709427954E-05,13.54114641,314.20041517,1,titanium_rigid,110000.0,0.3400,104.64201090,0.1852664471,0.6251232544,0.8687401442,0.3332152912,0.9027430939,0.8727789310,0.5449717852
case343,cases_trunkfloor_lhs_500\case343\case343.key,2000447,3282149,-3964.87375000,-194.16415000,514.06217500,-3962.58343568,-194.30083098,496.71323329,-231.68177023,13.82626460,1754.97026362,1770.25089590,1.14471950,0.0114471950,5.9582649909E-05,7.53362113,176.58476293,1,titanium_rigid,110000.0,0.3400,94.02297691,0.5351049502,0.2525364979,0.0110276539,0.7894389974,0.5022414089,0.4905132304,0.3745982673
case344,cases_trunkfloor_lhs_500\case344\case344.key,2000447,3286687,-4128.18100000,-333.01445000,527.55335000,-4128.51746624,-331.16479289,510.15462709,73.44716041,-403.76135204,3797.96440886,3820.07216761,0.83000229,0.0083000229,4.3201619240E-05,6.16714097,280.30979225,0,aluminum_rigid,70000.0,0.3300,153.58922214,0.2972638197,0.0875930225,0.6027603613,0.1600045818,0.4111427310,0.7786383118,0.1325204738
case345,cases_trunkfloor_lhs_500\case345\case345.key,2000447,3285491,-4247.39050000,180.44047500,516.92217500,-4251.13821377,179.44382539,499.85725979,908.29422597,241.54755186,4135.84518397,4241.29213879,1.06492014,0.0106492014,5.5429093449E-05,12.80293299,14.89229106,1,titanium_rigid,110000.0,0.3400,157.69385432,0.1236467743,0.6975379760,0.7243561499,0.6298402862,0.8535288663,0.0413674752,0.6418181962
case346,cases_trunkfloor_lhs_500\case346\case346.key,2000447,3285494,-4258.27725000,166.92175000,517.18725000,-4257.58679189,167.26031569,499.70415414,-73.70071732,-36.13909933,1866.17651715,1867.98089482,0.78562075,0.0078562075,4.0891560140E-05,2.51854724,206.12099295,0,aluminum_rigid,70000.0,0.3300,149.25426075,0.1077912815,0.6814787706,0.0392398877,0.0712415039,0.1679031495,0.5725583138,0.2847027689
case347,cases_trunkfloor_lhs_500\case347\case347.key,2000447,3286929,-4297.60950000,-183.09302500,522.57300000,-4296.54967310,-181.86404922,505.14840860,-124.07753251,-143.88036589,2039.95604966,2048.78439039,0.92451688,0.0092451688,4.8121103497E-05,5.32090027,229.22663376,1,titanium_rigid,110000.0,0.3400,106.83861614,0.0505076838,0.2656881428,0.0914333854,0.3490337559,0.3547266844,0.6367406493,0.4529739009
case348,cases_trunkfloor_lhs_500\case348\case348.key,2000447,2842424,-4057.11575000,-184.21577500,516.46067500,-4060.04465896,-184.47412029,499.20945040,800.21263747,70.58299393,4713.23900442,4781.20739322,1.16650111,0.0116650111,6.0716382669E-05,9.67248706,5.04074568,0,aluminum_rigid,70000.0,0.3300,81.94669173,0.4007634463,0.2643544021,0.8802163313,0.8330022159,0.6448324707,0.0140020713,0.0174440772
case349,cases_trunkfloor_lhs_500\case349\case349.key,2000447,3283878,-3843.95950000,217.79327500,506.26267500,-3844.66473762,217.95697259,488.77765733,173.97245261,-40.38195172,4313.31416909,4317.01010395,1.15015813,0.0115015813,5.9865730774E-05,2.37104197,346.93209163,0,aluminum_rigid,70000.0,0.3300,157.35959412,0.7112047983,0.7419102290,0.7462140539,0.8003162641,0.1580694644,0.9637002545,0.1072177946
case350,cases_trunkfloor_lhs_500\case350\case350.key,2000447,3285031,-4257.96025000,215.94370000,519.55720000,-4258.51695751,215.48887375,502.07197167,162.76326728,132.97648265,5112.11513062,5116.43388845,0.89611206,0.0089611206,4.6642632503E-05,2.35431151,39.24858885,1,titanium_rigid,110000.0,0.3400,141.45625098,0.1082529611,0.7397130762,0.9769879300,0.2922241116,0.1569541008,0.1090238579,0.5110083241
case351,cases_trunkfloor_lhs_500\case351\case351.key,2000447,3283746,-3853.07775000,185.27977500,500.86477500,-3855.36850220,183.99357071,483.56309494,307.79050070,172.81723455,2324.69175720,2351.33846030,1.05367978,0.0105367978,5.4844032550E-05,8.63401487,29.31320121,1,titanium_rigid,110000.0,0.3400,179.44409535,0.6979249538,0.7032866921,0.1787732630,0.6073595600,0.5756009910,0.0814255589,0.5825027287
case352,cases_trunkfloor_lhs_500\case352\case352.key,2000447,3281899,-3856.26350000,-73.03411750,493.00790000,-3856.56202222,-73.88540164,475.53116690,75.76593413,216.05874963,4435.65306701,4441.55828408,0.80482766,0.0080482766,4.1891279456E-05,2.95485389,70.67561750,1,titanium_rigid,110000.0,0.3400,80.56876482,0.6932852186,0.3964296586,0.7821680333,0.1096553105,0.1969902590,0.1963211597,0.6606608225
case353,cases_trunkfloor_lhs_500\case353\case353.key,2000447,3286010,-4185.21400000,-213.58225000,519.27260000,-4186.57922989,-215.51551022,501.93337706,143.33621218,202.97401900,1820.45423971,1837.33430844,0.81225249,0.0081225249,4.2277742272E-05,7.77255319,54.77102256,0,aluminum_rigid,70000.0,0.3300,190.63470207,0.2142008008,0.2294692888,0.0303929761,0.1245049864,0.5181702127,0.1521417293,0.1136604522
case354,cases_trunkfloor_lhs_500\case354\case354.key,2000447,2946827,-3970.46425000,-211.61737500,514.35502500,-3968.34752755,-209.74784809,497.08440384,-507.25067960,-448.01282031,4138.72604226,4193.69431313,0.87905652,0.0087905652,4.5754891867E-05,9.28690062,221.45151448,0,aluminum_rigid,70000.0,0.3300,107.77204555,0.5269629305,0.2318034092,0.7106158347,0.2581130400,0.6191267079,0.6151430958,0.0894064481
case355,cases_trunkfloor_lhs_500\case355\case355.key,2000447,3283385,-3762.98825000,0.18225100,497.19287500,-3765.42145970,-2.66633427,480.09857617,245.00067625,286.82497760,1721.23051285,1762.08069551,1.08190891,0.0108190891,5.6313358685E-05,12.36130556,49.49665023,1,titanium_rigid,110000.0,0.3400,140.67214779,0.8291315507,0.4834050722,0.0086691191,0.6638178169,0.8240870374,0.1374906951,0.3449479136
case356,cases_trunkfloor_lhs_500\case356\case356.key,2000447,3286881,-4305.70600000,-219.22740000,543.67057500,-4303.26579469,-220.56580717,526.39330484,-545.29461755,299.08394289,3860.82367352,3910.59546141,0.97785718,0.0097785718,5.0897466082E-05,9.15102000,151.25605191,1,titanium_rigid,110000.0,0.3400,92.39685366,0.0387159188,0.2227632849,0.6288921975,0.4557143547,0.6100679998,0.4201556997,0.5255438608
case357,cases_trunkfloor_lhs_500\case357\case357.key,2000447,3287757,-3839.34800000,335.83362500,559.71225000,-3840.44949893,337.62270845,542.33882545,209.77420351,-340.72076236,3308.66984377,3332.77541839,0.79632302,0.0079632302,4.1448613240E-05,6.89533649,301.61968407,1,titanium_rigid,110000.0,0.3400,139.69936809,0.7179209996,0.8821330846,0.4620898411,0.0926460419,0.4596890993,0.8378324557,0.5168560245
case358,cases_trunkfloor_lhs_500\case358\case358.key,2000447,3286351,-3843.11950000,-331.52392500,546.10717500,-3843.45751496,-334.52437186,528.86962690,75.04907426,666.18577379,3827.23303267,3885.50492666,1.04284741,0.0104284741,5.4280207905E-05,9.93545435,83.57245071,2,steel_rigid,210000.0,0.3000,154.61339442,0.7124281766,0.0893636516,0.6216491806,0.5856948282,0.6623636236,0.2321456964,0.7005043523
case359,cases_trunkfloor_lhs_500\case359\case359.key,2000447,3282142,-3966.90075000,-186.37987500,514.12792500,-3967.01626076,-186.16249678,496.62965640,25.70120104,-48.36675859,3893.37325585,3893.75849334,0.92096272,0.0092096272,4.7936109484E-05,0.80597390,297.98535039,1,titanium_rigid,110000.0,0.3400,86.11375990,0.5321528218,0.2617836178,0.6240317812,0.3419254365,0.0537315931,0.8277370844,0.4986456099
case360,cases_trunkfloor_lhs_500\case360\case360.key,2000447,3285288,-4070.71400000,178.37137500,502.77462500,-4069.86036877,181.52718569,485.58270327,-89.41472662,-330.55954501,1800.79047295,1833.06053736,0.82719539,0.0082719539,4.3055520284E-05,10.76684190,254.86399019,0,aluminum_rigid,70000.0,0.3300,190.05817944,0.3809589174,0.6950800443,0.0291592441,0.1543907890,0.7177894598,0.7079555283,0.1546571720
case361,cases_trunkfloor_lhs_500\case361\case361.key,2000447,3283172,-3812.06000000,-131.18910000,505.33132500,-3813.18810925,-132.84705484,487.94660311,183.04478268,269.01648234,2820.81069446,2839.51549287,0.86471532,0.0086471532,4.5008432330E-05,6.58007307,55.76776022,2,steel_rigid,210000.0,0.3000,153.57691207,0.7576633183,0.3273460129,0.3196978993,0.2294306371,0.4386715380,0.1549104450,0.7166177886
case362,cases_trunkfloor_lhs_500\case362\case362.key,2000447,3285451,-4225.70125000,112.64372500,509.46985000,-4226.29497017,114.02417664,492.03448796,62.74823306,-145.89516466,1842.68317544,1849.51453762,1.08909079,0.0108909079,5.6687175519E-05,4.92602008,293.27211683,2,steel_rigid,210000.0,0.3000,104.29128897,0.1552350579,0.6170006522,0.0339091070,0.6781815761,0.3284013384,0.8146447690,0.8751422048
case363,cases_trunkfloor_lhs_500\case363\case363.key,2000447,3283033,-3821.39600000,-234.34847500,506.74945000,-3821.86362442,-235.43590683,489.28952963,121.05719476,281.51105795,4519.97130898,4530.34700152,0.91794181,0.0091794181,4.7778871136E-05,3.87849616,66.73101727,0,aluminum_rigid,70000.0,0.3300,139.98122185,0.7440663421,0.2048006110,0.8077991402,0.3358836171,0.2585664104,0.1853639369,0.2386038493
case364,cases_trunkfloor_lhs_500\case364\case364.key,2000447,3285263,-4124.85625000,164.15235000,504.30850000,-4124.83790723,163.28028708,486.83025152,-2.48680316,118.22910693,2369.59702093,2372.54596321,0.82284599,0.0082284599,4.2829133556E-05,2.85698817,91.20496824,0,aluminum_rigid,70000.0,0.3300,155.00134644,0.3021059948,0.6781889364,0.1848953446,0.1456919714,0.1904658781,0.2533471340,0.2709316607
case365,cases_trunkfloor_lhs_500\case365\case365.key,2000447,3282605,-4218.01425000,-92.09393500,507.68070000,-4217.67003979,-92.91551407,490.20338536,-80.25747726,191.56277801,4075.08305151,4080.37246306,1.17032301,0.0117032301,6.0915312754E-05,2.91768452,112.73181986,1,titanium_rigid,110000.0,0.3400,82.91761961,0.1664304260,0.3737880616,0.6779026192,0.8406460232,0.1945123016,0.3131439440,0.3899161474
case366,cases_trunkfloor_lhs_500\case366\case366.key,2000447,3284175,-3859.74575000,111.57607500,495.41465000,-3859.67319838,109.32122668,478.06067653,-10.79171190,335.39805838,2581.32175084,2603.04250829,1.10460577,0.0110460577,5.7494730588E-05,7.40690781,91.84290363,1,titanium_rigid,110000.0,0.3400,109.10032785,0.6882136601,0.6157323662,0.2514339968,0.7092115500,0.4937938538,0.2551191767,0.3848493920
case367,cases_trunkfloor_lhs_500\case367\case367.key,2000447,3282897,-3939.06175000,-246.59955000,514.74510000,-3937.93900481,-250.87963197,497.81375801,-308.97724246,1177.87004191,4659.47162123,4815.96517440,1.23294933,0.0123294933,6.4175012733E-05,14.64627824,104.69858102,2,steel_rigid,210000.0,0.3000,152.45365894,0.5726976184,0.1902472763,0.8902500431,0.9658986641,0.9764185496,0.2908293917,0.9413905744
case368,cases_trunkfloor_lhs_500\case368\case368.key,2000447,3285903,-4278.77200000,-142.70817500,514.54562500,-4277.29750163,-145.60189457,497.34963007,-327.84587422,643.40120151,3823.42640263,3891.02010785,1.20865693,0.0120865693,6.2910593383E-05,10.69522030,117.00117270,1,titanium_rigid,110000.0,0.3400,132.63377212,0.0779426709,0.3136622380,0.6232412771,0.9173138668,0.7130146869,0.3250032575,0.3380309122
case369,cases_trunkfloor_lhs_500\case369\case369.key,2000447,3291024,-3998.52825000,415.99097500,636.54577500,-3997.30292460,414.55330829,619.14802537,-312.73410604,366.92899078,4440.34675338,4466.44364071,1.22608741,0.0122608741,6.3817849943E-05,6.19673243,130.44100273,2,steel_rigid,210000.0,0.3000,97.97982542,0.4860904433,0.9773538503,0.7893518203,0.9521748297,0.4131154953,0.3623361187,0.7183690304
case370,cases_trunkfloor_lhs_500\case370\case370.key,2000447,2845944,-4311.60275000,246.11767500,558.28427500,-4310.00500545,243.67202605,541.02982590,-460.71189923,705.20633028,4975.34478319,5046.14973361,0.86593619,0.0086593619,4.5071978575E-05,9.60944937,123.15661972,1,titanium_rigid,110000.0,0.3400,83.93816217,0.0301278758,0.7755574374,0.9566986327,0.2318723756,0.6406299578,0.3421017214,0.6357849397
case371,cases_trunkfloor_lhs_500\case371\case371.key,2000447,3290748,-4272.78450000,421.36910000,649.58645000,-4275.07011039,423.54824416,632.37374202,344.31351587,-328.27501636,2592.99136107,2636.27018383,0.79339330,0.0079339330,4.1296121436E-05,10.39624072,316.36601231,2,steel_rigid,210000.0,0.3000,90.51456790,0.0866628824,0.9837426491,0.2610260050,0.0867866066,0.6930827147,0.8787944786,0.9650339038
case372,cases_trunkfloor_lhs_500\case372\case372.key,2000447,3288085,-3772.53700000,239.18687500,511.15205000,-3769.54726993,239.09068482,493.90959479,-825.99674828,26.57523310,4763.71163992,4834.86560925,0.78676897,0.0078676897,4.0951324874E-05,9.84190245,178.15722805,2,steel_rigid,210000.0,0.3000,84.89029442,0.8152247248,0.7673241801,0.8957061312,0.0735379394,0.6561268302,0.4948811890,0.6684227035
case373,cases_trunkfloor_lhs_500\case373\case373.key,2000447,3283377,-3772.94275000,18.18268000,495.99060000,-3769.37919003,16.11306082,478.98272780,-758.91683884,440.75835885,3622.09720891,3726.90365987,0.94329480,0.0094329480,4.9098494136E-05,13.62010943,149.85313981,1,titanium_rigid,110000.0,0.3400,131.54117283,0.8146337893,0.5047881972,0.5758649173,0.3865895922,0.9080072952,0.4162587217,0.3971356073
case374,cases_trunkfloor_lhs_500\case374\case374.key,2000447,2946763,-3944.12000000,-163.37695000,510.23060000,-3942.60471091,-162.30394046,492.82937736,-319.47672648,-226.22849849,3668.79540581,3689.62117866,1.06352252,0.0106352252,5.5356347045E-05,6.09048383,215.30314963,0,aluminum_rigid,70000.0,0.3300,81.13820137,0.5653307691,0.2891093232,0.5651023870,0.6270450353,0.4060322555,0.5980643045,0.0132738096
case375,cases_trunkfloor_lhs_500\case375\case375.key,2000447,3283754,-3801.46550000,197.56957500,503.89400000,-3802.89530183,201.70689501,486.95032124,224.16774181,-648.65890311,2656.47038464,2743.69175629,1.22222589,0.0122222589,6.3616857432E-05,14.48567384,289.06445718,2,steel_rigid,210000.0,0.3000,132.95188752,0.7730931774,0.7178860291,0.2920359563,0.9444517745,0.9657115896,0.8029568255,0.6816467761
case376,cases_trunkfloor_lhs_500\case376\case376.key,2000447,3043580,-3737.22625000,414.74067500,628.30810000,-3736.11670255,414.51916490,610.84471437,-316.58377376,63.20279817,4982.77430187,4993.22136730,1.17406891,0.0117406891,6.1110286698E-05,3.70697902,168.70989969,2,steel_rigid,210000.0,0.3000,100.45040705,0.8666513987,0.9758685900,0.9414195223,0.8481378174,0.2471319344,0.4686386103,0.8242139798
case377,cases_trunkfloor_lhs_500\case377\case377.key,2000447,3288113,-3680.19500000,155.99327500,526.20160000,-3680.10827610,155.49667745,508.70886237,-20.88604787,119.59748015,4212.84267726,4214.59170118,1.15681656,0.0115681656,6.0212301695E-05,1.65071756,99.90601870,1,titanium_rigid,110000.0,0.3400,81.60743788,0.9497118689,0.6684965830,0.7166483939,0.8136331103,0.1100478371,0.2775167186,0.5268612211
case378,cases_trunkfloor_lhs_500\case378\case378.key,2000447,3283945,-3926.07025000,241.30700000,505.24432500,-3929.62796129,239.92067635,488.16595280,731.12633789,284.89600376,3509.68549601,3596.33198354,0.90252153,0.0090252153,4.6976245444E-05,12.60256819,21.28923453,0,aluminum_rigid,70000.0,0.3300,223.00690511,0.5916184749,0.7698427255,0.5381721034,0.3050430526,0.8401712130,0.0591367626,0.2231833166
case379,cases_trunkfloor_lhs_500\case379\case379.key,2000447,3282437,-4124.63625000,-185.61182500,515.89655000,-4124.04298916,-185.97678977,498.41041714,-102.21576001,62.88153440,3012.76983881,3015.15907551,0.88045981,0.0088045981,4.5827932891E-05,2.28108141,148.40082171,2,steel_rigid,210000.0,0.3000,125.57093073,0.3024264034,0.2626960021,0.3704018578,0.2609196116,0.1520720943,0.4122245047,0.9339620529
case380,cases_trunkfloor_lhs_500\case380\case380.key,2000447,3284097,-3827.63225000,68.88049250,493.76300000,-3829.25003152,68.62449185,476.33981870,270.28974460,42.77113429,2910.96614261,2923.80057449,0.96113607,0.0096113607,5.0027132315E-05,5.37045492,8.99202684,0,aluminum_rigid,70000.0,0.3300,98.14918542,0.7349838503,0.5650132985,0.3440289179,0.4222721351,0.3580303282,0.0249778523,0.3100340467
case381,cases_trunkfloor_lhs_500\case381\case381.key,2000447,2949387,-4218.49125000,261.15632500,520.23242500,-4216.38299765,258.88468263,503.00904226,-352.17610026,379.46982555,2877.10518355,2923.31311893,0.97247113,0.0097247113,5.0617122225E-05,10.20074693,132.86359713,0,aluminum_rigid,70000.0,0.3300,172.40742516,0.1657357219,0.7934221967,0.3438882015,0.4449422565,0.6800497951,0.3690655476,0.2984175513
case382,cases_trunkfloor_lhs_500\case382\case382.key,2000447,3284765,-4079.75625000,281.19745000,514.13752500,-4079.92873335,278.98989810,496.77817697,27.12979316,347.22438459,2730.44041799,2752.56347341,0.80043467,0.0080043467,4.1662624380E-05,7.26913643,85.53236726,1,titanium_rigid,110000.0,0.3400,232.59012724,0.3677897595,0.8172295115,0.2945970016,0.1008693326,0.4846090955,0.2375899091,0.3869741466
case383,cases_trunkfloor_lhs_500\case383\case383.key,2000447,3286080,-4109.96100000,-316.03385000,517.61767500,-4106.05584291,-316.37289774,500.56232995,-487.98783438,42.36735360,2131.23331597,2186.79733086,1.12714550,0.0112714550,5.8667923022E-05,12.94356960,175.03799367,0,aluminum_rigid,70000.0,0.3300,170.56801752,0.3237994781,0.1077646691,0.1312743082,0.7542909903,0.8629046397,0.4862166491,0.1881350244
case384,cases_trunkfloor_lhs_500\case384\case384.key,2000447,2948779,-4174.38850000,-277.31867500,518.23095000,-4172.17091217,-275.47768155,500.96992317,-269.81979846,-223.99855953,2100.19495551,2129.27145509,0.79930418,0.0079930418,4.1603782390E-05,9.47956983,219.69872369,2,steel_rigid,210000.0,0.3000,209.27469289,0.2299670889,0.1537553189,0.1146680105,0.0986083531,0.6319713222,0.6102742325,0.9596453453
case385,cases_trunkfloor_lhs_500\case385\case385.key,2000447,3295122,-3674.95925000,400.06200000,629.51752500,-3673.89560655,401.37837689,612.09955111,-171.87898677,-212.71933425,2814.64969020,2827.90466243,1.15406421,0.0115406421,6.0069042296E-05,5.54963526,231.06150122,2,steel_rigid,210000.0,0.3000,84.25478944,0.9573372297,0.9584314533,0.3163461397,0.8081284263,0.3699756841,0.6418375034,0.7307368205
case386,cases_trunkfloor_lhs_500\case386\case386.key,2000447,3285388,-4158.89450000,103.40308500,502.49495000,-4157.88921762,106.55429179,485.31038416,-142.53446789,-446.79543801,2436.52230511,2481.24629597,1.23448467,0.0123448467,6.4254927187E-05,10.89500599,252.30653460,1,titanium_rigid,110000.0,0.3400,87.47720492,0.2525325934,0.6060234827,0.2162744424,0.9689693444,0.7263337328,0.7008514850,0.5081165761
case387,cases_trunkfloor_lhs_500\case387\case387.key,2000447,3283796,-3797.20350000,240.61682500,507.87910000,-3792.88496495,241.71169228,490.95569843,-1266.12282157,-320.99692028,4961.66053999,5130.70963282,1.18506045,0.0118506045,6.1682396594E-05,14.74874438,194.22630559,1,titanium_rigid,110000.0,0.3400,105.33420302,0.7793003660,0.7690228507,0.9811089844,0.8701209066,0.9832496251,0.5395175155,0.4563412732
case388,cases_trunkfloor_lhs_500\case388\case388.key,2000447,3285389,-4151.49975000,96.02270000,502.16112500,-4151.08706039,98.15842189,484.79684041,-70.54000209,-365.05359416,2968.03368636,2991.23118162,0.76317029,0.0076317029,3.9723013401E-05,7.14026379,259.06341662,1,titanium_rigid,110000.0,0.3400,82.23396161,0.2633023277,0.5972561531,0.3634944666,0.0263405726,0.4760175859,0.7196206017,0.4936643874
case389,cases_trunkfloor_lhs_500\case389\case389.key,2000447,3287444,-4260.98700000,243.07592500,526.84790000,-4261.50127215,239.61683219,509.70088274,132.13625006,888.77368980,4405.72676914,4496.42157994,0.78414105,0.0078414105,4.0814541830E-05,11.52731193,81.54363254,2,steel_rigid,210000.0,0.3000,134.24210625,0.1038447941,0.7719440723,0.7980057100,0.0682821068,0.7684874619,0.2265100904,0.9314375181
case390,cases_trunkfloor_lhs_500\case390\case390.key,2000447,3295479,-4217.98375000,92.92370500,506.52620000,-4218.60395925,95.28562431,489.19741823,132.33555927,-503.96847647,3697.48437716,3734.01762782,1.02860822,0.0102860822,5.3539057707E-05,8.02136603,284.71296602,0,aluminum_rigid,70000.0,0.3300,83.13141895,0.1664748463,0.5935747854,0.5779185439,0.5572164345,0.5347577355,0.7908693501,0.2752671683
case391,cases_trunkfloor_lhs_500\case391\case391.key,2000447,3288436,-3682.98575000,-159.61000000,525.41537500,-3684.60305212,-157.58452192,508.10838877,264.92406160,-331.78580046,2834.99107856,2866.60792424,0.76118444,0.0076118444,3.9619650034E-05,8.51751146,308.60663758,0,aluminum_rigid,70000.0,0.3300,84.08446786,0.9456474129,0.2935841700,0.3275188142,0.0223688774,0.5678340977,0.8572406600,0.0247268596
case392,cases_trunkfloor_lhs_500\case392\case392.key,2000447,2737877,-3941.85700000,-195.63825000,510.82807500,-3939.99873640,-198.13599519,493.60721192,-546.26188444,734.24620629,5062.30716634,5144.36326324,0.76705809,0.0076705809,3.9925373813E-05,10.24722362,126.64837884,0,aluminum_rigid,70000.0,0.3300,106.90426889,0.5686266086,0.2507853805,0.9850504498,0.0341161888,0.6831482415,0.3518010523,0.3190630584
case393,cases_trunkfloor_lhs_500\case393\case393.key,2000447,3282154,-3906.12575000,-154.33312500,505.00597500,-3907.71289813,-156.46766465,487.70930765,451.67907581,607.45867120,4922.37778836,4980.24327881,1.10363422,0.0110363422,5.7444161032E-05,8.74265972,53.36715930,0,aluminum_rigid,70000.0,0.3300,106.31951784,0.6206656999,0.2998526916,0.9376730691,0.7072684354,0.5828439811,0.1482421092,0.3319033496
case394,cases_trunkfloor_lhs_500\case394\case394.key,2000447,3281724,-3915.13375000,-98.38194750,494.29635000,-3915.98909661,-101.49473554,477.09667172,131.73244705,479.40236399,2648.93282953,2695.18555939,0.81882952,0.0081882952,4.2620076466E-05,10.63004319,74.63521649,0,aluminum_rigid,70000.0,0.3300,81.42376067,0.6075464237,0.3663183864,0.2780334169,0.1376590381,0.7086695462,0.2073200458,0.0418412720
case395,cases_trunkfloor_lhs_500\case395\case395.key,2000447,3282928,-3933.21000000,-282.65310000,513.25682500,-3934.59980564,-282.99118064,495.81537604,312.30861754,75.97141229,3919.33566003,3932.49289180,0.91102092,0.0091102092,4.7418638727E-05,4.68821027,13.67207814,1,titanium_rigid,110000.0,0.3400,187.77892277,0.5812201233,0.1474184323,0.6352134441,0.3220418339,0.3125473511,0.0379779948,0.5792072737
case396,cases_trunkfloor_lhs_500\case396\case396.key,2000447,3286885,-4315.62975000,-211.82245000,547.84140000,-4314.68640578,-209.65634406,530.50161665,-138.71035057,-318.50655074,2549.66042411,2573.21885243,1.06677060,0.0106677060,5.5525409836E-05,7.75897444,246.46676157,1,titanium_rigid,110000.0,0.3400,84.06201964,0.0242629419,0.2315597959,0.2428246449,0.6335412041,0.5172649628,0.6846298933,0.6327403025
case397,cases_trunkfloor_lhs_500\case397\case397.key,2000447,3283339,-3693.44950000,-42.57592750,503.89812500,-3689.86915141,-42.28282874,486.77080189,-1000.32786786,-81.89003106,4785.27109201,4889.39477281,1.12322675,0.0112322675,5.8463952084E-05,11.84564144,184.67997952,1,titanium_rigid,110000.0,0.3400,127.55047417,0.9304079785,0.4326116453,0.9114473522,0.7464534903,0.7897094294,0.5129999431,0.5015480329
case398,cases_trunkfloor_lhs_500\case398\case398.key,2000447,3287696,-3798.74525000,300.91525000,536.23517500,-3795.26847616,301.86377184,519.11027062,-475.54258786,-129.73594203,2342.29251896,2393.59696104,0.81686839,0.0081686839,4.2517999684E-05,11.88415732,195.25988571,1,titanium_rigid,110000.0,0.3400,93.97981451,0.7770549570,0.8406527412,0.1909722471,0.1337367794,0.7922771549,0.5423885714,0.4230144216
case399,cases_trunkfloor_lhs_500\case399\case399.key,2000447,3295072,-3713.85150000,419.31792500,629.30590000,-3716.40599178,416.84648499,612.17065690,707.84022644,684.82689009,4748.11250579,4849.18529478,0.87563523,0.0087563523,4.5576813606E-05,11.71865064,44.05329347,2,steel_rigid,210000.0,0.3000,96.10969414,0.9006944492,0.9813060109,0.8998398703,0.2512704556,0.7812433758,0.1223702597,0.7356892011
case400,cases_trunkfloor_lhs_500\case400\case400.key,2000447,3283853,-3810.33050000,252.94855000,508.39882500,-3812.73391641,252.27497215,491.07774298,367.17925723,102.90510282,2646.20895460,2673.54294870,1.01162853,0.0101162853,5.2655265016E-05,8.20004633,15.65597900,0,aluminum_rigid,70000.0,0.3300,112.75013976,0.7601821669,0.7836719914,0.2717857304,0.5232570611,0.5466697552,0.0434888306,0.0955281948
case401,cases_trunkfloor_lhs_500\case401\case401.key,2000447,3285025,-4236.01175000,236.66145000,519.07280000,-4238.53139533,234.88804225,501.84618070,376.89601381,265.27158523,2576.80875488,2617.70185055,0.99339089,0.0099339089,5.1705996073E-05,10.14073727,35.13912024,2,steel_rigid,210000.0,0.3000,160.00160146,0.1402188172,0.7643241695,0.2556657864,0.4867817895,0.6760491512,0.0976086673,0.9431488478
case402,cases_trunkfloor_lhs_500\case402\case402.key,2000447,3282134,-3930.25000000,-146.12040000,507.91992500,-3933.10593952,-145.06232303,490.68698902,597.83081916,-221.48613994,3607.35238373,3663.25661385,1.12011766,0.0112011766,5.8302123967E-05,10.02259435,339.67118991,1,titanium_rigid,110000.0,0.3400,81.37116032,0.5855310754,0.3096087771,0.5574915891,0.7402353109,0.6681729565,0.9435310831,0.5310975864
case403,cases_trunkfloor_lhs_500\case403\case403.key,2000447,2848782,-3856.22125000,147.94920000,492.47562500,-3854.38283962,147.43188396,475.08014767,-433.97661793,122.11803533,4106.39022748,4131.06393315,0.89424897,0.0089424897,4.6545658950E-05,6.26527675,164.28376328,0,aluminum_rigid,70000.0,0.3300,143.44594235,0.6933467517,0.6589408407,0.6925359929,0.2884979424,0.4176851165,0.4563437869,0.2097547197
case404,cases_trunkfloor_lhs_500\case404\case404.key,2000447,2946283,-4056.71775000,26.29553500,490.45220000,-4057.08385267,26.39883200,472.95633482,99.30045750,-28.01793084,4745.51968648,4746.64119985,0.96987360,0.0096987360,5.0481920660E-05,1.24553291,344.24342321,0,aluminum_rigid,70000.0,0.3300,106.45624873,0.4013430946,0.5144256448,0.8702379261,0.4397471916,0.0830355272,0.9562317311,0.0362241988
case405,cases_trunkfloor_lhs_500\case405\case405.key,2000447,3285609,-4256.69225000,126.18812500,512.64072500,-4255.71795531,130.14133208,495.62094522,-124.65482574,-505.78777082,2177.57286715,2239.01399872,1.13300966,0.0113300966,5.8973152562E-05,13.45355292,256.15498491,2,steel_rigid,210000.0,0.3000,131.07242575,0.1100996798,0.6330903575,0.1463479688,0.7660193107,0.8969035283,0.7115416247,0.9800264248
case406,cases_trunkfloor_lhs_500\case406\case406.key,2000447,3285782,-4324.09825000,-33.93426500,515.58867500,-4324.57325583,-33.57221501,498.09886970,108.35068620,-82.58501768,3989.49290607,3991.81835809,0.82696395,0.0082696395,4.3043473357E-05,1.95581162,322.68530867,1,titanium_rigid,110000.0,0.3400,86.87561883,0.0119293951,0.4428772756,0.6523392391,0.1539278907,0.1303874411,0.8963480796,0.5065504841
case407,cases_trunkfloor_lhs_500\case407\case407.key,2000447,3292976,-3693.47675000,-406.51930000,630.10605000,-3694.39686637,-406.85767768,612.63353197,105.33558450,38.73772062,2000.26645429,2003.41260965,1.19738270,0.0119738270,6.2323769558E-05,3.21143667,20.19126668,0,aluminum_rigid,70000.0,0.3300,80.21299404,0.9303682915,0.0002749151,0.0783356744,0.8947654009,0.2140957781,0.0560868519,0.1375609764
case408,cases_trunkfloor_lhs_500\case408\case408.key,2000447,3281642,-4117.68600000,-95.71662250,501.89962500,-4113.55146834,-94.51699693,484.93741564,-989.96179641,-287.23530939,4061.38847936,4190.15570851,1.20994430,0.0120994430,6.2977601065E-05,14.24110644,196.17997393,0,aluminum_rigid,70000.0,0.3300,85.27432779,0.3125487667,0.3694845875,0.7095943271,0.9198886096,0.9494070959,0.5449443720,0.0294359238
case409,cases_trunkfloor_lhs_500\case409\case409.key,2000447,3282329,-4019.80375000,-192.89680000,513.25007500,-4019.90337598,-196.57846870,496.14202455,12.26420727,453.22260979,2106.04372956,2154.29369763,1.13412446,0.0113412446,5.9031178108E-05,12.14919821,88.44995403,2,steel_rigid,210000.0,0.3000,81.30758822,0.4551047463,0.2540420122,0.1218913131,0.7682489187,0.8099465476,0.2456943168,0.7953558836
case410,cases_trunkfloor_lhs_500\case410\case410.key,2000447,3290053,-3838.68450000,341.79832500,604.76685000,-3842.03573297,340.35446540,587.65152041,742.83078367,320.04440405,3793.76599522,3879.03163434,0.95576323,0.0095576323,4.9747476246E-05,12.03543373,23.30851806,1,titanium_rigid,110000.0,0.3400,140.51809126,0.7188873229,0.8892186893,0.6197805012,0.4115264648,0.8023622485,0.0647458835,0.3591262324
case411,cases_trunkfloor_lhs_500\case411\case411.key,2000447,3284673,-4018.26825000,296.60457500,508.71347500,-4016.82863854,297.53269437,491.29750206,-156.35423031,-100.80177436,1891.52498946,1900.65105393,0.85065911,0.0085065911,4.4276806584E-05,5.61697031,212.80992801,1,titanium_rigid,110000.0,0.3400,217.26218355,0.4573410528,0.8355319909,0.0486709546,0.2013182165,0.3744646871,0.5911386889,0.4863296732
case412,cases_trunkfloor_lhs_500\case412\case412.key,2000447,3291286,-3973.48425000,399.33295000,636.53012500,-3970.21908267,396.64571857,619.54873903,-764.05221190,628.81467035,3973.66021029,4095.01637836,1.09569229,0.0109569229,5.7030783938E-05,13.98360478,140.54563301,1,titanium_rigid,110000.0,0.3400,114.78406553,0.5225645942,0.9575653980,0.6821299554,0.6913845894,0.9322403185,0.3904045361,0.5691969034
case413,cases_trunkfloor_lhs_500\case413\case413.key,2000447,3288365,-3651.41950000,-43.37976250,525.80882500,-3652.32481386,-43.48397142,508.33256833,208.41127654,23.98981614,4023.18921242,4028.65513670,0.77608774,0.0077608774,4.0395366756E-05,2.98495992,6.56630646,2,steel_rigid,210000.0,0.3000,85.56120118,0.9916205867,0.4316567512,0.6629731061,0.0521754757,0.1989973281,0.0182397402,0.9679123293
case414,cases_trunkfloor_lhs_500\case414\case414.key,2000447,3288261,-3651.75000000,36.48211750,523.53880000,-3650.05368344,39.79019023,506.43823963,-412.26426562,-803.97739569,4156.03438286,4253.11218628,0.90950048,0.0090950048,4.7339499808E-05,12.26517443,242.85211464,2,steel_rigid,210000.0,0.3000,85.94673639,0.9911392456,0.5265265212,0.7277683053,0.3190009532,0.8176782952,0.6745892073,0.7819131072
case415,cases_trunkfloor_lhs_500\case415\case415.key,2000447,3283881,-3883.15300000,210.27100000,507.13802500,-3883.85441903,213.10228742,489.88282802,117.61205325,-474.74264276,2893.30492289,2934.35283303,0.98860378,0.0098860378,5.1456826678E-05,9.59476986,283.91422896,0,aluminum_rigid,70000.0,0.3300,195.20791593,0.6541232765,0.7329743450,0.3470750940,0.4772075573,0.6396513238,0.7886506360,0.2672808777
case416,cases_trunkfloor_lhs_500\case416\case416.key,2000447,3293692,-4288.62700000,-365.51972500,640.16795000,-4288.62871875,-361.66629905,623.09747533,0.34273199,-768.40288547,3403.98444135,3489.63510826,0.88466692,0.0088466692,4.6046913440E-05,12.72053298,270.02555573,1,titanium_rigid,110000.0,0.3400,82.73806980,0.0635898216,0.0489792563,0.5073713543,0.2693338497,0.8480355320,0.7500709881,0.3520245805
case417,cases_trunkfloor_lhs_500\case417\case417.key,2000447,3284547,-3985.84900000,286.93145000,507.47020000,-3986.70025015,289.26572632,490.14748291,191.83450084,-526.04364945,3903.78174903,3943.73355349,0.83779715,0.0083779715,4.3607341406E-05,8.16242800,290.03560355,2,steel_rigid,210000.0,0.3000,227.06274153,0.5045565381,0.8240410625,0.6384583452,0.1755942904,0.5441618665,0.8056544543,0.8379147628
case418,cases_trunkfloor_lhs_500\case418\case418.key,2000447,3284646,-4049.16350000,272.30727500,511.47770000,-4049.52583618,271.11029320,494.02244443,36.89740906,121.89102242,1777.50316804,1782.05958165,1.00304492,0.0100304492,5.2208488031E-05,4.09808223,73.15850699,0,aluminum_rigid,70000.0,0.3300,241.43442657,0.4123451252,0.8066686675,0.0144365294,0.5060898379,0.2732054818,0.2032180750,0.0087696630
case419,cases_trunkfloor_lhs_500\case419\case419.key,2000447,3283306,-3772.98225000,-57.31768750,503.55207500,-3772.73806414,-59.72307467,486.21989436,-27.22299602,268.16395382,1932.27358069,1950.98287749,1.09208271,0.0109208271,5.6842905106E-05,7.94122146,95.79659412,2,steel_rigid,210000.0,0.3000,141.46606739,0.8145762614,0.4150995684,0.0632005073,0.6841654219,0.5294147639,0.2661016503,0.6918965510
case420,cases_trunkfloor_lhs_500\case420\case420.key,2000447,3295245,-4272.93775000,-350.74420000,636.42380000,-4272.01439217,-347.76081837,619.20471627,-101.92431807,-329.31884943,1900.71856063,1931.72734047,1.00815807,0.0100815807,5.2474627471E-05,10.27991982,252.80268240,0,aluminum_rigid,70000.0,0.3300,100.65246443,0.0864396887,0.0665314434,0.0576419100,0.5163161372,0.6853279880,0.7022296733,0.0992233798
case421,cases_trunkfloor_lhs_500\case421\case421.key,2000447,3295469,-4171.00350000,104.17961750,504.93530000,-4175.04332277,102.96691441,487.95121382,553.97688778,166.29677174,2329.01088628,2399.75763711,0.90895482,0.0090895482,4.7311098506E-05,13.94697260,16.70908397,0,aluminum_rigid,70000.0,0.3300,86.59512380,0.2348970123,0.6069459436,0.1927506819,0.3179096448,0.9297981736,0.0464141221,0.2790800486
case422,cases_trunkfloor_lhs_500\case422\case422.key,2000447,3290201,-3678.62725000,190.37697500,597.41195000,-3675.63263625,192.56511956,580.30948492,-535.94273267,-391.60982732,3060.80938696,3131.95577441,0.88773597,0.0088773597,4.6206657115E-05,12.23578456,216.15535374,2,steel_rigid,210000.0,0.3000,84.80713007,0.9519951444,0.7093417736,0.4041181763,0.2754719352,0.8157189704,0.6004315382,0.8572619065
case423,cases_trunkfloor_lhs_500\case423\case423.key,2000447,3295500,-4109.46450000,89.30365250,494.47132500,-4108.49301844,91.37983123,477.12209719,-108.98416150,-232.91291040,1946.29638052,1963.21052670,0.90643669,0.0090643669,4.7180029538E-05,7.52647345,244.92425652,2,steel_rigid,210000.0,0.3000,94.60090921,0.3245225821,0.5892744415,0.0667303273,0.3128733732,0.5017648966,0.6803451570,0.8227993470
case424,cases_trunkfloor_lhs_500\case424\case424.key,2000447,2947387,-3752.94275000,0.23260500,497.27082500,-3750.47112095,3.06433865,480.17923835,-314.13493735,-359.90290335,2172.27763174,2224.18546171,0.90329606,0.0090329606,4.7016559826E-05,12.40271694,228.88448856,1,titanium_rigid,110000.0,0.3400,150.71448821,0.8437618447,0.4834648889,0.1420673369,0.3065921163,0.8268477963,0.6357902460,0.6553227538
case425,cases_trunkfloor_lhs_500\case425\case425.key,2000447,3283869,-3862.00100000,232.42937500,507.29307500,-3860.95465439,230.76894532,489.90347655,-256.88602552,407.64846602,4269.28235019,4296.38679446,0.99828452,0.0099828452,5.1960709161E-05,6.43924249,122.21771805,0,aluminum_rigid,70000.0,0.3300,168.27909823,0.6849291078,0.7592967899,0.7402606144,0.4965690359,0.4292828324,0.3394936613,0.1422978342
case426,cases_trunkfloor_lhs_500\case426\case426.key,2000447,3283214,-3755.58625000,-106.29400000,500.09167500,-3759.28846840,-108.18592330,483.09272782,912.54525304,466.33273262,4190.00363232,4313.50617192,0.84778293,0.0084778293,4.4127101701E-05,13.74364905,27.06813310,1,titanium_rigid,110000.0,0.3400,164.66660940,0.8399118439,0.3569194767,0.7452025553,0.1955658675,0.9162432700,0.0751892586,0.6522942181
case427,cases_trunkfloor_lhs_500\case427\case427.key,2000447,2951179,-3951.89050000,378.64625000,607.81165000,-3952.11261413,381.10701600,590.48694810,59.99646736,-664.69102865,4679.67045182,4727.02118435,0.84049711,0.0084049711,4.3747874730E-05,8.11653009,275.15766584,1,titanium_rigid,110000.0,0.3400,135.78326305,0.5540137914,0.9329911897,0.8645741129,0.1809942259,0.5411020061,0.7643268495,0.4474801184
case428,cases_trunkfloor_lhs_500\case428\case428.key,2000447,3281169,-4052.67875000,-3.04681392,490.67132500,-4048.79607550,-5.04738436,473.72515857,-549.35430486,283.05797464,2397.68991201,2476.05106640,0.96830435,0.0096830435,5.0400241291E-05,14.45307693,152.73995128,2,steel_rigid,210000.0,0.3000,81.69135709,0.4072255054,0.4795691915,0.2147747081,0.4366086952,0.9635384618,0.4242776424,0.8600126206
case429,cases_trunkfloor_lhs_500\case429\case429.key,2000447,3285689,-4318.04475000,34.39611750,514.91450000,-4318.35613167,31.77565735,497.61460896,79.32969482,667.60610306,4407.43692279,4458.41803083,1.04787544,0.0104787544,5.4541916593E-05,8.67294479,83.22348419,0,aluminum_rigid,70000.0,0.3300,93.61368901,0.0207457292,0.5240485137,0.7870350252,0.5957508777,0.5781963192,0.2311763450,0.2161140874
case430,cases_trunkfloor_lhs_500\case430\case430.key,2000447,3281091,-4022.08825000,26.58831750,488.47765000,-4022.21020478,28.31175025,471.06314723,35.11217977,-496.19605186,5013.83504174,5038.45067583,1.13972990,0.0113972990,5.9322941366E-05,5.66593530,274.04765788,1,titanium_rigid,110000.0,0.3400,86.77774419,0.4517775942,0.5147734479,0.9544761051,0.7794598027,0.3777290202,0.7612434941,0.5956319087
case431,cases_trunkfloor_lhs_500\case431\case431.key,2000447,3283724,-3804.00025000,132.66545000,502.93800000,-3804.92273145,131.43746397,485.50552805,169.00994693,224.98214386,3193.84327014,3206.21523941,0.85427716,0.0085427716,4.4465126368E-05,5.03501143,53.08557746,1,titanium_rigid,110000.0,0.3400,159.09904233,0.7694015605,0.6407849214,0.4255550473,0.2085543273,0.3356674289,0.1474599374,0.5437075218
case432,cases_trunkfloor_lhs_500\case432\case432.key,2000447,3283405,-3702.61500000,-8.91412200,499.50677500,-3703.06605758,-10.70677701,482.10467929,81.71435572,324.76041923,3152.59315221,3170.32965938,1.01672879,0.0101672879,5.2920733779E-05,6.06348278,75.87673945,1,titanium_rigid,110000.0,0.3400,136.67824863,0.9170593189,0.4725992808,0.4151957678,0.5334575900,0.4042321855,0.2107687207,0.5189107616
case433,cases_trunkfloor_lhs_500\case433\case433.key,2000447,3290094,-3784.18250000,315.11047500,621.14725000,-3781.48043418,315.23991873,603.85759747,-548.35559951,-26.26923306,3508.75160765,3551.43939555,1.01340442,0.0101340442,5.2747700181E-05,8.89248674,182.74268447,1,titanium_rigid,110000.0,0.3400,81.49343539,0.7982641864,0.8575155765,0.5252127235,0.5268088446,0.5928324493,0.5076185680,0.5225910262
case434,cases_trunkfloor_lhs_500\case434\case434.key,2000447,2947051,-4123.70250000,-229.24582500,517.31730000,-4121.95814733,-230.78382722,499.97250877,-336.64590213,296.82194128,3347.40387869,3377.35791045,1.08721015,0.0108721015,5.6589288306E-05,7.63656821,138.59725602,1,titanium_rigid,110000.0,0.3400,155.80592566,0.3037863195,0.2108621667,0.4749597039,0.6744202999,0.5091045476,0.3849923778,0.5976023613
case435,cases_trunkfloor_lhs_500\case435\case435.key,2000447,3282007,-3831.98850000,-41.12524500,493.43792500,-3830.24234744,-41.64606290,476.03304925,-237.92658842,70.96540605,2371.54691139,2384.50831478,1.23972908,0.0123972908,6.4527898595E-05,5.97669568,163.39194808,1,titanium_rigid,110000.0,0.3400,80.98837686,0.7286393958,0.4343349445,0.1883485797,0.9794581593,0.3984463786,0.4538665225,0.5537729589
case436,cases_trunkfloor_lhs_500\case436\case436.key,2000447,3284911,-4150.56850000,265.58692500,515.19940000,-4153.28331518,267.18091542,497.98490108,356.21748927,-209.15135187,2258.75618937,2296.21747896,1.23342865,0.0123342865,6.4199961311E-05,10.36369665,329.58088343,0,aluminum_rigid,70000.0,0.3300,238.14899887,0.2646586028,0.7986854087,0.1628611989,0.9668573030,0.6909131103,0.9155024540,0.0904318663
case437,cases_trunkfloor_lhs_500\case437\case437.key,2000447,3291016,-4014.49900000,415.66595000,636.90235000,-4014.20187390,416.10345156,619.41034301,-74.43909236,-109.60739719,4382.27776996,4384.28026170,0.89316554,0.0089316554,4.6489266118E-05,1.73177064,235.81788939,2,steel_rigid,210000.0,0.3000,98.15136311,0.4628305989,0.9769677456,0.7656332847,0.2863310708,0.1154513763,0.6550496928,0.8800540744
case438,cases_trunkfloor_lhs_500\case438\case438.key,2000447,3283758,-3819.18175000,194.42895000,502.89240000,-3817.99506584,194.15099828,485.43489378,-171.79096188,40.23782754,2527.24514852,2533.39678259,1.11739482,0.0111739482,5.8160400317E-05,3.99364253,166.81750811,0,aluminum_rigid,70000.0,0.3300,148.93074465,0.7472911819,0.7141552082,0.2313289982,0.7347896376,0.2662428356,0.4633819670,0.1297856149
case439,cases_trunkfloor_lhs_500\case439\case439.key,2000447,3281743,-3886.16100000,-91.42926250,496.08157500,-3888.12568250,-87.41917364,479.16090096,313.74740644,-640.38590367,2702.12494707,2794.63964944,0.89872343,0.0089872343,4.6778554339E-05,14.78378114,296.10184634,2,steel_rigid,210000.0,0.3000,80.56282926,0.6497424170,0.3745776414,0.3067433531,0.2974468526,0.9855854091,0.8225051287,0.8598115816
case440,cases_trunkfloor_lhs_500\case440\case440.key,2000447,3285537,-4301.20050000,152.39312500,517.38222500,-4299.32408756,151.41152015,500.01082528,-255.07046393,133.43463199,2361.38435359,2378.86565572,1.11949170,0.0111949170,5.8269542954E-05,6.95033719,152.38465145,2,steel_rigid,210000.0,0.3000,109.36020140,0.0452777415,0.6642198817,0.1867196835,0.7389833988,0.4633558129,0.4232906985,0.7231826581
case441,cases_trunkfloor_lhs_500\case441\case441.key,2000447,3285004,-4190.07075000,193.94732500,509.57875000,-4189.76874856,193.84858027,492.08163468,-55.95150456,18.29433703,3241.67304786,3242.20748917,1.13230288,0.0113230288,5.8936364810E-05,1.04033499,161.89392506,1,titanium_rigid,110000.0,0.3400,176.66703495,0.2071274167,0.7135830748,0.4359451197,0.7646057564,0.0693556659,0.4497053474,0.5378415264
case442,cases_trunkfloor_lhs_500\case442\case442.key,2000447,3291568,-3699.37925000,396.20707500,626.92350000,-3702.51672824,396.62339499,609.71208205,542.77576991,-72.02230150,2977.53161223,3027.45557360,1.05461917,0.0105461917,5.4892927669E-05,10.41961999,352.44143249,2,steel_rigid,210000.0,0.3000,81.32367829,0.9217718742,0.9538520989,0.3739515527,0.6092383350,0.6946413326,0.9790039791,0.8263462036
case443,cases_trunkfloor_lhs_500\case443\case443.key,2000447,2841944,-4069.02500000,-10.82550025,491.68477500,-4068.79405298,-9.51174123,474.23568618,-53.68334850,-305.38164997,4056.01898316,4067.85322323,1.19103629,0.0119103629,6.1993438705E-05,4.37150042,260.02978563,2,steel_rigid,210000.0,0.3000,82.13904623,0.3834187817,0.4703287105,0.6742886242,0.8820725727,0.2914333616,0.7223049601,0.7499053785
case444,cases_trunkfloor_lhs_500\case444\case444.key,2000447,3282391,-4098.19925000,-170.50580000,515.54757500,-4095.66769660,-169.46693763,498.26284178,-473.51169850,-194.31290038,3233.00443577,3273.26878114,1.15724178,0.0115724178,6.0234434760E-05,8.99608005,202.31155846,0,aluminum_rigid,70000.0,0.3300,95.56538628,0.3409293233,0.2806407978,0.4449117465,0.8144835643,0.5997386700,0.5619765513,0.3067455218
case445,cases_trunkfloor_lhs_500\case445\case445.key,2000447,3285460,-4228.53700000,89.30212500,507.70207500,-4227.36348474,85.20775281,490.72830175,-214.45006414,748.21215015,3101.81458859,3197.97811025,0.91249330,0.0091249330,4.7495276059E-05,14.08637966,105.99318445,0,aluminum_rigid,70000.0,0.3300,84.82877002,0.1511050638,0.5892726270,0.4231771918,0.3249865921,0.9390919775,0.2944255124,0.3129899617
case446,cases_trunkfloor_lhs_500\case446\case446.key,2000447,3284902,-4128.74425000,305.42747500,517.33832500,-4128.75369262,305.64300973,499.83965489,1.68408327,-38.44044442,3120.87363573,3121.11082055,1.03668644,0.0103668644,5.3959529242E-05,0.70636508,272.50853505,2,steel_rigid,210000.0,0.3000,208.23271919,0.2964435009,0.8460129174,0.4009875063,0.5733728816,0.0470910055,0.7569681529,0.7410420751
case447,cases_trunkfloor_lhs_500\case447\case447.key,2000447,3287693,-4081.98850000,345.89417500,526.74897500,-4085.57773570,343.16485336,509.83985940,893.54471803,679.46803744,4209.54548290,4356.64689293,1.20162576,0.0120162576,6.2544620577E-05,14.93136433,37.25003433,1,titanium_rigid,110000.0,0.3400,167.85915164,0.3645387044,0.8940842441,0.7576562146,0.9032515111,0.9954242885,0.1034723176,0.3710358447
case448,cases_trunkfloor_lhs_500\case448\case448.key,2000447,3285462,-4241.89625000,78.21826000,510.12772500,-4239.59879947,81.30010145,493.05511611,-570.78605575,-765.66267858,4241.57429446,4347.75672666,1.13556885,0.0113556885,5.9106358444E-05,12.68876066,233.29621510,0,aluminum_rigid,70000.0,0.3300,83.48208013,0.1316486152,0.5761058480,0.7550898434,0.7711376924,0.8459173771,0.6480450419,0.2815663336
case449,cases_trunkfloor_lhs_500\case449\case449.key,2000447,3281100,-4022.12875000,11.34057650,489.14560000,-4021.82168415,9.10021177,471.79231569,-72.33114708,527.73094579,4087.66707457,4122.22680823,0.86075365,0.0086075365,4.4802227718E-05,7.42438984,97.80436931,2,steel_rigid,210000.0,0.3000,83.85208148,0.4517186099,0.4966603045,0.6899849335,0.2215073090,0.4949593225,0.2716788036,0.8425732910
case450,cases_trunkfloor_lhs_500\case450\case450.key,2000447,3288001,-3728.79225000,201.30535000,514.53317500,-3730.61500066,202.21895928,497.15235517,285.20080502,-142.94994332,2719.52929180,2738.17708602,1.18628815,0.0118628815,6.1746298122E-05,6.69063564,333.37879921,0,aluminum_rigid,70000.0,0.3300,84.65878998,0.8789346996,0.7223238424,0.2904440074,0.8725762967,0.4460423759,0.9260522200,0.1536560004
case451,cases_trunkfloor_lhs_500\case451\case451.key,2000447,3285591,-4280.01675000,94.24859500,513.17507500,-4277.45976564,92.18691994,495.98608646,-609.23003935,491.21707659,4095.46821766,4169.57016718,1.21665087,0.0121665087,6.3326677633E-05,10.81812768,141.12105841,0,aluminum_rigid,70000.0,0.3300,121.29295394,0.0761298135,0.5951486528,0.7036517904,0.9333017342,0.7212085121,0.3920029400,0.0014677410
case452,cases_trunkfloor_lhs_500\case452\case452.key,2000447,3284605,-3919.22875000,310.63637500,511.76220000,-3919.14710136,310.39370202,494.26407315,-11.31664699,33.63490914,2425.27165263,2425.53127431,0.75120319,0.0075120319,3.9100125967E-05,0.83831752,108.59579115,1,titanium_rigid,110000.0,0.3400,204.05572308,0.6015824544,0.8522006899,0.2001908935,0.0024063772,0.0558878348,0.3016549754,0.4295595813
case453,cases_trunkfloor_lhs_500\case453\case453.key,2000447,3292738,-3720.18250000,-373.69305000,627.44410000,-3720.60210873,-371.71236022,610.06161466,49.73783750,-234.77878295,2060.41288422,2074.34234948,1.10917948,0.0110917948,5.7732791888E-05,6.64366865,281.96125027,2,steel_rigid,210000.0,0.3000,93.06612564,0.8914739633,0.0392699749,0.0988113361,0.7183589582,0.4429112430,0.7832256952,0.7832431497
case454,cases_trunkfloor_lhs_500\case454\case454.key,2000447,3285041,-4213.23275000,159.31310000,512.09987500,-4210.99851678,157.26096366,494.86482529,-456.63765904,419.42028444,3522.53859688,3576.68973957,0.90562060,0.0090562060,4.7137552342E-05,9.98275175,137.43262110,0,aluminum_rigid,70000.0,0.3300,145.29927470,0.1733942158,0.6724402797,0.5325018734,0.3112412043,0.6655167834,0.3817572808,0.1273128557
case455,cases_trunkfloor_lhs_500\case455\case455.key,2000447,2780667,-3687.15600000,-166.93335000,526.97570000,-3688.68712269,-169.76839796,509.77488123,312.77347505,579.13569520,3513.73531626,3574.85122388,0.84506827,0.0084506827,4.3985803451E-05,10.60978181,61.62787461,2,steel_rigid,210000.0,0.3000,88.76696088,0.9395738493,0.2848845936,0.5319711394,0.1901365399,0.7073187875,0.1711885406,0.8653612576
case456,cases_trunkfloor_lhs_500\case456\case456.key,2000447,3286413,-3719.16050000,-185.44820000,513.16525000,-3722.60451996,-187.58270569,496.14077903,995.49933055,616.98219073,4920.94983012,5058.40223503,0.83357607,0.0083357607,4.3387634342E-05,13.38737671,31.78945821,2,steel_rigid,210000.0,0.3000,83.53244748,0.8929624070,0.2628903760,0.9602356269,0.1671521361,0.8924917808,0.0883040506,0.8143208191
case457,cases_trunkfloor_lhs_500\case457\case457.key,2000447,3290774,-4247.92575000,381.03485000,644.74235000,-4248.77951577,382.93770958,627.36707419,199.25650681,-444.09973411,4055.13651835,4084.24532953,1.14609603,0.0114609603,5.9654298567E-05,6.84466552,294.16458775,2,steel_rigid,210000.0,0.3000,120.91851308,0.1228672347,0.9358286628,0.6790206199,0.7921920679,0.4563110346,0.8171238549,0.8398558967
case458,cases_trunkfloor_lhs_500\case458\case458.key,2000447,3283441,-3722.82750000,0.21990975,498.21362500,-3723.35300439,0.69644024,480.72800909,83.55823130,-75.77109805,2780.31385799,2782.60101097,0.98329024,0.0098329024,5.1180256992E-05,2.32321562,317.79807317,0,aluminum_rigid,70000.0,0.3300,156.93695891,0.8876217780,0.4834498079,0.3032680959,0.4665804800,0.1548810416,0.8827724255,0.2420246228
case459,cases_trunkfloor_lhs_500\case459\case459.key,2000447,3289087,-4288.46700000,-271.29705000,565.95852500,-4287.88670453,-272.56084745,548.51386756,-153.67952372,334.69120575,4619.86485977,4634.52121817,1.07061314,0.0107061314,5.5725413749E-05,4.55787856,114.66307761,0,aluminum_rigid,70000.0,0.3300,99.63095329,0.0638228461,0.1609085461,0.8378716602,0.6412262728,0.3038585708,0.3185085489,0.3164931098
case460,cases_trunkfloor_lhs_500\case460\case460.key,2000447,3283398,-3793.04500000,9.17730775,496.98240000,-3791.03260666,8.71823735,479.60455412,-344.84113024,78.66571276,2977.84527801,2998.77745077,1.20509079,0.0120509079,6.2724975701E-05,6.77369463,167.14949407,0,aluminum_rigid,70000.0,0.3300,110.74436368,0.7853568169,0.4940905077,0.3656728878,0.9101815831,0.4515796423,0.4643041502,0.0838326248
case461,cases_trunkfloor_lhs_500\case461\case461.key,2000447,3282440,-4137.59475000,-176.34430000,515.95445000,-4141.13331566,-175.67814199,498.82889055,552.46549834,-104.00522454,2673.76153474,2732.22179887,1.08326684,0.0108326684,5.6384039186E-05,11.87373810,349.33847793,2,steel_rigid,210000.0,0.3000,130.24201512,0.2835536082,0.2737051089,0.2887248633,0.6665336863,0.7915825399,0.9703846609,0.8073861048
case462,cases_trunkfloor_lhs_500\case462\case462.key,2000447,3282884,-3988.83625000,-276.34857500,511.76485000,-3988.01478255,-275.88802303,494.29020886,-200.49646134,-112.40742380,4265.05483169,4271.24419546,1.13795271,0.0113795271,5.9230438309E-05,3.08486307,209.27697034,0,aluminum_rigid,70000.0,0.3300,165.99549686,0.5002058989,0.1549077230,0.7330025679,0.7759054105,0.2056575380,0.5813249176,0.2018776636
case463,cases_trunkfloor_lhs_500\case463\case463.key,2000447,3282252,-4013.25350000,-194.62135000,513.73907500,-4013.37245839,-194.10063593,496.24722816,28.23396656,-123.58795192,4151.57114412,4153.50624213,1.11400952,0.0111400952,5.7984195772E-05,1.74903517,282.86852120,2,steel_rigid,210000.0,0.3000,82.76512558,0.4646445485,0.2519933795,0.6990145325,0.7280190498,0.1166023447,0.7857458922,0.8162015389
case464,cases_trunkfloor_lhs_500\case464\case464.key,2000447,2948315,-4030.36175000,135.49097500,489.03112500,-4030.86199411,136.98430828,471.60213445,137.45899216,-410.34384134,4789.20480134,4808.71705051,0.84910347,0.0084910347,4.4195835671E-05,5.16325586,288.52007179,1,titanium_rigid,110000.0,0.3400,155.59590011,0.4397280459,0.6441414277,0.8881576890,0.1982069422,0.3442170575,0.8014446439,0.3909254441
case465,cases_trunkfloor_lhs_500\case465\case465.key,2000447,3285338,-4131.50825000,110.70475000,498.62057500,-4132.14314600,110.95318636,481.13386043,184.66625671,-72.26035776,5086.19699076,5090.06119948,1.02985923,0.0102985923,5.3604173015E-05,2.23271811,338.62947228,0,aluminum_rigid,70000.0,0.3300,102.21799293,0.2924180036,0.6146972991,0.9693747870,0.5597184636,0.1488478742,0.9406374230,0.0730274354
case466,cases_trunkfloor_lhs_500\case466\case466.key,2000447,3281957,-3875.51975000,-125.30762500,495.90045000,-3878.48451365,-125.09695083,478.65470290,615.55412886,-43.74087498,3580.61959486,3633.40843187,0.92871607,0.0092871607,4.8339671665E-05,9.77864739,355.93543134,2,steel_rigid,210000.0,0.3000,116.04449546,0.6652403629,0.3343327528,0.5488751571,0.3574321485,0.6519098262,0.9887095315,0.6876772714
case467,cases_trunkfloor_lhs_500\case467\case467.key,2000447,3285372,-4156.86375000,137.03332500,500.54557500,-4159.71219694,140.37500376,483.60539988,799.87418506,-938.37892305,4756.98127421,4914.18605247,1.16221084,0.0116221084,6.0493074311E-05,14.53146201,310.44427334,0,aluminum_rigid,70000.0,0.3300,120.91003084,0.2554901833,0.6459736209,0.9186039815,0.8244216834,0.9687641342,0.8623452037,0.1515761598
case468,cases_trunkfloor_lhs_500\case468\case468.key,2000447,3293016,-3659.63550000,-376.96982500,629.05182500,-3656.63104012,-379.45803450,611.99216397,-598.26726180,495.46818601,3397.02878342,3484.71189559,0.75853299,0.0075853299,3.9481641938E-05,12.88033181,140.36939782,1,titanium_rigid,110000.0,0.3400,80.00530522,0.9796547816,0.0353774183,0.5059501445,0.0170659727,0.8586887872,0.3899149939,0.3634478939
case469,cases_trunkfloor_lhs_500\case469\case469.key,2000447,3281951,-3855.86950000,-134.36737500,494.87470000,-3856.44003417,-134.69887164,477.38714440,82.77858097,48.09671847,2537.26265273,2539.06820640,1.20627329,0.0120627329,6.2786524880E-05,2.16088367,30.15781051,1,titanium_rigid,110000.0,0.3400,132.02186183,0.6938590413,0.3235704667,0.2329661980,0.9125465852,0.1440589110,0.0837716959,0.6053153022
case470,cases_trunkfloor_lhs_500\case470\case470.key,2000447,3293303,-3905.66600000,-398.04077500,635.86565000,-3904.84946535,-400.23017204,618.52235701,-165.09746237,442.68041040,3506.68971080,3538.37474635,0.82489680,0.0082489680,4.2935878654E-05,7.67339280,110.45297810,2,steel_rigid,210000.0,0.3000,88.38525685,0.6213352810,0.0103467506,0.5214412824,0.1497936082,0.5115595203,0.3068138281,0.6970220648
case471,cases_trunkfloor_lhs_500\case471\case471.key,2000447,3288150,-3700.26525000,147.67547500,508.78147500,-3701.34204476,148.62997563,491.34073414,116.18447266,-102.98912711,1881.82870018,1888.22266929,1.09985939,0.0109985939,5.7247681396E-05,4.71649004,318.44533345,1,titanium_rigid,110000.0,0.3400,102.44689443,0.9204815013,0.6586156764,0.0450831873,0.6997187856,0.3144326693,0.8845703707,0.3937926421
case472,cases_trunkfloor_lhs_500\case472\case472.key,2000447,3282180,-3868.98825000,-189.89982500,509.39277500,-3871.39223685,-191.36958188,492.12110276,481.36156044,294.29631257,3458.38793002,3504.10706828,0.79807318,0.0079807318,4.1539709226E-05,9.26555195,31.44090975,2,steel_rigid,210000.0,0.3000,156.60425728,0.6747528576,0.2576021880,0.5115490512,0.0961463679,0.6177034636,0.0873358604,0.9092420407
case473,cases_trunkfloor_lhs_500\case473\case473.key,2000447,3284723,-3988.79900000,318.18235000,512.95890000,-3991.86922504,316.77238119,495.78811941,810.67724074,372.29506161,4533.85691208,4620.78561510,1.04434498,0.0104434498,5.4358156125E-05,11.13126519,24.66645926,0,aluminum_rigid,70000.0,0.3300,195.79935986,0.5002601499,0.8611647277,0.8339065313,0.5886899568,0.7420843459,0.0685179424,0.1115918123
case474,cases_trunkfloor_lhs_500\case474\case474.key,2000447,3285882,-4298.22375000,-117.74467500,513.55485000,-4301.87918673,-118.79912445,496.47340045,767.03019074,221.25798395,3584.24682754,3672.07240257,1.12270093,0.0112270093,5.8436583406E-05,12.55630699,16.09076636,0,aluminum_rigid,70000.0,0.3300,114.02028495,0.0496130884,0.3433169556,0.5600364893,0.7454018600,0.8370871327,0.0446965732,0.1720662792
case475,cases_trunkfloor_lhs_500\case475\case475.key,2000447,3284812,-4046.85375000,225.19012500,504.68585000,-4045.73607451,222.88264781,487.37468740,-250.12317869,516.38739188,3874.04309990,3916.30278233,1.23032321,0.0123032321,6.4038323132E-05,8.42468978,115.84421103,1,titanium_rigid,110000.0,0.3400,239.74306949,0.4157090515,0.7506971178,0.6305397599,0.9606464220,0.5616459853,0.3217894751,0.4656594145
case476,cases_trunkfloor_lhs_500\case476\case476.key,2000447,3284100,-3828.91050000,60.97094750,493.61575000,-3829.23410904,62.04953530,476.15201828,49.03104874,-163.42031612,2645.98632410,2651.48144832,0.91361719,0.0091361719,4.7553774549E-05,3.68941174,286.70083767,1,titanium_rigid,110000.0,0.3400,92.57589422,0.7331222035,0.5556173675,0.2654171208,0.3272343727,0.2459607823,0.7963912157,0.5886387528
case477,cases_trunkfloor_lhs_500\case477\case477.key,2000447,3285672,-4256.13450000,61.38653500,516.32770000,-4255.99188973,61.23572741,498.82893092,-27.79506309,29.39273800,3410.54945933,3410.78936804,0.93173308,0.0093173308,4.8496707044E-05,0.67957240,133.39972471,2,steel_rigid,210000.0,0.3000,81.91239581,0.1109119885,0.5561110535,0.4846105390,0.3634661689,0.0453048265,0.3705547909,0.7320544180
case478,cases_trunkfloor_lhs_500\case478\case478.key,2000447,3282498,-4149.35600000,-94.36584750,506.32422500,-4149.36963544,-97.95029583,489.19525701,2.09900102,551.77975123,2636.78446983,2693.90007981,1.21122384,0.0121122384,6.3044200917E-05,11.81937789,89.78204470,1,titanium_rigid,110000.0,0.3400,80.96860772,0.2664244912,0.3710892043,0.2776623307,0.9224476817,0.7879585261,0.2493945686,0.4086579681
case479,cases_trunkfloor_lhs_500\case479\case479.key,2000447,3284736,-4078.27200000,324.28992500,516.92885000,-4076.26583622,328.11051483,499.96923915,-581.72650108,-1107.85489017,4917.77151525,5074.46793821,0.87252568,0.0087252568,4.5414961547E-05,14.27564890,242.29636424,1,titanium_rigid,110000.0,0.3400,189.49827235,0.3699514253,0.8684200570,0.9648733981,0.2450513563,0.9517099268,0.6730454562,0.4791588602
case480,cases_trunkfloor_lhs_500\case480\case480.key,2000447,3286908,-4286.00575000,-189.65582500,520.35670000,-4285.86105491,-192.17938941,503.04021404,-21.42284309,373.62654262,2563.79379810,2590.96398484,1.03353374,0.0103353374,5.3795431347E-05,8.30488275,93.28160849,2,steel_rigid,210000.0,0.3000,117.18525037,0.0674074174,0.2578920412,0.2479472258,0.5670674869,0.5536588498,0.2591155791,0.8888069006
case481,cases_trunkfloor_lhs_500\case481\case481.key,2000447,3288066,-3785.65175000,252.64197500,511.78935000,-3783.33104949,253.45610037,494.46302468,-241.14230012,-84.59517388,1800.36584780,1818.41225752,1.00738915,0.0100738915,5.2434605195E-05,8.07879686,199.33138983,2,steel_rigid,210000.0,0.3000,89.76405779,0.7961243666,0.7833078039,0.0249306479,0.5147782976,0.5385864576,0.5536983051,0.8513856061
case482,cases_trunkfloor_lhs_500\case482\case482.key,2000447,3289626,-4263.60325000,322.08960000,581.84720000,-4265.22496104,318.97133472,564.70379092,162.05512248,311.60351588,1713.11484403,1748.74843322,1.02445796,0.0102445796,5.3323036650E-05,11.58627869,62.52248640,2,steel_rigid,210000.0,0.3000,116.52907721,0.1000344803,0.8658062401,0.0048204247,0.5489159136,0.7724185792,0.1736735733,0.9963812856
case483,cases_trunkfloor_lhs_500\case483\case483.key,2000447,3283544,-3802.50600000,71.35840000,496.79420000,-3803.89882444,72.39174022,479.38034781,373.29573766,-276.94911632,4667.14726873,4690.23604404,0.99482639,0.0099482639,5.1780713702E-05,5.68746909,323.42818047,2,steel_rigid,210000.0,0.3000,120.50072461,0.7715777903,0.5679568620,0.8539551526,0.4896527839,0.3791646062,0.8984116124,0.7426325581
case484,cases_trunkfloor_lhs_500\case484\case484.key,2000447,3283026,-3828.28025000,-229.80647500,507.13472500,-3829.13926579,-231.62649264,489.75083511,214.36332882,454.17679582,4338.06752096,4367.04225020,1.00252289,0.0100252289,5.2181316229E-05,6.60380199,64.73352711,0,aluminum_rigid,70000.0,0.3300,147.81401120,0.7340401013,0.2101961576,0.7606570971,0.5050457725,0.4402534661,0.1798153531,0.0740996542
case485,cases_trunkfloor_lhs_500\case485\case485.key,2000447,3285329,-4097.78500000,125.67792500,497.63917500,-4101.11476584,124.50048207,480.49927163,842.64062224,297.96727171,4337.47582147,4428.60296426,0.80950603,0.0080950603,4.2134788785E-05,11.64328864,19.47417144,2,steel_rigid,210000.0,0.3000,131.00670224,0.3415326382,0.6324842792,0.7784281528,0.1190120570,0.7762192427,0.0540949207,0.9005510235
case486,cases_trunkfloor_lhs_500\case486\case486.key,2000447,2737781,-3833.08450000,-83.48987000,493.97835000,-3833.18890074,-83.74887752,476.48057827,29.88090886,74.13146701,5008.09973298,5008.73749348,1.10593058,0.0110593058,5.7563686925E-05,0.91433830,68.04662400,1,titanium_rigid,110000.0,0.3400,104.04012879,0.7270431783,0.3840090289,0.9458986442,0.7118611691,0.0609558866,0.1890184000,0.3439037086
case487,cases_trunkfloor_lhs_500\case487\case487.key,2000447,3282806,-4031.02900000,-248.56910000,510.13287500,-4030.27487197,-248.78547679,492.65047036,-196.90014356,56.49520968,4564.59361178,4569.18769761,0.92510751,0.0092510751,4.8151846064E-05,2.56953228,163.99058906,1,titanium_rigid,110000.0,0.3400,137.49099095,0.4387562612,0.1879076024,0.8190114886,0.3502150265,0.1713021521,0.4555294141,0.4711815122
case488,cases_trunkfloor_lhs_500\case488\case488.key,2000447,3284031,-3862.52450000,164.55475000,494.85375000,-3859.82139817,167.51949513,477.81985653,-343.17884691,-376.39640570,2162.57924432,2221.75492869,1.06953233,0.0106953233,5.5669157751E-05,13.25347859,227.64305327,0,aluminum_rigid,70000.0,0.3300,156.72789457,0.6841666809,0.6786669567,0.1413657021,0.6390646590,0.8835652396,0.6323418146,0.1797832785
case489,cases_trunkfloor_lhs_500\case489\case489.key,2000447,3295386,-4097.54075000,57.93365500,494.20960000,-4098.38841271,57.03578561,476.75321726,249.93689466,264.74054379,5147.08745809,5159.94818851,1.09325738,0.0109325738,5.6904046459E-05,4.04611313,46.64754226,1,titanium_rigid,110000.0,0.3400,81.43042761,0.3418883645,0.5520092976,0.9895494323,0.6865147535,0.2697408756,0.1295765063,0.4616947148
case490,cases_trunkfloor_lhs_500\case490\case490.key,2000447,3289837,-4141.99825000,372.95665000,599.71215000,-4137.66120763,373.25344622,582.76069061,-916.58860254,-62.72478195,3582.51387705,3698.44220502,0.91030409,0.0091030409,4.7381327711E-05,14.38348066,183.91481073,0,aluminum_rigid,70000.0,0.3300,140.60130271,0.2771403386,0.9262323826,0.5676487991,0.3206081733,0.9588987109,0.5108744742,0.3151380243
case491,cases_trunkfloor_lhs_500\case491\case491.key,2000447,2947339,-3731.58850000,-83.64703250,501.76810000,-3732.94178401,-83.53833840,484.32084211,152.32240996,-12.23434811,1963.82160565,1969.75813101,1.04013090,0.0104013090,5.4138813589E-05,4.44945150,355.40793136,0,aluminum_rigid,70000.0,0.3300,151.60766074,0.8748622334,0.3838223320,0.0686204587,0.5802618094,0.2966301002,0.9872442538,0.0027767813
case492,cases_trunkfloor_lhs_500\case492\case492.key,2000447,3295391,-4091.49550000,49.44116250,494.06900000,-4090.14595659,51.72494915,476.77122410,-276.79751374,-468.41506607,3547.85278479,3589.32987064,0.79186397,0.0079186397,4.1216519662E-05,8.71874877,239.42015728,1,titanium_rigid,110000.0,0.3400,81.88437180,0.3506926834,0.5419208698,0.5361507666,0.0837279409,0.5812499180,0.6650559924,0.3775082761
case493,cases_trunkfloor_lhs_500\case493\case493.key,2000447,2949131,-4313.35000000,-233.40722500,556.08320000,-4314.24705268,-229.54772941,539.03768475,155.48287648,-668.95232338,2954.43711662,3033.21130354,1.09151553,0.0109151553,5.6813383385E-05,13.08647486,283.08478859,2,steel_rigid,210000.0,0.3000,82.67801823,0.0275831761,0.2059187436,0.3756130896,0.6830310619,0.8724316574,0.7863466350,0.9242316161
case494,cases_trunkfloor_lhs_500\case494\case494.key,2000447,3281742,-3902.94550000,-98.20262750,493.81362500,-3903.12809949,-99.16270376,476.34093457,19.31498583,101.55482470,1848.22403509,1851.11278289,0.82353404,0.0082353404,4.2864947018E-05,3.20134514,79.23137734,0,aluminum_rigid,70000.0,0.3300,83.09384143,0.6252974248,0.3665314048,0.0343704809,0.1470680891,0.2134230094,0.2200871593,0.1344420151
case495,cases_trunkfloor_lhs_500\case495\case495.key,2000447,3281678,-4134.54075000,-91.52929500,501.98860000,-4132.90480725,-91.14633109,484.56944302,-438.96411055,-102.75873730,4673.99287396,4695.68506549,0.83461207,0.0083461207,4.3441558006E-05,5.50943667,193.17533226,2,steel_rigid,210000.0,0.3000,84.22377040,0.2880014622,0.3744588105,0.8555281503,0.1692241309,0.3672957781,0.5365981452,0.8291727386
case496,cases_trunkfloor_lhs_500\case496\case496.key,2000447,3285511,-4239.96175000,151.24912500,516.25997500,-4242.34859300,147.63672640,499.30404516,564.47166960,854.30699640,4009.95877818,4138.62756389,0.95253450,0.0095253450,4.9579420803E-05,14.32444162,56.54581133,2,steel_rigid,210000.0,0.3000,145.40262266,0.1344660263,0.6628608977,0.6947194261,0.4050690030,0.9549627749,0.1570716981,0.7902741362
case497,cases_trunkfloor_lhs_500\case497\case497.key,2000447,3285103,-4038.58200000,126.55987500,488.12397500,-4038.42548609,124.89505935,470.70404698,-35.23761677,374.81739924,3921.93101676,3939.95846077,0.87647502,0.0087647502,4.5620524895E-05,5.48308047,95.37074833,2,steel_rigid,210000.0,0.3000,154.27312914,0.4277560511,0.6335319679,0.6373685693,0.2529500440,0.3655386982,0.2649187454,0.9957478229
case498,cases_trunkfloor_lhs_500\case498\case498.key,2000447,3290810,-4113.36350000,424.15702500,640.29985000,-4114.89968297,424.08400502,622.86755784,328.78001970,15.62802888,3730.92884392,3745.41994642,0.77295710,0.0077295710,4.0232417248E-05,5.04171403,2.72141425,1,titanium_rigid,110000.0,0.3400,89.59682771,0.3188440677,0.9870544895,0.5812101113,0.0459142074,0.3361142689,0.0075594840,0.3724391501
case499,cases_trunkfloor_lhs_500\case499\case499.key,2000447,3290828,-4108.91100000,395.21100000,633.12022500,-4109.55576168,394.17819160,615.66263097,121.34550041,194.37670786,3285.55581175,3293.53670500,0.78922634,0.0078922634,4.1079231195E-05,3.98951282,58.02428948,2,steel_rigid,210000.0,0.3000,118.47368522,0.3253287010,0.9526688385,0.4507625949,0.0784526876,0.2659675211,0.1611785819,0.9525694213
case500,cases_trunkfloor_lhs_500\case500\case500.key,2000447,2465973,-3728.71350000,-157.82350000,504.67317500,-3727.29465286,-158.83503913,487.26014363,-303.23833841,216.18780287,3721.54163815,3740.12871710,0.87775494,0.0087775494,4.5687144411E-05,5.71452252,144.51377796,0,aluminum_rigid,70000.0,0.3300,112.34138366,0.8790493914,0.2957063946,0.5796826642,0.2555098717,0.3809681683,0.4014271610,0.1585870889
