case,key_file,panel_pid,impact_element_id,impact_x,impact_y,impact_z,ball_center_x,ball_center_y,ball_center_z,velocity_vx,velocity_vy,velocity_vz,impact_speed,mass_ratio,impactor_mass,impactor_density,theta_deg,phi_deg,material_index,material_name,material_young_mpa,material_poisson,min_boundary_distance_mm,lhs_u_x,lhs_u_y,lhs_u_v,lhs_u_m,lhs_u_theta,lhs_u_phi,lhs_u_material
case001,cases_floorfrontdriver_lhs_100\case001\case001.key,2000394,3047552,-1706.64525000,272.53417500,301.78652500,-1704.96589426,272.15667073,284.37138059,-395.08655149,88.81195192,4097.10056664,4117.06375942,0.84016813,0.0084016813,4.3730751310E-05,5.64461698,167.33100779,1,titanium_rigid,110000.0,0.3400,80.31110764,0.9526197832,0.1305241173,0.6884944890,0.1803362655,0.3763077984,0.4648083550,0.4685667448
case002,cases_floorfrontdriver_lhs_100\case002\case002.key,2000394,3047970,-2084.27200000,296.92022500,312.24822500,-2083.30322146,298.10546982,294.81530606,-181.51839341,-222.07731341,3266.37648740,3278.94535144,1.20461835,0.0120461835,6.2700385190E-05,5.01830879,230.73861185,1,titanium_rigid,110000.0,0.3400,135.83445235,0.5994653962,0.1919718141,0.4465504320,0.9092367028,0.3345539192,0.6409405885,0.5491369333
case003,cases_floorfrontdriver_lhs_100\case003\case003.key,2000394,3045878,-1937.10800000,574.21390000,293.89577500,-1937.09113684,569.96644247,276.91906094,-1.91332880,481.92528373,1926.21295749,1985.58605895,0.82792402,0.0082792402,4.3093445010E-05,14.04676491,90.22747321,1,titanium_rigid,110000.0,0.3400,82.63277213,0.7370923313,0.8906933237,0.0731895901,0.1558480311,0.9364509941,0.2506318700,0.4488160130
case004,cases_floorfrontdriver_lhs_100\case004\case004.key,2000394,3044498,-2662.63925000,587.76055000,299.95967500,-2665.01752000,589.95497931,282.76146835,668.71084428,-617.01937850,4835.71137591,4920.56822103,0.86842161,0.0086842161,4.5201345058E-05,10.65613109,317.30227819,1,titanium_rigid,110000.0,0.3400,102.14400215,0.0585796362,0.9248280213,0.9204463558,0.2368432299,0.7104087390,0.8813952172,0.6132683810
case005,cases_floorfrontdriver_lhs_100\case005\case005.key,2000394,3046403,-1998.15450000,473.63915000,289.05847500,-1998.48148674,475.54132386,271.66523452,81.92652944,-476.58966425,4357.87644560,4384.62504434,1.17737994,0.0117737994,6.1282626128E-05,6.33202982,279.75390569,2,steel_rigid,210000.0,0.3000,194.79280915,0.6800019920,0.6372661904,0.7657328150,0.8547598896,0.4221353213,0.7770941825,0.7936407674
case006,cases_floorfrontdriver_lhs_100\case006\case006.key,2000394,3048454,-2176.80600000,263.22632500,314.39072500,-2177.30972567,260.03674100,297.19122459,103.78377986,657.15746169,3543.65335556,3605.56598980,0.84869440,0.0084869440,4.4174543542E-05,10.63319961,81.02549552,1,titanium_rigid,110000.0,0.3400,104.52696586,0.5129281261,0.1070703007,0.5408377327,0.1973888008,0.7088799743,0.2250708209,0.6265686302
case007,cases_floorfrontdriver_lhs_100\case007\case007.key,2000394,3045727,-1808.02550000,526.40015000,296.50935000,-1807.40101082,525.63896869,279.03706863,-118.15422078,144.01656173,3305.77993510,3311.02433836,1.03658518,0.0103658518,5.3954258661E-05,3.22523842,129.36617513,2,steel_rigid,210000.0,0.3000,87.27322349,0.8578095505,0.7702127697,0.4558108422,0.5731703616,0.2150158943,0.3593504865,0.9394963186
case008,cases_floorfrontdriver_lhs_100\case008\case008.key,2000394,3046851,-2394.38350000,419.25800000,298.16375000,-2394.58974661,423.42217454,281.16765890,21.30889890,-430.23240209,1755.99486235,1808.05750616,1.02477747,0.0102477747,5.3339667158E-05,13.78295327,272.83547472,2,steel_rigid,210000.0,0.3000,191.73998382,0.3094508866,0.5002371751,0.0219414873,0.5495549340,0.9188635511,0.7578763187,0.6816012527
case009,cases_floorfrontdriver_lhs_100\case009\case009.key,2000394,2724584,-2263.48700000,345.34840000,290.33910000,-2267.45055961,343.27377322,273.42058591,406.47074245,212.75700856,1735.02650449,1794.65901509,0.92765172,0.0092765172,4.8284272160E-05,14.81146959,27.62869116,1,titanium_rigid,110000.0,0.3400,193.21011146,0.4318645483,0.3140005894,0.0180736743,0.3553034451,0.9874313061,0.0767463643,0.3597929156
case010,cases_floorfrontdriver_lhs_100\case010\case010.key,2000394,3045625,-1969.69325000,486.57140000,289.53905000,-1965.68352158,487.48753677,272.52926542,-461.36493397,-105.41197161,1957.16949373,2013.57436248,1.02939890,0.0102939890,5.3580212638E-05,13.59349515,192.86994182,0,aluminum_rigid,70000.0,0.3300,166.48464139,0.7066187910,0.6698527297,0.0812691211,0.5587977959,0.9062330100,0.5357498384,0.1430991191
case011,cases_floorfrontdriver_lhs_100\case011\case011.key,2000394,3047371,-1763.19100000,328.79952500,299.21140000,-1764.80586938,324.80912442,282.24912126,439.19360051,1085.26325540,4613.20549093,4759.44873424,0.75573291,0.0075573291,3.9335897740E-05,14.24018303,67.96738500,0,aluminum_rigid,70000.0,0.3300,127.84243606,0.8997385197,0.2723009187,0.8739351446,0.0114658113,0.9493455353,0.1887982917,0.0770815302
case012,cases_floorfrontdriver_lhs_100\case012\case012.key,2000394,3046610,-2615.07225000,348.10100000,299.07047500,-2614.79993078,348.34109504,281.57424122,-36.50566514,-32.18586402,2345.45201245,2345.95689136,0.96428301,0.0096428301,5.0190930800E-05,1.18871850,221.40158152,1,titanium_rigid,110000.0,0.3400,185.45970370,0.1030640239,0.3209365602,0.1772197371,0.4285660250,0.0792479001,0.6150043931,0.5709307087
case013,cases_floorfrontdriver_lhs_100\case013\case013.key,2000394,3048830,-2538.80375000,282.77177500,311.80047500,-2539.53749321,283.00185171,294.31737786,82.65808395,-25.91874055,1969.51642798,1971.42057919,0.80403509,0.0080403509,4.1850026596E-05,2.51845193,342.59036416,2,steel_rigid,210000.0,0.3000,140.55141991,0.1743898909,0.1563207076,0.0691003664,0.1080701862,0.1678967954,0.9516399004,0.7566758467
case014,cases_floorfrontdriver_lhs_100\case014\case014.key,2000394,3048053,-2064.86600000,244.21252500,312.13217500,-2063.76652295,243.76850225,294.67239281,-225.65367070,91.13001847,3583.39806913,3591.65226340,1.05341159,0.0105341159,5.4830073441E-05,3.88517907,158.00872787,2,steel_rigid,210000.0,0.3000,83.26802598,0.6176137769,0.0591595395,0.5368211840,0.6068231870,0.2590119380,0.4389131330,0.7090358639
case015,cases_floorfrontdriver_lhs_100\case015\case015.key,2000394,3046648,-2215.22850000,369.69052500,288.71575000,-2215.33956801,370.10780638,271.22107824,16.31525325,-61.29623945,2569.86687215,2570.64955936,0.79227014,0.0079227014,4.1237660732E-05,1.41390858,284.90487522,2,steel_rigid,210000.0,0.3000,214.21200700,0.4769956228,0.3753376045,0.2420829535,0.0845402779,0.0942605721,0.7914024312,0.7336702786
case016,cases_floorfrontdriver_lhs_100\case016\case016.key,2000394,3046618,-2572.29975000,363.76952500,296.86665000,-2571.98347111,367.83689419,279.84882183,-71.07880763,-914.07855227,3824.49466160,3932.85535117,1.16240650,0.0116240650,6.0503258078E-05,13.48098929,265.55362392,0,aluminum_rigid,70000.0,0.3300,177.09333194,0.1430646224,0.3604179347,0.6353180772,0.8248129905,0.8987326194,0.7376489553,0.2719943254
case017,cases_floorfrontdriver_lhs_100\case017\case017.key,2000394,2829579,-1916.13150000,251.15815000,307.87855000,-1916.27871884,251.17827985,290.37918083,33.92152346,-4.63823299,4032.12846705,4032.27381979,0.85293977,0.0085293977,4.4395515065E-05,0.48649181,352.21398986,0,aluminum_rigid,70000.0,0.3300,80.31450031,0.7567094347,0.0766610480,0.6640177304,0.2058795414,0.0324327876,0.9783721941,0.2071892212
case018,cases_floorfrontdriver_lhs_100\case018\case018.key,2000394,3044477,-2694.45350000,607.46252500,300.72192500,-2694.50812476,607.51461273,283.22208777,10.06184767,-9.59452694,3223.45925775,3223.48924027,0.79623660,0.0079623660,4.1444115248E-05,0.24712056,316.36192269,1,titanium_rigid,110000.0,0.3400,89.51968335,0.0288271307,0.9744728381,0.4305416242,0.0924732084,0.0164747040,0.8787831186,0.5811013525
case019,cases_floorfrontdriver_lhs_100\case019\case019.key,2000394,3047487,-1717.91375000,311.13830000,301.58460000,-1715.98543084,310.48694581,284.20336521,-538.74132126,181.97787310,4856.03711444,4889.21820073,0.88451788,0.0088451788,4.6039155828E-05,6.67896459,161.33588551,0,aluminum_rigid,70000.0,0.3300,81.41136064,0.9420815461,0.2277983610,0.9113963802,0.2690357667,0.4452643062,0.4481552375,0.3236690035
case020,cases_floorfrontdriver_lhs_100\case020\case020.key,2000394,3044922,-2361.63475000,574.18262500,289.75717500,-2361.33907409,575.19960882,272.28925241,-85.77549274,-295.02670317,5067.43913186,5076.74477848,1.24526523,0.0124526523,6.4816055017E-05,3.46964150,253.78884122,1,titanium_rigid,110000.0,0.3400,121.29264363,0.3400773312,0.8906145173,0.9655306655,0.9905304521,0.2313094333,0.7049690034,0.6413279759
case021,cases_floorfrontdriver_lhs_100\case021\case021.key,2000394,3047041,-2019.83975000,348.11267500,290.03632500,-2017.06076698,347.93317882,272.75931616,-488.71282217,31.56625375,3038.34017802,3077.55547283,0.96587885,0.0096587885,5.0273994095E-05,9.15639816,176.30436493,0,aluminum_rigid,70000.0,0.3300,186.78812671,0.6597220696,0.3209659787,0.3884141546,0.4317576982,0.6104265443,0.4897343470,0.3322456274
case022,cases_floorfrontdriver_lhs_100\case022\case022.key,2000394,3047375,-1744.77925000,329.42312500,298.83252500,-1746.46293342,332.36615529,281.66413012,373.43534991,-652.75427469,3807.89255835,3881.44146415,0.81784795,0.0081784795,4.2568985676E-05,11.17165190,299.77351822,1,titanium_rigid,110000.0,0.3400,109.72419750,0.9169570835,0.2738722591,0.6204761595,0.1356958953,0.7447767933,0.8327042173,0.3762153178
case023,cases_floorfrontdriver_lhs_100\case023\case023.key,2000394,2829851,-2272.67000000,289.68940000,310.96210000,-2271.99900142,289.77997852,293.47520329,-103.38014639,-13.95535022,2694.19042288,2696.20923543,1.10530731,0.0110530731,5.7531245302E-05,2.21735860,187.68792005,2,steel_rigid,210000.0,0.3000,138.95160585,0.4232766590,0.1737516620,0.2783289268,0.7106146129,0.1478239065,0.5213553335,0.8320963067
case024,cases_floorfrontdriver_lhs_100\case024\case024.key,2000394,3044502,-2636.07900000,606.43657500,298.86315000,-2635.85307237,606.98672559,281.37325889,-66.99494677,-163.13767628,5186.32582001,5189.32343718,1.16615975,0.0116615975,6.0698614848E-05,1.94756182,247.67375605,0,aluminum_rigid,70000.0,0.3300,85.43499969,0.0834186308,0.9718876608,0.9980293401,0.8323194947,0.1298374546,0.6879826557,0.0291534288
case025,cases_floorfrontdriver_lhs_100\case025\case025.key,2000394,3046613,-2604.12825000,348.00445000,298.70035000,-2603.12205432,348.72460732,281.24414928,-183.34717111,-131.22577369,3180.83756573,3188.81859133,1.20681622,0.0120681622,6.2814784002E-05,4.05455034,215.59216723,0,aluminum_rigid,70000.0,0.3300,193.00326773,0.1132987904,0.3206932745,0.4205330652,0.9136324304,0.2703033560,0.5988671312,0.0122154574
case026,cases_floorfrontdriver_lhs_100\case026\case026.key,2000394,3049243,-2666.36350000,268.46380000,320.52932500,-2666.79181143,269.01815657,303.04335239,97.76963097,-126.54165496,3991.48137451,3994.68337346,1.11701948,0.0111701948,5.8140863854E-05,2.29422525,307.69068038,1,titanium_rigid,110000.0,0.3400,93.67557244,0.0550967388,0.1202676318,0.6531662982,0.7340389569,0.1529483503,0.8546963344,0.5263527460
case027,cases_floorfrontdriver_lhs_100\case027\case027.key,2000394,3044461,-2645.04475000,550.78997500,298.29642500,-2645.22768930,550.85957096,280.79751962,35.21792666,-13.39802503,3368.74126796,3368.95199430,1.08585698,0.0108585698,5.6518855712E-05,0.64084337,339.17158526,1,titanium_rigid,110000.0,0.3400,80.32589367,0.0750339125,0.8316699787,0.4725331238,0.6717139563,0.0427228911,0.9421432924,0.4088506000
case028,cases_floorfrontdriver_lhs_100\case028\case028.key,2000394,3043963,-2717.53700000,586.44667500,303.70892500,-2719.84085550,586.94374527,286.36836068,492.39606709,-106.23732634,3706.14636262,3740.22206795,0.99035681,0.0099035681,5.1548072134E-05,7.74001209,347.82473330,2,steel_rigid,210000.0,0.3000,88.49587551,0.0072395729,0.9215173337,0.5797096123,0.4807136266,0.5160008061,0.9661798147,0.9549031474
case029,cases_floorfrontdriver_lhs_100\case029\case029.key,2000394,3045036,-2380.84900000,480.66505000,290.44275000,-2383.01782760,479.27331423,273.13352534,431.07004559,276.61746961,3440.33259269,3478.25055983,1.06406720,0.0106406720,5.5384697864E-05,8.46788690,32.68827255,1,titanium_rigid,110000.0,0.3400,169.75235519,0.3221082740,0.6549699748,0.5040849167,0.6281344040,0.5645257934,0.0908007571,0.3469738214
case030,cases_floorfrontdriver_lhs_100\case030\case030.key,2000394,2724440,-2018.81400000,461.05652500,288.77992500,-2016.87087711,458.04970386,271.65003008,-274.10861738,424.16029773,2416.44613912,2468.65539020,0.89467539,0.0089467539,4.6567854077E-05,11.80455215,122.87209124,1,titanium_rigid,110000.0,0.3400,218.12943681,0.6606813452,0.6055606322,0.2126397593,0.2893507811,0.7869701436,0.3413113646,0.3967317448
case031,cases_floorfrontdriver_lhs_100\case031\case031.key,2000394,3047253,-1968.18700000,419.78687500,295.85937500,-1971.24438302,423.07457116,278.94507741,359.41997827,-386.49514074,1988.41179832,2057.26582976,0.99734702,0.0099734702,5.1911912274E-05,14.86537554,312.92119540,1,titanium_rigid,110000.0,0.3400,222.10061748,0.7080274274,0.5015698285,0.0938817672,0.4946940355,0.9910250361,0.8692255428,0.6656822520
case032,cases_floorfrontdriver_lhs_100\case032\case032.key,2000394,3044681,-2612.99350000,482.09765000,298.85170000,-2617.21784675,480.97177910,281.90657359,503.39438334,134.16443300,2019.26639958,2085.38792380,1.14182281,0.0114182281,5.9431877296E-05,14.46671339,14.92354611,0,aluminum_rigid,70000.0,0.3300,81.45914091,0.1050080590,0.6585798243,0.1019999203,0.7836456214,0.9644475594,0.0414542948,0.2994657991
case033,cases_floorfrontdriver_lhs_100\case033\case033.key,2000394,2792788,-2461.55150000,381.03612500,293.63130000,-2458.83539358,382.54787025,276.40958719,-746.68210520,-415.59237884,4734.40388039,4810.90753333,1.22691215,0.0122691215,6.3860777595E-05,10.23157316,209.09967489,0,aluminum_rigid,70000.0,0.3300,180.00472042,0.2466357554,0.4039261208,0.8887900272,0.9538243072,0.6821048774,0.5808324302,0.1903911766
case034,cases_floorfrontdriver_lhs_100\case034\case034.key,2000394,2922754,-2180.91325000,254.43305000,314.43512500,-2180.18776828,257.37052227,297.19868300,-158.32531862,-641.05851162,3761.59052740,3819.10803953,1.05698390,0.0105698390,5.5016012083E-05,9.95642145,256.12700577,0,aluminum_rigid,70000.0,0.3300,96.16817095,0.5090870493,0.0849131045,0.6024820414,0.6139678034,0.6637614300,0.7114639049,0.2377196705
case035,cases_floorfrontdriver_lhs_100\case035\case035.key,2000394,3049222,-2701.96775000,300.77040000,320.88060000,-2703.00545175,297.29770644,303.76004001,132.25102838,442.58120699,2181.94838265,2230.30652687,1.04221391,0.0104221391,5.4247233960E-05,11.95303006,73.36293181,1,titanium_rigid,110000.0,0.3400,96.91595398,0.0217998469,0.2016734422,0.1438343370,0.5844278179,0.7968686709,0.2037859217,0.4572015083
case036,cases_floorfrontdriver_lhs_100\case036\case036.key,2000394,3046697,-2323.33600000,380.40332500,289.47835000,-2325.96198956,377.82653690,272.36945343,729.16454552,715.50266143,4750.66655392,4859.26513986,0.82042312,0.0082042312,4.2703023304E-05,12.13602830,44.45818320,0,aluminum_rigid,70000.0,0.3300,234.58180034,0.3758941042,0.4023315984,0.9027496723,0.1408462365,0.8090685535,0.1234949533,0.0411178588
case037,cases_floorfrontdriver_lhs_100\case037\case037.key,2000394,3047189,-1948.21825000,392.07000000,290.71642500,-1945.69371078,390.64863763,273.45790737,-626.79778316,352.89876901,4284.98020142,4344.93594069,0.86461797,0.0086461797,4.5003365523E-05,9.52932180,150.61968258,1,titanium_rigid,110000.0,0.3400,223.80551181,0.7267020887,0.4317291560,0.7542755523,0.2292359471,0.6352881197,0.4183880072,0.4370396327
case038,cases_floorfrontdriver_lhs_100\case038\case038.key,2000394,3045725,-1828.36125000,527.28275000,296.44105000,-1827.34062110,526.26322758,279.00061163,-236.98641395,236.72949351,4049.60798096,4063.43797946,1.03193115,0.0103193115,5.3712016391E-05,4.72851895,135.03107444,0,aluminum_rigid,70000.0,0.3300,87.29941249,0.8387916728,0.7724367353,0.6730140526,0.5638623013,0.3152345964,0.3750863179,0.1505472671
case039,cases_floorfrontdriver_lhs_100\case039\case039.key,2000394,3045306,-2174.88125000,608.15990000,290.72480000,-2174.13653304,605.59987153,273.42908808,-122.73545375,421.91365482,2850.47495196,2884.14330009,0.93450301,0.0093450301,4.8640881789E-05,8.76321580,106.21981007,1,titanium_rigid,110000.0,0.3400,87.10504192,0.5147281414,0.9762300759,0.3325808435,0.3690060246,0.5842143864,0.2950550280,0.4250838266
case040,cases_floorfrontdriver_lhs_100\case040\case040.key,2000394,3047534,-1734.97250000,261.25610000,302.93985000,-1736.11717815,263.43436356,285.61371714,301.41370331,-573.57475039,4562.27268067,4608.05492888,1.13128933,0.0113128933,5.8883609608E-05,8.08327940,297.72193957,2,steel_rigid,210000.0,0.3000,85.48151808,0.9261283002,0.1021057497,0.8302314970,0.7625786593,0.5388852932,0.8270053877,0.8112127395
case041,cases_floorfrontdriver_lhs_100\case041\case041.key,2000394,3047999,-2033.25900000,309.04027500,310.28707500,-2032.44750553,308.65796056,292.81008120,-195.44392684,92.07830515,4209.23671633,4214.77763078,0.76131329,0.0076131329,3.9626356929E-05,2.93824908,154.77375462,0,aluminum_rigid,70000.0,0.3300,146.96268505,0.6471724634,0.2225117810,0.7167020671,0.0226265871,0.1958832722,0.4299270962,0.2690581488
case042,cases_floorfrontdriver_lhs_100\case042\case042.key,2000394,3046306,-2202.16500000,435.83535000,289.43787500,-2201.83464341,435.99728167,271.94174278,-86.95212951,-42.62153019,4605.10254756,4606.12057389,1.12585540,0.0112585540,5.8600773531E-05,1.20464056,206.11281676,0,aluminum_rigid,70000.0,0.3300,259.37521518,0.4892125337,0.5420085968,0.8296730966,0.7517107985,0.0803093710,0.5725356021,0.0618720894
case043,cases_floorfrontdriver_lhs_100\case043\case043.key,2000394,3045865,-1947.85075000,589.52050000,291.66732500,-1949.93674537,588.66299008,274.31326784,287.55250174,118.20693615,2392.24047340,2412.35855618,0.78855156,0.0078855156,4.1044108784E-05,7.40478202,22.34655858,0,aluminum_rigid,70000.0,0.3300,84.07512722,0.7270457726,0.9292627236,0.1963882556,0.0771031233,0.4936521349,0.0620737738,0.1657598894
case044,cases_floorfrontdriver_lhs_100\case044\case044.key,2000394,3049033,-2555.45325000,269.44660000,316.42722500,-2552.60495385,267.48153664,299.27275809,-412.24107665,284.40856948,2482.80920489,2532.81907912,0.95386793,0.0095386793,4.9648825519E-05,11.40461461,145.39788126,0,aluminum_rigid,70000.0,0.3300,127.29416871,0.1588193733,0.1227440803,0.2311622295,0.4077358509,0.7603076408,0.4038830035,0.0841649790
case045,cases_floorfrontdriver_lhs_100\case045\case045.key,2000394,2724392,-2251.10700000,435.70650000,289.45882500,-2249.73052057,439.20739104,272.36791905,-275.73904801,-701.30533009,3423.68365748,3505.63417588,0.92476535,0.0092476535,4.8134036618E-05,12.41308902,248.53625320,2,steel_rigid,210000.0,0.3000,259.70024631,0.4434422539,0.5416839220,0.5119898894,0.3495307058,0.8275392680,0.6903784811,0.8423526656
case046,cases_floorfrontdriver_lhs_100\case046\case046.key,2000394,3045009,-2360.96050000,533.19492500,289.89525000,-2359.18454397,533.86077854,272.49833593,-434.84424746,-163.03476932,4259.64825060,4284.88892206,0.77779031,0.0077779031,4.0483985499E-05,6.22202451,200.55236898,0,aluminum_rigid,70000.0,0.3300,162.24405453,0.3407078860,0.7873341680,0.7369414630,0.0555806148,0.4148016340,0.5570899138,0.3056274692
case047,cases_floorfrontdriver_lhs_100\case047\case047.key,2000394,3046832,-2499.12650000,426.23040000,297.12510000,-2497.17496727,424.13897548,279.86046958,-505.35762352,541.58319159,4470.74878952,4531.69873448,0.77016854,0.0077016854,4.0087272259E-05,9.40766273,133.01827916,1,titanium_rigid,110000.0,0.3400,123.58899598,0.2114958293,0.5178061509,0.8081893521,0.0403370705,0.6271775151,0.3694952199,0.4910491599
case048,cases_floorfrontdriver_lhs_100\case048\case048.key,2000394,3047711,-1909.93200000,313.53495000,306.74122500,-1913.58594747,315.22162594,289.71025932,809.45883964,-373.64925556,3772.86915892,3876.77431244,1.00709926,0.0100709926,5.2419516585E-05,13.29522563,335.22177452,0,aluminum_rigid,70000.0,0.3300,141.69127815,0.7625071718,0.2338374129,0.6191288682,0.5141985239,0.8863483751,0.9311715959,0.1787881103
case049,cases_floorfrontdriver_lhs_100\case049\case049.key,2000394,3046960,-2232.05275000,426.49132500,291.66850000,-2231.40499206,427.83700004,274.23234307,-157.57241535,-327.34645820,4241.48776416,4257.01811404,1.00310784,0.0100310784,5.2211762923E-05,4.89561911,244.29556561,2,steel_rigid,210000.0,0.3000,268.82193074,0.4612616800,0.5184636268,0.7288958500,0.5062156743,0.3263746074,0.6785987934,0.9897320946
case050,cases_floorfrontdriver_lhs_100\case050\case050.key,2000394,3048882,-2515.32025000,317.69965000,314.50770000,-2518.63554182,314.88853245,297.55610839,721.00879163,611.36110441,3686.62767724,3805.89538849,1.23885663,0.0123885663,6.4482487455E-05,14.38173786,40.29543210,1,titanium_rigid,110000.0,0.3400,177.26766637,0.1963515264,0.2443315775,0.5986678758,0.9777132548,0.9587825243,0.1119317558,0.4138570092
case051,cases_floorfrontdriver_lhs_100\case051\case051.key,2000394,3049930,-1665.60575000,399.06715000,294.30772500,-1663.61408043,395.69370768,277.25184217,-258.91183484,438.53867823,2217.22016109,2274.95423103,0.88704556,0.0088704556,4.6170721185E-05,12.93570652,120.55746662,2,steel_rigid,210000.0,0.3000,85.82561640,0.9909996900,0.4493604965,0.1567230250,0.2740911118,0.8623804344,0.3348818517,0.8793548880
case052,cases_floorfrontdriver_lhs_100\case052\case052.key,2000394,3046339,-2122.25825000,447.50830000,289.30907500,-2122.51022489,450.78130179,272.11971876,72.47859778,-941.45323929,4944.38321667,5033.73745265,1.17111088,0.0117111088,6.0956321096E-05,10.81171171,274.40228202,2,steel_rigid,210000.0,0.3000,247.77589159,0.5639408714,0.5714219660,0.9531155142,0.8422217520,0.7207807805,0.7622285612,0.9717043558
case053,cases_floorfrontdriver_lhs_100\case053\case053.key,2000394,3049056,-2555.95050000,246.10992500,316.60972500,-2551.73236629,246.03502465,299.62585801,-679.94347864,12.07358755,2737.72013657,2820.91837029,0.81111258,0.0081111258,4.2218409562E-05,13.94994969,178.98271998,0,aluminum_rigid,70000.0,0.3300,103.98228339,0.1583543479,0.0639405869,0.3143293699,0.1222251513,0.9299966463,0.4971742222,0.2554930641
case054,cases_floorfrontdriver_lhs_100\case054\case054.key,2000394,3045165,-2267.87800000,570.83315000,284.03785000,-2270.83135476,568.45680177,266.95333465,464.69237514,373.90391303,2688.14438283,2753.51836068,1.13665029,0.0113665029,5.9162647538E-05,12.51005195,38.82108587,0,aluminum_rigid,70000.0,0.3300,124.54548412,0.4277581101,0.8821745475,0.2948726540,0.7733005778,0.8340034636,0.1078363496,0.2894462058
case055,cases_floorfrontdriver_lhs_100\case055\case055.key,2000394,3046902,-2342.33000000,411.85565000,299.04275000,-2343.04513419,408.39081631,281.90409455,86.98040277,421.42109138,2084.54186552,2128.49151180,0.90247318,0.0090247318,4.6973728919E-05,11.66351606,78.33803470,0,aluminum_rigid,70000.0,0.3300,237.64252288,0.3581310235,0.4815848162,0.1144428601,0.3049463561,0.7775677370,0.2176056520,0.1009195644
case056,cases_floorfrontdriver_lhs_100\case056\case056.key,2000394,3045495,-2059.70725000,586.68842500,288.04617500,-2060.32694339,588.35017732,270.63627668,93.88582510,-251.76158079,2637.66355636,2651.31429262,0.83970090,0.0083970090,4.3706431709E-05,5.81663181,290.45127096,0,aluminum_rigid,70000.0,0.3300,108.49197420,0.6224382105,0.9221264926,0.2653688671,0.1794017948,0.3877754543,0.8068090860,0.2479981484
case057,cases_floorfrontdriver_lhs_100\case057\case057.key,2000394,3049946,-1735.64900000,399.12380000,294.45292500,-1733.03003559,399.88562901,277.16678483,-763.76913128,-222.17235024,5041.16063048,5103.52861669,1.15281370,0.0115281370,6.0003953001E-05,8.96657292,196.21915392,2,steel_rigid,210000.0,0.3000,130.22806126,0.9254956413,0.4495032425,0.9732624972,0.8056273968,0.5977715283,0.5450532053,0.9942426029
case058,cases_floorfrontdriver_lhs_100\case058\case058.key,2000394,2859158,-1871.01350000,428.13707500,291.19950000,-1871.08032862,424.98623021,273.98561865,17.19670934,810.79275796,4429.57088498,4503.19651450,1.18749656,0.0118749656,6.1809196197E-05,10.37493025,88.78495318,1,titanium_rigid,110000.0,0.3400,186.81504186,0.7989035314,0.5226105693,0.7999614660,0.8749931296,0.6916620169,0.2466248700,0.4756218808
case059,cases_floorfrontdriver_lhs_100\case059\case059.key,2000394,3045879,-1945.62275000,564.29375000,293.24082500,-1946.17845741,564.57798802,275.75196003,98.00857096,-50.13026940,3084.46248478,3086.42633864,0.94216816,0.0094216816,4.9039852886E-05,2.04403010,332.91077247,2,steel_rigid,210000.0,0.3000,95.15553954,0.7291293855,0.8656966404,0.3909749541,0.3843363261,0.1362686734,0.9247521457,0.7441772593
case060,cases_floorfrontdriver_lhs_100\case060\case060.key,2000394,3045719,-1858.06050000,528.81667500,296.16632500,-1859.49897931,526.78318870,278.84449742,375.55759279,530.90177602,4522.37569607,4568.89287877,0.89728231,0.0089728231,4.6703544245E-05,8.18291438,54.72457886,2,steel_rigid,210000.0,0.3000,85.63383654,0.8110171033,0.7763019025,0.8189263817,0.2945646204,0.5455276251,0.1520127191,0.8690336862
case061,cases_floorfrontdriver_lhs_100\case061\case061.key,2000394,3047997,-2118.11625000,242.47010000,313.76302500,-2119.50839770,240.74266944,296.40422584,374.45861965,464.64269629,4669.15396580,4707.13403776,0.94922175,0.0094922175,4.9406992210E-05,7.28332493,51.13442954,1,titanium_rigid,110000.0,0.3400,80.80946417,0.5678144462,0.0547689965,0.8588331855,0.3984435047,0.4855549950,0.1420400821,0.5193097481
case062,cases_floorfrontdriver_lhs_100\case062\case062.key,2000394,3046267,-2299.34000000,447.33647500,289.07495000,-2299.03488056,445.78685724,271.64636466,-42.45315998,215.60792932,2424.94716243,2434.88352710,1.06877300,0.0106877300,5.5629634827E-05,5.17797676,101.13903504,2,steel_rigid,210000.0,0.3000,247.99958487,0.3983350268,0.5709890033,0.2028906576,0.6375460068,0.3451984504,0.2809417640,0.8951129017
case063,cases_floorfrontdriver_lhs_100\case063\case063.key,2000394,3048636,-2392.91275000,231.00457500,311.92962500,-2396.60850902,231.44074465,294.82988461,663.18254360,-78.26811706,3068.44933934,3140.27360789,0.97161864,0.0097161864,5.0572749972E-05,12.27780550,353.26914638,0,aluminum_rigid,70000.0,0.3300,91.01388508,0.3108263237,0.0258782945,0.4065193291,0.4432372708,0.8185203664,0.9813031844,0.1251577663
case064,cases_floorfrontdriver_lhs_100\case064\case064.key,2000394,3044947,-2459.94900000,516.60747500,292.70710000,-2460.42281749,515.35188491,275.25863329,75.40251646,199.81248924,2776.71955797,2784.92047893,1.07042514,0.0107042514,5.5715628762E-05,4.39814128,69.32517938,1,titanium_rigid,110000.0,0.3400,82.87523826,0.2481344043,0.7455372965,0.3039376689,0.6408502887,0.2932094186,0.1925699427,0.6335469579
case065,cases_floorfrontdriver_lhs_100\case065\case065.key,2000394,3048040,-2075.34250000,243.91662500,312.43980000,-2074.84269887,242.63274587,294.99411706,-119.50451551,306.98080512,4171.33487890,4184.32231262,1.24049476,0.0124049476,6.4567752112E-05,4.51543019,111.27045887,1,titanium_rigid,110000.0,0.3400,82.88844862,0.6078162137,0.0584139340,0.7079103700,0.9809895144,0.3010286795,0.3090846080,0.3655225693
case066,cases_floorfrontdriver_lhs_100\case066\case066.key,2000394,3045289,-2310.87750000,540.44142500,293.45002500,-2309.67054712,537.59752530,276.22488351,-272.43033818,641.91781916,3888.01519374,3950.05555941,0.97956120,0.0097956120,5.0986160210E-05,10.16818111,112.99639914,1,titanium_rigid,110000.0,0.3400,154.83120758,0.3875452225,0.8055938178,0.6402833519,0.4591223904,0.6778787404,0.3138788865,0.5327911156
case067,cases_floorfrontdriver_lhs_100\case067\case067.key,2000394,3045198,-2153.68675000,494.89305000,293.28150000,-2155.61597647,496.12574457,275.93190204,313.48237510,-200.30205205,2819.15744553,2843.59645770,1.09836553,0.0109836553,5.7169925715E-05,7.51721557,327.42313349,0,aluminum_rigid,70000.0,0.3300,200.36877715,0.5345491171,0.6908215305,0.3208759729,0.6967310553,0.5011477049,0.9095087041,0.2155947918
case068,cases_floorfrontdriver_lhs_100\case068\case068.key,2000394,3045802,-1799.69150000,515.47937500,297.64400000,-1802.93559992,517.52388555,280.56928793,546.14775391,-344.19557701,2874.54637197,2946.14405773,1.21956363,0.0121956363,6.3478286946E-05,12.65737372,327.77987390,1,titanium_rigid,110000.0,0.3400,83.48375620,0.8656034598,0.7426947227,0.3504789289,0.9391272602,0.8438249146,0.9104996497,0.6059083441
case069,cases_floorfrontdriver_lhs_100\case069\case069.key,2000394,2793244,-2421.31925000,281.64502500,312.21557500,-2423.46795797,281.54863640,294.84825617,214.53545525,9.62381680,1734.02142148,1747.26883151,1.01503446,0.0101503446,5.2832543531E-05,7.05989157,2.56850162,1,titanium_rigid,110000.0,0.3400,142.16204794,0.2842607266,0.1534815356,0.0043933003,0.5300689157,0.4706594377,0.0071347267,0.5540856994
case070,cases_floorfrontdriver_lhs_100\case070\case070.key,2000394,3243971,-1927.95025000,526.73822500,295.11445000,-1930.31816994,530.45995428,278.17952495,396.50545520,-623.19926347,2835.73361648,2930.35476378,1.10208095,0.0110208095,5.7363313275E-05,14.59981083,302.46622562,0,aluminum_rigid,70000.0,0.3300,109.38171759,0.7456566069,0.7710646473,0.3459209503,0.7041618934,0.9733207217,0.8401839601,0.2260425483
case071,cases_floorfrontdriver_lhs_100\case071\case071.key,2000394,2793324,-2480.15075000,292.26935000,313.72157500,-2479.21281632,290.50435257,296.33609070,-123.12837780,231.70217084,2282.30046500,2297.33365141,1.21341751,0.0121341751,6.3158381644E-05,6.55825389,117.98653228,2,steel_rigid,210000.0,0.3000,153.76337040,0.2292418427,0.1802525912,0.1631834102,0.9268350295,0.4372169261,0.3277403674,0.6747483792
case072,cases_floorfrontdriver_lhs_100\case072\case072.key,2000394,3045534,-2109.85125000,511.48545000,289.15505000,-2110.63162955,515.30707434,272.09526702,133.48356938,-653.68711945,2918.06818148,2993.36710499,0.80721975,0.0080721975,4.2015787759E-05,12.87854056,281.54118678,0,aluminum_rigid,70000.0,0.3300,183.94281177,0.5755438272,0.7326308750,0.3641110548,0.1144394912,0.8585693708,0.7820588522,0.0922183465
case073,cases_floorfrontdriver_lhs_100\case073\case073.key,2000394,3044466,-2644.96500000,540.25597500,298.25172500,-2645.10139438,540.03795575,280.75361470,32.33736983,51.68958636,4148.57894471,4149.02696778,1.22358264,0.0122358264,6.3687476654E-05,0.84201261,57.96961212,2,steel_rigid,210000.0,0.3000,80.95436683,0.0751084942,0.8051265230,0.6977214768,0.9471652893,0.0561341740,0.1610267003,0.7200224078
case074,cases_floorfrontdriver_lhs_100\case074\case074.key,2000394,3045728,-1818.39950000,526.80967500,296.49662500,-1820.20113880,526.41854722,279.09400690,386.08487815,83.81731264,3729.32003551,3750.18863556,1.19543839,0.0119543839,6.2222568456E-05,6.04726958,12.24859247,2,steel_rigid,210000.0,0.3000,87.88819410,0.8481078447,0.7712446862,0.5825867139,0.8908767898,0.4031513057,0.0340238680,0.8216241254
case075,cases_floorfrontdriver_lhs_100\case075\case075.key,2000394,3047119,-2133.50875000,404.84677500,297.73137500,-2133.74226905,402.08373199,280.45245541,29.50510154,349.11013137,2183.18928454,2211.12276615,1.01229077,0.0101229077,5.2689734360E-05,9.11700114,85.16911775,0,aluminum_rigid,70000.0,0.3300,242.56431404,0.5534194678,0.4639239311,0.1382964597,0.5245815316,0.6078000757,0.2365808826,0.0370303064
case076,cases_floorfrontdriver_lhs_100\case076\case076.key,2000394,3047201,-1887.05675000,391.59655000,290.47890000,-1890.40710607,391.78869587,273.30367965,650.03450809,-37.28005174,3332.32816942,3395.34176375,0.78408807,0.0078408807,4.0811783965E-05,11.05571851,356.71763212,2,steel_rigid,210000.0,0.3000,217.38031834,0.7838999754,0.4305361619,0.4801511976,0.0681761370,0.7370479008,0.9908823114,0.9628384416
case077,cases_floorfrontdriver_lhs_100\case077\case077.key,2000394,3045798,-1841.75250000,495.14460000,295.25325000,-1842.84613262,497.89906758,278.00602193,148.45928100,-373.91558026,2341.28995885,2375.60343717,0.91570068,0.0091570068,4.7662220490E-05,9.75005733,291.65503609,1,titanium_rigid,110000.0,0.3400,119.36828430,0.8262682521,0.6914553834,0.1857779617,0.3314013637,0.6500038222,0.8101528780,0.6591857801
case078,cases_floorfrontdriver_lhs_100\case078\case078.key,2000394,3048597,-2449.82650000,302.01410000,312.91212500,-2450.74307850,301.50782518,295.44347967,252.30559867,139.36173645,4808.57563396,4817.20660095,1.04877884,0.0104877884,5.4588938840E-05,3.43031961,28.91419409,2,steel_rigid,210000.0,0.3000,162.98895967,0.2576009086,0.2048073036,0.8906084123,0.5975576884,0.2286879743,0.0803172058,0.7630751684
case079,cases_floorfrontdriver_lhs_100\case079\case079.key,2000394,3045862,-1948.34125000,599.38370000,291.03302500,-1947.15315651,600.51418772,273.61003928,-338.72375799,-322.30043344,4967.26833900,4989.22500046,0.85761720,0.0085761720,4.4638975257E-05,5.37729221,223.57676369,2,steel_rigid,210000.0,0.3000,80.74659356,0.7265870598,0.9541159050,0.9402658701,0.2152343999,0.3584861477,0.6210465658,0.8017796251
case080,cases_floorfrontdriver_lhs_100\case080\case080.key,2000394,3047023,-1999.85625000,359.89692500,289.25355000,-1999.55356325,357.38505106,271.93740522,-89.03228019,738.84258906,5093.37075473,5147.44992821,1.09343882,0.0109343882,5.6913490761E-05,8.31261272,96.87114659,1,titanium_rigid,110000.0,0.3400,199.44574101,0.6784105251,0.3506598004,0.9859414937,0.6868776469,0.5541741812,0.2690865183,0.3833219463
case081,cases_floorfrontdriver_lhs_100\case081\case081.key,2000394,3044464,-2676.92425000,520.48265000,298.52190000,-2677.53877233,520.98350592,281.03986620,92.25598961,-75.19166772,2624.51378620,2627.21098667,0.75213320,0.0075213320,3.9148532947E-05,2.59647371,320.81883289,2,steel_rigid,210000.0,0.3000,116.26600551,0.0452203856,0.7553019192,0.2584108388,0.0042663957,0.1730982475,0.8911634247,0.7716083945
case082,cases_floorfrontdriver_lhs_100\case082\case082.key,2000394,3048361,-2295.56675000,229.40212500,311.34120000,-2294.31613173,228.28429537,293.92177375,-254.75496039,227.70548664,3548.39308940,3564.80622130,1.23140891,0.0123140891,6.4094833770E-05,5.50024670,138.20896742,2,steel_rigid,210000.0,0.3000,81.57121788,0.4018637487,0.0218404588,0.5290713955,0.9628178202,0.3666831135,0.3839137984,0.8876419136
case083,cases_floorfrontdriver_lhs_100\case083\case083.key,2000394,3044975,-2404.69325000,532.08765000,291.29092500,-2403.57706835,532.10103010,273.82656244,-118.30936013,-1.41822045,1851.13019541,1854.90757624,0.76554145,0.0076554145,3.9846432377E-05,3.65717386,180.68679397,0,aluminum_rigid,70000.0,0.3300,132.43677097,0.2998092671,0.7845440688,0.0354659439,0.0310828963,0.2438115907,0.5019077610,0.1855523155
case084,cases_floorfrontdriver_lhs_100\case084\case084.key,2000394,3047378,-1716.89700000,330.92395000,297.74517500,-1715.98639855,330.79637091,280.26934802,-230.01542569,32.22612650,4414.34589688,4420.45193579,0.95720412,0.0095720412,4.9822474327E-05,3.01185515,172.02453441,2,steel_rigid,210000.0,0.3000,82.67106010,0.9430324050,0.2776540211,0.7760751525,0.4144082354,0.2007903434,0.4778459289,0.7196474133
case085,cases_floorfrontdriver_lhs_100\case085\case085.key,2000394,3044541,-2683.24625000,472.00270000,299.63380000,-2681.25434469,471.38122113,282.25864310,-507.29760895,158.27797857,4425.09767724,4456.89266594,0.83391201,0.0083391201,4.3405119877E-05,6.84793142,162.67196248,2,steel_rigid,210000.0,0.3000,122.26973943,0.0393080871,0.6331426819,0.7865946901,0.1678240106,0.4565287615,0.4518665624,0.8534080018
case086,cases_floorfrontdriver_lhs_100\case086\case086.key,2000394,3044873,-2427.49725000,608.62885000,291.55380000,-2427.43168147,608.13507172,274.06089047,-16.10869959,121.31011700,4297.61084607,4299.35281397,0.98125143,0.0098125143,5.1074136933E-05,1.63106334,97.56402137,0,aluminum_rigid,70000.0,0.3300,86.88845753,0.2784830961,0.9774117309,0.7411168309,0.4625028601,0.1087375557,0.2710111705,0.0575914634
case087,cases_floorfrontdriver_lhs_100\case087\case087.key,2000394,3046448,-1872.25275000,449.05737500,289.18680000,-1872.25267173,449.06307078,271.68680093,-0.02076157,-1.51085747,4642.03614474,4642.03639065,1.15735706,0.0115735706,6.0240435124E-05,0.01864999,269.21271498,2,steel_rigid,210000.0,0.3000,166.06553405,0.7977445919,0.5753253079,0.8400411047,0.8147141258,0.0012433326,0.7478130972,0.9014508333
case088,cases_floorfrontdriver_lhs_100\case088\case088.key,2000394,3046866,-2530.73525000,411.52667500,304.93932500,-2530.53760266,411.75449753,287.44192427,-21.41715225,-24.68694920,1896.02597611,1896.30763379,1.07839254,0.0107839254,5.6130331753E-05,0.98752797,229.05674098,2,steel_rigid,210000.0,0.3000,129.35034112,0.1819355062,0.4807558686,0.0474171167,0.6567850818,0.0658351980,0.6362687249,0.6935021451
case089,cases_floorfrontdriver_lhs_100\case089\case089.key,2000394,3046707,-2343.20525000,368.56507500,289.96190000,-2341.79328784,369.66446469,272.55363457,-219.58340794,-170.97323318,2707.27244257,2721.53868203,0.93914514,0.0093914514,4.8882504385E-05,5.86914752,217.90523339,2,steel_rigid,210000.0,0.3000,225.62824625,0.3573124947,0.3725017081,0.2856409116,0.3782902741,0.3912765011,0.6052923150,0.9225019241
case090,cases_floorfrontdriver_lhs_100\case090\case090.key,2000394,3046317,-2230.39675000,458.44927500,288.84870000,-2230.13931056,458.89876831,271.35636795,-53.82837673,-93.98519203,3657.49649194,3659.09979353,0.87854545,0.0087854545,4.5728290522E-05,1.69618795,240.19882953,2,steel_rigid,210000.0,0.3000,236.88784772,0.4628103618,0.5989909128,0.5562916179,0.2570908942,0.1130791968,0.6672189709,0.7864995793
case091,cases_floorfrontdriver_lhs_100\case091\case091.key,2000394,3045613,-1981.03450000,511.39492500,289.24212500,-1980.01268815,510.58940782,271.79056224,-290.32586276,228.87038481,4958.48626531,4972.24866664,1.08456396,0.0108456396,5.6451554049E-05,4.26391503,141.75049545,2,steel_rigid,210000.0,0.3000,155.91955648,0.6960125185,0.7324027711,0.9353652223,0.6691279173,0.2842610021,0.3937513762,0.9420544735
case092,cases_floorfrontdriver_lhs_100\case092\case092.key,2000394,3048183,-2048.86125000,336.99402500,294.63775000,-2052.77931360,336.29239396,277.59643281,485.49510789,86.94050693,2111.62374430,2168.46005014,0.90625459,0.0090625459,4.7170551513E-05,13.14704102,10.15268392,0,aluminum_rigid,70000.0,0.3300,174.80371753,0.6325813280,0.2929493284,0.1259807887,0.3125091840,0.8764694011,0.0282018998,0.1300432541
case093,cases_floorfrontdriver_lhs_100\case093\case093.key,2000394,3047484,-1783.92550000,259.31085000,304.21767500,-1785.54403032,256.28001775,287.05829228,320.15247634,599.51206456,3394.20202050,3461.57762872,0.98981653,0.0098981653,5.1519950397E-05,11.32293174,61.89681375,1,titanium_rigid,110000.0,0.3400,83.71987745,0.8803477333,0.0972041305,0.4992718538,0.4796330604,0.7548621158,0.1719355937,0.4871383101
case094,cases_floorfrontdriver_lhs_100\case094\case094.key,2000394,3047054,-2102.15000000,380.99585000,289.04717500,-2103.59277108,379.41912975,271.67816913,159.81700987,174.65467657,1923.97992176,1938.49025585,0.87065715,0.0087065715,4.5317704820E-05,7.01480822,47.54006153,1,titanium_rigid,110000.0,0.3400,219.84860657,0.5827459923,0.4038246363,0.0595941964,0.2413143063,0.4676538816,0.1320557265,0.5909586185
case095,cases_floorfrontdriver_lhs_100\case095\case095.key,2000394,3045838,-1823.07875000,483.32605000,292.22730000,-1823.02049017,483.41738522,274.72763533,-15.69316683,-24.60252136,4713.79922788,4713.88955326,1.12433992,0.0112433992,5.8521892733E-05,0.35469373,237.46749039,0,aluminum_rigid,70000.0,0.3300,120.01553830,0.8437318368,0.6616751329,0.8607833357,0.7486798361,0.0236462488,0.6596319177,0.1150294139
case096,cases_floorfrontdriver_lhs_100\case096\case096.key,2000394,3046313,-2211.13675000,458.55272500,288.88122500,-2208.45051028,459.78133013,271.63232226,-467.92661709,-214.01553911,3004.65392195,3048.39353769,1.14540112,0.0114540112,5.9618128361E-05,9.71762764,204.57792927,2,steel_rigid,210000.0,0.3000,236.69340188,0.4808222041,0.5992515849,0.3799958251,0.7908022425,0.6478418426,0.5682720257,0.9142477786
case097,cases_floorfrontdriver_lhs_100\case097\case097.key,2000394,2723720,-2466.58650000,504.87242500,292.98027500,-2466.47419767,505.72759160,275.50154283,-16.17521446,-123.17200036,2517.50992917,2520.57319329,1.19247079,0.0119247079,6.2068104620E-05,2.82503731,262.51860468,1,titanium_rigid,110000.0,0.3400,82.55817021,0.2419270520,0.7159674484,0.2276271451,0.8849415800,0.1883358209,0.7292183463,0.5657995595
case098,cases_floorfrontdriver_lhs_100\case098\case098.key,2000394,3048950,-2589.89175000,320.21940000,314.68602500,-2587.28322585,320.46595446,297.38328497,-549.72862338,-51.95966645,3646.43412211,3688.00531090,1.11207004,0.0111207004,5.7883245775E-05,8.61086690,185.39948472,1,titanium_rigid,110000.0,0.3400,180.77198731,0.1266126841,0.2506808154,0.5646359259,0.7241400874,0.5740577932,0.5149985687,0.5011486952
case099,cases_floorfrontdriver_lhs_100\case099\case099.key,2000394,3045779,-1891.56075000,502.46717500,294.96372500,-1892.69183180,502.04039647,277.50553168,205.02782308,77.36087184,3164.59462585,3172.17279773,0.91084736,0.0091084736,4.7409605110E-05,3.96121062,20.67243891,0,aluminum_rigid,70000.0,0.3300,117.10810495,0.7796878602,0.7099067262,0.4157278363,0.3216947208,0.2640807080,0.0574234414,0.0035687298
case100,cases_floorfrontdriver_lhs_100\case100\case100.key,2000394,3046769,-2504.66550000,360.71737500,294.92047500,-2507.06698820,360.44725427,277.58813848,460.78037490,51.82883343,3325.60472737,3357.77479658,1.18303285,0.0118303285,6.1576859752E-05,7.93752664,6.41768667,0,aluminum_rigid,70000.0,0.3300,184.37048836,0.2063157880,0.3527271612,0.4693065433,0.8660656965,0.5291684424,0.0178269074,0.3144178939
case101,cases_floorfrontdriver_lhs_100\case101\case101.key,2000394,3047511,-1717.47675000,291.70477500,301.79697500,-1718.07696034,293.72396411,284.42421981,65.44563432,-220.16800224,1894.28755434,1908.16205255,0.80867985,0.0080867985,4.2091785986E-05,6.91356655,286.55474781,0,aluminum_rigid,70000.0,0.3300,83.39313041,0.9424902261,0.1788299814,0.0508391942,0.1173596921,0.4609044369,0.7959854106,0.0224463948
case102,cases_floorfrontdriver_lhs_100\case102\case102.key,2000394,3048267,-2284.34250000,319.13467500,307.69667500,-2285.35363521,317.82809456,290.27483660,124.17387353,160.45643799,2139.51322537,2149.11197030,1.00233160,0.0100233160,5.2171359767E-05,5.41722795,52.26446338,2,steel_rigid,210000.0,0.3000,169.47624126,0.4123606034,0.2479475375,0.1203954765,0.5046631995,0.3611485299,0.1451790649,0.9661350372
case103,cases_floorfrontdriver_lhs_100\case103\case103.key,2000394,3048023,-2023.25100000,298.68047500,310.23925000,-2022.03418981,298.75394702,292.78175949,-306.86879244,-18.52899529,4402.62506957,4413.34558840,1.18906917,0.0118906917,6.1891050415E-05,3.99438126,183.45537209,1,titanium_rigid,110000.0,0.3400,137.25772905,0.6565318880,0.1964072725,0.7740237258,0.8781383445,0.2662920842,0.5095982558,0.5386986020
case104,cases_floorfrontdriver_lhs_100\case104\case104.key,2000394,3048116,-1992.94350000,256.12890000,310.16287500,-1991.79250770,259.53425204,293.03603074,-240.18405906,-710.61403047,3573.95525272,3651.82376779,0.83665658,0.0083665658,4.3547974920E-05,11.85327657,251.32499879,2,steel_rigid,210000.0,0.3000,95.72088749,0.6848752895,0.0891862884,0.5541912092,0.1733131573,0.7902184378,0.6981249966,0.6964271605
case105,cases_floorfrontdriver_lhs_100\case105\case105.key,2000394,3046758,-2480.78700000,344.94407500,295.54092500,-2480.39955541,344.15212213,278.06314776,-39.02918092,79.77727093,1760.62165219,1762.86025880,1.09638938,0.0109638938,5.7067067234E-05,2.88777629,116.06912042,1,titanium_rigid,110000.0,0.3400,206.42549564,0.2286468253,0.3129817758,0.0088941598,0.6927787602,0.1925184197,0.3224142234,0.3935682358
case106,cases_floorfrontdriver_lhs_100\case106\case106.key,2000394,3046656,-2224.66300000,357.51182500,288.78467500,-2226.28070333,356.37366293,271.39681650,258.77432447,182.06497880,2781.43171516,2799.37032091,0.97309816,0.0097309816,5.0649758972E-05,6.48983993,35.12893999,1,titanium_rigid,110000.0,0.3400,202.78010012,0.4681725321,0.3446498520,0.3081089810,0.4461963102,0.4326559954,0.0975803889,0.5066082065
case107,cases_floorfrontdriver_lhs_100\case107\case107.key,2000394,3046486,-2650.18950000,402.70582500,299.43870000,-2650.07084339,402.24050663,281.94528983,-26.61746605,104.38184619,3924.18305576,3925.66130919,0.78172664,0.0078172664,4.0688871461E-05,1.57242266,104.30560095,0,aluminum_rigid,70000.0,0.3300,155.23124977,0.0702225716,0.4585291892,0.6332413352,0.0634532742,0.1048281770,0.2897377804,0.1245895226
case108,cases_floorfrontdriver_lhs_100\case108\case108.key,2000394,3045809,-1790.65575000,504.89055000,296.91822500,-1790.53137251,504.78486536,279.41898613,-29.36289002,24.94990471,4131.19942504,4131.37911193,1.00767268,0.0100767268,5.2449362942E-05,0.53437961,139.64515255,2,steel_rigid,210000.0,0.3000,81.08843549,0.8740536418,0.7160131195,0.6926269773,0.5153453580,0.0356253073,0.3879032015,0.7146169559
case109,cases_floorfrontdriver_lhs_100\case109\case109.key,2000394,3044857,-2470.51450000,612.47075000,292.70660000,-2466.51193202,610.97475725,275.73628901,-797.74346510,298.16319141,3382.31724145,3487.88845100,1.08014807,0.0108014807,5.6221707055E-05,14.13287926,159.50635635,0,aluminum_rigid,70000.0,0.3300,83.35959082,0.2382536088,0.9870925076,0.5068671375,0.6602961405,0.9421919508,0.4430732121,0.1568136425
case110,cases_floorfrontdriver_lhs_100\case110\case110.key,2000394,3047976,-2063.62625000,308.11582500,311.21257500,-2066.46855709,310.26595121,294.07932523,787.13040777,-595.44224686,4744.77298169,4846.33845248,1.08929778,0.0108929778,5.6697949420E-05,11.75073951,322.89350881,0,aluminum_rigid,70000.0,0.3300,146.80850027,0.6187731841,0.2201823622,0.8990180574,0.6785955589,0.7833826337,0.8969264134,0.1395048754
case111,cases_floorfrontdriver_lhs_100\case111\case111.key,2000394,3044882,-2406.04825000,608.31252500,290.98417500,-2406.16360939,608.31319356,273.48455524,28.43888323,-0.16481602,4314.08023467,4314.17397289,1.20051820,0.0120051820,6.2486972092E-05,0.37770084,359.66794910,0,aluminum_rigid,70000.0,0.3300,87.14131905,0.2985420788,0.9766146586,0.7453953330,0.9010363916,0.0251800562,0.9990776364,0.2323704337
case112,cases_floorfrontdriver_lhs_100\case112\case112.key,2000394,3045806,-1800.67250000,505.07170000,296.89082500,-1802.64250353,508.37267652,279.81825518,384.46443649,-644.21614287,3331.87013399,3415.28709356,1.14349384,0.0114349384,5.9518854568E-05,12.68934310,300.82850616,2,steel_rigid,210000.0,0.3000,89.34854074,0.8646860342,0.7164695793,0.4859089211,0.7869876875,0.8459562066,0.8356347393,0.8466268557
case113,cases_floorfrontdriver_lhs_100\case113\case113.key,2000394,3045187,-2173.56450000,529.22052500,296.88435000,-2172.82348867,527.06284575,279.53369230,-177.49249613,516.82324080,4155.95744239,4191.72901215,0.81422824,0.0081422824,4.2380579675E-05,7.49064758,108.95399824,0,aluminum_rigid,70000.0,0.3300,166.00572042,0.5159595585,0.7773195192,0.7100485010,0.1284564717,0.4993765054,0.3026499951,0.0962643202
case114,cases_floorfrontdriver_lhs_100\case114\case114.key,2000394,3044606,-2653.74525000,428.43370000,298.89410000,-2654.09685969,428.86818157,281.40302809,95.97144329,-118.59122240,4774.16708186,4776.60399462,1.24451359,0.0124451359,6.4776932308E-05,1.83027551,308.98195234,1,titanium_rigid,110000.0,0.3400,148.80283042,0.0668972544,0.5233580016,0.8788874440,0.9890271780,0.1220183673,0.8582832009,0.4163510438
case115,cases_floorfrontdriver_lhs_100\case115\case115.key,2000394,3045098,-2298.11650000,556.47557500,289.07092500,-2301.36038250,556.76570797,271.87665127,460.53681113,-41.19042965,2441.08595294,2484.49017618,1.17290431,0.0117290431,6.1049669246E-05,10.72554280,354.88906273,1,titanium_rigid,110000.0,0.3400,138.86045930,0.3994792370,0.8459964902,0.2172108704,0.8458086166,0.7150361869,0.9858029520,0.5146041458
case116,cases_floorfrontdriver_lhs_100\case116\case116.key,2000394,3049039,-2587.50275000,235.52380000,317.67087500,-2587.93143921,235.39513165,300.17659965,99.82578270,29.96207632,4073.76650683,4075.09956505,1.16437947,0.0116437947,6.0605951342E-05,1.46556443,16.70679570,1,titanium_rigid,110000.0,0.3400,96.91208551,0.1288468633,0.0372657872,0.6763804639,0.8287589372,0.0977042955,0.0464077658,0.3726696798
case117,cases_floorfrontdriver_lhs_100\case117\case117.key,2000394,3047728,-1908.57725000,293.53455000,307.04022500,-1907.93064478,293.59602904,289.55228281,-68.13635178,-6.47838441,1842.80074141,1844.07133930,1.04592698,0.0104592698,5.4440499160E-05,2.12705038,185.43133853,1,titanium_rigid,110000.0,0.3400,121.68272059,0.7637741263,0.1834406280,0.0323377903,0.5918539543,0.1418033586,0.5150870515,0.3513859692
case118,cases_floorfrontdriver_lhs_100\case118\case118.key,2000394,3045366,-2123.82875000,478.80957500,289.67527500,-2127.01434175,478.40707135,272.47236839,936.14126318,118.28266196,5055.37180315,5142.67783561,0.76959922,0.0076959922,4.0057639374E-05,10.57259091,7.20123606,1,titanium_rigid,110000.0,0.3400,216.49672637,0.5624721487,0.6502945696,0.9845639085,0.0391984390,0.7048393938,0.0200034335,0.4620615218
case119,cases_floorfrontdriver_lhs_100\case119\case119.key,2000394,3047979,-2084.66475000,286.30065000,312.39045000,-2082.24957291,285.22345080,295.09141646,-645.52016055,287.91006714,4623.62571109,4677.33932922,1.10979857,0.0110979857,5.7765015634E-05,8.69154304,155.96253071,2,steel_rigid,210000.0,0.3000,125.20803890,0.5990980986,0.1652127275,0.8502321900,0.7195971425,0.5794362027,0.4332292520,0.8560898526
case120,cases_floorfrontdriver_lhs_100\case120\case120.key,2000394,3045228,-2242.09675000,519.13465000,297.00402500,-2242.40537520,518.01394138,279.54267446,73.34238723,266.32771577,4149.55460494,4158.73934953,1.06127101,0.0106127101,5.5239156290E-05,3.80864315,74.60329696,2,steel_rigid,210000.0,0.3000,176.23343111,0.4518685884,0.7519052438,0.7005252012,0.6225420284,0.2539095434,0.2072313804,0.9978147212
case121,cases_floorfrontdriver_lhs_100\case121\case121.key,2000394,3047557,-1716.01950000,261.91057500,302.36427500,-1718.69157185,261.67041822,285.07114467,491.33258704,44.15931020,3179.80912697,3217.84770301,0.99362765,0.0099362765,5.1718319163E-05,8.81852121,5.13575189,0,aluminum_rigid,70000.0,0.3300,86.25123674,0.9438530380,0.1037548885,0.4289130519,0.4872552992,0.5879014140,0.0142659775,0.2775155197
case122,cases_floorfrontdriver_lhs_100\case122\case122.key,2000394,3045861,-1958.10025000,598.34782500,290.27290000,-1958.70163997,600.16470288,272.87786379,154.79425175,-467.65371162,4477.38030303,4504.39736617,1.05870214,0.0105870214,5.5105446164E-05,6.27849659,288.31464000,1,titanium_rigid,110000.0,0.3400,90.32828520,0.7174604986,0.9515057187,0.8003081222,0.6174042714,0.4185664392,0.8008740000,0.3865671956
case123,cases_floorfrontdriver_lhs_100\case123\case123.key,2000394,3045678,-1915.69025000,552.08342500,291.62057500,-1913.95188126,549.77923000,274.36025173,-324.62201369,430.28409661,3223.18319676,3267.94029558,0.90950120,0.0090950120,4.7339537317E-05,9.49354590,127.03223365,2,steel_rigid,210000.0,0.3000,81.62404175,0.7571220891,0.8349291996,0.4433735445,0.3190023945,0.6329030601,0.3528673157,0.7498712993
case124,cases_floorfrontdriver_lhs_100\case124\case124.key,2000394,3044451,-2667.72775000,554.92785000,298.69792500,-2670.47955839,556.80222518,281.51757959,804.75983130,-548.15657104,5024.35122164,5117.83344892,1.03826522,0.0103826522,5.4041704827E-05,10.96787202,325.73953755,2,steel_rigid,210000.0,0.3000,103.08583983,0.0538209000,0.8420965500,0.9773919485,0.5765304448,0.7311914683,0.9048320487,0.9560215294
case125,cases_floorfrontdriver_lhs_100\case125\case125.key,2000394,3045799,-1809.64300000,515.87610000,297.61350000,-1809.34765465,514.08447822,280.20795886,-42.14398211,255.65351059,2483.66466421,2497.14336732,0.81568179,0.0081568179,4.2456237345E-05,5.95573666,99.36090941,0,aluminum_rigid,70000.0,0.3300,92.38807262,0.8562968737,0.7436943859,0.2208635338,0.1313635868,0.3970491105,0.2760025261,0.0857444731
case126,cases_floorfrontdriver_lhs_100\case126\case126.key,2000394,3044917,-2372.59075000,575.30165000,290.33857500,-2368.28251519,575.11235564,273.37823065,-1207.60290257,53.05941518,4754.00297189,4905.26903732,0.99829318,0.0099829318,5.1961159981E-05,14.26590667,177.48416761,1,titanium_rigid,110000.0,0.3400,120.18726405,0.3298313424,0.8934342240,0.9160298598,0.4965863585,0.9510604447,0.4930115767,0.5987902513
case127,cases_floorfrontdriver_lhs_100\case127\case127.key,2000394,3047203,-1876.87050000,391.60900000,290.46270000,-1876.90419804,395.70331063,273.44842702,4.20418861,-510.80880318,2122.71153953,2183.31115251,1.15016417,0.0115016417,5.9866045082E-05,13.53082904,270.47155966,0,aluminum_rigid,70000.0,0.3300,216.74261729,0.7934260984,0.4305675333,0.1302679347,0.8003283413,0.9020552695,0.7513098879,0.1628143061
case128,cases_floorfrontdriver_lhs_100\case128\case128.key,2000394,3046405,-1998.26650000,461.44275000,289.06347500,-1997.44602427,462.77031846,271.63320301,-174.51718949,-282.37705049,3707.46137789,3722.29269626,1.22069956,0.0122069956,6.3537411858E-05,5.11642434,238.28273487,0,aluminum_rigid,70000.0,0.3300,204.02566939,0.6798972502,0.6065338377,0.5745338461,0.9413991108,0.3410949563,0.6618964857,0.1979268542
case129,cases_floorfrontdriver_lhs_100\case129\case129.key,2000394,3043962,-2708.66550000,596.65677500,303.58907500,-2708.04474778,597.19154912,286.10826600,-125.87093525,-108.43701558,3544.61201697,3548.50340701,0.82387303,0.0082387303,4.2882590999E-05,2.68353395,220.74469094,2,steel_rigid,210000.0,0.3000,97.52789787,0.0155361492,0.9472446298,0.5243651762,0.1477460518,0.1789022636,0.6131796970,0.8353879901
case130,cases_floorfrontdriver_lhs_100\case130\case130.key,2000394,3048028,-2085.94025000,243.55055000,312.75015000,-2086.18952290,245.55478058,295.36708575,53.54069167,-430.48357711,3733.66406433,3758.78039543,1.09235848,0.0109235848,5.6857258982E-05,6.62726568,277.08966253,0,aluminum_rigid,70000.0,0.3300,82.43906383,0.5979052583,0.0574915023,0.5850669425,0.6847169638,0.4418177122,0.7696935070,0.2607594094
case131,cases_floorfrontdriver_lhs_100\case131\case131.key,2000394,2726120,-1656.14125000,445.95355000,288.58267500,-1656.60917215,445.41219589,271.09731013,52.20600180,60.39879404,1950.83943474,1952.47227409,1.04445357,0.0104445357,5.4363808078E-05,2.34340414,49.16133916,0,aluminum_rigid,70000.0,0.3300,84.29275789,0.9998508365,0.5675043243,0.0636304593,0.5889071308,0.1562269425,0.1365592755,0.0305164426
case132,cases_floorfrontdriver_lhs_100\case132\case132.key,2000394,3047117,-2143.82025000,404.79095000,297.73800000,-2145.12890287,405.14686266,280.29062903,371.30480836,-100.98329647,4950.35227476,4965.28473817,0.93148257,0.0093148257,4.8483667620E-05,4.44467675,344.78534162,1,titanium_rigid,110000.0,0.3400,242.81109212,0.5437762117,0.4637832639,0.9333549084,0.3629651343,0.2963117832,0.9577370601,0.6472790509
case133,cases_floorfrontdriver_lhs_100\case133\case133.key,2000394,3048810,-2353.43075000,320.07275000,307.43455000,-2353.91568705,318.17246790,290.04478968,129.34183080,506.84096927,4638.17607957,4667.57907511,0.91850473,0.0091850473,4.7808171352E-05,6.43451510,75.68411204,0,aluminum_rigid,70000.0,0.3300,178.72304674,0.3477496653,0.2503112884,0.8474146460,0.3370094660,0.4289676731,0.2102336446,0.3150541910
case134,cases_floorfrontdriver_lhs_100\case134\case134.key,2000394,3047016,-2009.78900000,382.26575000,289.01537500,-2009.19644250,380.02744789,271.66922617,-134.61930914,508.50539425,3940.75947908,3975.71193201,1.17948176,0.0117948176,6.1392025802E-05,7.60304733,104.82805310,1,titanium_rigid,110000.0,0.3400,221.73658496,0.6691214738,0.4070245162,0.6476897122,0.8589635275,0.5068698223,0.2911890364,0.5407346179
case135,cases_floorfrontdriver_lhs_100\case135\case135.key,2000394,3045017,-2350.34100000,533.20900000,289.39005000,-2348.25624895,534.74521764,272.08271490,-308.88778446,-227.61416203,2564.34665605,2592.89290996,0.91372733,0.0091372733,4.7559507423E-05,8.50979608,216.38587095,0,aluminum_rigid,70000.0,0.3300,162.33738304,0.3506391819,0.7873696340,0.2485040588,0.3274546560,0.5673197388,0.6010718638,0.1068042372
case136,cases_floorfrontdriver_lhs_100\case136\case136.key,2000394,3046312,-2201.18950000,470.05990000,289.04155000,-2199.78084539,467.76452192,271.75002226,-180.19322422,293.62171163,2211.90923802,2238.57673195,1.11896561,0.0111896561,5.8242159926E-05,8.85268110,121.53709749,2,steel_rigid,210000.0,0.3000,225.15781924,0.4901248157,0.6282472361,0.1462217407,0.7379312171,0.5901787398,0.3376030486,0.9478751601
case137,cases_floorfrontdriver_lhs_100\case137\case137.key,2000394,3044618,-2613.10425000,446.34057500,297.91055000,-2613.44956535,447.70702382,280.46739733,40.72121507,-161.13808949,2056.97882861,2063.68253435,1.16786872,0.0116786872,6.0787566747E-05,4.61946086,284.18229080,1,titanium_rigid,110000.0,0.3400,110.91134635,0.1049044863,0.5684795456,0.0957341111,0.8357374351,0.3079640572,0.7893952522,0.5776598163
case138,cases_floorfrontdriver_lhs_100\case138\case138.key,2000394,3045617,-1971.95300000,511.00670000,289.59792500,-1972.27413503,508.01914453,272.35781524,78.47744737,730.08457109,4213.05587575,4276.56661388,1.24897223,0.0124897223,6.5009004799E-05,9.88672672,83.86478212,0,aluminum_rigid,70000.0,0.3300,149.65659944,0.7045054856,0.7314245261,0.7345390185,0.9979444688,0.6591151148,0.2329577281,0.2220361857
case139,cases_floorfrontdriver_lhs_100\case139\case139.key,2000394,3046677,-2273.37550000,380.94390000,289.10957500,-2270.34723761,378.73617818,272.01555291,-476.56013775,347.43099550,2690.10028883,2753.98936554,1.01942679,0.0101942679,5.3061164368E-05,12.36553728,143.90648652,1,titanium_rigid,110000.0,0.3400,229.71721516,0.4226168794,0.4036937333,0.2950086214,0.5388535780,0.8243691517,0.3997402403,0.4310248554
case140,cases_floorfrontdriver_lhs_100\case140\case140.key,2000394,3047437,-1807.07750000,310.52490000,301.85110000,-1806.93860797,308.34388083,284.48809725,-28.32229905,444.74459142,3540.59315687,3568.52908166,0.75359887,0.0075359887,3.9224821097E-05,7.17394865,93.64379897,0,aluminum_rigid,70000.0,0.3300,135.05105556,0.8586961147,0.2262527225,0.5301460933,0.0071977367,0.4782632434,0.2601216638,0.0704632887
case141,cases_floorfrontdriver_lhs_100\case141\case141.key,2000394,3044657,-2609.70400000,476.38177500,298.22650000,-2605.38279974,475.65222650,281.28409795,-734.98071401,124.08683809,2881.68518260,2976.52543833,0.82681952,0.0082681952,4.3035956186E-05,14.50237517,170.41711704,2,steel_rigid,210000.0,0.3000,83.96552355,0.1080843807,0.6441770263,0.3592492822,0.1536390465,0.9668250116,0.4733808807,0.8084177680
case142,cases_floorfrontdriver_lhs_100\case142\case142.key,2000394,3047259,-1938.09100000,419.88732500,295.78560000,-1939.66484892,417.54558320,278.51454778,275.32252533,409.65448245,3021.32538842,3061.37655159,0.96882409,0.0096882409,5.0427293822E-05,9.27815110,56.09555469,0,aluminum_rigid,70000.0,0.3300,209.95108709,0.7361730353,0.5018229412,0.3837437001,0.4376481776,0.6185434064,0.1558209852,0.2842549376
case143,cases_floorfrontdriver_lhs_100\case143\case143.key,2000394,2829723,-2033.68550000,266.21692500,311.17995000,-2036.63263058,263.17089544,294.20095930,658.19035408,680.27772152,3791.96224891,3908.32061348,1.12821351,0.0112821351,5.8723513201E-05,14.01602153,45.94540774,2,steel_rigid,210000.0,0.3000,104.14553260,0.6467736030,0.1146059812,0.6282355052,0.7564270202,0.9344014353,0.1276261326,0.6898935033
case144,cases_floorfrontdriver_lhs_100\case144\case144.key,2000394,3047504,-1763.53825000,260.17170000,303.58385000,-1759.27745985,258.97365120,286.65280318,-642.88934366,180.76759891,2554.64108874,2640.48759234,0.75963717,0.0075963717,3.9539114685E-05,14.65009975,164.29508115,0,aluminum_rigid,70000.0,0.3300,84.51488274,0.8994137734,0.0993732907,0.2622434665,0.0192743395,0.9766733167,0.4563752254,0.2505877815
case145,cases_floorfrontdriver_lhs_100\case145\case145.key,2000394,3044614,-2592.73550000,468.75842500,297.05255000,-2594.85514888,470.96019859,279.82149427,353.49804811,-367.19414993,2873.65734654,2918.50971543,0.87644155,0.0087644155,4.5618782793E-05,10.05790479,313.91127671,2,steel_rigid,210000.0,0.3000,81.39729709,0.1239532253,0.6249677939,0.3425015777,0.2528831044,0.6705269862,0.8719757686,0.7758478712
case146,cases_floorfrontdriver_lhs_100\case146\case146.key,2000394,3045512,-1978.62350000,605.15422500,288.68735000,-1978.57386909,606.23201137,271.22064129,-7.68599129,-166.90923158,2704.94692023,2710.10250864,1.02050434,0.0102050434,5.3117250880E-05,3.53470165,267.36345329,1,titanium_rigid,110000.0,0.3400,90.02044106,0.6982672720,0.9686564095,0.2823395712,0.5410086794,0.2356467769,0.7426762591,0.4705403771
case147,cases_floorfrontdriver_lhs_100\case147\case147.key,2000394,3044460,-2687.06875000,520.25377500,299.20055000,-2687.83034914,518.04919450,281.85668101,81.79783569,236.77799144,1862.77908976,1879.54798832,0.84288689,0.0084288689,4.3872262561E-05,7.65925641,70.94190587,2,steel_rigid,210000.0,0.3000,118.51112446,0.0357333069,0.7547252025,0.0425790215,0.1857737776,0.5106170942,0.1970608496,0.8258579227
case148,cases_floorfrontdriver_lhs_100\case148\case148.key,2000394,2724056,-1962.43700000,498.68720000,290.32845000,-1964.78039274,496.52606815,273.12124164,670.40654643,618.26466968,4922.70243381,5006.46535902,0.80114347,0.0080114347,4.1699517704E-05,10.49555284,42.68297709,2,steel_rigid,210000.0,0.3000,152.48875660,0.7134047946,0.7003819874,0.9452427352,0.1022869435,0.6997035228,0.1185638252,0.9199103891
case149,cases_floorfrontdriver_lhs_100\case149\case149.key,2000394,3044933,-2451.37575000,551.68987500,292.37157500,-2450.99032784,553.86506210,275.01156317,-111.74413515,-630.64458782,5033.12909892,5073.71539154,1.19368017,0.0119368017,6.2131052724E-05,7.25193998,259.95203131,2,steel_rigid,210000.0,0.3000,84.61349780,0.2561520589,0.8339375367,0.9646561564,0.8873603352,0.4834626653,0.7220889759,0.7987874985
case150,cases_floorfrontdriver_lhs_100\case150\case150.key,2000394,3045723,-1838.26500000,527.77287500,296.36732500,-1839.52010849,528.19495430,278.91749544,371.31122654,-124.86791669,5162.35661908,5177.19903868,1.01460825,0.0101460825,5.2810359187E-05,4.33956664,341.41276912,1,titanium_rigid,110000.0,0.3400,86.73878614,0.8295297422,0.7736717469,0.9945293261,0.5292164913,0.2893044430,0.9483688031,0.5619040422
case151,cases_floorfrontdriver_lhs_100\case151\case151.key,2000394,3048879,-2547.25275000,308.01470000,315.62020000,-2547.18914168,308.55510116,298.12866146,-12.33269076,-104.77561028,3391.34473927,3392.98528797,0.88149878,0.0088149878,4.5882011554E-05,1.78179898,263.28684692,1,titanium_rigid,110000.0,0.3400,165.90132677,0.1664884342,0.2199275485,0.4794709414,0.2629975621,0.1187865985,0.7313523526,0.6383113184
case152,cases_floorfrontdriver_lhs_100\case152\case152.key,2000394,3045721,-1848.16375000,528.27485000,296.27905000,-1847.13026451,529.31816322,278.84077585,-124.09690859,-125.27698412,2093.91998356,2101.33178319,1.23574547,0.0123574547,6.4320551715E-05,4.81370960,225.27113040,2,steel_rigid,210000.0,0.3000,86.10455057,0.8202724876,0.7749366179,0.1066025182,0.9714909400,0.3209139731,0.6257531400,0.7697822038
case153,cases_floorfrontdriver_lhs_100\case153\case153.key,2000394,3045854,-1956.61625000,610.39780000,289.53680000,-1959.75656669,610.38691035,272.32086864,439.83589657,1.52521483,2411.28056190,2451.06750017,1.11457268,0.0111457268,5.8013507933E-05,10.33759430,0.19868324,2,steel_rigid,210000.0,0.3000,84.54904864,0.7188483269,0.9818691113,0.2075625704,0.7291453577,0.6891729534,0.0005518979,0.9251439062
case154,cases_floorfrontdriver_lhs_100\case154\case154.key,2000394,3046469,-1823.61600000,449.43712500,289.05140000,-1821.12994086,448.91341410,271.73680394,-251.44832631,52.96987030,1751.25608709,1770.00846059,0.85641620,0.0085641620,4.4576463053E-05,8.34761203,168.10405877,0,aluminum_rigid,70000.0,0.3300,141.21258828,0.8432294036,0.5762821977,0.0109576688,0.2128323940,0.5565074687,0.4669557188,0.0061766541
case155,cases_floorfrontdriver_lhs_100\case155\case155.key,2000394,3046694,-2313.42075000,368.82567500,289.28570000,-2309.75803780,369.86774385,272.20504920,-591.97836865,-168.42224597,2760.62525491,2828.40171120,0.83242751,0.0083242751,4.3327851796E-05,12.56833048,195.88144665,2,steel_rigid,210000.0,0.3000,221.96068828,0.3851667896,0.3731583651,0.3164896254,0.1648550162,0.8378886989,0.5441151296,0.8724286436
case156,cases_floorfrontdriver_lhs_100\case156\case156.key,2000394,3048607,-2450.77375000,262.22332500,313.23597500,-2454.39293150,263.96428960,296.20304902,540.69219646,-260.09360829,2544.65551770,2614.43463107,0.98285179,0.0098285179,5.1157435595E-05,13.26728818,334.31066748,1,titanium_rigid,110000.0,0.3400,123.23537938,0.2567150458,0.1045429525,0.2547226209,0.4657035771,0.8844858790,0.9286407430,0.5860383228
case157,cases_floorfrontdriver_lhs_100\case157\case157.key,2000394,3048700,-2392.33825000,281.14852500,311.23440000,-2392.48308308,280.90340467,293.73671617,29.97946155,50.73823824,3621.90138025,3622.38081173,0.94434378,0.0094434378,4.9153093835E-05,0.93219902,59.42263520,1,titanium_rigid,110000.0,0.3400,141.09691998,0.3113635928,0.1522304604,0.5456917559,0.3886875633,0.0621466013,0.1650628755,0.3645809865
case158,cases_floorfrontdriver_lhs_100\case158\case158.key,2000394,3046234,-2423.15300000,469.82652500,291.64090000,-2426.91714511,468.11308949,274.63662553,940.12653936,427.94476547,4246.95893711,4370.77050939,0.79375536,0.0079375536,4.1314966613E-05,13.67004072,24.47498595,0,aluminum_rigid,70000.0,0.3300,138.18031388,0.2825458140,0.6276591804,0.7617333534,0.0875107248,0.9113360480,0.0679860721,0.1703780489
case159,cases_floorfrontdriver_lhs_100\case159\case159.key,2000394,3049017,-2631.05325000,224.04955000,319.35397500,-2631.55481153,221.35174924,302.07044796,124.87847856,671.69675480,4303.24180756,4357.13910946,1.23250519,0.0123250519,6.4151895212E-05,9.02130009,79.46810136,2,steel_rigid,210000.0,0.3000,83.71213821,0.0881186836,0.0083531000,0.7577983053,0.9650103828,0.6014200058,0.2207447260,0.7370893265
case160,cases_floorfrontdriver_lhs_100\case160\case160.key,2000394,3048237,-2152.96475000,349.52172500,292.85652500,-2154.80493211,353.56444606,275.92961931,213.59752901,-469.25531241,1964.77577705,2031.29719802,1.22956554,0.0122956554,6.3998886370E-05,14.70361199,294.47427064,1,titanium_rigid,110000.0,0.3400,188.03117447,0.5352243274,0.3245164872,0.0863852654,0.9591310805,0.9802407991,0.8179840851,0.4206417544
case161,cases_floorfrontdriver_lhs_100\case161\case161.key,2000394,3047740,-1949.66150000,248.00035000,308.79035000,-1948.08717735,248.32167395,291.36427014,-271.73797727,-55.46253198,3007.85083332,3020.60991461,0.89206806,0.0089206806,4.6432142494E-05,5.26808776,191.53579507,1,titanium_rigid,110000.0,0.3400,81.95910775,0.7253523695,0.0687040587,0.3719753802,0.2841361189,0.3512058507,0.5320438752,0.4005856689
case162,cases_floorfrontdriver_lhs_100\case162\case162.key,2000394,3044862,-2462.01425000,600.05860000,292.19002500,-2464.97204667,598.19521072,275.04274477,767.66905073,483.62563087,4450.41961979,4541.96480771,0.79802450,0.0079802450,4.1537175413E-05,11.52300280,32.21061403,1,titanium_rigid,110000.0,0.3400,84.54865634,0.2462029942,0.9558165105,0.8111529135,0.0960490072,0.7682001866,0.0894739279,0.3449723558
case163,cases_floorfrontdriver_lhs_100\case163\case163.key,2000394,3046664,-2253.51450000,381.09545000,289.15895000,-2253.12064376,383.13105039,271.78220668,-106.59348407,-550.91608818,4702.85205267,4736.21031378,0.92089887,0.0092089887,4.7932785941E-05,6.80423141,259.04948973,2,steel_rigid,210000.0,0.3000,228.00612442,0.4411907736,0.4040756073,0.8672267873,0.3417977307,0.4536154276,0.7195819159,0.9814096127
case164,cases_floorfrontdriver_lhs_100\case164\case164.key,2000394,3046886,-2426.06225000,412.02517500,301.65375000,-2425.10825624,411.39881560,284.19100194,-269.75251468,177.11019822,4937.78932674,4948.32273369,1.13316456,0.0113316456,5.8981215561E-05,3.73912620,146.71247805,2,steel_rigid,210000.0,0.3000,174.03432641,0.2798251000,0.4820119834,0.9284583972,0.7663291282,0.2492750798,0.4075346613,0.8815278664
case165,cases_floorfrontdriver_lhs_100\case165\case165.key,2000394,3044977,-2453.79675000,488.81495000,292.69085000,-2453.92839409,485.11744295,275.58643211,33.42061830,938.68984800,4342.31584324,4442.74267215,1.19826591,0.0119826591,6.2369740461E-05,12.20558018,87.96093257,0,aluminum_rigid,70000.0,0.3300,102.22072157,0.2538879534,0.6755060019,0.7825099368,0.8965318141,0.8137053455,0.2443359238,0.0696032601
case166,cases_floorfrontdriver_lhs_100\case166\case166.key,2000394,3048046,-2043.89475000,266.02082500,311.50042500,-2044.70795134,265.81281472,294.02056701,155.23766504,39.70853064,3336.85177877,3340.69682754,0.84596234,0.0084596234,4.4032339687E-05,2.74923389,14.34814377,0,aluminum_rigid,70000.0,0.3300,103.88783560,0.6372259705,0.1141118507,0.4643765560,0.1919246758,0.1832822590,0.0398559549,0.2120392046
case167,cases_floorfrontdriver_lhs_100\case167\case167.key,2000394,3047446,-1807.26650000,319.48515000,303.55987500,-1803.86131386,320.05860721,286.40394733,-982.90034588,-165.52730792,4952.02510172,5051.34090986,1.06660209,0.0106660209,5.5516638532E-05,11.38040257,189.55931406,1,titanium_rigid,110000.0,0.3400,144.01126535,0.8585193630,0.2488306605,0.9581971969,0.6332041703,0.7586935047,0.5265536502,0.6231023343
case168,cases_floorfrontdriver_lhs_100\case168\case168.key,2000394,3046370,-2090.89125000,459.79140000,288.82350000,-2088.60605069,460.60963804,271.49265032,-604.96872599,-216.61499050,4588.05583986,4632.83558992,1.15762514,0.0115762514,6.0254388442E-05,7.97270059,199.70040518,2,steel_rigid,210000.0,0.3000,235.51793803,0.5932751113,0.6023727844,0.8373850610,0.8152502763,0.5315133727,0.5547233477,0.6767294127
case169,cases_floorfrontdriver_lhs_100\case169\case169.key,2000394,3046639,-2193.42225000,346.48442500,290.10500000,-2191.35863012,350.51489151,273.20095277,-316.50085666,-618.15943696,2592.60219592,2684.00447617,0.94560377,0.0094560377,4.9218676467E-05,14.99563175,242.88731674,1,titanium_rigid,110000.0,0.3400,189.06103072,0.4973887037,0.3168631325,0.2748057147,0.3912075492,0.9997087830,0.6746869910,0.6640947339
case170,cases_floorfrontdriver_lhs_100\case170\case170.key,2000394,3049875,-1726.50375000,413.50772500,297.60252500,-1729.69948982,411.16572180,280.55693120,334.31232582,245.00134027,1783.17148318,1830.70776651,1.05016308,0.0105016308,5.4660988288E-05,13.08533902,36.23588674,0,aluminum_rigid,70000.0,0.3300,129.43321981,0.9340482270,0.4857476963,0.0284800573,0.6003261590,0.8723559347,0.1006552409,0.1811233826
case171,cases_floorfrontdriver_lhs_100\case171\case171.key,2000394,3583163,-2221.24850000,447.18540000,289.00782500,-2221.43104965,447.55019480,271.51257992,38.49368986,-76.92317088,3689.16917972,3690.17183543,0.86672039,0.0086672039,4.5112796558E-05,1.33567281,296.58417822,0,aluminum_rigid,70000.0,0.3300,248.08564949,0.4713657531,0.5706083262,0.5652613479,0.2334407899,0.0890448538,0.8238449395,0.2916735486
case172,cases_floorfrontdriver_lhs_100\case172\case172.key,2000394,3047459,-1782.37400000,289.58467500,303.36022500,-1780.39722251,292.23174888,286.17490130,-427.86045440,-572.94168874,3719.65000183,3787.75961266,1.21024458,0.0121024458,6.2993230339E-05,10.88187050,233.24842045,1,titanium_rigid,110000.0,0.3400,114.02138996,0.8817986873,0.1734877771,0.5934325258,0.9204891581,0.7254580336,0.6479122790,0.4806059515
case173,cases_floorfrontdriver_lhs_100\case173\case173.key,2000394,3046346,-2132.76600000,435.98290000,289.49162500,-2129.35236119,433.81718103,272.46497731,-609.32499351,386.57478653,3039.20905491,3123.70112090,0.95784636,0.0095784636,4.9855903121E-05,13.35656169,147.60768362,0,aluminum_rigid,70000.0,0.3300,259.30981166,0.5541140834,0.5423803916,0.4017352619,0.4156927232,0.8904374462,0.4100213434,0.0174413809
case174,cases_floorfrontdriver_lhs_100\case174\case174.key,2000394,3047679,-1834.71275000,296.35345000,302.99882500,-1833.11116544,294.00646082,285.73103508,-352.22983466,516.16357329,3797.63325208,3848.70224986,0.77395308,0.0077395308,4.0284257620E-05,9.34416589,124.30961328,2,steel_rigid,210000.0,0.3000,120.06615962,0.8328517862,0.1905436608,0.6110251580,0.0479061525,0.6229443925,0.3453044813,0.9764931706
case175,cases_floorfrontdriver_lhs_100\case175\case175.key,2000394,3046699,-2333.41250000,357.01905000,289.69705000,-2333.63192934,357.05972328,272.19847302,44.12127939,-8.17829201,3518.48842921,3518.77455917,0.86233439,0.0086233439,4.4884505021E-05,0.73067882,349.49887481,1,titanium_rigid,110000.0,0.3400,212.81752507,0.3664706188,0.3434081631,0.5157831931,0.2246687808,0.0487119210,0.9708302078,0.6024227061
case176,cases_floorfrontdriver_lhs_100\case176\case176.key,2000394,3049082,-2545.52125000,234.95447500,315.99772500,-2544.84035494,235.71370094,298.52746576,-91.89398620,-102.46556662,2357.79616119,2361.80999124,1.12007271,0.0112007271,5.8299784671E-05,3.34084378,228.11335701,0,aluminum_rigid,70000.0,0.3300,92.85914656,0.1681077232,0.0358312084,0.1817961350,0.7401454244,0.2227229186,0.6336482139,0.1127945644
case177,cases_floorfrontdriver_lhs_100\case177\case177.key,2000394,3044522,-2695.87025000,508.70930000,300.15665000,-2692.39180435,511.04745689,283.16596319,-644.45833419,-433.19483672,3147.89730990,3242.25874734,0.78663669,0.0078663669,4.0944439644E-05,13.85702592,213.90837850,1,titanium_rigid,110000.0,0.3400,109.55752344,0.0275021942,0.7256355632,0.4359599167,0.0732733773,0.9238017279,0.5941899403,0.6150119220
case178,cases_floorfrontdriver_lhs_100\case178\case178.key,2000394,3045082,-2188.70525000,581.27745000,286.79312500,-2186.52378455,582.22014772,269.45523212,-510.63535504,-220.66578548,4058.43746001,4096.38334040,1.18138394,0.0118138394,6.1491034293E-05,7.80468664,203.37108727,2,steel_rigid,210000.0,0.3000,113.99233546,0.5018000152,0.9084919782,0.6825245635,0.8627678883,0.5203124428,0.5649196869,0.9302836477
case179,cases_floorfrontdriver_lhs_100\case179\case179.key,2000394,3045868,-1947.25175000,580.62860000,292.25182500,-1947.92061223,580.29721263,274.76775208,171.16815745,84.80515417,4474.33925612,4478.41514726,1.14844392,0.0114844392,5.9776506091E-05,2.44466687,26.35608579,1,titanium_rigid,110000.0,0.3400,87.78844355,0.7276059540,0.9068570132,0.7928076982,0.7968878421,0.1629777913,0.0732113494,0.4428585667
case180,cases_floorfrontdriver_lhs_100\case180\case180.key,2000394,2792668,-2287.26625000,470.11487500,289.10300000,-2287.31436694,470.44349135,271.60615183,9.06214228,-61.89022438,3295.28296347,3295.87656499,0.98573637,0.0098573637,5.1307577900E-05,1.08744220,278.33021493,1,titanium_rigid,110000.0,0.3400,225.28244885,0.4096263291,0.6283857615,0.4514380546,0.4714727339,0.0724961463,0.7731394859,0.4994626184
case181,cases_floorfrontdriver_lhs_100\case181\case181.key,2000394,2920834,-2623.86725000,434.45830000,298.61560000,-2625.16518430,431.83061304,281.36275595,212.23198935,429.66676334,2821.10228034,2861.51603542,1.07741076,0.0107741076,5.6079230015E-05,9.64087840,63.71313551,2,steel_rigid,210000.0,0.3000,126.68548726,0.0948389899,0.5385387215,0.3260489118,0.6548215183,0.6427252265,0.1769809320,0.8922901031
case182,cases_floorfrontdriver_lhs_100\case182\case182.key,2000394,3044991,-2371.87125000,543.97687500,290.48722500,-2373.64931772,543.39616441,273.08747643,430.53779225,140.61211035,4213.14061467,4237.41529651,1.07289743,0.0107289743,5.5844311383E-05,6.13580337,18.08685359,1,titanium_rigid,110000.0,0.3400,151.46836823,0.3305042147,0.8145024053,0.7232370014,0.6457948658,0.4090535578,0.0502412600,0.6507116642
case183,cases_floorfrontdriver_lhs_100\case183\case183.key,2000394,3046849,-2404.87200000,419.24330000,298.49600000,-2403.93475767,418.16432699,281.05445781,-128.18821127,147.57295523,2385.50910026,2393.50447295,0.92562767,0.0092562767,4.8178920236E-05,4.68447401,130.97898425,0,aluminum_rigid,70000.0,0.3300,183.83250030,0.2996421011,0.5002001342,0.1909455480,0.3512553405,0.3122982673,0.3638305118,0.3009084811
case184,cases_floorfrontdriver_lhs_100\case184\case184.key,2000394,3047050,-2060.03575000,358.60825000,289.19010000,-2061.64135270,355.00648565,272.14019286,420.35170819,942.95294558,4463.71793957,4581.55362953,1.21563222,0.0121563222,6.3273657260E-05,13.02281620,65.97353447,0,aluminum_rigid,70000.0,0.3300,196.81221770,0.6221309992,0.3474126115,0.8225812273,0.9312644480,0.8681877465,0.1832598180,0.0484539983
case185,cases_floorfrontdriver_lhs_100\case185\case185.key,2000394,3044929,-2451.66600000,562.91870000,292.35355000,-2449.91913212,562.70410228,274.94227778,-403.04279320,49.51265379,4017.18291896,4037.65446768,1.20832567,0.0120832567,6.2893351182E-05,5.77207640,172.99646785,2,steel_rigid,210000.0,0.3000,84.17309150,0.2558806187,0.8622318047,0.6655709904,0.9166513423,0.3848050932,0.4805457440,0.9053804115
case186,cases_floorfrontdriver_lhs_100\case186\case186.key,2000394,3046864,-2330.80375000,426.43047500,292.11610000,-2330.70183872,426.20180859,274.61789078,-12.44344751,27.92034908,2136.54510855,2136.76376470,1.03447108,0.0103447108,5.3844219568E-05,0.81967923,114.02141656,2,steel_rigid,210000.0,0.3000,239.30550849,0.3689103069,0.5183102976,0.1168308550,0.5689421544,0.0546452819,0.3167261571,0.7045287280
case187,cases_floorfrontdriver_lhs_100\case187\case187.key,2000394,3048839,-2512.48100000,278.86447500,310.78245000,-2512.44568254,278.26874305,293.29262850,-5.84461517,98.58646730,2894.35494907,2896.03936822,1.02545854,0.0102545854,5.3375116847E-05,1.95425637,93.39276071,1,titanium_rigid,110000.0,0.3400,139.47887745,0.1990067769,0.1464751367,0.3360149442,0.5509170739,0.1302837581,0.2594243353,0.4518073860
case188,cases_floorfrontdriver_lhs_100\case188\case188.key,2000394,3045480,-2108.82525000,587.69115000,288.31080000,-2110.98134993,588.91192847,270.98708986,423.41281799,-239.73529539,3402.01343243,3436.63306460,0.93560400,0.0093560400,4.8698188374E-05,8.13949625,330.48156763,2,steel_rigid,210000.0,0.3000,107.74347629,0.5765033365,0.9246531479,0.4920709750,0.3712080067,0.5426330835,0.9180043545,0.8624636635
case189,cases_floorfrontdriver_lhs_100\case189\case189.key,2000394,3049020,-2598.59250000,246.48277500,318.24987500,-2597.92167284,245.78693294,300.77658697,-89.10339134,92.42602372,2320.90962806,2324.45767564,0.96106172,0.0096106172,5.0023262453E-05,3.16611572,133.95140103,0,aluminum_rigid,70000.0,0.3300,107.48094348,0.1184757923,0.0648800902,0.1710134452,0.4221234372,0.2110743813,0.3720872251,0.1466655848
case190,cases_floorfrontdriver_lhs_100\case190\case190.key,2000394,3045810,-1801.61150000,494.67972500,295.70490000,-1801.64977523,494.69527281,278.20494876,6.80399764,-2.76385755,3110.87948952,3110.88815801,0.95031936,0.0095031936,4.9464122755E-05,0.13525929,337.89247790,0,aluminum_rigid,70000.0,0.3300,95.95352717,0.8638078868,0.6902839966,0.3980364764,0.4006387226,0.0090172860,0.9385902164,0.2038726370
case191,cases_floorfrontdriver_lhs_100\case191\case191.key,2000394,2406645,-1791.57975000,494.57882500,295.74125000,-1790.73144660,495.02225015,278.26744802,-236.35507558,-123.54752289,4868.56680081,4875.86611856,0.89750489,0.0089750489,4.6715129480E-05,3.13550193,207.59696817,2,steel_rigid,210000.0,0.3000,87.97826143,0.8731895223,0.6900297499,0.9075419643,0.2950097783,0.2090334623,0.5766582449,0.8190178647
case192,cases_floorfrontdriver_lhs_100\case192\case192.key,2000394,3046799,-2450.78900000,390.99102500,295.15830000,-2452.73750664,393.32690286,277.92469920,427.61047477,-512.62121340,3782.00825659,3840.47102312,0.90426956,0.0090426956,4.7067230617E-05,10.01007984,309.83366833,2,steel_rigid,210000.0,0.3000,176.41615092,0.2567007841,0.4290103668,0.6086490064,0.3085391207,0.6673386559,0.8606490787,0.7263781062
case193,cases_floorfrontdriver_lhs_100\case193\case193.key,2000394,3050010,-1700.09575000,363.81275000,288.71842500,-1699.39670186,365.35450839,271.30049422,-191.28903751,-421.89008477,4766.28006348,4788.73766070,1.10439653,0.0110439653,5.7483839322E-05,5.55109452,245.61000160,0,aluminum_rigid,70000.0,0.3300,80.79331016,0.9587448383,0.3605268526,0.8823901333,0.7087930575,0.3700729682,0.6822500044,0.3257695275
case194,cases_floorfrontdriver_lhs_100\case194\case194.key,2000394,3048230,-2175.16475000,337.06550000,301.75060000,-2171.94755520,335.34660369,284.63496232,-367.49659908,196.34762180,1955.10033993,1999.00562233,0.97605858,0.0097605858,5.0803849249E-05,12.03059531,151.88511465,1,titanium_rigid,110000.0,0.3400,177.71292954,0.5144630138,0.2931294303,0.0770634861,0.4521171662,0.8020396871,0.4219030962,0.5210488850
case195,cases_floorfrontdriver_lhs_100\case195\case195.key,2000394,3048945,-2569.81325000,328.70750000,308.40897500,-2569.84506234,328.75420950,290.90906625,4.65386965,-6.83319556,2560.08518135,2560.09853069,0.85006251,0.0085006251,4.4245753476E-05,0.18502881,304.25751808,0,aluminum_rigid,70000.0,0.3300,187.33476971,0.1453899830,0.2720690352,0.2390371325,0.2001250135,0.0123352538,0.8451597725,0.2447852911
case196,cases_floorfrontdriver_lhs_100\case196\case196.key,2000394,2793052,-1871.89100000,255.28497500,306.60930000,-1872.85606764,256.09905778,289.15490475,220.75305466,-186.21623299,3992.58134433,4003.01313858,0.76339767,0.0076339767,3.9734848674E-05,4.13730928,319.85069575,1,titanium_rigid,110000.0,0.3400,80.33050648,0.7980828984,0.0870597756,0.6555708954,0.0267953381,0.2758206189,0.8884741549,0.3380617481
case197,cases_floorfrontdriver_lhs_100\case197\case197.key,2000394,3044183,-2724.64550000,337.80507500,311.32745000,-2728.06438724,338.66081225,294.18601121,618.41859940,-154.78832521,3100.59496325,3165.45259257,0.87457938,0.0087457938,4.5521856611E-05,11.61835358,345.94774136,1,titanium_rigid,110000.0,0.3400,80.60666843,0.0005917442,0.2949930032,0.4137878793,0.2491587555,0.7745569053,0.9609659482,0.5591206236
case198,cases_floorfrontdriver_lhs_100\case198\case198.key,2000394,3046553,-2684.83850000,401.16750000,299.98827500,-2683.89590689,404.43009565,282.82095174,-124.16223199,-429.76248619,2261.35026079,2305.17180626,0.88872482,0.0088872482,4.6258126884E-05,11.18974615,253.88552048,0,aluminum_rigid,70000.0,0.3300,120.71320839,0.0378190240,0.4546529350,0.1654460917,0.2774496401,0.7459830770,0.7052375569,0.0510324913
case199,cases_floorfrontdriver_lhs_100\case199\case199.key,2000394,3045706,-1936.52925000,537.97117500,293.01990000,-1934.31588244,541.14557186,275.95314259,-285.20308340,-409.03634259,2199.13398890,2254.95938532,0.77544896,0.0077544896,4.0362118608E-05,12.77568650,235.11362870,2,steel_rigid,210000.0,0.3000,105.74815971,0.7376335750,0.7993693095,0.1509510076,0.0508979292,0.8517124333,0.6530934131,0.7846909476
case200,cases_floorfrontdriver_lhs_100\case200\case200.key,2000394,3046674,-2263.43700000,369.11962500,288.95460000,-2262.11691973,369.93621572,271.52357686,-226.95648554,-140.39340205,2996.85090458,3008.70983944,1.13853315,0.0113853315,5.9260650386E-05,5.08877291,211.74059184,2,steel_rigid,210000.0,0.3000,216.83609154,0.4319113080,0.3738990570,0.3685401228,0.7770662973,0.3392515276,0.5881683107,0.7507629780
case201,cases_floorfrontdriver_lhs_100\case201\case201.key,2000394,3049226,-2678.34300000,279.26922500,320.55985000,-2677.24500073,279.46137377,303.09538675,-319.90277466,-55.98266437,5088.28231466,5098.63597030,1.19321474,0.0119321474,6.2106827082E-05,3.65200199,189.92618969,2,steel_rigid,210000.0,0.3000,91.96855240,0.0438935786,0.1474950212,0.9718501112,0.8864294748,0.2434667993,0.5275727491,0.6875282949
case202,cases_floorfrontdriver_lhs_100\case202\case202.key,2000394,3047714,-1961.24225000,268.38157500,309.11275000,-1963.27999537,270.03545307,291.81066108,427.07650780,-346.62450012,3626.22132467,3667.70009448,1.22254677,0.0122254677,6.3633559563E-05,8.62509328,320.93647123,2,steel_rigid,210000.0,0.3000,103.94849928,0.7145221180,0.1200604422,0.5587743121,0.9450935471,0.5750062189,0.8914901979,0.8789039213
case203,cases_floorfrontdriver_lhs_100\case203\case203.key,2000394,3049025,-2619.99750000,224.24347500,318.92510000,-2617.89586738,225.62011196,301.60638148,-534.38362301,-350.03845937,4403.64288838,4449.73746057,0.84747884,0.0084747884,4.4111273425E-05,8.25412321,213.22608825,0,aluminum_rigid,70000.0,0.3300,85.26437285,0.0984579581,0.0088417501,0.7845291593,0.1949576724,0.5502748805,0.5922946896,0.1014298109
case204,cases_floorfrontdriver_lhs_100\case204\case204.key,2000394,3045628,-1944.93750000,557.15167500,292.46307500,-1940.84968603,558.60923410,275.50974794,-839.36072671,-299.28413429,3481.06763793,3593.31731446,1.15805386,0.0115805386,6.0276703173E-05,14.35884418,199.62430244,0,aluminum_rigid,70000.0,0.3300,98.76598791,0.7297702274,0.8477001194,0.5373018430,0.8161077108,0.9572562789,0.5545119512,0.1099661318
case205,cases_floorfrontdriver_lhs_100\case205\case205.key,2000394,3046667,-2243.70900000,369.30420000,288.89257500,-2241.65225353,367.60654965,271.59697506,-317.29150218,261.89422839,2668.16886115,2699.70138272,0.92148618,0.0092148618,4.7963355547E-05,8.76562199,140.46353888,2,steel_rigid,210000.0,0.3000,215.63410724,0.4503608213,0.3743641470,0.2793370234,0.3429723553,0.5843747991,0.3901764969,0.9933053948
case206,cases_floorfrontdriver_lhs_100\case206\case206.key,2000394,3046785,-2520.68550000,391.26472500,297.40960000,-2521.30399867,390.53119607,279.93592281,64.18502551,76.12235125,1813.34005506,1816.07171806,0.91944325,0.0091944325,4.7857020988E-05,3.14296211,49.86300318,0,aluminum_rigid,70000.0,0.3300,151.03851534,0.1913339752,0.4297000330,0.0242549921,0.3388864933,0.2095308073,0.1385083422,0.1473136357
case207,cases_floorfrontdriver_lhs_100\case207\case207.key,2000394,3048914,-2611.15850000,300.51935000,317.94050000,-2610.91550404,297.83347450,300.64954786,-46.95518441,519.00359703,3341.20712801,3381.60237097,0.92218436,0.0092218436,4.7999695790E-05,8.86491852,95.16957780,0,aluminum_rigid,70000.0,0.3300,157.24526655,0.1067241406,0.2010408492,0.4761849747,0.3443687143,0.5909945679,0.2643599383,0.2545761734
case208,cases_floorfrontdriver_lhs_100\case208\case208.key,2000394,3048373,-2285.96025000,229.34455000,311.60075000,-2287.57142024,228.56711567,294.19242652,391.15348897,188.74240783,4226.32337681,4248.58023742,0.88160442,0.0088160442,4.5887510097E-05,5.86728854,25.75859830,0,aluminum_rigid,70000.0,0.3300,80.50082159,0.4108476929,0.0216953820,0.7264600437,0.2632088414,0.3911525696,0.0715516619,0.2825015659
case209,cases_floorfrontdriver_lhs_100\case209\case209.key,2000394,2792932,-1884.66800000,360.34617500,288.75835000,-1884.35376046,360.91178509,271.27031584,-70.59004955,-127.05735362,3928.47188724,3931.15986638,1.23213131,0.0123213131,6.4132434805E-05,2.11892202,240.94448934,0,aluminum_rigid,70000.0,0.3300,186.04098668,0.7861339208,0.3517918155,0.6348286327,0.9642626246,0.1412614679,0.6692902482,0.0097603337
case210,cases_floorfrontdriver_lhs_100\case210\case210.key,2000394,2792564,-1958.76750000,606.25170000,289.84775000,-1958.35264962,609.85208952,272.72714562,-99.13711153,-860.38782765,4091.32388052,4181.98834003,0.93955357,0.0093955357,4.8903763538E-05,11.95232830,263.42715135,1,titanium_rigid,110000.0,0.3400,88.77779961,0.7168364902,0.9714218148,0.7072366098,0.3791071484,0.7968218865,0.7317420871,0.5347587811
case211,cases_floorfrontdriver_lhs_100\case211\case211.key,2000394,3046647,-2233.81650000,381.33375000,289.06892500,-2235.02001627,376.97922375,272.16213199,203.18544728,735.15945583,2854.31480678,2954.46387144,1.23558342,0.0123558342,6.4312117037E-05,14.96084854,74.55011529,1,titanium_rigid,110000.0,0.3400,227.09665960,0.4596122310,0.4046760730,0.3528806534,0.9711668410,0.9973899025,0.2070836536,0.4463553339
case212,cases_floorfrontdriver_lhs_100\case212\case212.key,2000394,3046302,-2249.65350000,458.35647500,288.98370000,-2249.90815230,459.40592386,271.51705151,34.06885615,-140.40133463,2336.78920327,2341.25116171,0.85341126,0.0085341126,4.4420056104E-05,3.53789863,283.63939322,2,steel_rigid,210000.0,0.3000,237.03952696,0.4448015588,0.5987570764,0.1758613093,0.2068225208,0.2358599089,0.7878872034,0.9295352654
case213,cases_floorfrontdriver_lhs_100\case213\case213.key,2000394,3047314,-1874.10600000,360.17120000,288.74857500,-1874.10599942,360.17119773,271.24857500,-0.00014631,0.00057243,4415.11740496,4415.11740496,0.75758742,0.0075758742,3.9432425000E-05,0.00000767,104.33766796,1,titanium_rigid,110000.0,0.3400,185.22477513,0.7960114430,0.3513509155,0.7745352054,0.0151748319,0.0000005112,0.2898268555,0.4569409176
case214,cases_floorfrontdriver_lhs_100\case214\case214.key,2000394,3045518,-1968.17925000,595.95232500,289.50342500,-1969.89781757,600.08365557,272.58513214,447.62895277,-1076.07242703,4406.64530828,4558.16042067,1.13663434,0.0113663434,5.9161817204E-05,14.81430266,292.58653086,1,titanium_rigid,110000.0,0.3400,99.15073438,0.7080346751,0.9454695645,0.8158281864,0.7732686726,0.9876201773,0.8127403635,0.3710938295
case215,cases_floorfrontdriver_lhs_100\case215\case215.key,2000394,3044704,-2482.68275000,482.81992500,294.08670000,-2481.67736082,487.09551205,277.14684911,-279.77109766,-1189.77378103,4713.87676737,4869.75027030,1.04901375,0.0104901375,5.4601165612E-05,14.53569221,256.76749648,1,titanium_rigid,110000.0,0.3400,83.61534483,0.2268739307,0.6603998048,0.9057764702,0.5980274971,0.9690461472,0.7132430458,0.4365321778
case216,cases_floorfrontdriver_lhs_100\case216\case216.key,2000394,3047138,-2040.53350000,412.43750000,298.12332500,-2040.85953781,412.46386631,280.62638229,43.28779133,-3.50063481,2323.05574756,2323.46166175,1.00722749,0.0100722749,5.2426190646E-05,1.07100947,355.37661612,2,steel_rigid,210000.0,0.3000,250.33081848,0.6403693924,0.4830509553,0.1707259207,0.5144549720,0.0714006314,0.9871572670,0.8037162490
case217,cases_floorfrontdriver_lhs_100\case217\case217.key,2000394,2619989,-2008.66750000,449.06447500,289.02385000,-2010.45393456,452.46085132,271.94979719,253.94729959,-482.80559187,2427.13038738,2487.68012169,0.81415326,0.0081415326,4.2376677058E-05,12.66722045,297.74358547,0,aluminum_rigid,70000.0,0.3300,220.19356034,0.6701702942,0.5753431984,0.2181317288,0.1283065152,0.8444813634,0.8270655152,0.1552835795
case218,cases_floorfrontdriver_lhs_100\case218\case218.key,2000394,3045842,-1783.19700000,483.12852500,292.24780000,-1779.44105071,482.69839087,275.16102647,-885.12461180,101.36513442,4026.65814351,4124.03883027,0.81088506,0.0081088506,4.2206567450E-05,12.47587396,173.46690567,0,aluminum_rigid,70000.0,0.3300,88.66420249,0.8810290224,0.6611774117,0.6905080195,0.1217701230,0.8317249305,0.4818525157,0.1133971379
case219,cases_floorfrontdriver_lhs_100\case219\case219.key,2000394,3048335,-2282.64475000,259.60040000,311.50157500,-2282.69014863,259.77333300,294.00248836,12.77351550,-48.65702841,4923.60374125,4923.86072812,0.94356039,0.0094356039,4.9112318189E-05,0.58538570,284.70945570,1,titanium_rigid,110000.0,0.3400,110.05861122,0.4139483296,0.0979337353,0.9213968211,0.3871207757,0.0390257134,0.7908595992,0.4427038289
case220,cases_floorfrontdriver_lhs_100\case220\case220.key,2000394,3045522,-1966.11875000,576.77150000,289.66087500,-1965.91541051,576.86768057,272.16232071,-38.38023792,-18.15404065,3302.84433737,3303.11721390,0.91638437,0.0091638437,4.7697806699E-05,0.73648129,205.31437872,2,steel_rigid,210000.0,0.3000,106.12691417,0.7099616430,0.8971379356,0.4535282509,0.3327687492,0.0490987527,0.5703177187,0.7461466298
case221,cases_floorfrontdriver_lhs_100\case221\case221.key,2000394,3044473,-2646.41975000,507.93562500,297.99830000,-2647.19770569,505.49913891,280.68621403,138.42300308,433.52818907,3080.36943284,3113.80530240,1.05549161,0.0105549161,5.4938338258E-05,8.40403013,72.29202289,2,steel_rigid,210000.0,0.3000,92.32850177,0.0737480203,0.7236860656,0.3988785839,0.6109832184,0.5602686756,0.2008111747,0.9742713577
case222,cases_floorfrontdriver_lhs_100\case222\case222.key,2000394,3045882,-1935.94950000,566.31450000,294.33640000,-1934.67328867,570.23742530,277.32957955,-258.23571770,-793.78658233,3441.25489454,3541.04759547,0.81772185,0.0081772185,4.2562422120E-05,13.63472481,251.97918726,2,steel_rigid,210000.0,0.3000,86.07582783,0.7381757539,0.8707885037,0.5222128678,0.1354436934,0.9089816540,0.6999421868,0.6946621063
case223,cases_floorfrontdriver_lhs_100\case223\case223.key,2000394,3046923,-2233.51200000,390.96192500,290.78025000,-2234.82429730,387.65419719,273.64587483,220.48046351,555.73486421,2878.76457898,2940.19359486,1.24068434,0.0124068434,6.4577620031E-05,11.73263327,68.35995134,2,steel_rigid,210000.0,0.3000,236.69278107,0.4598969977,0.4289370409,0.3487611775,0.9813686852,0.7821755513,0.1898887537,0.7349091877
case224,cases_floorfrontdriver_lhs_100\case224\case224.key,2000394,2792212,-2648.91525000,568.65662500,298.63022500,-2645.72969995,569.97115821,281.47288624,-600.03239252,-247.60637690,3231.76809469,3296.31200098,0.94704145,0.0094704145,4.9293507547E-05,11.35696539,202.42373733,2,steel_rigid,210000.0,0.3000,85.02983426,0.0714142429,0.8766901641,0.4515637542,0.3940829029,0.7571310259,0.5622881593,0.9439461009
case225,cases_floorfrontdriver_lhs_100\case225\case225.key,2000394,3046545,-2541.02400000,404.44907500,304.91970000,-2538.59211002,405.69441174,287.63430016,-415.40681146,-212.72399963,2952.63062961,2989.28786735,1.00267054,0.0100267054,5.2189001787E-05,8.98211141,207.11634891,0,aluminum_rigid,70000.0,0.3300,135.28911351,0.1723135258,0.4629218111,0.3629334798,0.5053410869,0.5988074276,0.5753231914,0.2517278514
case226,cases_floorfrontdriver_lhs_100\case226\case226.key,2000394,3242724,-2204.62075000,326.96735000,302.92682500,-2201.78838473,327.02905192,285.65766463,-612.13057720,-13.33501345,3732.20968495,3782.09872935,1.03893913,0.0103893913,5.4076781794E-05,9.31649045,181.24796766,1,titanium_rigid,110000.0,0.3400,170.62102630,0.4869159302,0.2676842246,0.5917983688,0.5778782630,0.6210993633,0.5034665768,0.6229427802
case227,cases_floorfrontdriver_lhs_100\case227\case227.key,2000394,3046465,-1833.79375000,471.42810000,289.40015000,-1834.14112234,473.81766597,272.06754180,101.77508445,-700.10836010,5078.20417732,5127.24756085,1.14113767,0.0114113767,5.9396215558E-05,7.93108283,278.27117566,1,titanium_rigid,110000.0,0.3400,135.65442009,0.8337112298,0.6316948112,0.9801095698,0.7822753336,0.5287388553,0.7729754879,0.5251270341
case228,cases_floorfrontdriver_lhs_100\case228\case228.key,2000394,3045224,-2183.04775000,512.09075000,296.14837500,-2183.28681392,512.94169896,278.67071113,55.01505674,-195.82630977,4022.08192518,4027.22207146,0.99608663,0.0099608663,5.1846308986E-05,2.89513476,285.69207192,2,steel_rigid,210000.0,0.3000,183.10449975,0.5070908770,0.7341561032,0.6625594156,0.4921732559,0.1930089842,0.7935890887,0.9641555397
case229,cases_floorfrontdriver_lhs_100\case229\case229.key,2000394,3045803,-1810.68025000,505.33617500,296.83342500,-1808.00364030,507.85117706,279.72317880,-478.10090544,-449.23425485,3056.26337988,3125.88191375,0.79629962,0.0079629962,4.1447395296E-05,12.11499201,223.21703801,2,steel_rigid,210000.0,0.3000,97.88982376,0.8553268434,0.7171360004,0.4023648029,0.0925992429,0.8076661342,0.6200473278,0.9100180017
case230,cases_floorfrontdriver_lhs_100\case230\case230.key,2000394,3046410,-1939.38325000,437.41285000,289.42610000,-1938.71982441,437.55424016,271.93925136,-104.02546996,-22.17004930,2741.94675240,2744.00889257,0.99087784,0.0099087784,5.1575191338E-05,2.22142250,192.03095797,1,titanium_rigid,110000.0,0.3400,194.04629037,0.7349645304,0.5459835637,0.2921275057,0.4817556710,0.1480948330,0.5334193277,0.4904075717
case231,cases_floorfrontdriver_lhs_100\case231\case231.key,2000394,3049216,-2690.01400000,279.56280000,320.88207500,-2689.18646249,279.75746073,303.40273609,-116.48944234,-27.40168170,2460.50289320,2463.41127906,0.99427353,0.0099427353,5.1751937177E-05,2.78444034,193.23697840,0,aluminum_rigid,70000.0,0.3300,84.65170646,0.0329789259,0.1482347682,0.2111259141,0.4885470577,0.1856293561,0.5367693845,0.0577865785
case232,cases_floorfrontdriver_lhs_100\case232\case232.key,2000394,3049886,-1674.36225000,405.97510000,297.16157500,-1674.45290799,405.86410248,279.66216185,10.12398493,12.39534590,1954.19939372,1954.26492833,1.13139623,0.0113139623,5.8889173668E-05,0.46922644,50.75952978,2,steel_rigid,210000.0,0.3000,95.74759265,0.9828106610,0.4667670719,0.0641479543,0.7627924560,0.0312817624,0.1409986938,0.8302198609
case233,cases_floorfrontdriver_lhs_100\case233\case233.key,2000394,3048705,-2382.77975000,270.94212500,311.10377500,-2384.30822963,268.40849948,293.85574637,267.01383236,442.60522023,3013.10017473,3057.11766712,0.91454315,0.0091454315,4.7601971199E-05,9.73456786,58.89835864,0,aluminum_rigid,70000.0,0.3300,130.68273318,0.3203026476,0.1265124875,0.3825142655,0.3290863093,0.6489711906,0.1636065518,0.1335419468
case234,cases_floorfrontdriver_lhs_100\case234\case234.key,2000394,3045265,-2289.30725000,492.92522500,293.42257500,-2289.69295562,494.69110297,276.01617083,66.04699911,-302.38330809,2980.61710741,2996.64415840,1.10078891,0.0110078891,5.7296062693E-05,5.92844240,282.32112089,0,aluminum_rigid,70000.0,0.3300,202.49296140,0.4077175975,0.6858630271,0.3650570591,0.7015778172,0.3952294935,0.7842253358,0.1909936287
case235,cases_floorfrontdriver_lhs_100\case235\case235.key,2000394,3045259,-2271.53675000,519.49557500,296.19895000,-2268.44803302,517.99486415,279.03918035,-745.06878647,362.00558920,4139.32672866,4221.39802788,0.95255289,0.0095255289,4.9580377681E-05,11.31647776,154.08633480,0,aluminum_rigid,70000.0,0.3300,175.94245805,0.4243364679,0.7528146986,0.7186132121,0.4051057706,0.7544318508,0.4280175967,0.3053483107
case236,cases_floorfrontdriver_lhs_100\case236\case236.key,2000394,3045027,-2360.61175000,511.82300000,289.83925000,-2360.36280254,508.36638499,272.68582941,-62.54852735,868.48116125,4309.82987687,4396.90862007,0.89926712,0.0089926712,4.6806853410E-05,11.42192629,94.11936345,1,titanium_rigid,110000.0,0.3400,179.38018726,0.3410340350,0.7334814297,0.7692787795,0.2985342329,0.7614617529,0.2614426763,0.4024294138
case237,cases_floorfrontdriver_lhs_100\case237\case237.key,2000394,3046572,-2691.40325000,364.17682500,300.29317500,-2692.45092945,365.33395943,282.86293095,151.26558079,-167.06886036,2516.60562858,2526.67710043,0.78602388,0.0078602388,4.0912542741E-05,5.11744985,312.15796229,1,titanium_rigid,110000.0,0.3400,113.84343055,0.0316797072,0.3614442447,0.2293891921,0.0720477518,0.3411633233,0.8671054508,0.3349793786
case238,cases_floorfrontdriver_lhs_100\case238\case238.key,2000394,3047173,-2029.98750000,419.61897500,295.92270000,-2028.60276254,420.14618349,278.48553987,-315.66182462,-120.18133325,3974.93816911,3989.26301321,0.87239432,0.0087239432,4.5408124339E-05,4.85697972,200.84323644,1,titanium_rigid,110000.0,0.3400,256.46018401,0.6502319516,0.5011467559,0.6516015742,0.2447886394,0.3237986480,0.5578978790,0.6516060446
case239,cases_floorfrontdriver_lhs_100\case239\case239.key,2000394,2619893,-2509.88125000,446.93817500,294.65937500,-2507.76954352,446.62022465,277.29016076,-382.41299546,57.57824108,3145.42447151,3169.10871680,0.84162475,0.0084162475,4.3806568467E-05,7.00921984,171.43754378,0,aluminum_rigid,70000.0,0.3300,100.49786334,0.2014380483,0.5699853714,0.4148433119,0.1832495088,0.4672813228,0.4762153994,0.1047737578
case240,cases_floorfrontdriver_lhs_100\case240\case240.key,2000394,3048611,-2450.29050000,282.12867500,313.11722500,-2450.69343126,281.51433118,295.63265386,48.06969580,73.29121162,2085.90916981,2087.74983225,1.09859191,0.0109859191,5.7181708759E-05,2.40612059,56.74022984,1,titanium_rigid,110000.0,0.3400,143.11851996,0.2571669785,0.1547002314,0.1026817448,0.6971838140,0.1604080393,0.1576117495,0.6005004284
case241,cases_floorfrontdriver_lhs_100\case241\case241.key,2000394,3049939,-1700.11375000,392.03312500,290.31275000,-1698.92285442,393.00213613,272.88022909,-143.93310051,-117.11587429,2106.91586062,2115.07146668,1.18364523,0.0118364523,6.1608733968E-05,5.03318481,219.13465305,0,aluminum_rigid,70000.0,0.3300,98.98945617,0.9587280048,0.4316362387,0.1105688250,0.8672904502,0.3355456539,0.6087073696,0.2688205011
case242,cases_floorfrontdriver_lhs_100\case242\case242.key,2000394,3046503,-2613.28800000,396.76835000,303.24180000,-2613.26986434,396.77430118,285.74181041,-2.34046061,-0.76801742,2258.42515326,2258.42649658,0.92380917,0.0092380917,4.8084267057E-05,0.06249215,198.16714504,2,steel_rigid,210000.0,0.3000,155.52967902,0.1047326443,0.4435680059,0.1519518768,0.3476183307,0.0041661433,0.5504642918,0.6903912917
case243,cases_floorfrontdriver_lhs_100\case243\case243.key,2000394,3045180,-2158.24175000,580.07417500,288.01842500,-2156.99562128,579.95533573,270.56325269,-193.29069078,18.43350921,2707.52310481,2714.47645937,0.79392269,0.0079392269,4.1323676039E-05,4.10189490,174.55236170,2,steel_rigid,210000.0,0.3000,115.20156560,0.5302893070,0.9054599793,0.2836022226,0.0878453809,0.2734596599,0.4848676714,0.9403591108
case244,cases_floorfrontdriver_lhs_100\case244\case244.key,2000394,2724616,-2451.64125000,381.11565000,293.31785000,-2448.95641893,383.87131451,276.24600197,-298.28552907,-306.15514435,1896.68738199,1944.25519268,1.14739643,0.0114739643,5.9721984378E-05,12.70009661,225.74592973,1,titanium_rigid,110000.0,0.3400,184.54381470,0.2559037648,0.4041265070,0.0612583911,0.7947928676,0.8466731072,0.6270720270,0.4992569518
case245,cases_floorfrontdriver_lhs_100\case245\case245.key,2000394,3045160,-2316.15375000,570.74010000,284.13725000,-2315.50815833,569.95188916,266.66693417,-144.74044895,176.71539978,3916.81223744,3923.46737383,0.84584398,0.0084584398,4.4026179009E-05,3.33766308,129.31952086,0,aluminum_rigid,70000.0,0.3300,124.43206614,0.3826109035,0.8819400812,0.6326080003,0.1916879542,0.2225108723,0.3592208913,0.1419848938
case246,cases_floorfrontdriver_lhs_100\case246\case246.key,2000394,3047465,-1745.61825000,309.73415000,302.47582500,-1745.97403278,310.22223131,284.98625110,84.19208270,-115.49907356,4138.71532149,4141.18254308,1.06457348,0.0106457348,5.5411049864E-05,1.97788522,306.08986503,2,steel_rigid,210000.0,0.3000,109.13107517,0.9161724554,0.2242601994,0.6954569854,0.6291469688,0.1318590148,0.8502496251,0.7422387482
case247,cases_floorfrontdriver_lhs_100\case247\case247.key,2000394,3048050,-2054.31025000,255.12032500,311.92047500,-2052.02246598,252.97790315,294.70344643,-495.14249482,463.68192624,3726.26192366,3787.50510793,1.07472483,0.0107472483,5.5939427636E-05,10.31755625,136.87929229,1,titanium_rigid,110000.0,0.3400,93.17387188,0.6274854542,0.0866448923,0.5933590566,0.6494496690,0.6878370834,0.3802202564,0.3901803877
case248,cases_floorfrontdriver_lhs_100\case248\case248.key,2000394,3045520,-1966.81525000,586.33147500,289.59477500,-1964.08703018,585.75301101,272.31842712,-640.61895863,135.83032968,4056.69510886,4109.21132760,1.20735745,0.0120735745,6.2842955378E-05,9.16998725,168.02887795,2,steel_rigid,210000.0,0.3000,102.68250913,0.7093102802,0.9212270540,0.6862276862,0.9147149040,0.6113324832,0.4667468832,0.7377282203
case249,cases_floorfrontdriver_lhs_100\case249\case249.key,2000394,3048197,-2058.78625000,337.37080000,294.20067500,-2058.31807831,337.57107835,276.70808503,-58.02703969,-24.82328574,2168.10038241,2169.01881067,1.23827377,0.0123827377,6.4452149926E-05,1.66741582,203.16066995,1,titanium_rigid,110000.0,0.3400,175.53833645,0.6232995245,0.2938987219,0.1261420890,0.9765475476,0.1111610544,0.5643351943,0.5384453435
case250,cases_floorfrontdriver_lhs_100\case250\case250.key,2000394,3045566,-2049.36550000,512.01002500,288.53780000,-2048.48877597,511.41330962,271.06996425,-148.69529040,101.20489825,2962.60262967,2968.05779292,1.04731825,0.0104731825,5.4512914821E-05,3.47433643,145.76003750,1,titanium_rigid,110000.0,0.3400,183.16031294,0.6321097563,0.7339526932,0.3568048823,0.5946364965,0.2316224286,0.4048889930,0.4706645384
case251,cases_floorfrontdriver_lhs_100\case251\case251.key,2000394,3049858,-1797.07850000,405.32945000,297.35347500,-1797.18538879,405.24807687,279.85399063,14.98317982,11.40651245,2452.99738358,2453.06966229,1.03643493,0.0103643493,5.3946438044E-05,0.43983416,37.28157678,0,aluminum_rigid,70000.0,0.3300,159.37148264,0.8680471226,0.4651401702,0.2081405451,0.5728698576,0.0293222774,0.1035599355,0.1270708819
case252,cases_floorfrontdriver_lhs_100\case252\case252.key,2000394,3047056,-2090.98300000,369.54492500,289.11462500,-2092.66424968,370.49086306,271.72127568,249.43640224,-140.34285970,2580.54145027,2596.36453788,0.93704297,0.0093704297,4.8773086618E-05,6.32879779,330.63615998,2,steel_rigid,210000.0,0.3000,208.42383881,0.5931893072,0.3749707232,0.2495062319,0.3740859411,0.4219198529,0.9184337777,0.8210308094
case253,cases_floorfrontdriver_lhs_100\case253\case253.key,2000394,3045479,-2098.89225000,596.90250000,288.35995000,-2098.85650644,597.82573566,270.88435678,-5.48166587,-141.58829607,2680.07353289,2683.81658016,0.85985366,0.0085985366,4.4755382825E-05,3.02638627,267.78287085,1,titanium_rigid,110000.0,0.3400,98.49678546,0.5857926216,0.9478638049,0.2747514737,0.2197073132,0.2017590847,0.7438413079,0.3786616011
case254,cases_floorfrontdriver_lhs_100\case254\case254.key,2000394,3045675,-1935.89275000,551.72240000,291.56945000,-1935.94226798,552.43046837,274.08385058,7.56112784,-108.11820767,2669.95639725,2672.15528753,0.84912776,0.0084912776,4.4197100117E-05,2.32454710,274.00040410,2,steel_rigid,210000.0,0.3000,95.40299877,0.7382288261,0.8340194928,0.2713851469,0.1982555280,0.1549698065,0.7611122336,0.7167424619
case255,cases_floorfrontdriver_lhs_100\case255\case255.key,2000394,3044893,-2395.21000000,597.43990000,290.79955000,-2396.24862540,595.37773309,273.45254089,213.97059818,424.83371622,3573.71380044,3605.23195243,1.21108169,0.0121108169,6.3036801906E-05,7.58172977,63.26755636,2,steel_rigid,210000.0,0.3000,98.01010402,0.3086779485,0.9492179394,0.5407413044,0.9221633777,0.5054486515,0.1757432121,0.9865963408
case256,cases_floorfrontdriver_lhs_100\case256\case256.key,2000394,3046723,-2372.70950000,357.34057500,290.90232500,-2374.40491053,356.68639150,273.49693425,382.51222428,147.59444991,3926.93958406,3948.28497201,0.85549482,0.0085549482,4.4528505425E-05,5.96048039,21.09938288,2,steel_rigid,210000.0,0.3000,216.67546408,0.3297202881,0.3442183382,0.6397722271,0.2109896417,0.3973653596,0.0586093969,0.6866375045
case257,cases_floorfrontdriver_lhs_100\case257\case257.key,2000394,3042846,-1915.90000000,545.28052500,291.50605000,-1919.21300543,544.92695353,274.32614947,892.08377287,95.20520816,4625.98411100,4712.17640636,0.78461426,0.0078461426,4.0839172174E-05,10.97552497,6.09167832,2,steel_rigid,210000.0,0.3000,87.27294516,0.7569259321,0.8177873281,0.8602887926,0.0692285178,0.7317016648,0.0169213287,0.9627812695
case258,cases_floorfrontdriver_lhs_100\case258\case258.key,2000394,2920738,-2654.45025000,505.66647500,297.54210000,-2656.73925063,506.55403548,280.21516396,609.99725655,-236.52656542,4617.46638724,4663.58631382,0.98494259,0.0098494259,5.1266261559E-05,8.06455639,338.80618709,0,aluminum_rigid,70000.0,0.3300,100.50652385,0.0662379424,0.7179682867,0.8462620345,0.4698851704,0.5376370929,0.9411282975,0.0171370552
case259,cases_floorfrontdriver_lhs_100\case259\case259.key,2000394,3046496,-2631.53275000,399.54027500,301.91930000,-2631.28332868,397.52406534,284.53762322,-63.81834829,515.87878802,4447.37396272,4477.64881046,0.81910348,0.0081910348,4.2634336020E-05,6.66651107,97.05211917,0,aluminum_rigid,70000.0,0.3300,160.71695787,0.0876702580,0.4505526716,0.7925864757,0.1382069556,0.4444340712,0.2695892199,0.2746640485
case260,cases_floorfrontdriver_lhs_100\case260\case260.key,2000394,2922090,-2071.49725000,412.42792500,298.12490000,-2073.89704666,415.97362165,281.15672357,710.53067109,-1049.80820324,5023.92972684,5181.39180128,1.16160835,0.0116160835,6.0461714716E-05,14.16147289,304.09090837,2,steel_rigid,210000.0,0.3000,251.38026273,0.6114122697,0.4830268283,0.9957396730,0.8232167038,0.9440981925,0.8446969677,0.8672577490
case261,cases_floorfrontdriver_lhs_100\case261\case261.key,2000394,2724984,-1763.71800000,279.97900000,303.17872500,-1766.72306162,276.80084084,286.23414153,452.92141704,479.01059307,2553.87932943,2637.59143682,1.22837365,0.0122837365,6.3936848365E-05,14.47382735,46.60356051,0,aluminum_rigid,70000.0,0.3300,104.32200008,0.8992456723,0.1492835043,0.2614074180,0.9567472955,0.9649218236,0.1294543347,0.0472514394
case262,cases_floorfrontdriver_lhs_100\case262\case262.key,2000394,3048273,-2303.86525000,335.49207500,294.80345000,-2303.74941675,337.59724588,277.43091886,-18.03831096,-327.83096630,2705.36407173,2725.21435556,1.13456945,0.0113456945,5.9054340072E-05,6.91965790,266.85057828,0,aluminum_rigid,70000.0,0.3300,187.81906296,0.3941030388,0.2891647316,0.2867019877,0.7691389077,0.4613105265,0.7412516063,0.0000005346
case263,cases_floorfrontdriver_lhs_100\case263\case263.key,2000394,3044621,-2592.69950000,457.54047500,296.96197500,-2592.54057234,456.85790254,279.47601386,-44.49318693,191.09212749,4895.34766548,4899.27796831,1.03348654,0.0103348654,5.3792974234E-05,2.29516353,103.10701269,0,aluminum_rigid,70000.0,0.3300,91.51548971,0.1239868923,0.5967009287,0.9143003863,0.5669730734,0.1530109021,0.2864083686,0.1710645710
case264,cases_floorfrontdriver_lhs_100\case264\case264.key,2000394,3048406,-2247.21500000,240.89800000,312.60207500,-2247.03894188,236.99590821,295.54356735,-48.08952910,1065.83982287,4659.45902100,4780.05078417,0.99318104,0.0099318104,5.1695073340E-05,12.89726094,92.58337096,2,steel_rigid,210000.0,0.3000,87.68107983,0.4470820301,0.0508076364,0.8798824469,0.4863620880,0.8598173958,0.2571760305,0.8093950215
case265,cases_floorfrontdriver_lhs_100\case265\case265.key,2000394,3048185,-2029.51425000,337.63025000,294.19447500,-2026.86614452,337.79637951,276.89678908,-357.15090848,-22.40594477,2332.94492165,2360.23109150,0.95444940,0.0095444940,4.9679091232E-05,8.72069193,183.58975948,0,aluminum_rigid,70000.0,0.3300,175.66735934,0.6506745323,0.2945524811,0.1813403457,0.4088987985,0.5813794621,0.5099715541,0.1301022928
case266,cases_floorfrontdriver_lhs_100\case266\case266.key,2000394,3047305,-1845.50500000,382.79840000,288.89500000,-1844.58737894,382.45141117,271.42251963,-125.85851413,47.59208435,2396.47987879,2400.25439933,1.14490070,0.0114490070,5.9592081349E-05,3.21363700,159.28641120,2,steel_rigid,210000.0,0.3000,205.12881131,0.8227589354,0.4083666817,0.1928940849,0.7898013967,0.2142424665,0.4424622533,0.7792375781
case267,cases_floorfrontdriver_lhs_100\case267\case267.key,2000394,3047299,-1832.90150000,354.18930000,289.07577500,-1832.10433754,351.92040771,271.74180085,-139.42181923,396.82386872,3031.67087682,3060.70840360,1.21815770,0.0121815770,6.3405108522E-05,7.89860536,109.35863647,1,titanium_rigid,110000.0,0.3400,177.83751761,0.8345456569,0.3362777906,0.3835508223,0.9363154091,0.5265736906,0.3037739902,0.4210951521
case268,cases_floorfrontdriver_lhs_100\case268\case268.key,2000394,3046354,-2132.63350000,459.20787500,289.02372500,-2133.49908391,457.79227493,271.60256428,184.26091601,301.34543989,3708.52436982,3725.30725724,0.83124517,0.0083124517,4.3266311135E-05,5.44067898,58.55584994,0,aluminum_rigid,70000.0,0.3300,236.08456304,0.5542379967,0.6009024246,0.5754040753,0.1624903414,0.3627119319,0.1626551387,0.0566058948
case269,cases_floorfrontdriver_lhs_100\case269\case269.key,2000394,3048688,-2391.99275000,311.15375000,310.58590000,-2389.75646709,308.86687799,293.38068988,-319.92860851,327.16602002,2461.42333124,2503.59675962,0.76590155,0.0076590155,3.9865175715E-05,10.53140782,134.35920370,2,steel_rigid,210000.0,0.3000,171.05092951,0.3116867024,0.2278372917,0.2227264685,0.0318031014,0.7020938548,0.3732200103,0.8823547753
case270,cases_floorfrontdriver_lhs_100\case270\case270.key,2000394,3242500,-2402.13950000,271.29187500,311.63927500,-2402.46769436,271.01538234,294.14453750,92.48519896,77.91565493,4930.01848793,4931.50146027,0.76348406,0.0076348406,3.9739345536E-05,1.40515896,40.11300542,1,titanium_rigid,110000.0,0.3400,131.46799947,0.3021975196,0.1273937837,0.9236025116,0.0269681282,0.0936772639,0.1114250151,0.4381582447
case271,cases_floorfrontdriver_lhs_100\case271\case271.key,2000394,3045104,-2279.86975000,553.73755000,290.23342500,-2281.16071993,554.65127792,272.80504303,355.68021824,-251.74478506,4801.76228755,4821.49405481,1.01738875,0.0101738875,5.2955084673E-05,5.18534942,324.70974885,0,aluminum_rigid,70000.0,0.3300,141.70066883,0.4165434938,0.8390972453,0.8918460942,0.5347775090,0.3456899612,0.9019715246,0.1981093253
case272,cases_floorfrontdriver_lhs_100\case272\case272.key,2000394,3045533,-2079.20400000,538.63505000,288.33645000,-2080.36144667,537.35347788,270.92186157,216.45930285,239.67256116,3256.78044545,3272.75364735,0.78906590,0.0078906590,4.1070880347E-05,5.66309384,47.91335771,0,aluminum_rigid,70000.0,0.3300,156.59819143,0.6042049609,0.8010421343,0.4447630401,0.0781318097,0.3775395895,0.1330926603,0.3234023454
case273,cases_floorfrontdriver_lhs_100\case273\case273.key,2000394,3047183,-1978.36800000,419.77287500,295.85585000,-1977.76626685,420.04273088,278.36828027,-74.72027307,-33.50938055,2171.52069078,2173.06422093,0.86569825,0.0086569825,4.5059593799E-05,2.15965619,204.15453502,1,titanium_rigid,110000.0,0.3400,226.95062324,0.6985062141,0.5015345514,0.1273098989,0.2313964956,0.1439770792,0.5670959306,0.4802222848
case274,cases_floorfrontdriver_lhs_100\case274\case274.key,2000394,3048168,-2138.35325000,279.08970000,311.86852500,-2138.65074505,278.83260229,294.37294277,69.43366750,60.00515547,4083.37021094,4084.40129425,1.05701628,0.0105701628,5.5017697462E-05,1.28744725,40.83385010,2,steel_rigid,210000.0,0.3000,117.05573945,0.5488889190,0.1470426561,0.6790656431,0.6140325634,0.0858298164,0.1134273614,0.9381255451
case275,cases_floorfrontdriver_lhs_100\case275\case275.key,2000394,3046266,-2339.43150000,458.82340000,289.51907500,-2337.97044082,458.81267514,272.08017621,-222.39959776,1.63251814,2654.51538734,2663.81609497,0.91199478,0.0091199478,4.7469328456E-05,4.78927693,179.57942946,1,titanium_rigid,110000.0,0.3400,216.49385884,0.3608416842,0.5999336288,0.2689778283,0.3239895660,0.3192851284,0.4988317485,0.6410796510
case276,cases_floorfrontdriver_lhs_100\case276\case276.key,2000394,3049215,-2690.17925000,290.02942500,320.66917500,-2691.26317477,290.09269484,303.20289022,109.72753459,-6.40491309,1768.14150131,1771.55454994,1.16390895,0.0116390895,6.0581460798E-05,3.55714324,356.65937491,1,titanium_rigid,110000.0,0.3400,93.10966362,0.0328243850,0.1746084532,0.0114039866,0.8278178981,0.2371428825,0.9907204859,0.6094284369
case277,cases_floorfrontdriver_lhs_100\case277\case277.key,2000394,3046282,-2308.45275000,458.84477500,289.07412500,-2307.93566711,459.73674713,271.60452251,-103.31808422,-178.22452371,3490.59289517,3496.66660796,0.93349373,0.0093349373,4.8588348880E-05,3.37754020,239.89881099,0,aluminum_rigid,70000.0,0.3300,236.38161068,0.3898128349,0.5999874892,0.5094011743,0.3669874690,0.2251693467,0.6663855861,0.0846119257
case278,cases_floorfrontdriver_lhs_100\case278\case278.key,2000394,2724824,-2102.01875000,426.12562500,291.94350000,-2101.95874945,426.10914542,274.44361062,-15.30197864,4.20279798,4463.00775183,4463.03596299,0.83395810,0.0083395810,4.3407518978E-05,0.20371976,164.64201262,2,steel_rigid,210000.0,0.3000,264.96660520,0.5828687366,0.5175421400,0.7883681080,0.1679161951,0.0135813171,0.4573389239,0.9220556011
case279,cases_floorfrontdriver_lhs_100\case279\case279.key,2000394,3048479,-2171.48250000,246.37282500,314.63955000,-2169.60588067,245.51830113,297.26145779,-495.58439090,225.66573981,4589.26916818,4621.46301648,1.04406945,0.0104406945,5.4343814632E-05,6.76685347,155.51772022,2,steel_rigid,210000.0,0.3000,87.18100044,0.5179066330,0.0646030394,0.8341020803,0.5881388908,0.4511235645,0.4319936673,0.8746222682
case280,cases_floorfrontdriver_lhs_100\case280\case280.key,2000394,3046698,-2333.52125000,345.34147500,290.93272500,-2332.62284135,344.08824077,273.50079264,-186.31706031,259.90279357,3615.13258988,3629.24884122,0.79713662,0.0079713662,4.1490961189E-05,5.05510077,125.63568278,0,aluminum_rigid,70000.0,0.3300,201.28545612,0.3663689164,0.3139831398,0.5476743862,0.0942732445,0.3370067177,0.3489880077,0.2045377514
case281,cases_floorfrontdriver_lhs_100\case281\case281.key,2000394,3049729,-1689.59325000,454.92180000,288.72472500,-1689.63231550,454.45779365,271.23092118,4.45330219,52.89476996,1994.21997706,1994.92631580,1.20214619,0.0120214619,6.2571708965E-05,1.52473205,85.18751847,1,titanium_rigid,110000.0,0.3400,88.93425679,0.9685667165,0.5901024206,0.0758858912,0.9042923714,0.1016488036,0.2366319958,0.5603651817
case282,cases_floorfrontdriver_lhs_100\case282\case282.key,2000394,2792548,-1819.57875000,516.41540000,297.56190000,-1819.59944891,519.44296270,280.32579152,5.34463114,-781.74186814,4450.50655858,4518.64554280,0.95927434,0.0095927434,4.9930229253E-05,9.96273506,270.39171503,1,titanium_rigid,110000.0,0.3400,98.29463133,0.8470050168,0.7450533080,0.8044212184,0.4185486745,0.6641823371,0.7510880973,0.6399849132
case283,cases_floorfrontdriver_lhs_100\case283\case283.key,2000394,3049763,-1658.24950000,473.39885000,288.69245000,-1660.55585491,476.97539118,271.71779005,468.70952047,-726.84342516,3449.67927557,3556.44163225,0.90770902,0.0090770902,4.7246254653E-05,14.07444675,302.81619895,0,aluminum_rigid,70000.0,0.3300,83.18701224,0.9978792131,0.6366606851,0.5266567455,0.3154180462,0.9382964497,0.8411561082,0.0057600517
case284,cases_floorfrontdriver_lhs_100\case284\case284.key,2000394,3046223,-2454.78200000,469.68045000,292.58905000,-2452.14027207,469.72729403,275.28965466,-502.53579083,-8.91113693,3290.86322981,3329.02424544,1.13727398,0.0113727398,5.9195110735E-05,8.68370082,181.01588194,0,aluminum_rigid,70000.0,0.3300,113.06104702,0.2529665532,0.6272911023,0.4610069702,0.7745479629,0.5789133882,0.5028218943,0.1785030069
case285,cases_floorfrontdriver_lhs_100\case285\case285.key,2000394,3048557,-2451.00775000,252.27030000,313.34300000,-2450.56144952,249.01835613,296.15359405,-82.50215756,601.14742192,3177.59699123,3235.01274612,1.07885329,0.0107885329,5.6154313542E-05,10.81084404,97.81451963,0,aluminum_rigid,70000.0,0.3300,113.29686785,0.2564962104,0.0794634311,0.4338681753,0.6577065722,0.7207229358,0.2717069990,0.1112244618
case286,cases_floorfrontdriver_lhs_100\case286\case286.key,2000394,3044999,-2414.03575000,500.65600000,291.43712500,-2411.76959460,499.49075468,274.12364057,-441.50663818,227.02041682,3373.12185290,3409.45998887,1.23400286,0.0123400286,6.4229848859E-05,8.37264422,152.78800812,1,titanium_rigid,110000.0,0.3400,131.39355097,0.2910722143,0.7053429477,0.4842267801,0.9680057199,0.5581762812,0.4244111337,0.4296380832
case287,cases_floorfrontdriver_lhs_100\case287\case287.key,2000394,3049748,-1679.37850000,463.66832500,288.56817500,-1679.53043089,463.92037670,271.07064983,39.72466335,-65.90278376,4574.99645905,4575.64354229,0.83311790,0.0083311790,4.3363786896E-05,0.96359987,301.08059407,2,steel_rigid,210000.0,0.3000,83.16265525,0.9781194926,0.6121418167,0.8208751313,0.1662358077,0.0642399913,0.8363349835,0.7835476929
case288,cases_floorfrontdriver_lhs_100\case288\case288.key,2000394,3044604,-2675.75375000,410.08742500,299.61032500,-2679.58637981,408.73489510,282.58882061,727.05738210,256.57757111,3229.01272218,3319.78427715,1.10291309,0.0110291309,5.7406626572E-05,13.42926198,19.43786829,2,steel_rigid,210000.0,0.3000,129.53548186,0.0463150305,0.4771292625,0.4583396199,0.7058261891,0.8952841319,0.0539940786,0.8246156138
case289,cases_floorfrontdriver_lhs_100\case289\case289.key,2000394,3048431,-2200.13900000,264.52635000,313.71777500,-2199.69771294,261.63357408,296.46416340,-100.78579419,660.68267852,3940.56181702,3996.83459900,1.24418855,0.0124418855,6.4760014050E-05,9.62586139,98.67348683,1,titanium_rigid,110000.0,0.3400,108.03047612,0.4911072373,0.1103460892,0.6537873038,0.9883771009,0.6417240928,0.2740930190,0.6610310225
case290,cases_floorfrontdriver_lhs_100\case290\case290.key,2000394,3045312,-2205.29325000,608.52087500,290.90765000,-2208.40124546,605.39955456,273.97107057,689.85524498,692.81287650,3759.26808572,3884.32574345,1.17767598,0.0117767598,6.1298034668E-05,14.57830680,45.12255981,1,titanium_rigid,110000.0,0.3400,86.71152525,0.4862870121,0.9771396567,0.6213087796,0.8553519565,0.9718871198,0.1253404439,0.5635409417
case291,cases_floorfrontdriver_lhs_100\case291\case291.key,2000394,2815480,-2582.44175000,434.93620000,297.33557500,-2581.65993573,432.19343302,280.06953910,-205.69421032,721.61804835,4542.66922068,4604.22483860,1.10887033,0.0110887033,5.7716700573E-05,9.37946917,105.90998012,0,aluminum_rigid,70000.0,0.3300,109.44811335,0.1335798817,0.5397429286,0.8291258447,0.7177406560,0.6252979449,0.2941943892,0.0208482777
case292,cases_floorfrontdriver_lhs_100\case292\case292.key,2000394,3044493,-2672.27400000,587.85722500,300.29180000,-2676.48916188,586.83960149,283.33754234,1218.15165669,294.08592233,4899.65929053,5057.37492695,1.12321270,0.0112321270,5.8463221131E-05,14.34655318,13.57262622,0,aluminum_rigid,70000.0,0.3300,110.99725094,0.0495692729,0.9250716218,0.9599390684,0.7464254037,0.9564368789,0.0377017395,0.2634703512
case293,cases_floorfrontdriver_lhs_100\case293\case293.key,2000394,2792980,-1744.29950000,260.80360000,303.26130000,-1741.61019994,261.32522621,285.97704210,-280.85792044,-54.47620170,1805.08705851,1827.61815400,1.02386419,0.0102386419,5.3292131167E-05,9.00602678,190.97698951,0,aluminum_rigid,70000.0,0.3300,84.93640446,0.9174057429,0.1009655453,0.0275881626,0.5477283830,0.6004017854,0.5304916375,0.2205171119
case294,cases_floorfrontdriver_lhs_100\case294\case294.key,2000394,3533496,-2311.81050000,411.81200000,298.30767500,-2313.74165378,409.03526910,281.13763101,348.58807683,501.22123579,3099.32470392,3158.88429589,0.83602478,0.0083602478,4.3515090036E-05,11.14375026,55.18225686,2,steel_rigid,210000.0,0.3000,263.12860598,0.3866726862,0.4814748274,0.4118917745,0.1720495691,0.7429166840,0.1532840468,0.8197077845
case295,cases_floorfrontdriver_lhs_100\case295\case295.key,2000394,3046396,-1977.90575000,437.23387500,289.50162500,-1979.16349508,433.81582542,272.38481997,202.70289948,550.86564702,2758.60828521,2820.36541919,1.04611526,0.0104611526,5.4450299494E-05,12.01224497,69.79781925,0,aluminum_rigid,70000.0,0.3300,211.68542732,0.6989385077,0.5455325845,0.3141697466,0.5922305281,0.8008163317,0.1938828313,0.3096872962
case296,cases_floorfrontdriver_lhs_100\case296\case296.key,2000394,3048673,-2363.47675000,260.51115000,310.89795000,-2363.43235469,261.05063208,293.40632377,-11.25335125,-136.74826314,4433.78864908,4435.91123785,1.16721337,0.0116721337,6.0753455995E-05,1.77254168,265.29558963,2,steel_rigid,210000.0,0.3000,119.67466155,0.3383547033,0.1002286330,0.7805378707,0.8344267433,0.1181694455,0.7369321934,0.7272429986
case297,cases_floorfrontdriver_lhs_100\case297\case297.key,2000394,3048449,-2203.54250000,244.51397500,313.78967500,-2203.75763909,246.66472718,296.42367430,51.70830921,-516.92957210,4173.88827481,4206.09477572,0.78011343,0.0078011343,4.0604904232E-05,7.09491806,275.71227788,2,steel_rigid,210000.0,0.3000,88.59101012,0.4879243035,0.0599191299,0.7141955416,0.0602268677,0.4729945376,0.7658674386,0.6763871234
case298,cases_floorfrontdriver_lhs_100\case298\case298.key,2000394,2724360,-2423.77675000,458.68865000,291.75670000,-2423.62056645,460.17655119,274.32076708,-41.72476103,-397.49590003,4658.04578184,4675.16143592,1.07770757,0.0107770757,5.6094679148E-05,4.90420549,264.00766188,0,aluminum_rigid,70000.0,0.3300,144.33550402,0.2819624866,0.5995940872,0.8496034860,0.6554151450,0.3269470323,0.7333546163,0.2568050777
case299,cases_floorfrontdriver_lhs_100\case299\case299.key,2000394,3048410,-2190.01300000,285.50502500,313.43347500,-2188.59727152,285.70041288,295.99192873,-339.94855897,-46.91706611,4188.11135307,4202.14742002,0.78760088,0.0078760088,4.0994625852E-05,4.68431039,187.85787978,1,titanium_rigid,110000.0,0.3400,128.02196378,0.5005770149,0.1632079205,0.7130560376,0.0752017618,0.3122873590,0.5218274438,0.3499981585
case300,cases_floorfrontdriver_lhs_100\case300\case300.key,2000394,3045790,-1839.42800000,517.56335000,297.38037500,-1839.57861544,515.32312045,280.02501022,15.02948837,223.54616435,1731.84271635,1746.27545574,1.17575847,0.0117575847,6.1198228420E-05,7.37148880,86.15367016,2,steel_rigid,210000.0,0.3000,96.96271464,0.8284421112,0.7479458996,0.0041065373,0.8515169422,0.4914325865,0.2393157504,0.8638481576
case301,cases_floorfrontdriver_lhs_100\case301\case301.key,2000394,3044332,-2717.37300000,320.71040000,320.47030000,-2716.50774300,316.36035513,303.54167218,-102.44008169,515.01340511,2004.22536421,2071.87163896,0.96488382,0.0096488382,5.0222202867E-05,14.68138151,101.24973739,2,steel_rigid,210000.0,0.3000,87.40232843,0.0073929448,0.2519180318,0.0980981031,0.4297676414,0.9787587676,0.2812492705,0.8714735806
case302,cases_floorfrontdriver_lhs_100\case302\case302.key,2000394,3045712,-1896.39950000,538.59162500,292.75952500,-1896.65310180,539.84675563,275.30643550,49.33128738,-244.15130569,3395.02080635,3404.14595920,1.16317079,0.0116317079,6.0543039510E-05,4.19614686,281.42294297,0,aluminum_rigid,70000.0,0.3300,84.15308353,0.7751626887,0.8009327124,0.4826927511,0.8263415758,0.2797431239,0.7817303971,0.2387434595
case303,cases_floorfrontdriver_lhs_100\case303\case303.key,2000394,3044468,-2656.30775000,530.33672500,298.19225000,-2654.83752466,532.34409518,280.87004164,-401.89089882,-548.72119650,4735.08224757,4783.68217353,0.86113628,0.0086113628,4.4822143123E-05,8.17415084,233.78044330,0,aluminum_rigid,70000.0,0.3300,93.87796527,0.0645008190,0.7801321075,0.8809307392,0.2222725503,0.5449433891,0.6493901203,0.1860646198
case304,cases_floorfrontdriver_lhs_100\case304\case304.key,2000394,3046334,-2153.37650000,459.00562500,288.83842500,-2155.59536011,459.79236750,271.49749953,256.93211690,-91.10056777,2007.98629533,2026.40627426,1.08276860,0.0108276860,5.6358105874E-05,7.73122764,340.47699129,0,aluminum_rigid,70000.0,0.3300,236.25103071,0.5348392611,0.6003927973,0.0849733767,0.6655372094,0.5154151759,0.9457694202,0.2611529111
case305,cases_floorfrontdriver_lhs_100\case305\case305.key,2000394,3138235,-1788.32300000,405.43407500,297.36087500,-1787.49311532,404.02487318,279.93745853,-229.25895576,389.29762930,4813.28836913,4834.44487376,1.02099869,0.0102099869,5.3142981636E-05,5.36222200,120.49400396,0,aluminum_rigid,70000.0,0.3300,155.17384204,0.8762352163,0.4654038031,0.8955846753,0.5419973732,0.3574814665,0.3347055666,0.2186394041
case306,cases_floorfrontdriver_lhs_100\case306\case306.key,2000394,2816416,-2267.43150000,239.81127500,312.03130000,-2269.75399513,236.77340636,294.95419924,491.44705891,642.82227911,3613.56665453,3703.05342399,1.18002259,0.0118002259,6.1420175700E-05,12.62163282,52.60155728,0,aluminum_rigid,70000.0,0.3300,88.82654514,0.4281756744,0.0480693189,0.5689799440,0.8600451758,0.8414421883,0.1461154369,0.2993194531
case307,cases_floorfrontdriver_lhs_100\case307\case307.key,2000394,3048928,-2552.45025000,300.10687500,315.83970000,-2552.79876726,300.50126809,298.34761637,45.51347786,-51.50448271,2284.32176094,2285.35557319,0.97185343,0.0097185343,5.0584970776E-05,1.72344707,311.46638648,1,titanium_rigid,110000.0,0.3400,157.91602547,0.1616277618,0.2000014993,0.1597256353,0.4437068502,0.1148964713,0.8651844069,0.3828787300
case308,cases_floorfrontdriver_lhs_100\case308\case308.key,2000394,2875297,-2636.73150000,347.57695000,299.75750000,-2637.38434049,351.01091957,282.61014883,96.96672618,-510.04922668,2546.90469371,2599.28380106,1.11531063,0.0111531063,5.8051918403E-05,11.52183995,280.76418734,0,aluminum_rigid,70000.0,0.3300,168.73618922,0.0828084166,0.3196160648,0.2503489510,0.7306212643,0.7681226632,0.7799005204,0.0905316827
case309,cases_floorfrontdriver_lhs_100\case309\case309.key,2000394,3047022,-2009.92550000,348.35467500,290.00025000,-2012.68510546,350.10835199,272.80841488,462.02088567,-293.60551992,2878.30525470,2929.89908348,1.17231687,0.0117231687,6.1019093195E-05,10.76835965,327.56481474,0,aluminum_rigid,70000.0,0.3300,187.83148340,0.6689938198,0.3215757676,0.3457894066,0.8446337443,0.7178906434,0.9099022632,0.1577988115
case310,cases_floorfrontdriver_lhs_100\case310\case310.key,2000394,3044462,-2655.99825000,541.34257500,298.23797500,-2653.92260043,545.24871068,281.30623608,-445.09149715,-837.61141773,3630.75402755,3752.60897730,1.02295990,0.0102295990,5.3245062984E-05,14.64113765,242.01463467,0,aluminum_rigid,70000.0,0.3300,91.78261557,0.0647902616,0.8078645256,0.5832854067,0.5459198072,0.9760758434,0.6722628741,0.0337226868
case311,cases_floorfrontdriver_lhs_100\case311\case311.key,2000394,3045866,-1956.50825000,578.54540000,291.05550000,-1953.49591617,576.58462859,273.92858491,-861.10690218,560.50686620,4895.90650872,5002.55670494,1.09328523,0.0109328523,5.6905496342E-05,11.85214752,146.93931818,1,titanium_rigid,110000.0,0.3400,96.83449129,0.7189493279,0.9016077891,0.9441144034,0.6865704646,0.7901431681,0.4081647727,0.4100324478
case312,cases_floorfrontdriver_lhs_100\case312\case312.key,2000394,3048179,-2010.98125000,329.27955000,301.12680000,-2011.07127856,326.67946171,283.82126806,25.13667780,725.96498383,4831.83984248,4886.13684558,1.03070792,0.0103070792,5.3648347442E-05,8.54959893,88.01691482,2,steel_rigid,210000.0,0.3000,168.76067523,0.6680064884,0.2735104804,0.9105068692,0.5614158479,0.5699732622,0.2444914301,0.8155849773
case313,cases_floorfrontdriver_lhs_100\case313\case313.key,2000394,3048071,-2023.48625000,266.41467500,310.86820000,-2025.35519851,266.49198808,293.46845707,445.45211438,-18.42708661,4147.11922037,4171.01486112,1.11314821,0.0111314821,5.7939364318E-05,6.13597609,357.63118720,2,steel_rigid,210000.0,0.3000,105.17802703,0.6563118836,0.1151042695,0.7040688378,0.7262964195,0.4090650725,0.9934199644,0.7037097513
case314,cases_floorfrontdriver_lhs_100\case314\case314.key,2000394,3047315,-1863.67950000,360.14702500,288.74357500,-1863.66424003,361.08584952,271.26878242,-1.84251194,-113.35506922,2109.93245721,2112.97603880,1.12991685,0.0112991685,5.8812171812E-05,3.07563619,269.06877687,1,titanium_rigid,110000.0,0.3400,184.03860563,0.8057622465,0.3512899996,0.1099639268,0.7598336912,0.2050424130,0.7474132691,0.5926682809
case315,cases_floorfrontdriver_lhs_100\case315\case315.key,2000394,3045674,-1936.24250000,545.30027500,291.53497500,-1939.60184400,544.21093818,274.39501721,443.99476551,143.97449177,2265.33857386,2312.92430924,1.04262450,0.0104262450,5.4268605014E-05,11.64240571,17.96635948,0,aluminum_rigid,70000.0,0.3300,100.16844665,0.7379017419,0.8178370939,0.1676840476,0.5852489919,0.7761603804,0.0499065541,0.1226334629
case316,cases_floorfrontdriver_lhs_100\case316\case316.key,2000394,3045863,-1957.25850000,588.02922500,290.69580000,-1955.90260313,586.56676697,273.30980678,-188.51077782,203.32601054,2417.18023275,2433.03063226,1.15948050,0.0115948050,6.0350960162E-05,6.54364913,132.83469500,1,titanium_rigid,110000.0,0.3400,93.23709928,0.7182476984,0.9255050255,0.2023557727,0.8189610053,0.4362432753,0.3689852639,0.6298567041
case317,cases_floorfrontdriver_lhs_100\case317\case317.key,2000394,3048936,-2511.70550000,306.98620000,312.64692500,-2510.58032378,302.63934870,295.73276341,-251.50919425,971.64607986,3780.80078718,3911.75249366,1.07593133,0.0107593133,5.6002225745E-05,14.86711109,104.51240391,0,aluminum_rigid,70000.0,0.3300,167.25434641,0.1997320201,0.2173359457,0.6292262041,0.6518626607,0.9911407395,0.2903122331,0.0964026656
case318,cases_floorfrontdriver_lhs_100\case318\case318.key,2000394,3044945,-2450.24950000,529.38140000,292.37640000,-2448.28821546,525.32998726,275.46517835,-543.48058664,1122.66431776,4686.17401865,4849.32709265,0.80367883,0.0080367883,4.1831482971E-05,14.90457980,115.83157406,2,steel_rigid,210000.0,0.3000,88.07211750,0.2572053214,0.7777248902,0.8998808039,0.1073576550,0.9936386530,0.3217543724,0.6718460558
case319,cases_floorfrontdriver_lhs_100\case319\case319.key,2000394,2828907,-1921.60525000,460.63647500,289.32085000,-1922.34988978,460.38155790,271.83855813,179.86571564,61.57453178,4222.80009796,4227.07744973,1.24326850,0.0124326850,6.4712125333E-05,2.57775501,18.89792796,2,steel_rigid,210000.0,0.3000,166.03135050,0.7515904148,0.6045021949,0.7202527207,0.9865369965,0.1718503341,0.0524942443,0.6785238264
case320,cases_floorfrontdriver_lhs_100\case320\case320.key,2000394,3048007,-2107.39700000,242.84045000,313.40560000,-2105.31402427,245.15991495,296.18551596,-559.40159878,-622.91287410,4624.60623360,4699.78014521,0.76821928,0.0076821928,3.9985813346E-05,10.26155138,228.07484514,2,steel_rigid,210000.0,0.3000,81.61137944,0.5778390278,0.0557022003,0.8567102986,0.0364385532,0.6841034256,0.6335412365,0.7230377644
case321,cases_floorfrontdriver_lhs_100\case321\case321.key,2000394,3045029,-2381.21350000,490.91027500,290.47000000,-2379.30881221,487.17645000,273.47939332,-331.61508298,650.07645452,2958.14435807,3046.83212586,0.87862744,0.0087862744,4.5732558372E-05,13.85812126,117.02690349,0,aluminum_rigid,70000.0,0.3300,165.51405175,0.3217673957,0.6807857785,0.3795450841,0.2572548846,0.9238747505,0.3250747319,0.1260224348
case322,cases_floorfrontdriver_lhs_100\case322\case322.key,2000394,3049826,-1664.76800000,428.27802500,290.63447500,-1666.26961939,430.41571891,273.33056203,367.51306426,-523.18879580,4235.03726876,4283.02848885,0.97579648,0.0097579648,5.0790206599E-05,8.58517993,305.08605659,0,aluminum_rigid,70000.0,0.3300,93.28566325,0.9917831490,0.5229657335,0.7364044020,0.4515929529,0.5723453283,0.8474612683,0.1382396822
case323,cases_floorfrontdriver_lhs_100\case323\case323.key,2000394,3044622,-2602.76800000,446.33990000,297.56870000,-2603.45041766,444.86264903,280.14452037,99.61358519,215.63665935,2543.43504915,2554.50266871,0.82679233,0.0082679233,4.3034540751E-05,5.33541846,65.20537338,2,steel_rigid,210000.0,0.3000,105.93333906,0.1145708884,0.5684778447,0.2374217455,0.1535846590,0.3556945643,0.1811260372,0.7313484357
case324,cases_floorfrontdriver_lhs_100\case324\case324.key,2000394,3047764,-1837.32600000,321.13220000,304.15687500,-1839.33492713,320.09077958,286.80378723,438.53161227,227.33317154,3788.03065375,3820.10033633,1.18961124,0.0118961124,6.1919264809E-05,7.42936797,27.40205700,2,steel_rigid,210000.0,0.3000,144.54815704,0.8304078897,0.2529808787,0.6027684929,0.8792224711,0.4952911981,0.0761168250,0.9079699834
case325,cases_floorfrontdriver_lhs_100\case325\case325.key,2000394,3046283,-2270.68925000,435.80435000,289.34730000,-2269.89711732,433.48740946,272.01945211,-205.80185317,601.95806359,4501.90136091,4546.62773674,1.22505019,0.0122505019,6.3763862203E-05,8.04324787,108.87490978,1,titanium_rigid,110000.0,0.3400,259.60330906,0.4251290451,0.5419304833,0.8124989858,0.9501003728,0.5362165244,0.3024303050,0.3939457150
case326,cases_floorfrontdriver_lhs_100\case326\case326.key,2000394,3045797,-1830.66575000,506.01165000,296.65447500,-1830.76076790,505.79706555,279.15604864,10.16691579,22.96053618,1872.33165042,1872.50002979,0.88648082,0.0088648082,4.6141326797E-05,0.76837709,66.11625745,2,steel_rigid,210000.0,0.3000,108.60670306,0.8366365176,0.7188380548,0.0405444502,0.2729616445,0.0512251394,0.1836562707,0.9305862890
case327,cases_floorfrontdriver_lhs_100\case327\case327.key,2000394,3045337,-2307.80225000,599.89747500,291.08360000,-2306.10488480,599.18209259,273.68080771,-389.47730648,164.15160138,3993.24356906,4015.54884447,1.14929192,0.0114929192,5.9820644447E-05,6.04185372,157.14621125,2,steel_rigid,210000.0,0.3000,95.32811878,0.3904211788,0.9554105095,0.6591896436,0.7985838404,0.4027902478,0.4365172535,0.9150671215
case328,cases_floorfrontdriver_lhs_100\case328\case328.key,2000394,2792732,-2540.96225000,397.86637500,302.06755000,-2544.35322611,397.59654554,284.90134853,508.04794089,40.42679710,2571.90054524,2621.91141170,0.77061374,0.0077061374,4.0110445033E-05,11.20865645,4.54959932,2,steel_rigid,210000.0,0.3000,141.86208165,0.1723712740,0.4463347970,0.2568809826,0.0412274749,0.7472437631,0.0126377759,0.9828395427
case329,cases_floorfrontdriver_lhs_100\case329\case329.key,2000394,3045807,-1811.64875000,494.81407500,295.63027500,-1808.85012570,493.69881466,278.39154255,-446.51431517,177.93732002,2750.40162283,2792.08628276,1.08949084,0.0108949084,5.6707998457E-05,9.91295531,158.27256699,1,titanium_rigid,110000.0,0.3400,104.11338009,0.8544211077,0.6906225302,0.3060062593,0.6789816890,0.6608636876,0.4396460194,0.3385867579
case330,cases_floorfrontdriver_lhs_100\case330\case330.key,2000394,3048575,-2411.50425000,291.47547500,311.74737500,-2411.60713738,291.42706804,294.24774441,12.52003822,5.89048933,2129.47437079,2129.51932254,0.86205409,0.0086205409,4.4869915210E-05,0.37228103,25.19627770,0,aluminum_rigid,70000.0,0.3300,151.80448387,0.2934396587,0.1782521938,0.1147395637,0.2241081733,0.0248187353,0.0699896603,0.0303078175
case331,cases_floorfrontdriver_lhs_100\case331\case331.key,2000394,3045002,-2433.74800000,480.24992500,291.97767500,-2430.76775335,478.43604730,274.82897308,-692.05585959,421.20832084,3982.17363338,4063.75006720,1.06784836,0.0106784836,5.5581507067E-05,11.49967828,148.67390912,0,aluminum_rigid,70000.0,0.3300,123.53434418,0.2726374303,0.6539239475,0.6731041446,0.6356967173,0.7666452189,0.4129830809,0.0867581924
case332,cases_floorfrontdriver_lhs_100\case332\case332.key,2000394,2815960,-2711.10550000,373.20917500,301.07862500,-2710.54175798,374.29518437,283.62145517,-100.85456110,-194.28922028,3123.12215281,3130.78455422,1.06902892,0.0106902892,5.5642955260E-05,4.00942510,242.56639991,2,steel_rigid,210000.0,0.3000,94.28657742,0.0132542751,0.3842038595,0.4037800740,0.6380578390,0.2672950064,0.6737955553,0.7527814302
case333,cases_floorfrontdriver_lhs_100\case333\case333.key,2000394,3044496,-2646.28850000,606.86835000,299.37910000,-2648.20560138,606.30951396,281.99340402,569.13295096,165.90254870,5161.31934620,5195.25296448,0.96139846,0.0096139846,5.0040790052E-05,6.55218329,16.25143091,0,aluminum_rigid,70000.0,0.3300,89.38977495,0.0738707646,0.9729756426,0.9997410480,0.4227969280,0.4368122196,0.0451428637,0.0124489724
case334,cases_floorfrontdriver_lhs_100\case334\case334.key,2000394,3045359,-2118.17325000,579.99500000,286.68137500,-2119.93677490,577.61289315,269.43418546,387.26711535,523.10667453,3787.45393804,3842.97069262,1.05845172,0.0105845172,5.5092412066E-05,9.75080225,53.48665821,1,titanium_rigid,110000.0,0.3400,115.29770869,0.5677611402,0.9052604750,0.6093705992,0.6169034415,0.6500534832,0.1485740506,0.5762619214
case335,cases_floorfrontdriver_lhs_100\case335\case335.key,2000394,3045538,-2099.76975000,511.55665000,288.71260000,-2098.02375305,512.91816919,271.35322904,-415.27861125,-323.83206597,4128.85914150,4162.30721383,0.80897274,0.0080897274,4.2107030899E-05,7.26854312,217.94691728,2,steel_rigid,210000.0,0.3000,183.83990086,0.5849719886,0.7328102840,0.7015551554,0.1179454716,0.4845695413,0.6054081036,0.9551705726
case336,cases_floorfrontdriver_lhs_100\case336\case336.key,2000394,3045149,-2230.28750000,483.29595000,292.24907500,-2229.61422077,482.93150125,274.76582953,-146.19194322,79.13428509,3796.21041149,3799.84839271,1.05278018,0.0105278018,5.4797208295E-05,2.50737550,151.57313896,1,titanium_rigid,110000.0,0.3400,212.04731501,0.4629125317,0.6615992873,0.5969222576,0.6055603572,0.1671583667,0.4210364971,0.4611631494
case337,cases_floorfrontdriver_lhs_100\case337\case337.key,2000394,3046491,-2640.11000000,402.24085000,300.76867500,-2640.64107767,398.34163947,283.71686824,136.17877872,999.83440375,4372.41920981,4487.34478740,0.80020910,0.0080020910,4.1650883646E-05,12.99518706,82.24396371,1,titanium_rigid,110000.0,0.3400,162.62245777,0.0796488626,0.4573575504,0.7953854644,0.1004181997,0.8663458040,0.2284554547,0.4070942528
case338,cases_floorfrontdriver_lhs_100\case338\case338.key,2000394,3049965,-1778.38200000,383.28975000,288.87922500,-1778.39427085,383.01831217,271.38133453,1.46890369,32.49294666,2094.61596394,2094.86848887,0.77733184,0.0077733184,4.0460122382E-05,0.88964294,87.41160074,2,steel_rigid,210000.0,0.3000,158.93886671,0.8855319829,0.4096047799,0.1047367249,0.0546636842,0.0593095297,0.2428100021,0.7260246532
case339,cases_floorfrontdriver_lhs_100\case339\case339.key,2000394,3047683,-1820.05925000,340.77385000,298.91722500,-1819.25957347,344.91395619,281.93281926,-196.25481047,-1016.05552774,4168.27456498,4294.81054706,0.95649005,0.0095649005,4.9785306896E-05,13.94263108,259.06774034,2,steel_rigid,210000.0,0.3000,165.32032906,0.8465556560,0.3024736893,0.7398055908,0.4129800921,0.9295087384,0.7196326121,0.7033181735
case340,cases_floorfrontdriver_lhs_100\case340\case340.key,2000394,3047303,-1855.66825000,382.64502500,288.87252500,-1856.87226264,384.12464809,271.47680515,216.51557585,-266.07814065,3128.24314895,3146.99567373,1.12527741,0.0112527741,5.8570689242E-05,6.25799664,309.13625889,0,aluminum_rigid,70000.0,0.3300,205.94859134,0.8132543219,0.4079802091,0.4084598233,0.7505548220,0.4171997762,0.8587118303,0.3139158388
case341,cases_floorfrontdriver_lhs_100\case341\case341.key,2000394,2793164,-2254.37025000,327.44770000,302.24562500,-2256.05455261,323.94915904,285.18182308,218.73044919,454.33488722,2215.97534421,2272.62181749,1.20159432,0.0120159432,6.2542984339E-05,12.81937114,64.29244037,1,titanium_rigid,110000.0,0.3400,174.52119271,0.4403904810,0.2688946052,0.1560497149,0.9031886394,0.8546247427,0.1785901121,0.5202166819
case342,cases_floorfrontdriver_lhs_100\case342\case342.key,2000394,3048186,-2019.90950000,337.83562500,294.08567500,-2017.64292627,341.42585126,277.10854571,-592.23424908,-938.09211912,4435.96309196,4572.58425652,1.12063448,0.0112063448,5.8329024452E-05,14.04116260,237.73505318,2,steel_rigid,210000.0,0.3000,176.55110239,0.6596568398,0.2950699827,0.8199919911,0.7412689511,0.9360775064,0.6603751477,0.7817031283
case343,cases_floorfrontdriver_lhs_100\case343\case343.key,2000394,3044008,-2717.12925000,496.28120000,303.57245000,-2715.08692236,494.53907370,286.27956436,-425.89235887,363.29052449,3606.13435048,3649.32449369,1.15288152,0.0115288152,6.0007483068E-05,8.82374544,139.53548344,2,steel_rigid,210000.0,0.3000,88.47581686,0.0076208984,0.6943193754,0.5534697306,0.8057630381,0.5882496960,0.3875985651,0.8376418895
case344,cases_floorfrontdriver_lhs_100\case344\case344.key,2000394,3044506,-2636.99975000,595.27990000,298.86985000,-2637.74730342,594.77803096,281.39302845,80.76314800,54.22023624,1888.13679136,1890.64091328,1.15515448,0.0115515448,6.0125790915E-05,2.94923097,33.87538629,0,aluminum_rigid,70000.0,0.3300,80.75906626,0.0825575507,0.9437751955,0.0457812746,0.8103089689,0.1966153980,0.0940982952,0.2790762840
case345,cases_floorfrontdriver_lhs_100\case345\case345.key,2000394,3045629,-1935.22900000,558.68762500,293.05110000,-1933.53451093,559.14784033,275.63941115,-180.44699057,-49.00856131,1854.17948021,1863.58377873,1.11834146,0.0111834146,5.8209672898E-05,5.75849740,195.19473623,0,aluminum_rigid,70000.0,0.3300,90.25147085,0.7388495614,0.8515703891,0.0379705490,0.7366829164,0.3838998268,0.5422076006,0.0278961608
case346,cases_floorfrontdriver_lhs_100\case346\case346.key,2000394,3044607,-2602.43025000,468.94312500,297.40260000,-2602.51422103,472.62825137,280.29521000,11.40390347,-500.46816779,2323.31357676,2376.63299900,0.75837308,0.0075837308,3.9473318807E-05,12.15946848,271.30534274,2,steel_rigid,210000.0,0.3000,86.08491206,0.1148867503,0.6254331989,0.1860751708,0.0167461597,0.8106312317,0.7536259520,0.9878556777
case347,cases_floorfrontdriver_lhs_100\case347\case347.key,2000394,3045677,-1925.53725000,551.89542500,291.59615000,-1927.96733576,551.41774112,274.27227915,487.14316406,95.75811758,3472.80141061,3508.10885191,0.81228669,0.0081228669,4.2279521996E-05,8.13577902,11.12088624,0,aluminum_rigid,70000.0,0.3300,88.03965144,0.7479132308,0.8344554793,0.5127042672,0.1245733716,0.5423852682,0.0308913507,0.2294602548
case348,cases_floorfrontdriver_lhs_100\case348\case348.key,2000394,3047431,-1807.97425000,292.59265000,299.92580000,-1808.90512129,288.91392910,282.84216774,133.28732429,526.73970028,2446.12939778,2505.74724450,0.92502185,0.0092502185,4.8147387042E-05,12.52339274,75.79982729,2,steel_rigid,210000.0,0.3000,117.12130918,0.8578574792,0.1810672389,0.2233472603,0.3500436904,0.8348928495,0.2105550758,0.8883738325
case349,cases_floorfrontdriver_lhs_100\case349\case349.key,2000394,3243299,-2061.41350000,398.25847500,294.62502500,-2060.53720879,399.03048181,277.16403651,-248.64115389,-219.05122652,4954.42643149,4965.49565787,1.07265067,0.0107265067,5.5831467343E-05,3.82644674,221.37983996,1,titanium_rigid,110000.0,0.3400,236.47249017,0.6208425353,0.4473228062,0.9334157957,0.6453013388,0.2550964495,0.6149439999,0.5870033443
case350,cases_floorfrontdriver_lhs_100\case350\case350.key,2000394,3047370,-1753.99125000,329.05355000,299.05125000,-1753.47921161,330.65242312,281.63196697,-68.87189241,-215.05695431,2342.98638812,2353.84325010,0.93189805,0.0093189805,4.8505293269E-05,5.50513647,252.24235939,1,titanium_rigid,110000.0,0.3400,118.76920284,0.9083420735,0.2729410081,0.1794963339,0.3637960910,0.3670090978,0.7006732205,0.5693273332
case351,cases_floorfrontdriver_lhs_100\case351\case351.key,2000394,3045585,-2009.69250000,525.52485000,288.73522500,-2010.21819787,526.94614055,271.30096061,77.45295715,-209.40384870,2568.65287347,2578.33793689,0.86494577,0.0086494577,4.5020427563E-05,4.96769570,290.29810376,0,aluminum_rigid,70000.0,0.3300,169.64998534,0.6692117200,0.7680071985,0.2443023980,0.2298915490,0.3311797132,0.8063836215,0.3330489407
case352,cases_floorfrontdriver_lhs_100\case352\case352.key,2000394,3047155,-2122.94225000,419.44935000,295.99995000,-2123.56127812,419.01604282,278.51627049,116.13836522,81.29450947,3280.18370175,3283.24565551,0.76116257,0.0076116257,3.9618511854E-05,2.47467979,34.99124337,0,aluminum_rigid,70000.0,0.3300,257.17869533,0.5633011985,0.5007193367,0.4477918234,0.0223251433,0.1649786529,0.0971978982,0.1437793242
case353,cases_floorfrontdriver_lhs_100\case353\case353.key,2000394,3046853,-2383.90125000,419.25372500,297.84587500,-2382.95981314,419.05121636,280.37238975,-266.56160738,57.33897996,4947.50155642,4955.00903126,0.94271357,0.0094271357,4.9068241439E-05,3.15440315,167.86031929,1,titanium_rigid,110000.0,0.3400,199.89191050,0.3192538272,0.5002264030,0.9303885659,0.3854271446,0.2102935432,0.4662786647,0.6573170286
case354,cases_floorfrontdriver_lhs_100\case354\case354.key,2000394,3048017,-2096.63650000,243.18145000,313.06822500,-2095.07656697,240.61893785,295.82728128,-199.65513761,327.97479469,2206.66074489,2239.81724321,1.21307487,0.0121307487,6.3140547201E-05,9.87081185,121.33102624,1,titanium_rigid,110000.0,0.3400,82.33517736,0.5879021862,0.0565614483,0.1465798456,0.9261497484,0.6580541231,0.3370306284,0.5044116082
case355,cases_floorfrontdriver_lhs_100\case355\case355.key,2000394,3045050,-2338.67650000,480.94400000,289.55517500,-2342.12230614,482.43217688,272.46243532,387.54513790,-167.37323294,1922.39722441,1968.20124007,1.01620429,0.0101620429,5.2893433347E-05,12.38512848,336.64142019,1,titanium_rigid,110000.0,0.3400,208.89988678,0.3615477559,0.6556728699,0.0681710228,0.5324085820,0.8256752318,0.9351150561,0.4863557711
case356,cases_floorfrontdriver_lhs_100\case356\case356.key,2000394,3047021,-2000.01450000,348.59657500,289.97932500,-1999.45867016,349.83857543,272.53230554,-162.60025212,-363.32986536,5103.88168972,5119.38040545,0.92677828,0.0092677828,4.8238809527E-05,4.45950252,245.89015221,1,titanium_rigid,110000.0,0.3400,188.14979665,0.6782625306,0.3221853045,0.9778385166,0.3535565620,0.2973001682,0.6830282006,0.4152398146
case357,cases_floorfrontdriver_lhs_100\case357\case357.key,2000394,3044577,-2655.35300000,457.79645000,298.76365000,-2658.71517344,459.91465789,281.72079270,889.93980604,-560.67230291,4511.10491880,4632.10685089,1.00531898,0.0100531898,5.2326852935E-05,13.12485341,327.78860101,1,titanium_rigid,110000.0,0.3400,128.38671166,0.0653936958,0.5973459316,0.8371746921,0.5106379610,0.8749902271,0.9105238917,0.6653598041
case358,cases_floorfrontdriver_lhs_100\case358\case358.key,2000394,3048417,-2198.65600000,274.10822500,313.45672500,-2199.94590573,274.27864789,296.00516062,195.00979135,-25.76477603,2638.35244033,2645.67500684,1.24946301,0.0124946301,6.5034549473E-05,4.26384358,352.47364824,0,aluminum_rigid,70000.0,0.3300,117.45203010,0.4924941305,0.1344903910,0.2637409448,0.9989260124,0.2842562388,0.9790934673,0.0161315080
case359,cases_floorfrontdriver_lhs_100\case359\case359.key,2000394,3049002,-2642.56325000,234.98282500,319.82257500,-2643.76274038,238.50911794,302.72355512,316.52621387,-930.53197152,4512.15624055,4617.96844221,0.90374905,0.0090374905,4.7040138103E-05,12.28889364,288.78605477,1,titanium_rigid,110000.0,0.3400,94.62226865,0.0773545972,0.0359026444,0.8330932832,0.3074981019,0.8192595762,0.8021834855,0.6175611851
case360,cases_floorfrontdriver_lhs_100\case360\case360.key,2000394,3045793,-1829.50500000,516.99070000,297.48742500,-1830.19458710,514.54586334,280.17277099,114.77060980,406.90348488,2881.74386757,2912.59170794,0.85688075,0.0085688075,4.4600643206E-05,8.34630523,74.24844023,2,steel_rigid,210000.0,0.3000,97.60465063,0.8377220444,0.7465029425,0.3407931953,0.2137615065,0.5564203486,0.2062456673,0.7639777201
case361,cases_floorfrontdriver_lhs_100\case361\case361.key,2000394,3048002,-2043.51475000,298.11717500,310.91062500,-2043.72405884,298.31506941,293.41299580,30.70455095,-29.03011260,2566.81399188,2567.16177632,0.90060744,0.0090060744,4.6876617309E-05,0.94312876,316.60565288,0,aluminum_rigid,70000.0,0.3300,135.98001596,0.6375813444,0.1949878754,0.2410761168,0.3012148822,0.0628752506,0.8794601469,0.2139315496
case362,cases_floorfrontdriver_lhs_100\case362\case362.key,2000394,3048938,-2501.77375000,296.20565000,312.51390000,-2501.76628478,295.84666150,295.01758406,-1.36016378,65.40771935,3187.82951413,3188.50074971,1.05011236,0.0105011236,5.4658348544E-05,1.17568093,91.19130301,1,titanium_rigid,110000.0,0.3400,158.06543144,0.2090201361,0.1901712360,0.4204413122,0.6002247279,0.0783787289,0.2533091750,0.5861519043
case363,cases_floorfrontdriver_lhs_100\case363\case363.key,2000394,3046398,-1988.10200000,449.41875000,289.27460000,-1986.71942130,447.24071081,271.96579815,-274.04013724,431.70790951,3430.76777411,3468.66505097,0.86904642,0.0086904642,4.5233866262E-05,8.47728249,122.40661936,0,aluminum_rigid,70000.0,0.3300,207.23244151,0.6894030327,0.5762358966,0.5013178173,0.2380928439,0.5651521662,0.3400183871,0.0505463787
case364,cases_floorfrontdriver_lhs_100\case364\case364.key,2000394,3044570,-2664.07850000,457.28547500,299.01795000,-2663.99161428,457.23689801,281.51823311,-10.86447952,6.07422872,2188.22273256,2188.25813387,1.08482333,0.0108482333,5.6465054577E-05,0.32591071,150.79085329,2,steel_rigid,210000.0,0.3000,135.27306140,0.0572336578,0.5960583825,0.1316960059,0.6696466696,0.0217273804,0.4188634814,0.7614701675
case365,cases_floorfrontdriver_lhs_100\case365\case365.key,2000394,3048959,-2635.33350000,328.22447500,310.73340000,-2635.30862865,328.27465702,293.23348962,-6.44616817,-13.00620045,4535.63545036,4535.65867906,0.75494063,0.0075494063,3.9294659707E-05,0.18337074,243.63594062,2,steel_rigid,210000.0,0.3000,157.11348765,0.0841158182,0.2708519142,0.8093324901,0.0098812567,0.0122247163,0.6767665017,0.9704508292
case366,cases_floorfrontdriver_lhs_100\case366\case366.key,2000394,3045593,-2000.10925000,525.34810000,288.86610000,-2001.57518410,524.53623739,271.44651573,289.87879625,160.54047514,3444.60785528,3460.50953435,1.22140786,0.0122140786,6.3574279352E-05,5.49484622,28.97853072,2,steel_rigid,210000.0,0.3000,162.11216401,0.6781739209,0.7675618259,0.4989635214,0.9428157292,0.3663230815,0.0804959187,0.9937516956
case367,cases_floorfrontdriver_lhs_100\case367\case367.key,2000394,3045780,-1902.22025000,493.10397500,293.56285000,-1902.09252959,492.94279796,276.06405834,-20.30846460,25.62830892,2782.43375542,2782.62589064,1.11074559,0.0111074559,5.7814307801E-05,0.67331177,128.39411898,0,aluminum_rigid,70000.0,0.3300,129.19447208,0.7697191565,0.6863134393,0.3032752780,0.7214911739,0.0448874515,0.3566503305,0.0383256248
case368,cases_floorfrontdriver_lhs_100\case368\case368.key,2000394,3049245,-2678.10050000,268.58397500,320.85677500,-2681.16431829,268.54037271,303.62711696,814.13687862,11.58627320,4578.37204247,4650.20899080,0.77602127,0.0077602127,4.0391907170E-05,10.08407363,0.81534170,1,titanium_rigid,110000.0,0.3400,84.66939064,0.0441203632,0.1205704474,0.8424003322,0.0520425426,0.6722715752,0.0022648380,0.5515031451
case369,cases_floorfrontdriver_lhs_100\case369\case369.key,2000394,3045263,-2272.01000000,527.98625000,296.49375000,-2273.02754503,528.48811465,279.03056776,204.92266932,-101.07016449,3516.89783393,3524.31253621,1.12795500,0.0112795500,5.8710057894E-05,3.71726440,333.74696672,1,titanium_rigid,110000.0,0.3400,167.44282479,0.4238938872,0.7742094068,0.5173818701,0.7559100055,0.2478176267,0.9270749076,0.3586005356
case370,cases_floorfrontdriver_lhs_100\case370\case370.key,2000394,3048623,-2344.09900000,250.05302500,310.42795000,-2341.81707475,246.71447527,293.40159094,-257.80425663,377.17814352,1923.58090427,1977.09126799,0.87583049,0.0087583049,4.5586977166E-05,13.36065168,124.35291669,0,aluminum_rigid,70000.0,0.3300,108.37530350,0.3564766648,0.0738763663,0.0707373540,0.2516609862,0.8907101119,0.3454247686,0.3179438865
case371,cases_floorfrontdriver_lhs_100\case371\case371.key,2000394,3044895,-2405.97900000,586.36910000,291.16012500,-2409.95702972,587.01374783,274.13045358,759.79925055,-123.12701836,3252.64829461,3342.48052982,1.18675424,0.0118675424,6.1770558425E-05,13.31363942,350.79512145,2,steel_rigid,210000.0,0.3000,109.07817102,0.2986068410,0.9213218611,0.4648914667,0.8735084890,0.8875759612,0.9744308929,0.8404317659
case372,cases_floorfrontdriver_lhs_100\case372\case372.key,2000394,3044990,-2424.93925000,500.29290000,291.72930000,-2426.34778316,501.06183276,274.30303314,154.04458959,-84.09452885,1905.82814175,1913.89198527,1.19486931,0.0119486931,6.2192947820E-05,5.26141510,331.36941882,0,aluminum_rigid,70000.0,0.3300,121.49055057,0.2808753232,0.7044280123,0.0524932840,0.8897386290,0.3507610069,0.9204706078,0.2120673937
case373,cases_floorfrontdriver_lhs_100\case373\case373.key,2000394,3049094,-2503.40450000,263.49477500,314.91550000,-2504.85597726,264.15943494,297.48846810,410.16997957,-187.82488873,4924.66917138,4945.28907633,0.82451970,0.0082451970,4.2916250398E-05,5.23402915,335.39602639,2,steel_rigid,210000.0,0.3000,125.41910290,0.2074950680,0.1077467380,0.9275826553,0.1490394005,0.3489352764,0.9316556289,0.9681050082
case374,cases_floorfrontdriver_lhs_100\case374\case374.key,2000394,3045514,-1968.62875000,605.74877500,289.21557500,-1968.68573197,605.80918048,271.71577202,10.51704978,-11.14892175,3229.90428500,3229.94064916,0.80196817,0.0080196817,4.1742443342E-05,0.27188015,313.32948465,0,aluminum_rigid,70000.0,0.3300,89.37254973,0.7076143053,0.9701545500,0.4324039864,0.1039363436,0.0181253436,0.8703596796,0.1531548490
case375,cases_floorfrontdriver_lhs_100\case375\case375.key,2000394,3046476,-1814.12100000,471.51017500,289.32785000,-1811.12989985,470.44084965,272.11855416,-622.77862663,222.64482526,3583.15705646,3643.68473215,0.75123203,0.0075123203,3.9101627153E-05,10.45796702,160.32791040,2,steel_rigid,210000.0,0.3000,119.77345688,0.8521090736,0.6319016229,0.5518416709,0.0024640597,0.6971978013,0.4453553067,0.8975614995
case376,cases_floorfrontdriver_lhs_100\case376\case376.key,2000394,3049102,-2545.62850000,224.46075000,315.80330000,-2546.04843284,224.38113548,298.30852027,78.16198844,14.81862964,3256.29872794,3257.27037469,1.08706696,0.0108706696,5.6581835025E-05,1.39950909,10.73522061,1,titanium_rigid,110000.0,0.3400,82.38926146,0.1680074236,0.0093892372,0.4402934022,0.6741339107,0.0933006057,0.0298200572,0.5988984907
case377,cases_floorfrontdriver_lhs_100\case377\case377.key,2000394,3047311,-1865.85600000,382.48390000,288.84025000,-1864.93070487,383.92356462,271.42413118,-229.86780710,-357.65080523,4326.62499443,4347.46330056,0.99689401,0.0099689401,5.1888333383E-05,5.61208835,237.27050618,1,titanium_rigid,110000.0,0.3400,206.48102726,0.8037267961,0.4075742081,0.7550051386,0.4937880263,0.3741392234,0.6590847394,0.3984449076
case378,cases_floorfrontdriver_lhs_100\case378\case378.key,2000394,3046795,-2470.59975000,390.86075000,295.75207500,-2470.47356890,391.28880883,278.25776610,-37.18461963,-126.14571058,5155.44095538,5157.11807899,0.90547113,0.0090547113,4.7129772137E-05,1.46126304,253.57579354,1,titanium_rigid,110000.0,0.3400,167.22855909,0.2381738835,0.4286821013,0.9887324497,0.3109422531,0.0974175359,0.7043772043,0.4681623792
case379,cases_floorfrontdriver_lhs_100\case379\case379.key,2000394,3048426,-2214.69700000,253.43157500,313.52487500,-2214.83130294,253.74850594,296.02826054,27.43483723,-64.74131621,3574.13458537,3574.82616957,0.90296395,0.0090296395,4.6999273645E-05,1.12704096,292.96533073,0,aluminum_rigid,70000.0,0.3300,98.29198999,0.4774926786,0.0823895989,0.5319639068,0.3059279018,0.0751360640,0.8137925854,0.2945481612
case380,cases_floorfrontdriver_lhs_100\case380\case380.key,2000394,2827947,-2649.67000000,584.48552500,299.34742500,-2652.14573491,582.22256702,282.17186801,485.51760775,443.78981843,3368.30704323,3431.93372428,0.97131691,0.0097131691,5.0557045261E-05,11.04996956,42.42903016,2,steel_rigid,210000.0,0.3000,88.77331410,0.0707084050,0.9165756498,0.4907143917,0.4426338237,0.7366646375,0.1178584171,0.8436299478
case381,cases_floorfrontdriver_lhs_100\case381\case381.key,2000394,2921122,-2173.17275000,504.01827500,295.01107500,-2174.28460683,504.40143610,277.55063509,274.57796705,-94.62333105,4311.93294412,4321.70248274,1.11420108,0.0111420108,5.7994166122E-05,3.85326672,340.98534679,1,titanium_rigid,110000.0,0.3400,191.20441657,0.5163259208,0.7138151707,0.7475686276,0.7284021565,0.2568844479,0.9471815189,0.3611050624
case382,cases_floorfrontdriver_lhs_100\case382\case382.key,2000394,3046734,-2412.03425000,369.32427500,292.02405000,-2412.65117048,365.18987424,275.03063541,169.56298015,1136.35604504,4670.70574599,4809.94270558,1.11730397,0.0111730397,5.8155671847E-05,13.81968687,81.51314736,1,titanium_rigid,110000.0,0.3400,216.04472353,0.2929440057,0.3744147318,0.8885115053,0.7346079480,0.9213124577,0.2264254093,0.6305545366
case383,cases_floorfrontdriver_lhs_100\case383\case383.key,2000394,3046303,-2211.54075000,447.20097500,289.06625000,-2212.16996665,443.63364803,271.94526099,135.58768699,768.71077037,3689.34183921,3771.01358734,1.14277501,0.0114277501,5.9481439036E-05,11.94624615,79.99687448,0,aluminum_rigid,70000.0,0.3300,248.04080002,0.4804443856,0.5706475719,0.5885983624,0.7855500110,0.7964164102,0.2222135402,0.2444196705
case384,cases_floorfrontdriver_lhs_100\case384\case384.key,2000394,3048296,-2293.75075000,299.85557500,310.19072500,-2290.46647389,300.26303089,293.00650229,-667.50539398,-82.81246614,3492.56912276,3556.74857599,1.02910477,0.0102910477,5.3564903170E-05,10.90094815,187.07212846,2,steel_rigid,210000.0,0.3000,151.36524969,0.4035620616,0.1993682763,0.5267453526,0.5582095358,0.7267298766,0.5196448013,0.7577672457
case385,cases_floorfrontdriver_lhs_100\case385\case385.key,2000394,3047246,-1836.42450000,412.54232500,297.88312500,-1839.57495751,411.72136111,280.68863065,517.50990302,134.85563401,2824.45361800,2874.63750445,1.23852721,0.0123852721,6.4465341325E-05,10.72166099,14.60564016,2,steel_rigid,210000.0,0.3000,176.47342311,0.8312509673,0.4833150922,0.3298367554,0.9770544217,0.7147773995,0.0405712227,0.7121367795
case386,cases_floorfrontdriver_lhs_100\case386\case386.key,2000394,2829675,-2083.91625000,307.46637500,311.85692500,-2080.77807098,307.00727848,294.64672271,-789.45925567,115.49309289,4329.50236711,4402.40562848,1.24705605,0.0124705605,6.4909267659E-05,10.44160430,171.67701635,2,steel_rigid,210000.0,0.3000,146.38646299,0.5997980915,0.2185458853,0.7708656299,0.9941121098,0.6961069531,0.4768806010,0.7923785875
case387,cases_floorfrontdriver_lhs_100\case387\case387.key,2000394,3044874,-2451.13950000,587.25550000,292.13590000,-2450.60351502,585.56612303,274.72588203,-73.97570631,233.16484477,2402.90012680,2415.31928932,1.19549718,0.0119549718,6.2225628307E-05,5.81276513,107.60255873,0,aluminum_rigid,70000.0,0.3300,89.29585944,0.2563729985,0.9235554019,0.1972429460,0.8909943634,0.3875176753,0.2988959965,0.0247194005
case388,cases_floorfrontdriver_lhs_100\case388\case388.key,2000394,3048126,-1993.03325000,245.29310000,310.09902500,-1991.01246235,244.11598676,292.75599119,-205.90424063,119.93967203,1767.13481113,1783.12857696,0.95146015,0.0095146015,4.9523500949E-05,7.67974533,149.77910619,1,titanium_rigid,110000.0,0.3400,84.89017939,0.6847913558,0.0618823604,0.0147451220,0.4029203054,0.5119830221,0.4160530728,0.4741404125
case389,cases_floorfrontdriver_lhs_100\case389\case389.key,2000394,3049827,-1664.98300000,420.90650000,294.78485000,-1662.11861222,421.09697203,277.52191273,-814.62893962,-54.17004870,4909.56161494,4976.98201266,1.13200235,0.0113200235,5.8920722175E-05,9.44151601,183.80437331,2,steel_rigid,210000.0,0.3000,93.43796182,0.9915820822,0.5043910470,0.9367316223,0.7640046945,0.6294344007,0.5105677037,0.8296732375
case390,cases_floorfrontdriver_lhs_100\case390\case390.key,2000394,3046414,-1958.47475000,437.32872500,289.52010000,-1960.95017351,439.18022260,272.29528548,661.86900359,-495.04614711,4605.50317284,4679.08118553,0.82140984,0.0082140984,4.2754382342E-05,10.17424326,323.20528037,0,aluminum_rigid,70000.0,0.3300,202.05985235,0.7171102683,0.5457715864,0.8507350208,0.1428196865,0.6782828839,0.8977924455,0.1174938309
case391,cases_floorfrontdriver_lhs_100\case391\case391.key,2000394,3047967,-2150.31700000,249.26592500,314.65425000,-2147.37689363,251.91484267,297.60757849,-590.95911478,-532.43041124,3426.36783753,3517.48651401,1.17089287,0.0117089287,6.0944973812E-05,13.06974488,222.01758088,2,steel_rigid,210000.0,0.3000,88.00510441,0.5377004881,0.0718930405,0.5154113663,0.8417857373,0.8713163252,0.6167155024,0.7679962660
case392,cases_floorfrontdriver_lhs_100\case392\case392.key,2000394,3045416,-2143.59550000,551.68035000,292.11527500,-2143.05812984,554.12788796,274.79561013,-130.94787247,-596.42294138,4220.50470120,4264.44927314,1.13975705,0.0113975705,5.9324354326E-05,8.23251300,257.61688189,0,aluminum_rigid,70000.0,0.3300,143.62219051,0.5439863967,0.8339135357,0.7310410419,0.7795140952,0.5488342000,0.7156024497,0.1831471062
case393,cases_floorfrontdriver_lhs_100\case393\case393.key,2000394,3046329,-2172.71700000,447.38157500,289.13587500,-2174.03260815,447.49550956,271.68576915,339.11666029,-29.36824857,4498.01229683,4510.87322209,1.09618226,0.0109618226,5.7056286730E-05,4.32759555,355.05040872,0,aluminum_rigid,70000.0,0.3300,247.83877475,0.5167521356,0.5711026457,0.8021775417,0.6923645237,0.2885063698,0.9862511353,0.3025514723
case394,cases_floorfrontdriver_lhs_100\case394\case394.key,2000394,2723480,-2646.66900000,518.39277500,298.16492500,-2646.48463406,518.86117089,280.67216608,-21.05539401,-53.49285128,1997.74928883,1998.57625218,1.07036750,0.0107036750,5.5712628564E-05,1.64829665,248.51483748,2,steel_rigid,210000.0,0.3000,88.17736693,0.0735149231,0.7500358755,0.0769395376,0.6407350072,0.1098864434,0.6903189930,0.7496184110
case395,cases_floorfrontdriver_lhs_100\case395\case395.key,2000394,3049014,-2566.42925000,280.35515000,316.59645000,-2568.79843864,283.14184270,299.48296733,343.67735699,-404.24099821,2482.50240320,2538.57107292,0.87439474,0.0087439474,4.5512246466E-05,12.06439905,310.37050244,1,titanium_rigid,110000.0,0.3400,138.88238929,0.1485546806,0.1502313229,0.2328226878,0.2487894896,0.8042932703,0.8621402846,0.5469300333
case396,cases_floorfrontdriver_lhs_100\case396\case396.key,2000394,3047476,-1718.25425000,320.77457500,301.21222500,-1718.70734079,320.43400753,283.72140677,130.31119325,97.94892022,5030.44738866,5033.08811051,1.19880313,0.0119880313,6.2397702880E-05,1.85609706,36.93049788,0,aluminum_rigid,70000.0,0.3300,82.25785035,0.9417631125,0.2520797392,0.9529280652,0.8976062586,0.1237398041,0.1025847163,0.1630293697
case397,cases_floorfrontdriver_lhs_100\case397\case397.key,2000394,3045103,-2291.02500000,547.61962500,293.60235000,-2288.04008667,549.22491237,276.43367664,-494.57766880,-265.98403269,2844.71993018,2899.61826061,1.05421564,0.0105421564,5.4871923885E-05,11.16694515,208.27137845,0,aluminum_rigid,70000.0,0.3300,147.81174393,0.4061111675,0.8236813661,0.3370480819,0.6084312732,0.7444630098,0.5785316068,0.3276880454
case398,cases_floorfrontdriver_lhs_100\case398\case398.key,2000394,2793556,-1673.49975000,428.25957500,290.67095000,-1672.93801089,430.36724089,273.30741944,-116.29282833,-436.33498886,3594.64749451,3622.89978528,0.98521186,0.0098521186,5.1280277566E-05,7.16009750,255.07632718,1,titanium_rigid,110000.0,0.3400,102.01243150,0.9836172661,0.5229192434,0.5458415708,0.4704237297,0.4773398331,0.7085453533,0.6539642344
case399,cases_floorfrontdriver_lhs_100\case399\case399.key,2000394,3047758,-1927.26750000,250.12147500,308.16420000,-1924.27034653,252.65049452,291.10925552,-307.70277417,-259.64180030,1750.94595156,1796.63757808,0.80724859,0.0080724859,4.2017288943E-05,12.94942328,220.15791225,1,titanium_rigid,110000.0,0.3400,80.32357161,0.7462951109,0.0740488459,0.0186448365,0.1144971736,0.8632948855,0.6115497562,0.3445903405
case400,cases_floorfrontdriver_lhs_100\case400\case400.key,2000394,3048902,-2644.78475000,309.86365000,318.79947500,-2648.71761270,310.54119849,301.76059244,693.46493251,-119.46924084,3004.39360871,3085.70048258,1.20351814,0.0120351814,6.2643119009E-05,13.18204048,350.22510965,2,steel_rigid,210000.0,0.3000,137.28592578,0.0752770630,0.2245865121,0.3907654174,0.9070362732,0.8788026984,0.9728475268,0.8602498072
case401,cases_floorfrontdriver_lhs_100\case401\case401.key,2000394,3047947,-2153.64875000,320.35425000,312.68797500,-2151.44288553,317.37864412,295.58446859,-422.47762096,569.90214616,3275.74463916,3351.68297090,0.85318732,0.0085318732,4.4408399950E-05,12.21968732,126.55013457,2,steel_rigid,210000.0,0.3000,159.02646963,0.5345846545,0.2510206090,0.4675479839,0.2063746378,0.8146458215,0.3515281516,0.9495363054
case402,cases_floorfrontdriver_lhs_100\case402\case402.key,2000394,3046524,-2582.71150000,397.17612500,302.89422500,-2584.13663474,400.93205037,285.86155006,323.43924724,-852.42022438,3865.62435258,3971.68538795,0.99887755,0.0099887755,5.1991576611E-05,13.27086921,290.77856759,1,titanium_rigid,110000.0,0.3400,145.99594035,0.1333276131,0.4445955128,0.6465273485,0.4977551051,0.8847246140,0.8077182433,0.4936241068
case403,cases_floorfrontdriver_lhs_100\case403\case403.key,2000394,2793596,-1761.53525000,350.91650000,289.09932500,-1763.69643655,347.12968748,272.15118871,272.92145607,478.21063200,2140.26412159,2209.95521220,1.09687419,0.0109687419,5.7092301832E-05,14.42721398,60.28599633,0,aluminum_rigid,70000.0,0.3300,131.05205106,0.9012869676,0.3280310257,0.1379594158,0.6937483893,0.9618142651,0.1674611009,0.0747426154
case404,cases_floorfrontdriver_lhs_100\case404\case404.key,2000394,3045676,-1925.81750000,545.28685000,291.52105000,-1926.76491430,547.36752067,274.17102937,236.95516836,-520.39078536,4339.36566058,4376.87658696,1.06617870,0.0106617870,5.5494601325E-05,7.50663036,294.48171141,1,titanium_rigid,110000.0,0.3400,93.23130782,0.7476511426,0.8178032657,0.7634960270,0.6323573996,0.5004420238,0.8180047539,0.6451597052
case405,cases_floorfrontdriver_lhs_100\case405\case405.key,2000394,3048621,-2344.11550000,239.96270000,310.46320000,-2346.19879615,241.79184353,293.18419218,310.81269040,-272.89496167,2577.90277038,2610.87320300,1.14651180,0.0114651180,5.9675939397E-05,9.11517795,318.71671956,0,aluminum_rigid,70000.0,0.3300,98.33477376,0.3564612341,0.0484508779,0.2536945247,0.7930236079,0.6076785301,0.8853242210,0.2869834101
case406,cases_floorfrontdriver_lhs_100\case406\case406.key,2000394,3044456,-2646.46025000,561.16595000,298.43152500,-2645.18696551,562.76322612,281.05114941,-309.43090975,-388.16667049,4223.74218675,4252.81305868,0.79839858,0.0079839858,4.1556646343E-05,6.70310797,231.43955182,0,aluminum_rigid,70000.0,0.3300,82.14755032,0.0737101449,0.8578152448,0.7276819545,0.0967971697,0.4468738648,0.6428876439,0.0819545814
case407,cases_floorfrontdriver_lhs_100\case407\case407.key,2000394,3045011,-2371.48525000,522.24205000,290.27842500,-2371.56711976,523.68871508,272.83851510,20.71846021,-366.10187730,4413.44982389,4428.65658943,0.82836943,0.0082836943,4.3116628915E-05,4.74946183,273.23903143,1,titanium_rigid,110000.0,0.3400,166.74224307,0.3308651997,0.7597352357,0.7784436331,0.1567388632,0.3166307885,0.7589973095,0.5139600465
case408,cases_floorfrontdriver_lhs_100\case408\case408.key,2000394,3046516,-2551.44250000,425.83380000,298.79237500,-2548.70605564,423.18877609,281.71122396,-296.57905963,286.67080298,1851.27524530,1896.67058863,0.96814435,0.0096814435,5.0391913168E-05,12.56080179,135.97324787,2,steel_rigid,210000.0,0.3000,113.62084090,0.1625702039,0.5168068026,0.0475218927,0.4362886904,0.8373867862,0.3777034663,0.6807733594
case409,cases_floorfrontdriver_lhs_100\case409\case409.key,2000394,3047755,-1916.90900000,261.68172500,307.86307500,-1915.56303071,261.61778864,290.41502987,-216.55071626,10.28661244,2807.18637853,2815.54530969,1.19038404,0.0119038404,6.1959489396E-05,4.41610356,177.28037484,1,titanium_rigid,110000.0,0.3400,90.84255398,0.7559823211,0.1031782349,0.3127783002,0.8807680844,0.2944069038,0.4924454857,0.3560514483
case410,cases_floorfrontdriver_lhs_100\case410\case410.key,2000394,3045042,-2329.11575000,512.11882500,289.39600000,-2328.27351884,514.02282666,272.02028636,-176.92307208,-399.96362146,3650.02483535,3676.13301862,1.22724677,0.0122724677,6.3878194448E-05,6.83262705,246.13789757,1,titanium_rigid,110000.0,0.3400,183.15624735,0.3704889149,0.7342268463,0.5612086887,0.9544935427,0.4555084698,0.6837163821,0.5085959164
case411,cases_floorfrontdriver_lhs_100\case411\case411.key,2000394,3047725,-1972.10300000,245.90110000,309.46665000,-1969.42506383,243.26271906,292.37520173,-344.33270905,339.24664231,2197.64187833,2250.17402088,0.75240170,0.0075240170,3.9162508482E-05,12.40482629,135.42629255,1,titanium_rigid,110000.0,0.3400,83.62185232,0.7043652065,0.0634143920,0.1495695912,0.0048033999,0.8269884193,0.3761841460,0.3697676694
case412,cases_floorfrontdriver_lhs_100\case412\case412.key,2000394,3050007,-1706.57575000,363.37627500,288.72117500,-1706.92438078,363.15821780,271.22600688,38.41301109,24.02608707,1927.66134559,1928.19373392,1.02781853,0.0102781853,5.3497954347E-05,1.34643861,32.02463769,2,steel_rigid,210000.0,0.3000,86.08889343,0.9526847792,0.3594270277,0.0566218452,0.5556370546,0.0897625740,0.0889573269,0.8962773141
case413,cases_floorfrontdriver_lhs_100\case413\case413.key,2000394,3046297,-2239.37450000,469.72922500,289.06717500,-2239.78208161,471.05115091,271.62193527,83.38892937,-270.45868445,3569.19894987,3580.40259709,0.82267161,0.0082267161,4.2820057416E-05,4.53382470,287.13579119,1,titanium_rigid,110000.0,0.3400,225.62754992,0.4544144211,0.6274140050,0.5335736835,0.1453432244,0.3022549801,0.7975994200,0.3737501891
case414,cases_floorfrontdriver_lhs_100\case414\case414.key,2000394,3047030,-2050.41975000,370.24120000,289.04742500,-2053.32430695,370.25882594,271.79015876,410.60094287,-2.49168038,2439.56304043,2473.87695147,1.20934299,0.0120934299,6.2946302694E-05,9.55403802,359.65231201,2,steel_rigid,210000.0,0.3000,208.06607311,0.6311238277,0.3767251892,0.2141470949,0.9186859825,0.6369358678,0.9990342000,0.7093485854
case415,cases_floorfrontdriver_lhs_100\case415\case415.key,2000394,3045108,-2259.40075000,561.30555000,286.30357500,-2256.87892742,559.48409618,269.08228826,-593.35658266,428.56766519,4051.97570739,4117.55381399,0.78202306,0.0078202306,4.0704300471E-05,10.23942369,144.16029380,2,steel_rigid,210000.0,0.3000,134.13327738,0.4356859861,0.8581670073,0.6886359557,0.0640461276,0.6826282459,0.4004452605,0.8851505798
case416,cases_floorfrontdriver_lhs_100\case416\case416.key,2000394,3045800,-1820.67975000,505.66997500,296.74882500,-1819.91224813,504.81036650,279.28680868,-100.52084561,112.58418602,2287.02588934,2292.00066707,1.01226433,0.0101226433,5.2688358557E-05,3.77568440,131.76008759,2,steel_rigid,210000.0,0.3000,106.64956912,0.8459753679,0.7179771060,0.1616439095,0.5245286669,0.2517122932,0.3660002433,0.9580809853
case417,cases_floorfrontdriver_lhs_100\case417\case417.key,2000394,3045843,-1773.21100000,483.06547500,292.18300000,-1772.52036389,483.47048580,274.70132422,-79.51230590,-46.62852486,2012.64941048,2014.75906144,0.83993203,0.0083993203,4.3718462203E-05,2.62222092,210.38870484,1,titanium_rigid,110000.0,0.3400,81.76680261,0.8903678727,0.6610185390,0.0816111144,0.1798640616,0.1748147279,0.5844130690,0.5731489291
case418,cases_floorfrontdriver_lhs_100\case418\case418.key,2000394,3047471,-1736.34200000,310.28960000,302.18162500,-1736.85611431,313.39970173,284.96788184,148.81165232,-900.22660410,4982.56035109,5065.41809715,0.93584875,0.0093584875,4.8710927337E-05,10.37744216,279.38637734,2,steel_rigid,210000.0,0.3000,99.84727348,0.9248475516,0.2256598162,0.9622609328,0.3716974961,0.6918294770,0.7760732704,0.9058813176
case419,cases_floorfrontdriver_lhs_100\case419\case419.key,2000394,3045787,-1849.35050000,518.13532500,297.24580000,-1850.58046129,519.37209055,279.83294250,151.71586130,-152.55516798,2147.87790737,2158.62694480,1.10825704,0.0110825704,5.7684778839E-05,5.72023673,314.84195469,1,titanium_rigid,110000.0,0.3400,96.25980006,0.8191626457,0.7493871559,0.1231422144,0.7165140764,0.3813491154,0.8745609853,0.4880359730
case420,cases_floorfrontdriver_lhs_100\case420\case420.key,2000394,3045714,-1886.66625000,538.07647500,292.94432500,-1886.34500005,537.27835794,275.46548615,-51.39079579,127.67588301,2796.11386675,2799.49904462,0.96332145,0.0096332145,5.0140881689E-05,2.81794159,111.92526907,2,steel_rigid,210000.0,0.3000,81.71620004,0.7842651687,0.7996346432,0.3081461403,0.4266429083,0.1878627729,0.3109035252,0.7716843782
case421,cases_floorfrontdriver_lhs_100\case421\case421.key,2000394,3046299,-2258.46275000,469.75860000,289.07130000,-2257.77891094,468.54393376,271.62690405,-125.70478307,223.28259076,3206.66681095,3216.88806834,1.02637666,0.0102637666,5.3422905182E-05,4.56863937,119.37886507,0,aluminum_rigid,70000.0,0.3300,225.63854486,0.4365631983,0.6274880238,0.4286360291,0.5527533211,0.3045759579,0.3316079585,0.3120472296
case422,cases_floorfrontdriver_lhs_100\case422\case422.key,2000394,3046475,-1823.95450000,471.47515000,289.38072500,-1821.57451355,474.09177490,272.24191119,-402.68226341,-442.72035208,2899.80489107,2960.91585860,1.21628066,0.0121628066,6.3307408263E-05,11.66095119,227.71148994,0,aluminum_rigid,70000.0,0.3300,127.74594248,0.8429128404,0.6318133673,0.3547431825,0.9325613165,0.7773967461,0.6325319165,0.1754638157
case423,cases_floorfrontdriver_lhs_100\case423\case423.key,2000394,3046598,-2658.49525000,345.90232500,300.43007500,-2659.81843365,345.69586503,282.98139140,339.90141400,53.03574870,4482.24419492,4495.42642969,0.97834896,0.0097834896,5.0923063145E-05,4.38887172,8.86850729,1,titanium_rigid,110000.0,0.3400,147.04193612,0.0624550814,0.3153963634,0.7977184347,0.4566979114,0.2925914478,0.0246347425,0.3501424588
case424,cases_floorfrontdriver_lhs_100\case424\case424.key,2000394,3049293,-2712.07750000,301.13995000,321.58260000,-2712.55651295,300.26714162,304.11094432,133.53434454,243.31262055,4870.57000664,4878.47154773,0.88854950,0.0088854950,4.6249001632E-05,3.26144665,61.24122753,2,steel_rigid,210000.0,0.3000,92.55783167,0.0123452663,0.2026046301,0.9082940873,0.2770990060,0.2174297768,0.1701145209,0.9785638894
case425,cases_floorfrontdriver_lhs_100\case425\case425.key,2000394,3048929,-2555.11800000,290.74060000,315.99412500,-2551.91974866,293.05423716,298.94512880,-494.47331243,-357.70541724,2635.90091377,2705.62943683,0.89032363,0.0089032363,4.6341344753E-05,13.03604501,215.88223757,2,steel_rigid,210000.0,0.3000,148.57597318,0.1591328972,0.1764004640,0.2810483060,0.2806472527,0.8690696670,0.5996728821,0.9262668037
case426,cases_floorfrontdriver_lhs_100\case426\case426.key,2000394,3047130,-2081.81925000,412.41485000,298.12997500,-2080.68685005,413.25711997,280.68697492,-330.67704172,-245.95492274,5093.60641682,5110.25121294,0.95817367,0.0095817367,4.9872939377E-05,4.62565987,216.64157375,2,steel_rigid,210000.0,0.3000,251.35350982,0.6017591940,0.4829938821,0.9752031445,0.4163473344,0.3083773247,0.6017821493,0.8586422500
case427,cases_floorfrontdriver_lhs_100\case427\case427.key,2000394,3048782,-2450.58600000,335.71097500,298.65217500,-2454.64830857,335.35310386,281.63396189,1127.69911351,99.34522616,4724.26539724,4858.00970647,1.21389368,0.0121389368,6.3183166263E-05,13.47558206,5.03450368,2,steel_rigid,210000.0,0.3000,196.69422897,0.2568906286,0.2897163134,0.9023872597,0.9277873684,0.8983721375,0.0139847325,0.8012094016
case428,cases_floorfrontdriver_lhs_100\case428\case428.key,2000394,3045600,-1990.73625000,524.46497500,288.99302500,-1990.06057702,526.37154202,271.61031899,-155.89091145,-439.88213324,4010.52872631,4037.59073359,1.16983892,0.0116983892,6.0890115727E-05,6.63742087,250.48605717,1,titanium_rigid,110000.0,0.3400,155.01104452,0.6869394971,0.7653365373,0.6655525919,0.8396778377,0.4424947248,0.6957946032,0.5545589301
case429,cases_floorfrontdriver_lhs_100\case429\case429.key,2000394,3045766,-1942.60350000,489.95107500,291.60247500,-1943.19714770,487.02102513,274.35972608,97.66746167,482.05448107,2836.79280080,2879.11598420,0.86672589,0.0086672589,4.5113082403E-05,9.83627508,78.54653189,0,aluminum_rigid,70000.0,0.3300,148.29959581,0.7319529709,0.6783687971,0.3311295818,0.2334517734,0.6557516720,0.2181848108,0.2357947251
case430,cases_floorfrontdriver_lhs_100\case430\case430.key,2000394,3047025,-1980.20500000,349.02690000,289.81447500,-1978.57435040,350.67457994,272.46869359,-205.16566100,-207.30839092,2182.41779869,2201.82132914,1.19684561,0.0119684561,6.2295813842E-05,7.61213396,225.29763879,1,titanium_rigid,110000.0,0.3400,186.49203586,0.6967882622,0.3232696327,0.1356113649,0.8936912139,0.5074755973,0.6258267744,0.4038797087
case431,cases_floorfrontdriver_lhs_100\case431\case431.key,2000394,2406869,-2343.27300000,356.84760000,290.02945000,-2342.01651616,358.61088537,272.66390731,-309.65063849,-434.54792272,4279.60251027,4312.73846424,1.00962252,0.0100962252,5.2550852209E-05,7.10704831,234.52704574,0,aluminum_rigid,70000.0,0.3300,214.03283310,0.3572491353,0.3429761453,0.7449809371,0.5192450416,0.4738032209,0.6514640159,0.2028843862
case432,cases_floorfrontdriver_lhs_100\case432\case432.key,2000394,3045550,-2110.77000000,484.10855000,289.12427500,-2107.85685008,485.78009068,271.94959860,-643.28255109,-369.11006360,3792.51667264,3864.35471868,1.22336361,0.0122336361,6.3676075656E-05,11.06500183,209.84683775,1,titanium_rigid,110000.0,0.3400,211.32104557,0.5746846174,0.6636468677,0.6155436387,0.9467272106,0.7376667886,0.5829078826,0.5960463782
case433,cases_floorfrontdriver_lhs_100\case433\case433.key,2000394,3045205,-2212.64175000,519.35650000,297.44445000,-2214.81903467,519.84680797,280.08734686,355.09957422,-79.96572643,2830.81951216,2854.12496844,0.83691834,0.0083691834,4.3561599559E-05,7.32699520,347.30912425,0,aluminum_rigid,70000.0,0.3300,175.87922727,0.4794147367,0.7524642590,0.3239152936,0.1738366785,0.4884663463,0.9647475674,0.2250000838
case434,cases_floorfrontdriver_lhs_100\case434\case434.key,2000394,3045401,-2108.43625000,570.93672500,284.21117500,-2109.42870057,570.27806470,266.75175896,221.24419923,146.83327752,3892.17823305,3901.22550039,0.85156989,0.0085156989,4.4324212959E-05,3.90283132,33.57106150,2,steel_rigid,210000.0,0.3000,124.50132096,0.5768671271,0.8824355347,0.6261873215,0.2031397871,0.2601887544,0.0932529486,0.7959259666
case435,cases_floorfrontdriver_lhs_100\case435\case435.key,2000394,3046356,-2070.54300000,448.08937500,289.00457500,-2068.26795095,451.38779845,271.96947727,-369.91720045,-536.31528044,2769.86364869,2845.45557821,0.77389337,0.0077389337,4.0281150100E-05,13.23626971,235.40448297,1,titanium_rigid,110000.0,0.3400,247.10761225,0.6123046788,0.5728861523,0.3214126550,0.0477867474,0.8824179805,0.6539013416,0.5283493125
case436,cases_floorfrontdriver_lhs_100\case436\case436.key,2000394,3045839,-1813.11775000,483.31077500,292.27192500,-1816.92749356,484.91075912,275.26675212,1036.87624841,-435.45858397,4628.20124166,4762.87552495,0.79057776,0.0079057776,4.1149572483E-05,13.65758884,337.21897716,1,titanium_rigid,110000.0,0.3400,111.99113866,0.8530473073,0.6616366432,0.8749243743,0.0811555229,0.9105059225,0.9367193810,0.3419618309
case437,cases_floorfrontdriver_lhs_100\case437\case437.key,2000394,2816632,-2666.02025000,257.41205000,320.73857500,-2665.99931723,257.43701440,303.23860533,-6.15142210,-7.33618034,5142.63979764,5142.64870936,0.97444954,0.0097444954,5.0720098723E-05,0.10666572,230.02000710,1,titanium_rigid,110000.0,0.3400,87.77457818,0.0554177443,0.0924195554,0.9845555005,0.4488990864,0.0071110477,0.6389444642,0.5425714259
case438,cases_floorfrontdriver_lhs_100\case438\case438.key,2000394,3044915,-2362.21425000,584.55657500,289.82360000,-2362.78093008,584.72285095,272.33356781,128.96749570,-37.84179799,3980.45695271,3982.72546995,0.77937051,0.0077937051,4.0566235079E-05,1.93392266,343.64719277,1,titanium_rigid,110000.0,0.3400,110.95016539,0.3395353861,0.9167546808,0.6497143471,0.0587410213,0.1289281776,0.9545755355,0.5767188699
case439,cases_floorfrontdriver_lhs_100\case439\case439.key,2000394,3046204,-2498.61050000,469.65015000,294.18807500,-2497.49038455,466.78554959,276.96049810,-302.95215903,774.77449180,4659.45864753,4733.13959353,1.21890523,0.0121890523,6.3444017267E-05,10.12291464,111.35648189,1,titanium_rigid,110000.0,0.3400,84.36571357,0.2119783895,0.6272147527,0.8663403463,0.9378104617,0.6748609761,0.3093235608,0.3876153035
case440,cases_floorfrontdriver_lhs_100\case440\case440.key,2000394,3047720,-1950.31800000,269.29155000,308.71350000,-1952.12194759,268.52655862,291.32354424,297.76907665,126.27350110,2870.47755512,2888.64203641,1.10424821,0.0110424821,5.7476119193E-05,6.42880287,22.98011055,1,titanium_rigid,110000.0,0.3400,102.81754976,0.7247384145,0.1223533870,0.3338795175,0.7084964147,0.4285868580,0.0638336404,0.4777004209
case441,cases_floorfrontdriver_lhs_100\case441\case441.key,2000394,3044938,-2450.97725000,540.47635000,292.36215000,-2451.45570311,540.19538491,274.87094818,102.85541125,60.40044340,3760.16940742,3762.06079452,1.23087520,0.0123087520,6.4067054012E-05,1.81690882,30.42300746,0,aluminum_rigid,70000.0,0.3300,85.47753437,0.2565247338,0.8056818215,0.5860139126,0.9617503943,0.1211272549,0.0845083541,0.0640497672
case442,cases_floorfrontdriver_lhs_100\case442\case442.key,2000394,3045279,-2319.41175000,522.79645000,290.92435000,-2320.28134678,522.10453440,273.45966981,154.23453799,122.72042054,3097.59298216,3103.85741899,1.06273344,0.0106273344,5.5315275482E-05,3.64083365,38.50835591,1,titanium_rigid,110000.0,0.3400,172.38533679,0.3795640405,0.7611322066,0.3960068760,0.6254668773,0.2427222436,0.1069676553,0.6161165091
case443,cases_floorfrontdriver_lhs_100\case443\case443.key,2000394,3049239,-2665.68050000,246.39447500,320.68762500,-2668.52409635,248.57069344,303.55788381,330.25746708,-252.74768315,1989.46131712,2032.46346048,0.98035977,0.0098035977,5.1027726273E-05,11.80701233,322.57299004,1,titanium_rigid,110000.0,0.3400,82.94557121,0.0557354765,0.0646575928,0.0867219366,0.4607195494,0.7871341552,0.8960360834,0.4174258809
case444,cases_floorfrontdriver_lhs_100\case444\case444.key,2000394,3047971,-2139.68600000,251.82025000,314.44465000,-2137.82595217,251.26480001,297.05264904,-196.91813354,58.80395818,1841.24316993,1852.67673047,0.84358970,0.0084358970,4.3908844037E-05,6.36872002,163.37325207,2,steel_rigid,210000.0,0.3000,89.79155308,0.5476425388,0.0783294002,0.0348219539,0.1871794059,0.4245813350,0.4538145891,0.7548352778
case445,cases_floorfrontdriver_lhs_100\case445\case445.key,2000394,3044543,-2637.52775000,507.96815000,298.41740000,-2634.77499378,507.85581846,281.13562593,-608.92499038,24.84836204,3822.82457216,3871.09736308,1.18227363,0.0118227363,6.1537342412E-05,9.05782924,177.66323138,1,titanium_rigid,110000.0,0.3400,84.54500142,0.0820637681,0.7237680217,0.6174900733,0.8645472589,0.6038552825,0.4935089761,0.4661717729
case446,cases_floorfrontdriver_lhs_100\case446\case446.key,2000394,3046695,-2323.38800000,368.77887500,289.41332500,-2320.93941071,366.65786149,272.21577540,-607.08528423,525.86854616,4263.83441174,4338.82174800,0.89587886,0.0089587886,4.6630494663E-05,10.66775834,139.10028164,0,aluminum_rigid,70000.0,0.3300,223.06990599,0.3758454741,0.3730404390,0.7525105361,0.2917577200,0.7111838895,0.3863896712,0.0698530664
case447,cases_floorfrontdriver_lhs_100\case447\case447.key,2000394,3044879,-2439.73100000,586.80775000,291.90792500,-2439.26404785,589.66398308,274.64890161,-137.79444786,-842.85522844,5093.02205813,5164.13264069,0.98991598,0.0098991598,5.1525126744E-05,9.51931446,260.71512067,0,aluminum_rigid,70000.0,0.3300,100.04307446,0.2670421628,0.9224271664,0.9907573802,0.4798319594,0.6346209638,0.7242086685,0.2905541120
case448,cases_floorfrontdriver_lhs_100\case448\case448.key,2000394,3048579,-2430.97625000,281.81152500,312.55775000,-2434.06766642,282.66395588,295.35407289,840.01748970,-231.62743139,4674.68231357,4755.20087723,0.87139601,0.0087139601,4.5356162298E-05,10.55883330,344.58427437,2,steel_rigid,210000.0,0.3000,142.48574808,0.2752295551,0.1539010804,0.8727088933,0.2427920191,0.7039222199,0.9571785399,0.7751932909
case449,cases_floorfrontdriver_lhs_100\case449\case449.key,2000394,3048685,-2401.86400000,291.32362500,311.41567500,-2403.67815746,295.05337185,294.41426855,419.58507112,-862.62969337,3932.14838381,4047.46495131,1.16587703,0.0116587703,6.0683899486E-05,13.70971699,295.93839517,0,aluminum_rigid,70000.0,0.3300,151.46173812,0.3024551656,0.1778695639,0.6684030344,0.8317540629,0.9139811327,0.8220510977,0.2312004666
case450,cases_floorfrontdriver_lhs_100\case450\case450.key,2000394,3049058,-2566.27100000,235.45467500,316.80860000,-2566.60385250,235.62136994,299.31255982,57.53609186,-28.81449050,3024.32387850,3025.00836342,1.17352959,0.0117352959,6.1082215352E-05,1.21888989,333.39796030,0,aluminum_rigid,70000.0,0.3300,94.19478863,0.1487026751,0.0370916068,0.3732451036,0.8470591874,0.0812593258,0.9261054453,0.1955283251
case451,cases_floorfrontdriver_lhs_100\case451\case451.key,2000394,3047262,-1928.95675000,427.62677500,291.50337500,-1928.47591410,428.77766948,274.04788192,-101.39632502,-242.69500759,3680.92912386,3690.31452539,0.96876375,0.0096876375,5.0424153181E-05,4.08718649,247.32515938,1,titanium_rigid,110000.0,0.3400,199.65227198,0.7447153339,0.5213247210,0.5653025390,0.4375274997,0.2724790993,0.6870143316,0.5592251091
case452,cases_floorfrontdriver_lhs_100\case452\case452.key,2000394,3045516,-1978.82575000,595.61725000,288.81027500,-1982.91267533,595.41010252,271.79545407,873.55999911,44.27674635,3636.83350179,3740.53811931,1.08587102,0.0108587102,5.6519586795E-05,13.52315911,2.90157702,1,titanium_rigid,110000.0,0.3400,99.55955897,0.6980781289,0.9446252463,0.5798008485,0.6717420478,0.9015439409,0.0080599362,0.6053230818
case453,cases_floorfrontdriver_lhs_100\case453\case453.key,2000394,3045419,-2121.75100000,560.87282500,287.32500000,-2119.54207483,560.33315919,269.97336001,-432.53083675,105.67225508,3397.63404475,3426.68449850,0.80548723,0.0080548723,4.1925610419E-05,7.46593711,166.27091989,1,titanium_rigid,110000.0,0.3400,134.41186170,0.5644152487,0.8570766317,0.4891990700,0.1109744637,0.4977291405,0.4618636664,0.3852108287
case454,cases_floorfrontdriver_lhs_100\case454\case454.key,2000394,3046757,-2471.51300000,380.92917500,293.93760000,-2471.26703050,380.36549845,276.44840997,-31.20572187,71.51266326,2218.82310235,2220.19454499,1.10663412,0.0110663412,5.7600305847E-05,2.01397139,113.57483817,1,titanium_rigid,110000.0,0.3400,175.91221914,0.2373198173,0.4036566294,0.1409152579,0.7132682362,0.1342647594,0.3154856616,0.5025348968
case455,cases_floorfrontdriver_lhs_100\case455\case455.key,2000394,3048022,-2064.45100000,265.57650000,312.15450000,-2064.50635481,265.42805877,294.65521713,8.74100593,23.44016321,2763.28914020,2763.40238091,1.18566719,0.0118566719,6.1713976989E-05,0.51870249,69.54915174,1,titanium_rigid,110000.0,0.3400,104.63391315,0.6180018825,0.1129922455,0.2977259262,0.8713343704,0.0345801657,0.1931920882,0.6339871450
case456,cases_floorfrontdriver_lhs_100\case456\case456.key,2000394,3048811,-2363.04000000,320.16820000,307.68312500,-2360.55327782,317.20940450,290.61526802,-562.17731611,668.89969602,3858.55810513,3956.25337772,1.04064671,0.0104064671,5.4165661283E-05,12.75939643,130.04540110,2,steel_rigid,210000.0,0.3000,179.21357484,0.3387631494,0.2505518023,0.6420725088,0.5812934210,0.8506264286,0.3612372253,0.9511692772
case457,cases_floorfrontdriver_lhs_100\case457\case457.key,2000394,3048469,-2182.06875000,245.23267500,314.38012500,-2182.40134792,245.77787872,296.89178227,40.70186545,-66.71962380,2140.14616912,2141.57273406,0.89348959,0.0089348959,4.6506133018E-05,2.09141924,301.38500287,1,titanium_rigid,110000.0,0.3400,87.20419203,0.5080064323,0.0617301021,0.1182190855,0.2869791746,0.1394279494,0.8371805635,0.5463198398
case458,cases_floorfrontdriver_lhs_100\case458\case458.key,2000394,3049953,-1761.18900000,392.18457500,290.52560000,-1761.65149764,392.30048215,273.03209659,133.35166172,-33.41943780,5043.89110153,5045.76426011,0.97732453,0.0097732453,5.0869741664E-05,1.56125866,345.93079484,1,titanium_rigid,110000.0,0.3400,147.80194770,0.9016107787,0.4320178608,0.9565873561,0.4546490553,0.1040839109,0.9609188745,0.4250881694
case459,cases_floorfrontdriver_lhs_100\case459\case459.key,2000394,3045760,-1944.55725000,501.48580000,292.34702500,-1948.82471914,500.92260427,275.38466910,1239.76035569,163.61635293,4927.80515065,5083.99839233,1.03695941,0.0103695941,5.3973737249E-05,14.23915601,7.51811612,1,titanium_rigid,110000.0,0.3400,139.60324050,0.7301258351,0.7074338685,0.9676246045,0.5739188184,0.9492770676,0.0208836559,0.5174183952
case460,cases_floorfrontdriver_lhs_100\case460\case460.key,2000394,3046305,-2211.95150000,435.78577500,289.39290000,-2207.70007651,436.22874073,272.42295069,-1150.86500452,-119.91130884,4593.78389753,4737.26920049,1.01024226,0.0101024226,5.2583109820E-05,14.13772817,185.94831779,2,steel_rigid,210000.0,0.3000,259.45261287,0.4800602546,0.5418836782,0.8675324617,0.5204845272,0.9425152113,0.5165231050,0.9182466462
case461,cases_floorfrontdriver_lhs_100\case461\case461.key,2000394,2724136,-1859.26825000,518.73860000,297.08745000,-1860.72606224,517.09194917,279.72619070,229.03991966,258.70874496,2727.66364371,2749.46148413,1.15445885,0.0115445885,6.0089583207E-05,7.21951275,48.48090454,1,titanium_rigid,110000.0,0.3400,95.72894605,0.8098876224,0.7509072815,0.2937015341,0.8089177025,0.4813008502,0.1346691793,0.3650087222
case462,cases_floorfrontdriver_lhs_100\case462\case462.key,2000394,3045715,-1877.83325000,530.14152500,295.83682500,-1878.01085198,529.87721141,278.33972250,38.87364268,57.85313929,3829.77774469,3830.41195168,1.06005169,0.0106005169,5.5175690717E-05,1.04264482,56.10140114,1,titanium_rigid,110000.0,0.3400,86.77351954,0.7925257401,0.7796402447,0.6057452013,0.6201033897,0.0695096549,0.1558372254,0.4480731390
case463,cases_floorfrontdriver_lhs_100\case463\case463.key,2000394,3045704,-1953.30250000,541.09485000,291.73357500,-1954.59219869,541.06248106,274.28119323,283.94907752,7.12657225,3842.43834370,3852.92230544,0.92946996,0.0092946996,4.8378911311E-05,4.22769594,1.43771134,2,steel_rigid,210000.0,0.3000,115.43166377,0.7219473271,0.8072403109,0.6122433837,0.3589399159,0.2818463962,0.0039936426,0.9359823137
case464,cases_floorfrontdriver_lhs_100\case464\case464.key,2000394,3044953,-2449.00525000,518.66352500,292.40697500,-2445.90727992,519.57991799,275.20776556,-543.87902297,-160.88177452,3019.48985293,3072.29658544,0.88332693,0.0088332693,4.5977166525E-05,10.63836126,196.47844567,0,aluminum_rigid,70000.0,0.3300,92.30554314,0.2583689370,0.7507181083,0.3868960438,0.2666538530,0.7092240841,0.5457734602,0.0973465437
case465,cases_floorfrontdriver_lhs_100\case465\case465.key,2000394,3047750,-1866.51400000,307.15257500,305.51952500,-1866.95342225,305.23364023,288.13060331,125.97841151,550.14136552,4985.24768992,5017.09284467,1.01363701,0.0101363701,5.2759806463E-05,6.45896942,77.10205647,0,aluminum_rigid,70000.0,0.3300,131.75568967,0.8031114382,0.2177551756,0.9483106275,0.5272740235,0.4305979614,0.2141723791,0.0703683882
case466,cases_floorfrontdriver_lhs_100\case466\case466.key,2000394,3046761,-2470.84325000,345.33460000,295.08845000,-2474.27170329,344.54743570,277.94563575,622.73328901,142.97800533,3113.76594758,3178.64402467,0.89793817,0.0089793817,4.6737681855E-05,11.59597132,12.93085961,0,aluminum_rigid,70000.0,0.3300,206.66180457,0.2379461637,0.3139658163,0.4175959195,0.2958763441,0.7730647544,0.0359190545,0.3224419284
case467,cases_floorfrontdriver_lhs_100\case467\case467.key,2000394,3045574,-2069.85575000,484.97262500,288.60965000,-2070.38265481,483.35653425,271.19239930,97.70275161,299.66800548,3229.64089889,3244.98491167,1.00411888,0.0100411888,5.2264387929E-05,5.57406521,71.94213360,0,aluminum_rigid,70000.0,0.3300,210.22819802,0.6129473911,0.6658241543,0.4367468929,0.5082377687,0.3716043471,0.1998392600,0.1639667368
case468,cases_floorfrontdriver_lhs_100\case468\case468.key,2000394,3046753,-2481.49400000,381.18290000,294.20805000,-2483.24678885,384.29845125,277.07705261,437.24341866,-777.19245948,4273.42737482,4365.47723096,0.91035626,0.0091035626,4.7384043531E-05,11.78689497,299.36182250,1,titanium_rigid,110000.0,0.3400,171.95424814,0.2279856429,0.4042959628,0.7602053148,0.3207125276,0.7857929981,0.8315606181,0.6128278729
case469,cases_floorfrontdriver_lhs_100\case469\case469.key,2000394,3046502,-2623.82575000,390.25895000,300.04005000,-2624.14701863,393.06770518,282.76991159,88.13773500,-770.56174674,4737.93804178,4800.99891207,0.87801765,0.0087801765,4.5700818612E-05,9.29668947,276.52519898,0,aluminum_rigid,70000.0,0.3300,165.64202823,0.0948778005,0.4271656924,0.8859296533,0.2560352973,0.6197792982,0.7681255527,0.2714876369
case470,cases_floorfrontdriver_lhs_100\case470\case470.key,2000394,3048304,-2314.00600000,270.08955000,310.37172500,-2309.76634529,271.45781662,293.44827457,-687.64279194,-221.92342155,2744.86709644,2838.37946572,0.77205283,0.0077205283,4.0185349753E-05,14.74811599,197.88648208,2,steel_rigid,210000.0,0.3000,124.10556492,0.3846194671,0.1243641785,0.3193699563,0.0441056581,0.9832077329,0.5496846724,0.8924035328
case471,cases_floorfrontdriver_lhs_100\case471\case471.key,2000394,3048662,-2353.61800000,300.65820000,309.94495000,-2350.09273513,302.88331312,292.94873339,-492.47128149,-310.84311291,2374.33182304,2444.70918717,0.89200600,0.0089200600,4.6428912341E-05,13.78122832,212.25972473,0,aluminum_rigid,70000.0,0.3300,159.35457688,0.3475745502,0.2013907219,0.2057270827,0.2840120016,0.9187485546,0.5896103465,0.2852010763
case472,cases_floorfrontdriver_lhs_100\case472\case472.key,2000394,3047702,-1930.73625000,312.52850000,307.37015000,-1932.88384691,314.53433165,290.11864378,509.49799603,-475.86546477,4092.76423871,4151.71714622,1.08005714,0.0108005714,5.6216974218E-05,9.66699761,316.95486678,0,aluminum_rigid,70000.0,0.3300,142.72000549,0.7430511556,0.2313013714,0.6984980648,0.6601142831,0.6444665074,0.8804301855,0.2075561951
case473,cases_floorfrontdriver_lhs_100\case473\case473.key,2000394,3047280,-1843.42475000,428.25245000,291.14217500,-1843.02118977,431.10178327,273.88041266,-42.40583271,-299.40599241,1813.85418543,1838.88803600,1.03316264,0.0103316264,5.3776115660E-05,9.46493728,261.93863288,2,steel_rigid,210000.0,0.3000,170.13297458,0.8247043734,0.5229012899,0.0308414988,0.5663252895,0.6309958189,0.7276073136,0.6698256309
case474,cases_floorfrontdriver_lhs_100\case474\case474.key,2000394,2563704,-1948.30550000,360.81377500,289.01472500,-1949.08589821,361.28638416,271.53852349,151.38381169,-91.67803858,3390.08211442,3394.69861161,1.09453603,0.0109453603,5.6970600499E-05,2.98842621,328.80090181,0,aluminum_rigid,70000.0,0.3300,192.92825381,0.7266204930,0.3529700688,0.4799655355,0.6890720653,0.1992284137,0.9133358384,0.2476097274
case475,cases_floorfrontdriver_lhs_100\case475\case475.key,2000394,3048203,-2087.34775000,330.40777500,299.91890000,-2089.83279982,333.67028089,282.90624052,291.19017899,-382.28999166,1993.48895075,2050.59395172,0.75504798,0.0075504798,3.9300247442E-05,13.55338905,307.29651437,0,aluminum_rigid,70000.0,0.3300,169.26898716,0.5965889723,0.2763533691,0.0919557610,0.0100959632,0.9035592702,0.8536014288,0.0428353757
case476,cases_floorfrontdriver_lhs_100\case476\case476.key,2000394,3045717,-1867.95100000,529.44635000,296.01952500,-1866.49762925,531.31117974,278.67997127,-265.93015995,-341.21676715,3172.70062214,3202.05823961,1.20578488,0.0120578488,6.2761103015E-05,7.76454111,232.06863120,0,aluminum_rigid,70000.0,0.3300,85.66722860,0.8017675640,0.7778885505,0.4243550243,0.9115697604,0.5176360740,0.6446350867,0.1879199138
case477,cases_floorfrontdriver_lhs_100\case477\case477.key,2000394,3044961,-2383.47200000,564.71447500,290.96077500,-2381.57448999,560.67393701,274.03967845,-224.05243597,477.09491775,1997.99362925,2066.34885659,1.12353967,0.0112353967,5.8480239915E-05,14.77835906,115.15560233,0,aluminum_rigid,70000.0,0.3300,130.78349462,0.3196552593,0.8667567785,0.0965038124,0.7470793435,0.9852239372,0.3198766731,0.0781330669
case478,cases_floorfrontdriver_lhs_100\case478\case478.key,2000394,3047475,-1794.47650000,259.55682500,304.38192500,-1795.53802927,258.53642734,286.94397947,144.98822308,139.37029113,2381.74943123,2390.22509736,0.93151938,0.0093151938,4.8485583606E-05,4.82651395,43.86818258,0,aluminum_rigid,70000.0,0.3300,84.07168129,0.8704804982,0.0978239355,0.1899988734,0.3630387553,0.3217675968,0.1218560627,0.0627179074
case479,cases_floorfrontdriver_lhs_100\case479\case479.key,2000394,3044450,-2687.00850000,542.72795000,299.23232500,-2689.21674189,541.81677827,281.89613644,381.98589896,157.61622690,2998.84700812,3027.18342359,0.79228785,0.0079228785,4.1238582460E-05,7.84567067,22.42217742,2,steel_rigid,210000.0,0.3000,118.47199604,0.0357896524,0.8113553780,0.3738729897,0.0845756949,0.5230447111,0.0622838262,0.8518014031
case480,cases_floorfrontdriver_lhs_100\case480\case480.key,2000394,3047567,-1706.12575000,262.24967500,302.04275000,-1706.85204460,262.33524525,284.55803742,154.27103082,-18.17583565,3713.89880186,3717.14597809,0.90951754,0.0090951754,4.7340387787E-05,2.39506537,353.28052803,2,steel_rigid,210000.0,0.3000,84.56761613,0.9531056166,0.1046093489,0.5730481158,0.3190350735,0.1596710248,0.9813348001,0.6998457758
case481,cases_floorfrontdriver_lhs_100\case481\case481.key,2000394,3045150,-2220.69175000,483.38312500,292.25577500,-2223.35683398,483.91152462,274.96797233,715.17975717,-141.79692575,4639.21085386,4696.15436286,0.98250797,0.0098250797,5.1139539859E-05,8.93158177,348.78554451,1,titanium_rigid,110000.0,0.3400,211.89865086,0.4718864225,0.6618189499,0.8556636249,0.4650159408,0.5954387850,0.9688487348,0.4324951269
case482,cases_floorfrontdriver_lhs_100\case482\case482.key,2000394,3048598,-2440.00650000,311.75292500,312.10020000,-2439.01066322,309.87857607,294.72938755,-244.93978614,461.02196334,4272.59083476,4304.36629375,0.94037258,0.0094037258,4.8946392822E-05,6.96620847,117.98159392,0,aluminum_rigid,70000.0,0.3300,172.55883651,0.2667845167,0.2293470862,0.7425640985,0.3807451613,0.4644138977,0.3277266498,0.0450725899
case483,cases_floorfrontdriver_lhs_100\case483\case483.key,2000394,3049212,-2668.31825000,328.27927500,311.75797500,-2666.44466312,328.13900341,294.35912458,-438.42144480,32.82371014,4071.35063270,4095.01974764,0.98804476,0.0098804476,5.1427729744E-05,6.16325371,175.71837094,1,titanium_rigid,110000.0,0.3400,136.33355140,0.0532686678,0.2709899986,0.6821309280,0.4760895195,0.4108835806,0.4881065859,0.6481835264
case484,cases_floorfrontdriver_lhs_100\case484\case484.key,2000394,3048187,-2035.14675000,319.47892500,307.77385000,-2036.98472268,318.48589727,290.39899022,267.04092629,144.27801211,2524.41110430,2542.59285466,1.24584967,0.0124584967,6.4846475402E-05,6.85608516,28.38165513,1,titanium_rigid,110000.0,0.3400,157.36241680,0.6454070503,0.2488149748,0.2339836768,0.9916993430,0.4570723437,0.0788379309,0.5126231106
case485,cases_floorfrontdriver_lhs_100\case485\case485.key,2000394,3045630,-1925.33850000,559.49725000,293.45670000,-1925.35255281,556.19170537,276.27173048,3.94141044,927.11069190,4819.89226319,4908.24930077,0.94519690,0.0094519690,4.9197498604E-05,10.88801129,89.75642086,2,steel_rigid,210000.0,0.3000,82.40854686,0.7480991007,0.8536104731,0.9168901882,0.3903937984,0.7258674192,0.2493233913,0.8488387554
case486,cases_floorfrontdriver_lhs_100\case486\case486.key,2000394,3046735,-2421.89775000,369.29467500,292.32182500,-2421.86583309,369.47948193,274.82282995,-3.30229203,-19.12110186,1810.53852183,1810.64249942,0.84301172,0.0084301172,4.3878759945E-05,0.61403514,260.20144248,2,steel_rigid,210000.0,0.3000,210.31246251,0.2837197167,0.3743401460,0.0226877109,0.1860234369,0.0409356758,0.7227817847,0.9007683389
case487,cases_floorfrontdriver_lhs_100\case487\case487.key,2000394,3044867,-2438.37950000,609.03102500,291.83962500,-2436.81457173,610.09900437,274.44248674,-364.34295757,-248.64446977,4050.36123266,4074.30926393,0.88345666,0.0088345666,4.5983919032E-05,6.21524850,214.31143382,2,steel_rigid,210000.0,0.3000,86.52214325,0.2683060779,0.9784251269,0.6761523235,0.2669133153,0.4143499001,0.5953095384,0.7986940530
case488,cases_floorfrontdriver_lhs_100\case488\case488.key,2000394,3046876,-2478.41225000,411.80267500,303.09500000,-2477.42040793,411.48841127,285.62595631,-136.29006672,43.18331112,2400.43973975,2404.69347835,1.00093411,0.0100093411,5.2098620412E-05,3.40845219,162.41926992,2,steel_rigid,210000.0,0.3000,144.95921549,0.2308676780,0.4814513303,0.1941755372,0.5018682195,0.2272301463,0.4511646387,0.8336956948
case489,cases_floorfrontdriver_lhs_100\case489\case489.key,2000394,3046640,-2189.48725000,363.10862500,288.78135000,-2187.25201855,361.41066126,271.50794097,-222.40030430,168.94342292,1718.66382080,1741.20909268,1.15014785,0.0115014785,5.9865195749E-05,9.23016846,142.77836446,2,steel_rigid,210000.0,0.3000,205.13543702,0.5010686933,0.3587526062,0.0026440035,0.8002957060,0.6153445643,0.3966065679,0.8109988254
case490,cases_floorfrontdriver_lhs_100\case490\case490.key,2000394,3044863,-2449.47450000,609.66915000,291.90560000,-2449.35376569,606.24225509,274.74483619,-15.86893260,450.42013910,2255.55607505,2300.14419818,0.88815612,0.0088815612,4.6228526077E-05,11.29987827,92.01777601,1,titanium_rigid,110000.0,0.3400,86.02269165,0.2579300970,0.9800330672,0.1639947456,0.2763122412,0.7533252181,0.2556049334,0.5302964626
case491,cases_floorfrontdriver_lhs_100\case491\case491.key,2000394,3047182,-1988.41625000,427.16950000,291.65597500,-1984.24765922,427.84236370,274.67303929,-1189.54071120,-192.00703554,4846.21649581,4993.76492534,0.76319375,0.0076319375,3.9724234518E-05,13.96259185,189.16918355,2,steel_rigid,210000.0,0.3000,225.80238541,0.6891091479,0.5201724846,0.9415764341,0.0263874935,0.9308394570,0.5254699543,0.7154480386
case492,cases_floorfrontdriver_lhs_100\case492\case492.key,2000394,3045873,-1946.45975000,572.20585000,292.85982500,-1947.54180294,574.38546889,275.52983876,186.01657954,-374.70001311,2979.21168075,3008.43888195,0.82560930,0.0082560930,4.2972963868E-05,7.99305638,296.40170250,0,aluminum_rigid,70000.0,0.3300,91.71470019,0.7283466279,0.8856334617,0.3684619041,0.1512185924,0.5328704255,0.8233380625,0.1672974850
case493,cases_floorfrontdriver_lhs_100\case493\case493.key,2000394,3045192,-2154.08050000,530.86400000,296.05757500,-2153.83164856,530.82178863,278.55939535,-27.42737642,4.65236309,1928.57702307,1928.77765421,1.01952961,0.0101952961,5.3066516122E-05,0.82641745,170.37284982,1,titanium_rigid,110000.0,0.3400,164.40725580,0.5341808843,0.7814607292,0.0567904085,0.5390592170,0.0550944969,0.4732579162,0.4553763084
case494,cases_floorfrontdriver_lhs_100\case494\case494.key,2000394,3046778,-2532.10725000,371.18602500,295.66680000,-2531.45475006,370.69242383,278.18593613,-125.57447662,94.99419899,3364.21538827,3367.89816142,0.96589434,0.0096589434,5.0274800290E-05,2.67969411,142.89333403,0,aluminum_rigid,70000.0,0.3300,169.20008798,0.1806524196,0.3791059487,0.4722289084,0.4317886759,0.1786462740,0.3969259279,0.2429395863
case495,cases_floorfrontdriver_lhs_100\case495\case495.key,2000394,3045679,-1906.03475000,545.28780000,291.48637500,-1909.30320193,548.10699964,274.52703140,650.18379210,-560.81532015,3373.67370829,3481.22493913,0.91817757,0.0091817757,4.7791142530E-05,14.27919689,319.22062337,2,steel_rigid,210000.0,0.3000,82.09708584,0.7661518578,0.8178056595,0.5049435464,0.3363551404,0.9519464592,0.8867239538,0.8536960445
case496,cases_floorfrontdriver_lhs_100\case496\case496.key,2000394,3049221,-2702.28850000,311.01540000,320.53350000,-2701.14483166,310.61956593,303.07539764,-299.74493847,103.74446365,4575.60784869,4586.58883342,0.81625287,0.0081625287,4.2485961903E-05,3.96551918,160.90879529,2,steel_rigid,210000.0,0.3000,102.49203348,0.0214998833,0.2274886789,0.8240347662,0.1325057407,0.2643679453,0.4469688758,0.7888419357
case497,cases_floorfrontdriver_lhs_100\case497\case497.key,2000394,3047819,-1860.68400000,256.42645000,306.33760000,-1861.37869714,256.89195739,288.85759145,136.76466802,-91.64420050,3441.28028079,3445.21598813,1.09074588,0.0109074588,5.6773323106E-05,2.73893770,326.17448197,1,titanium_rigid,110000.0,0.3400,80.75048949,0.8085636210,0.0899360515,0.4945486528,0.6814917620,0.1825958467,0.9060402277,0.4525065361
case498,cases_floorfrontdriver_lhs_100\case498\case498.key,2000394,3045309,-2185.49800000,600.21435000,293.41320000,-2184.94785319,597.22098133,276.17988684,-159.69980125,868.93238189,5002.58588623,5080.00128542,0.76975444,0.0076975444,4.0065718639E-05,10.01549624,100.41408828,1,titanium_rigid,110000.0,0.3400,95.02858781,0.5047994172,0.9562089676,0.9664707386,0.0395088814,0.6676997491,0.2789280230,0.6261023036
case499,cases_floorfrontdriver_lhs_100\case499\case499.key,2000394,3044860,-2461.11125000,610.57555000,292.19492500,-2461.33341461,608.73256745,274.79365901,22.34758410,185.38599866,1750.39697404,1760.32864822,1.17879051,0.0117879051,6.1356046069E-05,6.08914595,83.12637592,1,titanium_rigid,110000.0,0.3400,85.26133504,0.2470474747,0.9823170038,0.0081633464,0.8575810209,0.4059430634,0.2309065998,0.5811926543
case500,cases_floorfrontdriver_lhs_100\case500\case500.key,2000394,3046827,-2520.27400000,418.69215000,302.24155000,-2523.83690747,419.83223635,285.14605663,887.66460430,-284.04170076,4259.18003379,4359.95902478,0.94851713,0.0094851713,4.9370316858E-05,12.34302318,342.25597084,2,steel_rigid,210000.0,0.3000,124.34126887,0.1917188076,0.4988113526,0.7586123451,0.3970342693,0.8228682122,0.9507110301,0.9997411617
